<?xml version='1.0' encoding='utf-8'?>
<TrainingCenterDatabase xmlns:ns2="http://www.garmin.com/xmlschemas/UserProfile/v2" xmlns:ns3="http://www.garmin.com/xmlschemas/ActivityExtension/v2" xmlns:ns5="http://www.garmin.com/xmlschemas/ActivityGoals/v1" xmlns:xsi="http://www.w3.org/2001/XMLSchema-instance" xmlns="http://www.garmin.com/xmlschemas/TrainingCenterDatabase/v2" xsi:schemaLocation="http://www.garmin.com/xmlschemas/TrainingCenterDatabase/v2 http://www.garmin.com/xmlschemas/TrainingCenterDatabasev2.xsd">
  <Activities>
    <Activity Sport="Biking">
      <Id>2010-10-19T20:56:35Z</Id>
      <Lap StartTime="2010-10-19T20:56:35Z">
        <TotalTimeSeconds>2724</TotalTimeSeconds>
        <DistanceMeters>35752.44681</DistanceMeters>
        <MaximumSpeed>0</MaximumSpeed>
        <Calories>0</Calories>
        <AverageHeartRateBpm>
          <Value>0</Value>
        </AverageHeartRateBpm>
        <MaximumHeartRateBpm>
          <Value>0</Value>
        </MaximumHeartRateBpm>
        <Intensity>Active</Intensity>
        <Cadence>0</Cadence>
        <TriggerMethod>Manual</TriggerMethod>
        <Track>
          <Trackpoint>
            <Time>2010-10-19T20:56:35Z</Time>
            <AltitudeMeters>0.0</AltitudeMeters>
            <HeartRateBpm>
              <Value>0</Value>
            </HeartRateBpm>
            <Cadence>38</Cadence>
            <DistanceMeters>4.73278</DistanceMeters>
            <Extensions>
              <TPX xmlns="http://www.garmin.com/xmlschemas/ActivityExtension/v2">
                <Watts>30</Watts>
              </TPX>
            </Extensions>
          </Trackpoint>
          <Trackpoint>
            <Time>2010-10-19T20:56:37Z</Time>
            <AltitudeMeters>0.0</AltitudeMeters>
            <HeartRateBpm>
              <Value>0</Value>
            </HeartRateBpm>
            <Cadence>53</Cadence>
            <DistanceMeters>10.63936</DistanceMeters>
            <Extensions>
              <TPX xmlns="http://www.garmin.com/xmlschemas/ActivityExtension/v2">
                <Watts>23</Watts>
              </TPX>
            </Extensions>
          </Trackpoint>
          <Trackpoint>
            <Time>2010-10-19T20:56:39Z</Time>
            <AltitudeMeters>0.0</AltitudeMeters>
            <HeartRateBpm>
              <Value>0</Value>
            </HeartRateBpm>
            <Cadence>58</Cadence>
            <DistanceMeters>17.41124</DistanceMeters>
            <Extensions>
              <TPX xmlns="http://www.garmin.com/xmlschemas/ActivityExtension/v2">
                <Watts>23</Watts>
              </TPX>
            </Extensions>
          </Trackpoint>
          <Trackpoint>
            <Time>2010-10-19T20:56:41Z</Time>
            <AltitudeMeters>0.0</AltitudeMeters>
            <HeartRateBpm>
              <Value>0</Value>
            </HeartRateBpm>
            <Cadence>59</Cadence>
            <DistanceMeters>25.06294</DistanceMeters>
            <Extensions>
              <TPX xmlns="http://www.garmin.com/xmlschemas/ActivityExtension/v2">
                <Watts>27</Watts>
              </TPX>
            </Extensions>
          </Trackpoint>
          <Trackpoint>
            <Time>2010-10-19T20:56:43Z</Time>
            <AltitudeMeters>0.0</AltitudeMeters>
            <HeartRateBpm>
              <Value>0</Value>
            </HeartRateBpm>
            <Cadence>35</Cadence>
            <DistanceMeters>33.37273</DistanceMeters>
            <Extensions>
              <TPX xmlns="http://www.garmin.com/xmlschemas/ActivityExtension/v2">
                <Watts>26</Watts>
              </TPX>
            </Extensions>
          </Trackpoint>
          <Trackpoint>
            <Time>2010-10-19T20:56:45Z</Time>
            <AltitudeMeters>0.0</AltitudeMeters>
            <HeartRateBpm>
              <Value>0</Value>
            </HeartRateBpm>
            <Cadence>35</Cadence>
            <DistanceMeters>41.52276</DistanceMeters>
            <Extensions>
              <TPX xmlns="http://www.garmin.com/xmlschemas/ActivityExtension/v2">
                <Watts>10</Watts>
              </TPX>
            </Extensions>
          </Trackpoint>
          <Trackpoint>
            <Time>2010-10-19T20:56:47Z</Time>
            <AltitudeMeters>0.0</AltitudeMeters>
            <HeartRateBpm>
              <Value>0</Value>
            </HeartRateBpm>
            <Cadence>26</Cadence>
            <DistanceMeters>49.48167</DistanceMeters>
            <Extensions>
              <TPX xmlns="http://www.garmin.com/xmlschemas/ActivityExtension/v2">
                <Watts>9</Watts>
              </TPX>
            </Extensions>
          </Trackpoint>
          <Trackpoint>
            <Time>2010-10-19T20:56:49Z</Time>
            <AltitudeMeters>0.0</AltitudeMeters>
            <HeartRateBpm>
              <Value>0</Value>
            </HeartRateBpm>
            <Cadence>50</Cadence>
            <DistanceMeters>57.31496</DistanceMeters>
            <Extensions>
              <TPX xmlns="http://www.garmin.com/xmlschemas/ActivityExtension/v2">
                <Watts>10</Watts>
              </TPX>
            </Extensions>
          </Trackpoint>
          <Trackpoint>
            <Time>2010-10-19T20:56:51Z</Time>
            <AltitudeMeters>0.0</AltitudeMeters>
            <HeartRateBpm>
              <Value>0</Value>
            </HeartRateBpm>
            <Cadence>59</Cadence>
            <DistanceMeters>65.86131</DistanceMeters>
            <Extensions>
              <TPX xmlns="http://www.garmin.com/xmlschemas/ActivityExtension/v2">
                <Watts>28</Watts>
              </TPX>
            </Extensions>
          </Trackpoint>
          <Trackpoint>
            <Time>2010-10-19T20:56:53Z</Time>
            <AltitudeMeters>0.0</AltitudeMeters>
            <HeartRateBpm>
              <Value>0</Value>
            </HeartRateBpm>
            <Cadence>60</Cadence>
            <DistanceMeters>74.99356</DistanceMeters>
            <Extensions>
              <TPX xmlns="http://www.garmin.com/xmlschemas/ActivityExtension/v2">
                <Watts>28</Watts>
              </TPX>
            </Extensions>
          </Trackpoint>
          <Trackpoint>
            <Time>2010-10-19T20:56:55Z</Time>
            <AltitudeMeters>0.0</AltitudeMeters>
            <HeartRateBpm>
              <Value>0</Value>
            </HeartRateBpm>
            <Cadence>59</Cadence>
            <DistanceMeters>84.61522</DistanceMeters>
            <Extensions>
              <TPX xmlns="http://www.garmin.com/xmlschemas/ActivityExtension/v2">
                <Watts>28</Watts>
              </TPX>
            </Extensions>
          </Trackpoint>
          <Trackpoint>
            <Time>2010-10-19T20:56:57Z</Time>
            <AltitudeMeters>0.0</AltitudeMeters>
            <HeartRateBpm>
              <Value>0</Value>
            </HeartRateBpm>
            <Cadence>60</Cadence>
            <DistanceMeters>94.65015</DistanceMeters>
            <Extensions>
              <TPX xmlns="http://www.garmin.com/xmlschemas/ActivityExtension/v2">
                <Watts>28</Watts>
              </TPX>
            </Extensions>
          </Trackpoint>
          <Trackpoint>
            <Time>2010-10-19T20:56:59Z</Time>
            <AltitudeMeters>0.0</AltitudeMeters>
            <HeartRateBpm>
              <Value>0</Value>
            </HeartRateBpm>
            <Cadence>60</Cadence>
            <DistanceMeters>105.03671</DistanceMeters>
            <Extensions>
              <TPX xmlns="http://www.garmin.com/xmlschemas/ActivityExtension/v2">
                <Watts>28</Watts>
              </TPX>
            </Extensions>
          </Trackpoint>
          <Trackpoint>
            <Time>2010-10-19T20:57:01Z</Time>
            <AltitudeMeters>0.0</AltitudeMeters>
            <HeartRateBpm>
              <Value>0</Value>
            </HeartRateBpm>
            <Cadence>67</Cadence>
            <DistanceMeters>116.00000</DistanceMeters>
            <Extensions>
              <TPX xmlns="http://www.garmin.com/xmlschemas/ActivityExtension/v2">
                <Watts>36</Watts>
              </TPX>
            </Extensions>
          </Trackpoint>
          <Trackpoint>
            <Time>2010-10-19T20:57:03Z</Time>
            <AltitudeMeters>0.0</AltitudeMeters>
            <HeartRateBpm>
              <Value>0</Value>
            </HeartRateBpm>
            <Cadence>67</Cadence>
            <DistanceMeters>127.44754</DistanceMeters>
            <Extensions>
              <TPX xmlns="http://www.garmin.com/xmlschemas/ActivityExtension/v2">
                <Watts>36</Watts>
              </TPX>
            </Extensions>
          </Trackpoint>
          <Trackpoint>
            <Time>2010-10-19T20:57:05Z</Time>
            <AltitudeMeters>0.0</AltitudeMeters>
            <HeartRateBpm>
              <Value>0</Value>
            </HeartRateBpm>
            <Cadence>58</Cadence>
            <DistanceMeters>139.27313</DistanceMeters>
            <Extensions>
              <TPX xmlns="http://www.garmin.com/xmlschemas/ActivityExtension/v2">
                <Watts>35</Watts>
              </TPX>
            </Extensions>
          </Trackpoint>
          <Trackpoint>
            <Time>2010-10-19T20:57:07Z</Time>
            <AltitudeMeters>0.0</AltitudeMeters>
            <HeartRateBpm>
              <Value>0</Value>
            </HeartRateBpm>
            <Cadence>58</Cadence>
            <DistanceMeters>151.14109</DistanceMeters>
            <Extensions>
              <TPX xmlns="http://www.garmin.com/xmlschemas/ActivityExtension/v2">
                <Watts>26</Watts>
              </TPX>
            </Extensions>
          </Trackpoint>
          <Trackpoint>
            <Time>2010-10-19T20:57:09Z</Time>
            <AltitudeMeters>0.0</AltitudeMeters>
            <HeartRateBpm>
              <Value>0</Value>
            </HeartRateBpm>
            <Cadence>64</Cadence>
            <DistanceMeters>163.26359</DistanceMeters>
            <Extensions>
              <TPX xmlns="http://www.garmin.com/xmlschemas/ActivityExtension/v2">
                <Watts>33</Watts>
              </TPX>
            </Extensions>
          </Trackpoint>
          <Trackpoint>
            <Time>2010-10-19T20:57:11Z</Time>
            <AltitudeMeters>0.0</AltitudeMeters>
            <HeartRateBpm>
              <Value>0</Value>
            </HeartRateBpm>
            <Cadence>66</Cadence>
            <DistanceMeters>175.60487</DistanceMeters>
            <Extensions>
              <TPX xmlns="http://www.garmin.com/xmlschemas/ActivityExtension/v2">
                <Watts>33</Watts>
              </TPX>
            </Extensions>
          </Trackpoint>
          <Trackpoint>
            <Time>2010-10-19T20:57:13Z</Time>
            <AltitudeMeters>0.0</AltitudeMeters>
            <HeartRateBpm>
              <Value>0</Value>
            </HeartRateBpm>
            <Cadence>67</Cadence>
            <DistanceMeters>188.16428</DistanceMeters>
            <Extensions>
              <TPX xmlns="http://www.garmin.com/xmlschemas/ActivityExtension/v2">
                <Watts>34</Watts>
              </TPX>
            </Extensions>
          </Trackpoint>
          <Trackpoint>
            <Time>2010-10-19T20:57:15Z</Time>
            <AltitudeMeters>0.0</AltitudeMeters>
            <HeartRateBpm>
              <Value>0</Value>
            </HeartRateBpm>
            <Cadence>67</Cadence>
            <DistanceMeters>200.94063</DistanceMeters>
            <Extensions>
              <TPX xmlns="http://www.garmin.com/xmlschemas/ActivityExtension/v2">
                <Watts>35</Watts>
              </TPX>
            </Extensions>
          </Trackpoint>
          <Trackpoint>
            <Time>2010-10-19T20:57:17Z</Time>
            <AltitudeMeters>0.0</AltitudeMeters>
            <HeartRateBpm>
              <Value>0</Value>
            </HeartRateBpm>
            <Cadence>80</Cadence>
            <DistanceMeters>213.96097</DistanceMeters>
            <Extensions>
              <TPX xmlns="http://www.garmin.com/xmlschemas/ActivityExtension/v2">
                <Watts>37</Watts>
              </TPX>
            </Extensions>
          </Trackpoint>
          <Trackpoint>
            <Time>2010-10-19T20:57:19Z</Time>
            <AltitudeMeters>0.0</AltitudeMeters>
            <HeartRateBpm>
              <Value>0</Value>
            </HeartRateBpm>
            <Cadence>80</Cadence>
            <DistanceMeters>227.60722</DistanceMeters>
            <Extensions>
              <TPX xmlns="http://www.garmin.com/xmlschemas/ActivityExtension/v2">
                <Watts>52</Watts>
              </TPX>
            </Extensions>
          </Trackpoint>
          <Trackpoint>
            <Time>2010-10-19T20:57:21Z</Time>
            <AltitudeMeters>0.0</AltitudeMeters>
            <HeartRateBpm>
              <Value>0</Value>
            </HeartRateBpm>
            <Cadence>81</Cadence>
            <DistanceMeters>241.77575</DistanceMeters>
            <Extensions>
              <TPX xmlns="http://www.garmin.com/xmlschemas/ActivityExtension/v2">
                <Watts>52</Watts>
              </TPX>
            </Extensions>
          </Trackpoint>
          <Trackpoint>
            <Time>2010-10-19T20:57:23Z</Time>
            <AltitudeMeters>0.0</AltitudeMeters>
            <HeartRateBpm>
              <Value>0</Value>
            </HeartRateBpm>
            <Cadence>80</Cadence>
            <DistanceMeters>256.38228</DistanceMeters>
            <Extensions>
              <TPX xmlns="http://www.garmin.com/xmlschemas/ActivityExtension/v2">
                <Watts>52</Watts>
              </TPX>
            </Extensions>
          </Trackpoint>
          <Trackpoint>
            <Time>2010-10-19T20:57:25Z</Time>
            <AltitudeMeters>0.0</AltitudeMeters>
            <HeartRateBpm>
              <Value>0</Value>
            </HeartRateBpm>
            <Cadence>81</Cadence>
            <DistanceMeters>271.65365</DistanceMeters>
            <Extensions>
              <TPX xmlns="http://www.garmin.com/xmlschemas/ActivityExtension/v2">
                <Watts>64</Watts>
              </TPX>
            </Extensions>
          </Trackpoint>
          <Trackpoint>
            <Time>2010-10-19T20:57:27Z</Time>
            <AltitudeMeters>0.0</AltitudeMeters>
            <HeartRateBpm>
              <Value>0</Value>
            </HeartRateBpm>
            <Cadence>82</Cadence>
            <DistanceMeters>288.83335</DistanceMeters>
            <Extensions>
              <TPX xmlns="http://www.garmin.com/xmlschemas/ActivityExtension/v2">
                <Watts>124</Watts>
              </TPX>
            </Extensions>
          </Trackpoint>
          <Trackpoint>
            <Time>2010-10-19T20:57:29Z</Time>
            <AltitudeMeters>0.0</AltitudeMeters>
            <HeartRateBpm>
              <Value>0</Value>
            </HeartRateBpm>
            <Cadence>80</Cadence>
            <DistanceMeters>307.08628</DistanceMeters>
            <Extensions>
              <TPX xmlns="http://www.garmin.com/xmlschemas/ActivityExtension/v2">
                <Watts>104</Watts>
              </TPX>
            </Extensions>
          </Trackpoint>
          <Trackpoint>
            <Time>2010-10-19T20:57:31Z</Time>
            <AltitudeMeters>0.0</AltitudeMeters>
            <HeartRateBpm>
              <Value>0</Value>
            </HeartRateBpm>
            <Cadence>80</Cadence>
            <DistanceMeters>326.18142</DistanceMeters>
            <Extensions>
              <TPX xmlns="http://www.garmin.com/xmlschemas/ActivityExtension/v2">
                <Watts>103</Watts>
              </TPX>
            </Extensions>
          </Trackpoint>
          <Trackpoint>
            <Time>2010-10-19T20:57:33Z</Time>
            <AltitudeMeters>0.0</AltitudeMeters>
            <HeartRateBpm>
              <Value>0</Value>
            </HeartRateBpm>
            <Cadence>80</Cadence>
            <DistanceMeters>345.90052</DistanceMeters>
            <Extensions>
              <TPX xmlns="http://www.garmin.com/xmlschemas/ActivityExtension/v2">
                <Watts>100</Watts>
              </TPX>
            </Extensions>
          </Trackpoint>
          <Trackpoint>
            <Time>2010-10-19T20:57:35Z</Time>
            <AltitudeMeters>0.0</AltitudeMeters>
            <HeartRateBpm>
              <Value>0</Value>
            </HeartRateBpm>
            <Cadence>80</Cadence>
            <DistanceMeters>366.14537</DistanceMeters>
            <Extensions>
              <TPX xmlns="http://www.garmin.com/xmlschemas/ActivityExtension/v2">
                <Watts>101</Watts>
              </TPX>
            </Extensions>
          </Trackpoint>
          <Trackpoint>
            <Time>2010-10-19T20:57:37Z</Time>
            <AltitudeMeters>0.0</AltitudeMeters>
            <HeartRateBpm>
              <Value>0</Value>
            </HeartRateBpm>
            <Cadence>79</Cadence>
            <DistanceMeters>386.85418</DistanceMeters>
            <Extensions>
              <TPX xmlns="http://www.garmin.com/xmlschemas/ActivityExtension/v2">
                <Watts>103</Watts>
              </TPX>
            </Extensions>
          </Trackpoint>
          <Trackpoint>
            <Time>2010-10-19T20:57:39Z</Time>
            <AltitudeMeters>0.0</AltitudeMeters>
            <HeartRateBpm>
              <Value>0</Value>
            </HeartRateBpm>
            <Cadence>81</Cadence>
            <DistanceMeters>407.90496</DistanceMeters>
            <Extensions>
              <TPX xmlns="http://www.garmin.com/xmlschemas/ActivityExtension/v2">
                <Watts>101</Watts>
              </TPX>
            </Extensions>
          </Trackpoint>
          <Trackpoint>
            <Time>2010-10-19T20:57:41Z</Time>
            <AltitudeMeters>0.0</AltitudeMeters>
            <HeartRateBpm>
              <Value>0</Value>
            </HeartRateBpm>
            <Cadence>81</Cadence>
            <DistanceMeters>429.30455</DistanceMeters>
            <Extensions>
              <TPX xmlns="http://www.garmin.com/xmlschemas/ActivityExtension/v2">
                <Watts>105</Watts>
              </TPX>
            </Extensions>
          </Trackpoint>
          <Trackpoint>
            <Time>2010-10-19T20:57:43Z</Time>
            <AltitudeMeters>0.0</AltitudeMeters>
            <HeartRateBpm>
              <Value>0</Value>
            </HeartRateBpm>
            <Cadence>80</Cadence>
            <DistanceMeters>450.97064</DistanceMeters>
            <Extensions>
              <TPX xmlns="http://www.garmin.com/xmlschemas/ActivityExtension/v2">
                <Watts>104</Watts>
              </TPX>
            </Extensions>
          </Trackpoint>
          <Trackpoint>
            <Time>2010-10-19T20:57:45Z</Time>
            <AltitudeMeters>0.0</AltitudeMeters>
            <HeartRateBpm>
              <Value>0</Value>
            </HeartRateBpm>
            <Cadence>80</Cadence>
            <DistanceMeters>472.83671</DistanceMeters>
            <Extensions>
              <TPX xmlns="http://www.garmin.com/xmlschemas/ActivityExtension/v2">
                <Watts>103</Watts>
              </TPX>
            </Extensions>
          </Trackpoint>
          <Trackpoint>
            <Time>2010-10-19T20:57:47Z</Time>
            <AltitudeMeters>0.0</AltitudeMeters>
            <HeartRateBpm>
              <Value>0</Value>
            </HeartRateBpm>
            <Cadence>80</Cadence>
            <DistanceMeters>494.86583</DistanceMeters>
            <Extensions>
              <TPX xmlns="http://www.garmin.com/xmlschemas/ActivityExtension/v2">
                <Watts>103</Watts>
              </TPX>
            </Extensions>
          </Trackpoint>
          <Trackpoint>
            <Time>2010-10-19T20:57:49Z</Time>
            <AltitudeMeters>0.0</AltitudeMeters>
            <HeartRateBpm>
              <Value>0</Value>
            </HeartRateBpm>
            <Cadence>79</Cadence>
            <DistanceMeters>517.01107</DistanceMeters>
            <Extensions>
              <TPX xmlns="http://www.garmin.com/xmlschemas/ActivityExtension/v2">
                <Watts>102</Watts>
              </TPX>
            </Extensions>
          </Trackpoint>
          <Trackpoint>
            <Time>2010-10-19T20:57:51Z</Time>
            <AltitudeMeters>0.0</AltitudeMeters>
            <HeartRateBpm>
              <Value>0</Value>
            </HeartRateBpm>
            <Cadence>79</Cadence>
            <DistanceMeters>539.23429</DistanceMeters>
            <Extensions>
              <TPX xmlns="http://www.garmin.com/xmlschemas/ActivityExtension/v2">
                <Watts>101</Watts>
              </TPX>
            </Extensions>
          </Trackpoint>
          <Trackpoint>
            <Time>2010-10-19T20:57:53Z</Time>
            <AltitudeMeters>0.0</AltitudeMeters>
            <HeartRateBpm>
              <Value>0</Value>
            </HeartRateBpm>
            <Cadence>79</Cadence>
            <DistanceMeters>561.62150</DistanceMeters>
            <Extensions>
              <TPX xmlns="http://www.garmin.com/xmlschemas/ActivityExtension/v2">
                <Watts>107</Watts>
              </TPX>
            </Extensions>
          </Trackpoint>
          <Trackpoint>
            <Time>2010-10-19T20:57:55Z</Time>
            <AltitudeMeters>0.0</AltitudeMeters>
            <HeartRateBpm>
              <Value>0</Value>
            </HeartRateBpm>
            <Cadence>79</Cadence>
            <DistanceMeters>584.00907</DistanceMeters>
            <Extensions>
              <TPX xmlns="http://www.garmin.com/xmlschemas/ActivityExtension/v2">
                <Watts>99</Watts>
              </TPX>
            </Extensions>
          </Trackpoint>
          <Trackpoint>
            <Time>2010-10-19T20:57:57Z</Time>
            <AltitudeMeters>0.0</AltitudeMeters>
            <HeartRateBpm>
              <Value>0</Value>
            </HeartRateBpm>
            <Cadence>79</Cadence>
            <DistanceMeters>606.39693</DistanceMeters>
            <Extensions>
              <TPX xmlns="http://www.garmin.com/xmlschemas/ActivityExtension/v2">
                <Watts>99</Watts>
              </TPX>
            </Extensions>
          </Trackpoint>
          <Trackpoint>
            <Time>2010-10-19T20:57:59Z</Time>
            <AltitudeMeters>0.0</AltitudeMeters>
            <HeartRateBpm>
              <Value>0</Value>
            </HeartRateBpm>
            <Cadence>79</Cadence>
            <DistanceMeters>628.78503</DistanceMeters>
            <Extensions>
              <TPX xmlns="http://www.garmin.com/xmlschemas/ActivityExtension/v2">
                <Watts>99</Watts>
              </TPX>
            </Extensions>
          </Trackpoint>
          <Trackpoint>
            <Time>2010-10-19T20:58:01Z</Time>
            <AltitudeMeters>0.0</AltitudeMeters>
            <HeartRateBpm>
              <Value>0</Value>
            </HeartRateBpm>
            <Cadence>78</Cadence>
            <DistanceMeters>651.15664</DistanceMeters>
            <Extensions>
              <TPX xmlns="http://www.garmin.com/xmlschemas/ActivityExtension/v2">
                <Watts>98</Watts>
              </TPX>
            </Extensions>
          </Trackpoint>
          <Trackpoint>
            <Time>2010-10-19T20:58:03Z</Time>
            <AltitudeMeters>0.0</AltitudeMeters>
            <HeartRateBpm>
              <Value>0</Value>
            </HeartRateBpm>
            <Cadence>78</Cadence>
            <DistanceMeters>673.49806</DistanceMeters>
            <Extensions>
              <TPX xmlns="http://www.garmin.com/xmlschemas/ActivityExtension/v2">
                <Watts>97</Watts>
              </TPX>
            </Extensions>
          </Trackpoint>
          <Trackpoint>
            <Time>2010-10-19T20:58:05Z</Time>
            <AltitudeMeters>0.0</AltitudeMeters>
            <HeartRateBpm>
              <Value>0</Value>
            </HeartRateBpm>
            <Cadence>79</Cadence>
            <DistanceMeters>695.81472</DistanceMeters>
            <Extensions>
              <TPX xmlns="http://www.garmin.com/xmlschemas/ActivityExtension/v2">
                <Watts>97</Watts>
              </TPX>
            </Extensions>
          </Trackpoint>
          <Trackpoint>
            <Time>2010-10-19T20:58:07Z</Time>
            <AltitudeMeters>0.0</AltitudeMeters>
            <HeartRateBpm>
              <Value>0</Value>
            </HeartRateBpm>
            <Cadence>79</Cadence>
            <DistanceMeters>718.12785</DistanceMeters>
            <Extensions>
              <TPX xmlns="http://www.garmin.com/xmlschemas/ActivityExtension/v2">
                <Watts>98</Watts>
              </TPX>
            </Extensions>
          </Trackpoint>
          <Trackpoint>
            <Time>2010-10-19T20:58:09Z</Time>
            <AltitudeMeters>0.0</AltitudeMeters>
            <HeartRateBpm>
              <Value>0</Value>
            </HeartRateBpm>
            <Cadence>78</Cadence>
            <DistanceMeters>740.43808</DistanceMeters>
            <Extensions>
              <TPX xmlns="http://www.garmin.com/xmlschemas/ActivityExtension/v2">
                <Watts>98</Watts>
              </TPX>
            </Extensions>
          </Trackpoint>
          <Trackpoint>
            <Time>2010-10-19T20:58:11Z</Time>
            <AltitudeMeters>0.0</AltitudeMeters>
            <HeartRateBpm>
              <Value>0</Value>
            </HeartRateBpm>
            <Cadence>78</Cadence>
            <DistanceMeters>762.72920</DistanceMeters>
            <Extensions>
              <TPX xmlns="http://www.garmin.com/xmlschemas/ActivityExtension/v2">
                <Watts>97</Watts>
              </TPX>
            </Extensions>
          </Trackpoint>
          <Trackpoint>
            <Time>2010-10-19T20:58:13Z</Time>
            <AltitudeMeters>0.0</AltitudeMeters>
            <HeartRateBpm>
              <Value>0</Value>
            </HeartRateBpm>
            <Cadence>80</Cadence>
            <DistanceMeters>785.00465</DistanceMeters>
            <Extensions>
              <TPX xmlns="http://www.garmin.com/xmlschemas/ActivityExtension/v2">
                <Watts>97</Watts>
              </TPX>
            </Extensions>
          </Trackpoint>
          <Trackpoint>
            <Time>2010-10-19T20:58:15Z</Time>
            <AltitudeMeters>0.0</AltitudeMeters>
            <HeartRateBpm>
              <Value>0</Value>
            </HeartRateBpm>
            <Cadence>81</Cadence>
            <DistanceMeters>807.31752</DistanceMeters>
            <Extensions>
              <TPX xmlns="http://www.garmin.com/xmlschemas/ActivityExtension/v2">
                <Watts>100</Watts>
              </TPX>
            </Extensions>
          </Trackpoint>
          <Trackpoint>
            <Time>2010-10-19T20:58:17Z</Time>
            <AltitudeMeters>0.0</AltitudeMeters>
            <HeartRateBpm>
              <Value>0</Value>
            </HeartRateBpm>
            <Cadence>81</Cadence>
            <DistanceMeters>829.72771</DistanceMeters>
            <Extensions>
              <TPX xmlns="http://www.garmin.com/xmlschemas/ActivityExtension/v2">
                <Watts>104</Watts>
              </TPX>
            </Extensions>
          </Trackpoint>
          <Trackpoint>
            <Time>2010-10-19T20:58:19Z</Time>
            <AltitudeMeters>0.0</AltitudeMeters>
            <HeartRateBpm>
              <Value>0</Value>
            </HeartRateBpm>
            <Cadence>81</Cadence>
            <DistanceMeters>852.31661</DistanceMeters>
            <Extensions>
              <TPX xmlns="http://www.garmin.com/xmlschemas/ActivityExtension/v2">
                <Watts>110</Watts>
              </TPX>
            </Extensions>
          </Trackpoint>
          <Trackpoint>
            <Time>2010-10-19T20:58:21Z</Time>
            <AltitudeMeters>0.0</AltitudeMeters>
            <HeartRateBpm>
              <Value>0</Value>
            </HeartRateBpm>
            <Cadence>80</Cadence>
            <DistanceMeters>875.03414</DistanceMeters>
            <Extensions>
              <TPX xmlns="http://www.garmin.com/xmlschemas/ActivityExtension/v2">
                <Watts>109</Watts>
              </TPX>
            </Extensions>
          </Trackpoint>
          <Trackpoint>
            <Time>2010-10-19T20:58:23Z</Time>
            <AltitudeMeters>0.0</AltitudeMeters>
            <HeartRateBpm>
              <Value>0</Value>
            </HeartRateBpm>
            <Cadence>79</Cadence>
            <DistanceMeters>897.80702</DistanceMeters>
            <Extensions>
              <TPX xmlns="http://www.garmin.com/xmlschemas/ActivityExtension/v2">
                <Watts>106</Watts>
              </TPX>
            </Extensions>
          </Trackpoint>
          <Trackpoint>
            <Time>2010-10-19T20:58:25Z</Time>
            <AltitudeMeters>0.0</AltitudeMeters>
            <HeartRateBpm>
              <Value>0</Value>
            </HeartRateBpm>
            <Cadence>80</Cadence>
            <DistanceMeters>920.62497</DistanceMeters>
            <Extensions>
              <TPX xmlns="http://www.garmin.com/xmlschemas/ActivityExtension/v2">
                <Watts>106</Watts>
              </TPX>
            </Extensions>
          </Trackpoint>
          <Trackpoint>
            <Time>2010-10-19T20:58:27Z</Time>
            <AltitudeMeters>0.0</AltitudeMeters>
            <HeartRateBpm>
              <Value>0</Value>
            </HeartRateBpm>
            <Cadence>81</Cadence>
            <DistanceMeters>943.51226</DistanceMeters>
            <Extensions>
              <TPX xmlns="http://www.garmin.com/xmlschemas/ActivityExtension/v2">
                <Watts>108</Watts>
              </TPX>
            </Extensions>
          </Trackpoint>
          <Trackpoint>
            <Time>2010-10-19T20:58:29Z</Time>
            <AltitudeMeters>0.0</AltitudeMeters>
            <HeartRateBpm>
              <Value>0</Value>
            </HeartRateBpm>
            <Cadence>80</Cadence>
            <DistanceMeters>966.47219</DistanceMeters>
            <Extensions>
              <TPX xmlns="http://www.garmin.com/xmlschemas/ActivityExtension/v2">
                <Watts>109</Watts>
              </TPX>
            </Extensions>
          </Trackpoint>
          <Trackpoint>
            <Time>2010-10-19T20:58:31Z</Time>
            <AltitudeMeters>0.0</AltitudeMeters>
            <HeartRateBpm>
              <Value>0</Value>
            </HeartRateBpm>
            <Cadence>80</Cadence>
            <DistanceMeters>989.45866</DistanceMeters>
            <Extensions>
              <TPX xmlns="http://www.garmin.com/xmlschemas/ActivityExtension/v2">
                <Watts>107</Watts>
              </TPX>
            </Extensions>
          </Trackpoint>
          <Trackpoint>
            <Time>2010-10-19T20:58:33Z</Time>
            <AltitudeMeters>0.0</AltitudeMeters>
            <HeartRateBpm>
              <Value>0</Value>
            </HeartRateBpm>
            <Cadence>78</Cadence>
            <DistanceMeters>1012.41802</DistanceMeters>
            <Extensions>
              <TPX xmlns="http://www.garmin.com/xmlschemas/ActivityExtension/v2">
                <Watts>104</Watts>
              </TPX>
            </Extensions>
          </Trackpoint>
          <Trackpoint>
            <Time>2010-10-19T20:58:35Z</Time>
            <AltitudeMeters>0.0</AltitudeMeters>
            <HeartRateBpm>
              <Value>0</Value>
            </HeartRateBpm>
            <Cadence>77</Cadence>
            <DistanceMeters>1035.19192</DistanceMeters>
            <Extensions>
              <TPX xmlns="http://www.garmin.com/xmlschemas/ActivityExtension/v2">
                <Watts>94</Watts>
              </TPX>
            </Extensions>
          </Trackpoint>
          <Trackpoint>
            <Time>2010-10-19T20:58:37Z</Time>
            <AltitudeMeters>0.0</AltitudeMeters>
            <HeartRateBpm>
              <Value>0</Value>
            </HeartRateBpm>
            <Cadence>77</Cadence>
            <DistanceMeters>1057.92875</DistanceMeters>
            <Extensions>
              <TPX xmlns="http://www.garmin.com/xmlschemas/ActivityExtension/v2">
                <Watts>101</Watts>
              </TPX>
            </Extensions>
          </Trackpoint>
          <Trackpoint>
            <Time>2010-10-19T20:58:39Z</Time>
            <AltitudeMeters>0.0</AltitudeMeters>
            <HeartRateBpm>
              <Value>0</Value>
            </HeartRateBpm>
            <Cadence>76</Cadence>
            <DistanceMeters>1080.48684</DistanceMeters>
            <Extensions>
              <TPX xmlns="http://www.garmin.com/xmlschemas/ActivityExtension/v2">
                <Watts>92</Watts>
              </TPX>
            </Extensions>
          </Trackpoint>
          <Trackpoint>
            <Time>2010-10-19T20:58:41Z</Time>
            <AltitudeMeters>0.0</AltitudeMeters>
            <HeartRateBpm>
              <Value>0</Value>
            </HeartRateBpm>
            <Cadence>76</Cadence>
            <DistanceMeters>1102.99764</DistanceMeters>
            <Extensions>
              <TPX xmlns="http://www.garmin.com/xmlschemas/ActivityExtension/v2">
                <Watts>98</Watts>
              </TPX>
            </Extensions>
          </Trackpoint>
          <Trackpoint>
            <Time>2010-10-19T20:58:43Z</Time>
            <AltitudeMeters>0.0</AltitudeMeters>
            <HeartRateBpm>
              <Value>0</Value>
            </HeartRateBpm>
            <Cadence>79</Cadence>
            <DistanceMeters>1125.45311</DistanceMeters>
            <Extensions>
              <TPX xmlns="http://www.garmin.com/xmlschemas/ActivityExtension/v2">
                <Watts>97</Watts>
              </TPX>
            </Extensions>
          </Trackpoint>
          <Trackpoint>
            <Time>2010-10-19T20:58:45Z</Time>
            <AltitudeMeters>0.0</AltitudeMeters>
            <HeartRateBpm>
              <Value>0</Value>
            </HeartRateBpm>
            <Cadence>78</Cadence>
            <DistanceMeters>1147.97954</DistanceMeters>
            <Extensions>
              <TPX xmlns="http://www.garmin.com/xmlschemas/ActivityExtension/v2">
                <Watts>104</Watts>
              </TPX>
            </Extensions>
          </Trackpoint>
          <Trackpoint>
            <Time>2010-10-19T20:58:47Z</Time>
            <AltitudeMeters>0.0</AltitudeMeters>
            <HeartRateBpm>
              <Value>0</Value>
            </HeartRateBpm>
            <Cadence>78</Cadence>
            <DistanceMeters>1170.79407</DistanceMeters>
            <Extensions>
              <TPX xmlns="http://www.garmin.com/xmlschemas/ActivityExtension/v2">
                <Watts>118</Watts>
              </TPX>
            </Extensions>
          </Trackpoint>
          <Trackpoint>
            <Time>2010-10-19T20:58:49Z</Time>
            <AltitudeMeters>0.0</AltitudeMeters>
            <HeartRateBpm>
              <Value>0</Value>
            </HeartRateBpm>
            <Cadence>78</Cadence>
            <DistanceMeters>1193.58049</DistanceMeters>
            <Extensions>
              <TPX xmlns="http://www.garmin.com/xmlschemas/ActivityExtension/v2">
                <Watts>102</Watts>
              </TPX>
            </Extensions>
          </Trackpoint>
          <Trackpoint>
            <Time>2010-10-19T20:58:51Z</Time>
            <AltitudeMeters>0.0</AltitudeMeters>
            <HeartRateBpm>
              <Value>0</Value>
            </HeartRateBpm>
            <Cadence>80</Cadence>
            <DistanceMeters>1216.36035</DistanceMeters>
            <Extensions>
              <TPX xmlns="http://www.garmin.com/xmlschemas/ActivityExtension/v2">
                <Watts>103</Watts>
              </TPX>
            </Extensions>
          </Trackpoint>
          <Trackpoint>
            <Time>2010-10-19T20:58:53Z</Time>
            <AltitudeMeters>0.0</AltitudeMeters>
            <HeartRateBpm>
              <Value>0</Value>
            </HeartRateBpm>
            <Cadence>80</Cadence>
            <DistanceMeters>1238.68788</DistanceMeters>
            <Extensions>
              <TPX xmlns="http://www.garmin.com/xmlschemas/ActivityExtension/v2">
                <Watts>76</Watts>
              </TPX>
            </Extensions>
          </Trackpoint>
          <Trackpoint>
            <Time>2010-10-19T20:58:55Z</Time>
            <AltitudeMeters>0.0</AltitudeMeters>
            <HeartRateBpm>
              <Value>0</Value>
            </HeartRateBpm>
            <Cadence>80</Cadence>
            <DistanceMeters>1261.12667</DistanceMeters>
            <Extensions>
              <TPX xmlns="http://www.garmin.com/xmlschemas/ActivityExtension/v2">
                <Watts>105</Watts>
              </TPX>
            </Extensions>
          </Trackpoint>
          <Trackpoint>
            <Time>2010-10-19T20:58:57Z</Time>
            <AltitudeMeters>0.0</AltitudeMeters>
            <HeartRateBpm>
              <Value>0</Value>
            </HeartRateBpm>
            <Cadence>79</Cadence>
            <DistanceMeters>1283.63951</DistanceMeters>
            <Extensions>
              <TPX xmlns="http://www.garmin.com/xmlschemas/ActivityExtension/v2">
                <Watts>104</Watts>
              </TPX>
            </Extensions>
          </Trackpoint>
          <Trackpoint>
            <Time>2010-10-19T20:58:59Z</Time>
            <AltitudeMeters>0.0</AltitudeMeters>
            <HeartRateBpm>
              <Value>0</Value>
            </HeartRateBpm>
            <Cadence>78</Cadence>
            <DistanceMeters>1306.19617</DistanceMeters>
            <Extensions>
              <TPX xmlns="http://www.garmin.com/xmlschemas/ActivityExtension/v2">
                <Watts>103</Watts>
              </TPX>
            </Extensions>
          </Trackpoint>
          <Trackpoint>
            <Time>2010-10-19T20:59:01Z</Time>
            <AltitudeMeters>0.0</AltitudeMeters>
            <HeartRateBpm>
              <Value>0</Value>
            </HeartRateBpm>
            <Cadence>80</Cadence>
            <DistanceMeters>1328.77204</DistanceMeters>
            <Extensions>
              <TPX xmlns="http://www.garmin.com/xmlschemas/ActivityExtension/v2">
                <Watts>102</Watts>
              </TPX>
            </Extensions>
          </Trackpoint>
          <Trackpoint>
            <Time>2010-10-19T20:59:03Z</Time>
            <AltitudeMeters>0.0</AltitudeMeters>
            <HeartRateBpm>
              <Value>0</Value>
            </HeartRateBpm>
            <Cadence>80</Cadence>
            <DistanceMeters>1351.39663</DistanceMeters>
            <Extensions>
              <TPX xmlns="http://www.garmin.com/xmlschemas/ActivityExtension/v2">
                <Watts>104</Watts>
              </TPX>
            </Extensions>
          </Trackpoint>
          <Trackpoint>
            <Time>2010-10-19T20:59:05Z</Time>
            <AltitudeMeters>0.0</AltitudeMeters>
            <HeartRateBpm>
              <Value>0</Value>
            </HeartRateBpm>
            <Cadence>80</Cadence>
            <DistanceMeters>1374.09386</DistanceMeters>
            <Extensions>
              <TPX xmlns="http://www.garmin.com/xmlschemas/ActivityExtension/v2">
                <Watts>106</Watts>
              </TPX>
            </Extensions>
          </Trackpoint>
          <Trackpoint>
            <Time>2010-10-19T20:59:07Z</Time>
            <AltitudeMeters>0.0</AltitudeMeters>
            <HeartRateBpm>
              <Value>0</Value>
            </HeartRateBpm>
            <Cadence>80</Cadence>
            <DistanceMeters>1396.85021</DistanceMeters>
            <Extensions>
              <TPX xmlns="http://www.garmin.com/xmlschemas/ActivityExtension/v2">
                <Watts>106</Watts>
              </TPX>
            </Extensions>
          </Trackpoint>
          <Trackpoint>
            <Time>2010-10-19T20:59:09Z</Time>
            <AltitudeMeters>0.0</AltitudeMeters>
            <HeartRateBpm>
              <Value>0</Value>
            </HeartRateBpm>
            <Cadence>81</Cadence>
            <DistanceMeters>1419.65471</DistanceMeters>
            <Extensions>
              <TPX xmlns="http://www.garmin.com/xmlschemas/ActivityExtension/v2">
                <Watts>106</Watts>
              </TPX>
            </Extensions>
          </Trackpoint>
          <Trackpoint>
            <Time>2010-10-19T20:59:11Z</Time>
            <AltitudeMeters>0.0</AltitudeMeters>
            <HeartRateBpm>
              <Value>0</Value>
            </HeartRateBpm>
            <Cadence>83</Cadence>
            <DistanceMeters>1442.53105</DistanceMeters>
            <Extensions>
              <TPX xmlns="http://www.garmin.com/xmlschemas/ActivityExtension/v2">
                <Watts>108</Watts>
              </TPX>
            </Extensions>
          </Trackpoint>
          <Trackpoint>
            <Time>2010-10-19T20:59:13Z</Time>
            <AltitudeMeters>0.0</AltitudeMeters>
            <HeartRateBpm>
              <Value>0</Value>
            </HeartRateBpm>
            <Cadence>85</Cadence>
            <DistanceMeters>1465.53084</DistanceMeters>
            <Extensions>
              <TPX xmlns="http://www.garmin.com/xmlschemas/ActivityExtension/v2">
                <Watts>112</Watts>
              </TPX>
            </Extensions>
          </Trackpoint>
          <Trackpoint>
            <Time>2010-10-19T20:59:15Z</Time>
            <AltitudeMeters>0.0</AltitudeMeters>
            <HeartRateBpm>
              <Value>0</Value>
            </HeartRateBpm>
            <Cadence>86</Cadence>
            <DistanceMeters>1488.71136</DistanceMeters>
            <Extensions>
              <TPX xmlns="http://www.garmin.com/xmlschemas/ActivityExtension/v2">
                <Watts>117</Watts>
              </TPX>
            </Extensions>
          </Trackpoint>
          <Trackpoint>
            <Time>2010-10-19T20:59:17Z</Time>
            <AltitudeMeters>0.0</AltitudeMeters>
            <HeartRateBpm>
              <Value>0</Value>
            </HeartRateBpm>
            <Cadence>85</Cadence>
            <DistanceMeters>1512.06990</DistanceMeters>
            <Extensions>
              <TPX xmlns="http://www.garmin.com/xmlschemas/ActivityExtension/v2">
                <Watts>119</Watts>
              </TPX>
            </Extensions>
          </Trackpoint>
          <Trackpoint>
            <Time>2010-10-19T20:59:19Z</Time>
            <AltitudeMeters>0.0</AltitudeMeters>
            <HeartRateBpm>
              <Value>0</Value>
            </HeartRateBpm>
            <Cadence>84</Cadence>
            <DistanceMeters>1535.54030</DistanceMeters>
            <Extensions>
              <TPX xmlns="http://www.garmin.com/xmlschemas/ActivityExtension/v2">
                <Watts>117</Watts>
              </TPX>
            </Extensions>
          </Trackpoint>
          <Trackpoint>
            <Time>2010-10-19T20:59:21Z</Time>
            <AltitudeMeters>0.0</AltitudeMeters>
            <HeartRateBpm>
              <Value>0</Value>
            </HeartRateBpm>
            <Cadence>82</Cadence>
            <DistanceMeters>1558.97402</DistanceMeters>
            <Extensions>
              <TPX xmlns="http://www.garmin.com/xmlschemas/ActivityExtension/v2">
                <Watts>109</Watts>
              </TPX>
            </Extensions>
          </Trackpoint>
          <Trackpoint>
            <Time>2010-10-19T20:59:23Z</Time>
            <AltitudeMeters>0.0</AltitudeMeters>
            <HeartRateBpm>
              <Value>0</Value>
            </HeartRateBpm>
            <Cadence>82</Cadence>
            <DistanceMeters>1582.37791</DistanceMeters>
            <Extensions>
              <TPX xmlns="http://www.garmin.com/xmlschemas/ActivityExtension/v2">
                <Watts>109</Watts>
              </TPX>
            </Extensions>
          </Trackpoint>
          <Trackpoint>
            <Time>2010-10-19T20:59:25Z</Time>
            <AltitudeMeters>0.0</AltitudeMeters>
            <HeartRateBpm>
              <Value>0</Value>
            </HeartRateBpm>
            <Cadence>83</Cadence>
            <DistanceMeters>1605.77353</DistanceMeters>
            <Extensions>
              <TPX xmlns="http://www.garmin.com/xmlschemas/ActivityExtension/v2">
                <Watts>110</Watts>
              </TPX>
            </Extensions>
          </Trackpoint>
          <Trackpoint>
            <Time>2010-10-19T20:59:27Z</Time>
            <AltitudeMeters>0.0</AltitudeMeters>
            <HeartRateBpm>
              <Value>0</Value>
            </HeartRateBpm>
            <Cadence>80</Cadence>
            <DistanceMeters>1629.16245</DistanceMeters>
            <Extensions>
              <TPX xmlns="http://www.garmin.com/xmlschemas/ActivityExtension/v2">
                <Watts>110</Watts>
              </TPX>
            </Extensions>
          </Trackpoint>
          <Trackpoint>
            <Time>2010-10-19T20:59:29Z</Time>
            <AltitudeMeters>0.0</AltitudeMeters>
            <HeartRateBpm>
              <Value>0</Value>
            </HeartRateBpm>
            <Cadence>79</Cadence>
            <DistanceMeters>1652.46595</DistanceMeters>
            <Extensions>
              <TPX xmlns="http://www.garmin.com/xmlschemas/ActivityExtension/v2">
                <Watts>105</Watts>
              </TPX>
            </Extensions>
          </Trackpoint>
          <Trackpoint>
            <Time>2010-10-19T20:59:31Z</Time>
            <AltitudeMeters>0.0</AltitudeMeters>
            <HeartRateBpm>
              <Value>0</Value>
            </HeartRateBpm>
            <Cadence>80</Cadence>
            <DistanceMeters>1675.69986</DistanceMeters>
            <Extensions>
              <TPX xmlns="http://www.garmin.com/xmlschemas/ActivityExtension/v2">
                <Watts>105</Watts>
              </TPX>
            </Extensions>
          </Trackpoint>
          <Trackpoint>
            <Time>2010-10-19T20:59:33Z</Time>
            <AltitudeMeters>0.0</AltitudeMeters>
            <HeartRateBpm>
              <Value>0</Value>
            </HeartRateBpm>
            <Cadence>81</Cadence>
            <DistanceMeters>1698.89317</DistanceMeters>
            <Extensions>
              <TPX xmlns="http://www.garmin.com/xmlschemas/ActivityExtension/v2">
                <Watts>106</Watts>
              </TPX>
            </Extensions>
          </Trackpoint>
          <Trackpoint>
            <Time>2010-10-19T20:59:35Z</Time>
            <AltitudeMeters>0.0</AltitudeMeters>
            <HeartRateBpm>
              <Value>0</Value>
            </HeartRateBpm>
            <Cadence>80</Cadence>
            <DistanceMeters>1722.06954</DistanceMeters>
            <Extensions>
              <TPX xmlns="http://www.garmin.com/xmlschemas/ActivityExtension/v2">
                <Watts>107</Watts>
              </TPX>
            </Extensions>
          </Trackpoint>
          <Trackpoint>
            <Time>2010-10-19T20:59:37Z</Time>
            <AltitudeMeters>0.0</AltitudeMeters>
            <HeartRateBpm>
              <Value>0</Value>
            </HeartRateBpm>
            <Cadence>81</Cadence>
            <DistanceMeters>1745.31257</DistanceMeters>
            <Extensions>
              <TPX xmlns="http://www.garmin.com/xmlschemas/ActivityExtension/v2">
                <Watts>112</Watts>
              </TPX>
            </Extensions>
          </Trackpoint>
          <Trackpoint>
            <Time>2010-10-19T20:59:39Z</Time>
            <AltitudeMeters>0.0</AltitudeMeters>
            <HeartRateBpm>
              <Value>0</Value>
            </HeartRateBpm>
            <Cadence>83</Cadence>
            <DistanceMeters>1768.56153</DistanceMeters>
            <Extensions>
              <TPX xmlns="http://www.garmin.com/xmlschemas/ActivityExtension/v2">
                <Watts>109</Watts>
              </TPX>
            </Extensions>
          </Trackpoint>
          <Trackpoint>
            <Time>2010-10-19T20:59:41Z</Time>
            <AltitudeMeters>0.0</AltitudeMeters>
            <HeartRateBpm>
              <Value>0</Value>
            </HeartRateBpm>
            <Cadence>83</Cadence>
            <DistanceMeters>1791.87943</DistanceMeters>
            <Extensions>
              <TPX xmlns="http://www.garmin.com/xmlschemas/ActivityExtension/v2">
                <Watts>113</Watts>
              </TPX>
            </Extensions>
          </Trackpoint>
          <Trackpoint>
            <Time>2010-10-19T20:59:43Z</Time>
            <AltitudeMeters>0.0</AltitudeMeters>
            <HeartRateBpm>
              <Value>0</Value>
            </HeartRateBpm>
            <Cadence>81</Cadence>
            <DistanceMeters>1815.25320</DistanceMeters>
            <Extensions>
              <TPX xmlns="http://www.garmin.com/xmlschemas/ActivityExtension/v2">
                <Watts>113</Watts>
              </TPX>
            </Extensions>
          </Trackpoint>
          <Trackpoint>
            <Time>2010-10-19T20:59:45Z</Time>
            <AltitudeMeters>0.0</AltitudeMeters>
            <HeartRateBpm>
              <Value>0</Value>
            </HeartRateBpm>
            <Cadence>80</Cadence>
            <DistanceMeters>1838.57640</DistanceMeters>
            <Extensions>
              <TPX xmlns="http://www.garmin.com/xmlschemas/ActivityExtension/v2">
                <Watts>107</Watts>
              </TPX>
            </Extensions>
          </Trackpoint>
          <Trackpoint>
            <Time>2010-10-19T20:59:47Z</Time>
            <AltitudeMeters>0.0</AltitudeMeters>
            <HeartRateBpm>
              <Value>0</Value>
            </HeartRateBpm>
            <Cadence>81</Cadence>
            <DistanceMeters>1861.84241</DistanceMeters>
            <Extensions>
              <TPX xmlns="http://www.garmin.com/xmlschemas/ActivityExtension/v2">
                <Watts>106</Watts>
              </TPX>
            </Extensions>
          </Trackpoint>
          <Trackpoint>
            <Time>2010-10-19T20:59:49Z</Time>
            <AltitudeMeters>0.0</AltitudeMeters>
            <HeartRateBpm>
              <Value>0</Value>
            </HeartRateBpm>
            <Cadence>82</Cadence>
            <DistanceMeters>1885.12608</DistanceMeters>
            <Extensions>
              <TPX xmlns="http://www.garmin.com/xmlschemas/ActivityExtension/v2">
                <Watts>110</Watts>
              </TPX>
            </Extensions>
          </Trackpoint>
          <Trackpoint>
            <Time>2010-10-19T20:59:51Z</Time>
            <AltitudeMeters>0.0</AltitudeMeters>
            <HeartRateBpm>
              <Value>0</Value>
            </HeartRateBpm>
            <Cadence>81</Cadence>
            <DistanceMeters>1908.40806</DistanceMeters>
            <Extensions>
              <TPX xmlns="http://www.garmin.com/xmlschemas/ActivityExtension/v2">
                <Watts>109</Watts>
              </TPX>
            </Extensions>
          </Trackpoint>
          <Trackpoint>
            <Time>2010-10-19T20:59:53Z</Time>
            <AltitudeMeters>0.0</AltitudeMeters>
            <HeartRateBpm>
              <Value>0</Value>
            </HeartRateBpm>
            <Cadence>80</Cadence>
            <DistanceMeters>1931.67262</DistanceMeters>
            <Extensions>
              <TPX xmlns="http://www.garmin.com/xmlschemas/ActivityExtension/v2">
                <Watts>108</Watts>
              </TPX>
            </Extensions>
          </Trackpoint>
          <Trackpoint>
            <Time>2010-10-19T20:59:55Z</Time>
            <AltitudeMeters>0.0</AltitudeMeters>
            <HeartRateBpm>
              <Value>0</Value>
            </HeartRateBpm>
            <Cadence>81</Cadence>
            <DistanceMeters>1954.90696</DistanceMeters>
            <Extensions>
              <TPX xmlns="http://www.garmin.com/xmlschemas/ActivityExtension/v2">
                <Watts>107</Watts>
              </TPX>
            </Extensions>
          </Trackpoint>
          <Trackpoint>
            <Time>2010-10-19T20:59:57Z</Time>
            <AltitudeMeters>0.0</AltitudeMeters>
            <HeartRateBpm>
              <Value>0</Value>
            </HeartRateBpm>
            <Cadence>80</Cadence>
            <DistanceMeters>1978.10063</DistanceMeters>
            <Extensions>
              <TPX xmlns="http://www.garmin.com/xmlschemas/ActivityExtension/v2">
                <Watts>106</Watts>
              </TPX>
            </Extensions>
          </Trackpoint>
          <Trackpoint>
            <Time>2010-10-19T20:59:59Z</Time>
            <AltitudeMeters>0.0</AltitudeMeters>
            <HeartRateBpm>
              <Value>0</Value>
            </HeartRateBpm>
            <Cadence>80</Cadence>
            <DistanceMeters>2001.26117</DistanceMeters>
            <Extensions>
              <TPX xmlns="http://www.garmin.com/xmlschemas/ActivityExtension/v2">
                <Watts>106</Watts>
              </TPX>
            </Extensions>
          </Trackpoint>
          <Trackpoint>
            <Time>2010-10-19T21:00:01Z</Time>
            <AltitudeMeters>0.0</AltitudeMeters>
            <HeartRateBpm>
              <Value>0</Value>
            </HeartRateBpm>
            <Cadence>82</Cadence>
            <DistanceMeters>2024.45920</DistanceMeters>
            <Extensions>
              <TPX xmlns="http://www.garmin.com/xmlschemas/ActivityExtension/v2">
                <Watts>110</Watts>
              </TPX>
            </Extensions>
          </Trackpoint>
          <Trackpoint>
            <Time>2010-10-19T21:00:03Z</Time>
            <AltitudeMeters>0.0</AltitudeMeters>
            <HeartRateBpm>
              <Value>0</Value>
            </HeartRateBpm>
            <Cadence>80</Cadence>
            <DistanceMeters>2047.67160</DistanceMeters>
            <Extensions>
              <TPX xmlns="http://www.garmin.com/xmlschemas/ActivityExtension/v2">
                <Watts>109</Watts>
              </TPX>
            </Extensions>
          </Trackpoint>
          <Trackpoint>
            <Time>2010-10-19T21:00:05Z</Time>
            <AltitudeMeters>0.0</AltitudeMeters>
            <HeartRateBpm>
              <Value>0</Value>
            </HeartRateBpm>
            <Cadence>80</Cadence>
            <DistanceMeters>2070.86350</DistanceMeters>
            <Extensions>
              <TPX xmlns="http://www.garmin.com/xmlschemas/ActivityExtension/v2">
                <Watts>107</Watts>
              </TPX>
            </Extensions>
          </Trackpoint>
          <Trackpoint>
            <Time>2010-10-19T21:00:07Z</Time>
            <AltitudeMeters>0.0</AltitudeMeters>
            <HeartRateBpm>
              <Value>0</Value>
            </HeartRateBpm>
            <Cadence>81</Cadence>
            <DistanceMeters>2094.02260</DistanceMeters>
            <Extensions>
              <TPX xmlns="http://www.garmin.com/xmlschemas/ActivityExtension/v2">
                <Watts>106</Watts>
              </TPX>
            </Extensions>
          </Trackpoint>
          <Trackpoint>
            <Time>2010-10-19T21:00:09Z</Time>
            <AltitudeMeters>0.0</AltitudeMeters>
            <HeartRateBpm>
              <Value>0</Value>
            </HeartRateBpm>
            <Cadence>80</Cadence>
            <DistanceMeters>2117.17113</DistanceMeters>
            <Extensions>
              <TPX xmlns="http://www.garmin.com/xmlschemas/ActivityExtension/v2">
                <Watts>107</Watts>
              </TPX>
            </Extensions>
          </Trackpoint>
          <Trackpoint>
            <Time>2010-10-19T21:00:11Z</Time>
            <AltitudeMeters>0.0</AltitudeMeters>
            <HeartRateBpm>
              <Value>0</Value>
            </HeartRateBpm>
            <Cadence>79</Cadence>
            <DistanceMeters>2140.29493</DistanceMeters>
            <Extensions>
              <TPX xmlns="http://www.garmin.com/xmlschemas/ActivityExtension/v2">
                <Watts>106</Watts>
              </TPX>
            </Extensions>
          </Trackpoint>
          <Trackpoint>
            <Time>2010-10-19T21:00:13Z</Time>
            <AltitudeMeters>0.0</AltitudeMeters>
            <HeartRateBpm>
              <Value>0</Value>
            </HeartRateBpm>
            <Cadence>79</Cadence>
            <DistanceMeters>2163.35006</DistanceMeters>
            <Extensions>
              <TPX xmlns="http://www.garmin.com/xmlschemas/ActivityExtension/v2">
                <Watts>103</Watts>
              </TPX>
            </Extensions>
          </Trackpoint>
          <Trackpoint>
            <Time>2010-10-19T21:00:15Z</Time>
            <AltitudeMeters>0.0</AltitudeMeters>
            <HeartRateBpm>
              <Value>0</Value>
            </HeartRateBpm>
            <Cadence>79</Cadence>
            <DistanceMeters>2186.33293</DistanceMeters>
            <Extensions>
              <TPX xmlns="http://www.garmin.com/xmlschemas/ActivityExtension/v2">
                <Watts>102</Watts>
              </TPX>
            </Extensions>
          </Trackpoint>
          <Trackpoint>
            <Time>2010-10-19T21:00:17Z</Time>
            <AltitudeMeters>0.0</AltitudeMeters>
            <HeartRateBpm>
              <Value>0</Value>
            </HeartRateBpm>
            <Cadence>78</Cadence>
            <DistanceMeters>2209.25679</DistanceMeters>
            <Extensions>
              <TPX xmlns="http://www.garmin.com/xmlschemas/ActivityExtension/v2">
                <Watts>102</Watts>
              </TPX>
            </Extensions>
          </Trackpoint>
          <Trackpoint>
            <Time>2010-10-19T21:00:19Z</Time>
            <AltitudeMeters>0.0</AltitudeMeters>
            <HeartRateBpm>
              <Value>0</Value>
            </HeartRateBpm>
            <Cadence>80</Cadence>
            <DistanceMeters>2232.14879</DistanceMeters>
            <Extensions>
              <TPX xmlns="http://www.garmin.com/xmlschemas/ActivityExtension/v2">
                <Watts>103</Watts>
              </TPX>
            </Extensions>
          </Trackpoint>
          <Trackpoint>
            <Time>2010-10-19T21:00:21Z</Time>
            <AltitudeMeters>0.0</AltitudeMeters>
            <HeartRateBpm>
              <Value>0</Value>
            </HeartRateBpm>
            <Cadence>82</Cadence>
            <DistanceMeters>2255.06371</DistanceMeters>
            <Extensions>
              <TPX xmlns="http://www.garmin.com/xmlschemas/ActivityExtension/v2">
                <Watts>106</Watts>
              </TPX>
            </Extensions>
          </Trackpoint>
          <Trackpoint>
            <Time>2010-10-19T21:00:23Z</Time>
            <AltitudeMeters>0.0</AltitudeMeters>
            <HeartRateBpm>
              <Value>0</Value>
            </HeartRateBpm>
            <Cadence>80</Cadence>
            <DistanceMeters>2278.02984</DistanceMeters>
            <Extensions>
              <TPX xmlns="http://www.garmin.com/xmlschemas/ActivityExtension/v2">
                <Watts>108</Watts>
              </TPX>
            </Extensions>
          </Trackpoint>
          <Trackpoint>
            <Time>2010-10-19T21:00:25Z</Time>
            <AltitudeMeters>0.0</AltitudeMeters>
            <HeartRateBpm>
              <Value>0</Value>
            </HeartRateBpm>
            <Cadence>79</Cadence>
            <DistanceMeters>2300.98887</DistanceMeters>
            <Extensions>
              <TPX xmlns="http://www.garmin.com/xmlschemas/ActivityExtension/v2">
                <Watts>105</Watts>
              </TPX>
            </Extensions>
          </Trackpoint>
          <Trackpoint>
            <Time>2010-10-19T21:00:27Z</Time>
            <AltitudeMeters>0.0</AltitudeMeters>
            <HeartRateBpm>
              <Value>0</Value>
            </HeartRateBpm>
            <Cadence>78</Cadence>
            <DistanceMeters>2323.90957</DistanceMeters>
            <Extensions>
              <TPX xmlns="http://www.garmin.com/xmlschemas/ActivityExtension/v2">
                <Watts>103</Watts>
              </TPX>
            </Extensions>
          </Trackpoint>
          <Trackpoint>
            <Time>2010-10-19T21:00:29Z</Time>
            <AltitudeMeters>0.0</AltitudeMeters>
            <HeartRateBpm>
              <Value>0</Value>
            </HeartRateBpm>
            <Cadence>80</Cadence>
            <DistanceMeters>2346.84786</DistanceMeters>
            <Extensions>
              <TPX xmlns="http://www.garmin.com/xmlschemas/ActivityExtension/v2">
                <Watts>106</Watts>
              </TPX>
            </Extensions>
          </Trackpoint>
          <Trackpoint>
            <Time>2010-10-19T21:00:31Z</Time>
            <AltitudeMeters>0.0</AltitudeMeters>
            <HeartRateBpm>
              <Value>0</Value>
            </HeartRateBpm>
            <Cadence>82</Cadence>
            <DistanceMeters>2369.80047</DistanceMeters>
            <Extensions>
              <TPX xmlns="http://www.garmin.com/xmlschemas/ActivityExtension/v2">
                <Watts>106</Watts>
              </TPX>
            </Extensions>
          </Trackpoint>
          <Trackpoint>
            <Time>2010-10-19T21:00:33Z</Time>
            <AltitudeMeters>0.0</AltitudeMeters>
            <HeartRateBpm>
              <Value>0</Value>
            </HeartRateBpm>
            <Cadence>82</Cadence>
            <DistanceMeters>2392.82969</DistanceMeters>
            <Extensions>
              <TPX xmlns="http://www.garmin.com/xmlschemas/ActivityExtension/v2">
                <Watts>110</Watts>
              </TPX>
            </Extensions>
          </Trackpoint>
          <Trackpoint>
            <Time>2010-10-19T21:00:35Z</Time>
            <AltitudeMeters>0.0</AltitudeMeters>
            <HeartRateBpm>
              <Value>0</Value>
            </HeartRateBpm>
            <Cadence>83</Cadence>
            <DistanceMeters>2415.93726</DistanceMeters>
            <Extensions>
              <TPX xmlns="http://www.garmin.com/xmlschemas/ActivityExtension/v2">
                <Watts>111</Watts>
              </TPX>
            </Extensions>
          </Trackpoint>
          <Trackpoint>
            <Time>2010-10-19T21:00:37Z</Time>
            <AltitudeMeters>0.0</AltitudeMeters>
            <HeartRateBpm>
              <Value>0</Value>
            </HeartRateBpm>
            <Cadence>84</Cadence>
            <DistanceMeters>2439.14060</DistanceMeters>
            <Extensions>
              <TPX xmlns="http://www.garmin.com/xmlschemas/ActivityExtension/v2">
                <Watts>113</Watts>
              </TPX>
            </Extensions>
          </Trackpoint>
          <Trackpoint>
            <Time>2010-10-19T21:00:39Z</Time>
            <AltitudeMeters>0.0</AltitudeMeters>
            <HeartRateBpm>
              <Value>0</Value>
            </HeartRateBpm>
            <Cadence>83</Cadence>
            <DistanceMeters>2462.43757</DistanceMeters>
            <Extensions>
              <TPX xmlns="http://www.garmin.com/xmlschemas/ActivityExtension/v2">
                <Watts>114</Watts>
              </TPX>
            </Extensions>
          </Trackpoint>
          <Trackpoint>
            <Time>2010-10-19T21:00:41Z</Time>
            <AltitudeMeters>0.0</AltitudeMeters>
            <HeartRateBpm>
              <Value>0</Value>
            </HeartRateBpm>
            <Cadence>79</Cadence>
            <DistanceMeters>2485.69828</DistanceMeters>
            <Extensions>
              <TPX xmlns="http://www.garmin.com/xmlschemas/ActivityExtension/v2">
                <Watts>107</Watts>
              </TPX>
            </Extensions>
          </Trackpoint>
          <Trackpoint>
            <Time>2010-10-19T21:00:43Z</Time>
            <AltitudeMeters>0.0</AltitudeMeters>
            <HeartRateBpm>
              <Value>0</Value>
            </HeartRateBpm>
            <Cadence>81</Cadence>
            <DistanceMeters>2508.88123</DistanceMeters>
            <Extensions>
              <TPX xmlns="http://www.garmin.com/xmlschemas/ActivityExtension/v2">
                <Watts>104</Watts>
              </TPX>
            </Extensions>
          </Trackpoint>
          <Trackpoint>
            <Time>2010-10-19T21:00:45Z</Time>
            <AltitudeMeters>0.0</AltitudeMeters>
            <HeartRateBpm>
              <Value>0</Value>
            </HeartRateBpm>
            <Cadence>82</Cadence>
            <DistanceMeters>2532.04917</DistanceMeters>
            <Extensions>
              <TPX xmlns="http://www.garmin.com/xmlschemas/ActivityExtension/v2">
                <Watts>107</Watts>
              </TPX>
            </Extensions>
          </Trackpoint>
          <Trackpoint>
            <Time>2010-10-19T21:00:47Z</Time>
            <AltitudeMeters>0.0</AltitudeMeters>
            <HeartRateBpm>
              <Value>0</Value>
            </HeartRateBpm>
            <Cadence>82</Cadence>
            <DistanceMeters>2555.25320</DistanceMeters>
            <Extensions>
              <TPX xmlns="http://www.garmin.com/xmlschemas/ActivityExtension/v2">
                <Watts>110</Watts>
              </TPX>
            </Extensions>
          </Trackpoint>
          <Trackpoint>
            <Time>2010-10-19T21:00:49Z</Time>
            <AltitudeMeters>0.0</AltitudeMeters>
            <HeartRateBpm>
              <Value>0</Value>
            </HeartRateBpm>
            <Cadence>82</Cadence>
            <DistanceMeters>2578.50262</DistanceMeters>
            <Extensions>
              <TPX xmlns="http://www.garmin.com/xmlschemas/ActivityExtension/v2">
                <Watts>111</Watts>
              </TPX>
            </Extensions>
          </Trackpoint>
          <Trackpoint>
            <Time>2010-10-19T21:00:51Z</Time>
            <AltitudeMeters>0.0</AltitudeMeters>
            <HeartRateBpm>
              <Value>0</Value>
            </HeartRateBpm>
            <Cadence>83</Cadence>
            <DistanceMeters>2601.78885</DistanceMeters>
            <Extensions>
              <TPX xmlns="http://www.garmin.com/xmlschemas/ActivityExtension/v2">
                <Watts>111</Watts>
              </TPX>
            </Extensions>
          </Trackpoint>
          <Trackpoint>
            <Time>2010-10-19T21:00:53Z</Time>
            <AltitudeMeters>0.0</AltitudeMeters>
            <HeartRateBpm>
              <Value>0</Value>
            </HeartRateBpm>
            <Cadence>81</Cadence>
            <DistanceMeters>2625.10495</DistanceMeters>
            <Extensions>
              <TPX xmlns="http://www.garmin.com/xmlschemas/ActivityExtension/v2">
                <Watts>111</Watts>
              </TPX>
            </Extensions>
          </Trackpoint>
          <Trackpoint>
            <Time>2010-10-19T21:00:55Z</Time>
            <AltitudeMeters>0.0</AltitudeMeters>
            <HeartRateBpm>
              <Value>0</Value>
            </HeartRateBpm>
            <Cadence>82</Cadence>
            <DistanceMeters>2648.39726</DistanceMeters>
            <Extensions>
              <TPX xmlns="http://www.garmin.com/xmlschemas/ActivityExtension/v2">
                <Watts>108</Watts>
              </TPX>
            </Extensions>
          </Trackpoint>
          <Trackpoint>
            <Time>2010-10-19T21:00:57Z</Time>
            <AltitudeMeters>0.0</AltitudeMeters>
            <HeartRateBpm>
              <Value>0</Value>
            </HeartRateBpm>
            <Cadence>82</Cadence>
            <DistanceMeters>2671.68626</DistanceMeters>
            <Extensions>
              <TPX xmlns="http://www.garmin.com/xmlschemas/ActivityExtension/v2">
                <Watts>109</Watts>
              </TPX>
            </Extensions>
          </Trackpoint>
          <Trackpoint>
            <Time>2010-10-19T21:00:59Z</Time>
            <AltitudeMeters>0.0</AltitudeMeters>
            <HeartRateBpm>
              <Value>0</Value>
            </HeartRateBpm>
            <Cadence>82</Cadence>
            <DistanceMeters>2694.98860</DistanceMeters>
            <Extensions>
              <TPX xmlns="http://www.garmin.com/xmlschemas/ActivityExtension/v2">
                <Watts>110</Watts>
              </TPX>
            </Extensions>
          </Trackpoint>
          <Trackpoint>
            <Time>2010-10-19T21:01:01Z</Time>
            <AltitudeMeters>0.0</AltitudeMeters>
            <HeartRateBpm>
              <Value>0</Value>
            </HeartRateBpm>
            <Cadence>82</Cadence>
            <DistanceMeters>2718.30177</DistanceMeters>
            <Extensions>
              <TPX xmlns="http://www.garmin.com/xmlschemas/ActivityExtension/v2">
                <Watts>110</Watts>
              </TPX>
            </Extensions>
          </Trackpoint>
          <Trackpoint>
            <Time>2010-10-19T21:01:03Z</Time>
            <AltitudeMeters>0.0</AltitudeMeters>
            <HeartRateBpm>
              <Value>0</Value>
            </HeartRateBpm>
            <Cadence>82</Cadence>
            <DistanceMeters>2741.62372</DistanceMeters>
            <Extensions>
              <TPX xmlns="http://www.garmin.com/xmlschemas/ActivityExtension/v2">
                <Watts>110</Watts>
              </TPX>
            </Extensions>
          </Trackpoint>
          <Trackpoint>
            <Time>2010-10-19T21:01:05Z</Time>
            <AltitudeMeters>0.0</AltitudeMeters>
            <HeartRateBpm>
              <Value>0</Value>
            </HeartRateBpm>
            <Cadence>80</Cadence>
            <DistanceMeters>2764.93681</DistanceMeters>
            <Extensions>
              <TPX xmlns="http://www.garmin.com/xmlschemas/ActivityExtension/v2">
                <Watts>109</Watts>
              </TPX>
            </Extensions>
          </Trackpoint>
          <Trackpoint>
            <Time>2010-10-19T21:01:07Z</Time>
            <AltitudeMeters>0.0</AltitudeMeters>
            <HeartRateBpm>
              <Value>0</Value>
            </HeartRateBpm>
            <Cadence>83</Cadence>
            <DistanceMeters>2788.22668</DistanceMeters>
            <Extensions>
              <TPX xmlns="http://www.garmin.com/xmlschemas/ActivityExtension/v2">
                <Watts>108</Watts>
              </TPX>
            </Extensions>
          </Trackpoint>
          <Trackpoint>
            <Time>2010-10-19T21:01:09Z</Time>
            <AltitudeMeters>0.0</AltitudeMeters>
            <HeartRateBpm>
              <Value>0</Value>
            </HeartRateBpm>
            <Cadence>83</Cadence>
            <DistanceMeters>2811.57772</DistanceMeters>
            <Extensions>
              <TPX xmlns="http://www.garmin.com/xmlschemas/ActivityExtension/v2">
                <Watts>113</Watts>
              </TPX>
            </Extensions>
          </Trackpoint>
          <Trackpoint>
            <Time>2010-10-19T21:01:11Z</Time>
            <AltitudeMeters>0.0</AltitudeMeters>
            <HeartRateBpm>
              <Value>0</Value>
            </HeartRateBpm>
            <Cadence>84</Cadence>
            <DistanceMeters>2834.97835</DistanceMeters>
            <Extensions>
              <TPX xmlns="http://www.garmin.com/xmlschemas/ActivityExtension/v2">
                <Watts>113</Watts>
              </TPX>
            </Extensions>
          </Trackpoint>
          <Trackpoint>
            <Time>2010-10-19T21:01:13Z</Time>
            <AltitudeMeters>0.0</AltitudeMeters>
            <HeartRateBpm>
              <Value>0</Value>
            </HeartRateBpm>
            <Cadence>83</Cadence>
            <DistanceMeters>2858.43507</DistanceMeters>
            <Extensions>
              <TPX xmlns="http://www.garmin.com/xmlschemas/ActivityExtension/v2">
                <Watts>114</Watts>
              </TPX>
            </Extensions>
          </Trackpoint>
          <Trackpoint>
            <Time>2010-10-19T21:01:15Z</Time>
            <AltitudeMeters>0.0</AltitudeMeters>
            <HeartRateBpm>
              <Value>0</Value>
            </HeartRateBpm>
            <Cadence>83</Cadence>
            <DistanceMeters>2881.92133</DistanceMeters>
            <Extensions>
              <TPX xmlns="http://www.garmin.com/xmlschemas/ActivityExtension/v2">
                <Watts>113</Watts>
              </TPX>
            </Extensions>
          </Trackpoint>
          <Trackpoint>
            <Time>2010-10-19T21:01:17Z</Time>
            <AltitudeMeters>0.0</AltitudeMeters>
            <HeartRateBpm>
              <Value>0</Value>
            </HeartRateBpm>
            <Cadence>84</Cadence>
            <DistanceMeters>2905.43152</DistanceMeters>
            <Extensions>
              <TPX xmlns="http://www.garmin.com/xmlschemas/ActivityExtension/v2">
                <Watts>113</Watts>
              </TPX>
            </Extensions>
          </Trackpoint>
          <Trackpoint>
            <Time>2010-10-19T21:01:19Z</Time>
            <AltitudeMeters>0.0</AltitudeMeters>
            <HeartRateBpm>
              <Value>0</Value>
            </HeartRateBpm>
            <Cadence>85</Cadence>
            <DistanceMeters>2928.99281</DistanceMeters>
            <Extensions>
              <TPX xmlns="http://www.garmin.com/xmlschemas/ActivityExtension/v2">
                <Watts>115</Watts>
              </TPX>
            </Extensions>
          </Trackpoint>
          <Trackpoint>
            <Time>2010-10-19T21:01:21Z</Time>
            <AltitudeMeters>0.0</AltitudeMeters>
            <HeartRateBpm>
              <Value>0</Value>
            </HeartRateBpm>
            <Cadence>85</Cadence>
            <DistanceMeters>2952.62708</DistanceMeters>
            <Extensions>
              <TPX xmlns="http://www.garmin.com/xmlschemas/ActivityExtension/v2">
                <Watts>117</Watts>
              </TPX>
            </Extensions>
          </Trackpoint>
          <Trackpoint>
            <Time>2010-10-19T21:01:23Z</Time>
            <AltitudeMeters>0.0</AltitudeMeters>
            <HeartRateBpm>
              <Value>0</Value>
            </HeartRateBpm>
            <Cadence>82</Cadence>
            <DistanceMeters>2976.20976</DistanceMeters>
            <Extensions>
              <TPX xmlns="http://www.garmin.com/xmlschemas/ActivityExtension/v2">
                <Watts>110</Watts>
              </TPX>
            </Extensions>
          </Trackpoint>
          <Trackpoint>
            <Time>2010-10-19T21:01:25Z</Time>
            <AltitudeMeters>0.0</AltitudeMeters>
            <HeartRateBpm>
              <Value>0</Value>
            </HeartRateBpm>
            <Cadence>82</Cadence>
            <DistanceMeters>2999.75057</DistanceMeters>
            <Extensions>
              <TPX xmlns="http://www.garmin.com/xmlschemas/ActivityExtension/v2">
                <Watts>110</Watts>
              </TPX>
            </Extensions>
          </Trackpoint>
          <Trackpoint>
            <Time>2010-10-19T21:01:27Z</Time>
            <AltitudeMeters>0.0</AltitudeMeters>
            <HeartRateBpm>
              <Value>0</Value>
            </HeartRateBpm>
            <Cadence>83</Cadence>
            <DistanceMeters>3023.24148</DistanceMeters>
            <Extensions>
              <TPX xmlns="http://www.garmin.com/xmlschemas/ActivityExtension/v2">
                <Watts>109</Watts>
              </TPX>
            </Extensions>
          </Trackpoint>
          <Trackpoint>
            <Time>2010-10-19T21:01:29Z</Time>
            <AltitudeMeters>0.0</AltitudeMeters>
            <HeartRateBpm>
              <Value>0</Value>
            </HeartRateBpm>
            <Cadence>83</Cadence>
            <DistanceMeters>3046.75544</DistanceMeters>
            <Extensions>
              <TPX xmlns="http://www.garmin.com/xmlschemas/ActivityExtension/v2">
                <Watts>113</Watts>
              </TPX>
            </Extensions>
          </Trackpoint>
          <Trackpoint>
            <Time>2010-10-19T21:01:31Z</Time>
            <AltitudeMeters>0.0</AltitudeMeters>
            <HeartRateBpm>
              <Value>0</Value>
            </HeartRateBpm>
            <Cadence>83</Cadence>
            <DistanceMeters>3070.27221</DistanceMeters>
            <Extensions>
              <TPX xmlns="http://www.garmin.com/xmlschemas/ActivityExtension/v2">
                <Watts>112</Watts>
              </TPX>
            </Extensions>
          </Trackpoint>
          <Trackpoint>
            <Time>2010-10-19T21:01:33Z</Time>
            <AltitudeMeters>0.0</AltitudeMeters>
            <HeartRateBpm>
              <Value>0</Value>
            </HeartRateBpm>
            <Cadence>84</Cadence>
            <DistanceMeters>3093.79126</DistanceMeters>
            <Extensions>
              <TPX xmlns="http://www.garmin.com/xmlschemas/ActivityExtension/v2">
                <Watts>112</Watts>
              </TPX>
            </Extensions>
          </Trackpoint>
          <Trackpoint>
            <Time>2010-10-19T21:01:35Z</Time>
            <AltitudeMeters>0.0</AltitudeMeters>
            <HeartRateBpm>
              <Value>0</Value>
            </HeartRateBpm>
            <Cadence>84</Cadence>
            <DistanceMeters>3117.34388</DistanceMeters>
            <Extensions>
              <TPX xmlns="http://www.garmin.com/xmlschemas/ActivityExtension/v2">
                <Watts>114</Watts>
              </TPX>
            </Extensions>
          </Trackpoint>
          <Trackpoint>
            <Time>2010-10-19T21:01:37Z</Time>
            <AltitudeMeters>0.0</AltitudeMeters>
            <HeartRateBpm>
              <Value>0</Value>
            </HeartRateBpm>
            <Cadence>84</Cadence>
            <DistanceMeters>3140.93951</DistanceMeters>
            <Extensions>
              <TPX xmlns="http://www.garmin.com/xmlschemas/ActivityExtension/v2">
                <Watts>115</Watts>
              </TPX>
            </Extensions>
          </Trackpoint>
          <Trackpoint>
            <Time>2010-10-19T21:01:39Z</Time>
            <AltitudeMeters>0.0</AltitudeMeters>
            <HeartRateBpm>
              <Value>0</Value>
            </HeartRateBpm>
            <Cadence>80</Cadence>
            <DistanceMeters>3164.47497</DistanceMeters>
            <Extensions>
              <TPX xmlns="http://www.garmin.com/xmlschemas/ActivityExtension/v2">
                <Watts>109</Watts>
              </TPX>
            </Extensions>
          </Trackpoint>
          <Trackpoint>
            <Time>2010-10-19T21:01:41Z</Time>
            <AltitudeMeters>0.0</AltitudeMeters>
            <HeartRateBpm>
              <Value>0</Value>
            </HeartRateBpm>
            <Cadence>78</Cadence>
            <DistanceMeters>3187.88192</DistanceMeters>
            <Extensions>
              <TPX xmlns="http://www.garmin.com/xmlschemas/ActivityExtension/v2">
                <Watts>104</Watts>
              </TPX>
            </Extensions>
          </Trackpoint>
          <Trackpoint>
            <Time>2010-10-19T21:01:43Z</Time>
            <AltitudeMeters>0.0</AltitudeMeters>
            <HeartRateBpm>
              <Value>0</Value>
            </HeartRateBpm>
            <Cadence>79</Cadence>
            <DistanceMeters>3211.13600</DistanceMeters>
            <Extensions>
              <TPX xmlns="http://www.garmin.com/xmlschemas/ActivityExtension/v2">
                <Watts>101</Watts>
              </TPX>
            </Extensions>
          </Trackpoint>
          <Trackpoint>
            <Time>2010-10-19T21:01:45Z</Time>
            <AltitudeMeters>0.0</AltitudeMeters>
            <HeartRateBpm>
              <Value>0</Value>
            </HeartRateBpm>
            <Cadence>82</Cadence>
            <DistanceMeters>3234.39393</DistanceMeters>
            <Extensions>
              <TPX xmlns="http://www.garmin.com/xmlschemas/ActivityExtension/v2">
                <Watts>109</Watts>
              </TPX>
            </Extensions>
          </Trackpoint>
          <Trackpoint>
            <Time>2010-10-19T21:01:47Z</Time>
            <AltitudeMeters>0.0</AltitudeMeters>
            <HeartRateBpm>
              <Value>0</Value>
            </HeartRateBpm>
            <Cadence>82</Cadence>
            <DistanceMeters>3257.65500</DistanceMeters>
            <Extensions>
              <TPX xmlns="http://www.garmin.com/xmlschemas/ActivityExtension/v2">
                <Watts>109</Watts>
              </TPX>
            </Extensions>
          </Trackpoint>
          <Trackpoint>
            <Time>2010-10-19T21:01:49Z</Time>
            <AltitudeMeters>0.0</AltitudeMeters>
            <HeartRateBpm>
              <Value>0</Value>
            </HeartRateBpm>
            <Cadence>82</Cadence>
            <DistanceMeters>3280.93466</DistanceMeters>
            <Extensions>
              <TPX xmlns="http://www.garmin.com/xmlschemas/ActivityExtension/v2">
                <Watts>110</Watts>
              </TPX>
            </Extensions>
          </Trackpoint>
          <Trackpoint>
            <Time>2010-10-19T21:01:51Z</Time>
            <AltitudeMeters>0.0</AltitudeMeters>
            <HeartRateBpm>
              <Value>0</Value>
            </HeartRateBpm>
            <Cadence>82</Cadence>
            <DistanceMeters>3304.22941</DistanceMeters>
            <Extensions>
              <TPX xmlns="http://www.garmin.com/xmlschemas/ActivityExtension/v2">
                <Watts>110</Watts>
              </TPX>
            </Extensions>
          </Trackpoint>
          <Trackpoint>
            <Time>2010-10-19T21:01:53Z</Time>
            <AltitudeMeters>0.0</AltitudeMeters>
            <HeartRateBpm>
              <Value>0</Value>
            </HeartRateBpm>
            <Cadence>81</Cadence>
            <DistanceMeters>3327.53641</DistanceMeters>
            <Extensions>
              <TPX xmlns="http://www.garmin.com/xmlschemas/ActivityExtension/v2">
                <Watts>110</Watts>
              </TPX>
            </Extensions>
          </Trackpoint>
          <Trackpoint>
            <Time>2010-10-19T21:01:55Z</Time>
            <AltitudeMeters>0.0</AltitudeMeters>
            <HeartRateBpm>
              <Value>0</Value>
            </HeartRateBpm>
            <Cadence>81</Cadence>
            <DistanceMeters>3350.83735</DistanceMeters>
            <Extensions>
              <TPX xmlns="http://www.garmin.com/xmlschemas/ActivityExtension/v2">
                <Watts>109</Watts>
              </TPX>
            </Extensions>
          </Trackpoint>
          <Trackpoint>
            <Time>2010-10-19T21:01:57Z</Time>
            <AltitudeMeters>0.0</AltitudeMeters>
            <HeartRateBpm>
              <Value>0</Value>
            </HeartRateBpm>
            <Cadence>79</Cadence>
            <DistanceMeters>3374.10129</DistanceMeters>
            <Extensions>
              <TPX xmlns="http://www.garmin.com/xmlschemas/ActivityExtension/v2">
                <Watts>107</Watts>
              </TPX>
            </Extensions>
          </Trackpoint>
          <Trackpoint>
            <Time>2010-10-19T21:01:59Z</Time>
            <AltitudeMeters>0.0</AltitudeMeters>
            <HeartRateBpm>
              <Value>0</Value>
            </HeartRateBpm>
            <Cadence>78</Cadence>
            <DistanceMeters>3397.28687</DistanceMeters>
            <Extensions>
              <TPX xmlns="http://www.garmin.com/xmlschemas/ActivityExtension/v2">
                <Watts>104</Watts>
              </TPX>
            </Extensions>
          </Trackpoint>
          <Trackpoint>
            <Time>2010-10-19T21:02:01Z</Time>
            <AltitudeMeters>0.0</AltitudeMeters>
            <HeartRateBpm>
              <Value>0</Value>
            </HeartRateBpm>
            <Cadence>77</Cadence>
            <DistanceMeters>3420.36007</DistanceMeters>
            <Extensions>
              <TPX xmlns="http://www.garmin.com/xmlschemas/ActivityExtension/v2">
                <Watts>101</Watts>
              </TPX>
            </Extensions>
          </Trackpoint>
          <Trackpoint>
            <Time>2010-10-19T21:02:03Z</Time>
            <AltitudeMeters>0.0</AltitudeMeters>
            <HeartRateBpm>
              <Value>0</Value>
            </HeartRateBpm>
            <Cadence>77</Cadence>
            <DistanceMeters>3443.30894</DistanceMeters>
            <Extensions>
              <TPX xmlns="http://www.garmin.com/xmlschemas/ActivityExtension/v2">
                <Watts>99</Watts>
              </TPX>
            </Extensions>
          </Trackpoint>
          <Trackpoint>
            <Time>2010-10-19T21:02:05Z</Time>
            <AltitudeMeters>0.0</AltitudeMeters>
            <HeartRateBpm>
              <Value>0</Value>
            </HeartRateBpm>
            <Cadence>78</Cadence>
            <DistanceMeters>3466.13973</DistanceMeters>
            <Extensions>
              <TPX xmlns="http://www.garmin.com/xmlschemas/ActivityExtension/v2">
                <Watts>98</Watts>
              </TPX>
            </Extensions>
          </Trackpoint>
          <Trackpoint>
            <Time>2010-10-19T21:02:07Z</Time>
            <AltitudeMeters>0.0</AltitudeMeters>
            <HeartRateBpm>
              <Value>0</Value>
            </HeartRateBpm>
            <Cadence>76</Cadence>
            <DistanceMeters>3488.85741</DistanceMeters>
            <Extensions>
              <TPX xmlns="http://www.garmin.com/xmlschemas/ActivityExtension/v2">
                <Watts>97</Watts>
              </TPX>
            </Extensions>
          </Trackpoint>
          <Trackpoint>
            <Time>2010-10-19T21:02:09Z</Time>
            <AltitudeMeters>0.0</AltitudeMeters>
            <HeartRateBpm>
              <Value>0</Value>
            </HeartRateBpm>
            <Cadence>81</Cadence>
            <DistanceMeters>3511.18342</DistanceMeters>
            <Extensions>
              <TPX xmlns="http://www.garmin.com/xmlschemas/ActivityExtension/v2">
                <Watts>79</Watts>
              </TPX>
            </Extensions>
          </Trackpoint>
          <Trackpoint>
            <Time>2010-10-19T21:02:11Z</Time>
            <AltitudeMeters>0.0</AltitudeMeters>
            <HeartRateBpm>
              <Value>0</Value>
            </HeartRateBpm>
            <Cadence>80</Cadence>
            <DistanceMeters>3533.60432</DistanceMeters>
            <Extensions>
              <TPX xmlns="http://www.garmin.com/xmlschemas/ActivityExtension/v2">
                <Watts>104</Watts>
              </TPX>
            </Extensions>
          </Trackpoint>
          <Trackpoint>
            <Time>2010-10-19T21:02:13Z</Time>
            <AltitudeMeters>0.0</AltitudeMeters>
            <HeartRateBpm>
              <Value>0</Value>
            </HeartRateBpm>
            <Cadence>80</Cadence>
            <DistanceMeters>3556.11916</DistanceMeters>
            <Extensions>
              <TPX xmlns="http://www.garmin.com/xmlschemas/ActivityExtension/v2">
                <Watts>105</Watts>
              </TPX>
            </Extensions>
          </Trackpoint>
          <Trackpoint>
            <Time>2010-10-19T21:02:15Z</Time>
            <AltitudeMeters>0.0</AltitudeMeters>
            <HeartRateBpm>
              <Value>0</Value>
            </HeartRateBpm>
            <Cadence>81</Cadence>
            <DistanceMeters>3578.72704</DistanceMeters>
            <Extensions>
              <TPX xmlns="http://www.garmin.com/xmlschemas/ActivityExtension/v2">
                <Watts>106</Watts>
              </TPX>
            </Extensions>
          </Trackpoint>
          <Trackpoint>
            <Time>2010-10-19T21:02:17Z</Time>
            <AltitudeMeters>0.0</AltitudeMeters>
            <HeartRateBpm>
              <Value>0</Value>
            </HeartRateBpm>
            <Cadence>81</Cadence>
            <DistanceMeters>3601.42712</DistanceMeters>
            <Extensions>
              <TPX xmlns="http://www.garmin.com/xmlschemas/ActivityExtension/v2">
                <Watts>107</Watts>
              </TPX>
            </Extensions>
          </Trackpoint>
          <Trackpoint>
            <Time>2010-10-19T21:02:19Z</Time>
            <AltitudeMeters>0.0</AltitudeMeters>
            <HeartRateBpm>
              <Value>0</Value>
            </HeartRateBpm>
            <Cadence>82</Cadence>
            <DistanceMeters>3624.20219</DistanceMeters>
            <Extensions>
              <TPX xmlns="http://www.garmin.com/xmlschemas/ActivityExtension/v2">
                <Watts>107</Watts>
              </TPX>
            </Extensions>
          </Trackpoint>
          <Trackpoint>
            <Time>2010-10-19T21:02:21Z</Time>
            <AltitudeMeters>0.0</AltitudeMeters>
            <HeartRateBpm>
              <Value>0</Value>
            </HeartRateBpm>
            <Cadence>80</Cadence>
            <DistanceMeters>3647.07095</DistanceMeters>
            <Extensions>
              <TPX xmlns="http://www.garmin.com/xmlschemas/ActivityExtension/v2">
                <Watts>109</Watts>
              </TPX>
            </Extensions>
          </Trackpoint>
          <Trackpoint>
            <Time>2010-10-19T21:02:23Z</Time>
            <AltitudeMeters>0.0</AltitudeMeters>
            <HeartRateBpm>
              <Value>0</Value>
            </HeartRateBpm>
            <Cadence>80</Cadence>
            <DistanceMeters>3669.93433</DistanceMeters>
            <Extensions>
              <TPX xmlns="http://www.garmin.com/xmlschemas/ActivityExtension/v2">
                <Watts>104</Watts>
              </TPX>
            </Extensions>
          </Trackpoint>
          <Trackpoint>
            <Time>2010-10-19T21:02:25Z</Time>
            <AltitudeMeters>0.0</AltitudeMeters>
            <HeartRateBpm>
              <Value>0</Value>
            </HeartRateBpm>
            <Cadence>79</Cadence>
            <DistanceMeters>3692.79332</DistanceMeters>
            <Extensions>
              <TPX xmlns="http://www.garmin.com/xmlschemas/ActivityExtension/v2">
                <Watts>104</Watts>
              </TPX>
            </Extensions>
          </Trackpoint>
          <Trackpoint>
            <Time>2010-10-19T21:02:27Z</Time>
            <AltitudeMeters>0.0</AltitudeMeters>
            <HeartRateBpm>
              <Value>0</Value>
            </HeartRateBpm>
            <Cadence>81</Cadence>
            <DistanceMeters>3715.71396</DistanceMeters>
            <Extensions>
              <TPX xmlns="http://www.garmin.com/xmlschemas/ActivityExtension/v2">
                <Watts>108</Watts>
              </TPX>
            </Extensions>
          </Trackpoint>
          <Trackpoint>
            <Time>2010-10-19T21:02:29Z</Time>
            <AltitudeMeters>0.0</AltitudeMeters>
            <HeartRateBpm>
              <Value>0</Value>
            </HeartRateBpm>
            <Cadence>83</Cadence>
            <DistanceMeters>3738.68474</DistanceMeters>
            <Extensions>
              <TPX xmlns="http://www.garmin.com/xmlschemas/ActivityExtension/v2">
                <Watts>108</Watts>
              </TPX>
            </Extensions>
          </Trackpoint>
          <Trackpoint>
            <Time>2010-10-19T21:02:31Z</Time>
            <AltitudeMeters>0.0</AltitudeMeters>
            <HeartRateBpm>
              <Value>0</Value>
            </HeartRateBpm>
            <Cadence>83</Cadence>
            <DistanceMeters>3761.74490</DistanceMeters>
            <Extensions>
              <TPX xmlns="http://www.garmin.com/xmlschemas/ActivityExtension/v2">
                <Watts>111</Watts>
              </TPX>
            </Extensions>
          </Trackpoint>
          <Trackpoint>
            <Time>2010-10-19T21:02:33Z</Time>
            <AltitudeMeters>0.0</AltitudeMeters>
            <HeartRateBpm>
              <Value>0</Value>
            </HeartRateBpm>
            <Cadence>84</Cadence>
            <DistanceMeters>3784.90983</DistanceMeters>
            <Extensions>
              <TPX xmlns="http://www.garmin.com/xmlschemas/ActivityExtension/v2">
                <Watts>113</Watts>
              </TPX>
            </Extensions>
          </Trackpoint>
          <Trackpoint>
            <Time>2010-10-19T21:02:35Z</Time>
            <AltitudeMeters>0.0</AltitudeMeters>
            <HeartRateBpm>
              <Value>0</Value>
            </HeartRateBpm>
            <Cadence>84</Cadence>
            <DistanceMeters>3808.17570</DistanceMeters>
            <Extensions>
              <TPX xmlns="http://www.garmin.com/xmlschemas/ActivityExtension/v2">
                <Watts>114</Watts>
              </TPX>
            </Extensions>
          </Trackpoint>
          <Trackpoint>
            <Time>2010-10-19T21:02:37Z</Time>
            <AltitudeMeters>0.0</AltitudeMeters>
            <HeartRateBpm>
              <Value>0</Value>
            </HeartRateBpm>
            <Cadence>84</Cadence>
            <DistanceMeters>3831.53928</DistanceMeters>
            <Extensions>
              <TPX xmlns="http://www.garmin.com/xmlschemas/ActivityExtension/v2">
                <Watts>115</Watts>
              </TPX>
            </Extensions>
          </Trackpoint>
          <Trackpoint>
            <Time>2010-10-19T21:02:39Z</Time>
            <AltitudeMeters>0.0</AltitudeMeters>
            <HeartRateBpm>
              <Value>0</Value>
            </HeartRateBpm>
            <Cadence>83</Cadence>
            <DistanceMeters>3854.98194</DistanceMeters>
            <Extensions>
              <TPX xmlns="http://www.garmin.com/xmlschemas/ActivityExtension/v2">
                <Watts>115</Watts>
              </TPX>
            </Extensions>
          </Trackpoint>
          <Trackpoint>
            <Time>2010-10-19T21:02:41Z</Time>
            <AltitudeMeters>0.0</AltitudeMeters>
            <HeartRateBpm>
              <Value>0</Value>
            </HeartRateBpm>
            <Cadence>84</Cadence>
            <DistanceMeters>3878.47269</DistanceMeters>
            <Extensions>
              <TPX xmlns="http://www.garmin.com/xmlschemas/ActivityExtension/v2">
                <Watts>114</Watts>
              </TPX>
            </Extensions>
          </Trackpoint>
          <Trackpoint>
            <Time>2010-10-19T21:02:43Z</Time>
            <AltitudeMeters>0.0</AltitudeMeters>
            <HeartRateBpm>
              <Value>0</Value>
            </HeartRateBpm>
            <Cadence>84</Cadence>
            <DistanceMeters>3902.00240</DistanceMeters>
            <Extensions>
              <TPX xmlns="http://www.garmin.com/xmlschemas/ActivityExtension/v2">
                <Watts>114</Watts>
              </TPX>
            </Extensions>
          </Trackpoint>
          <Trackpoint>
            <Time>2010-10-19T21:02:45Z</Time>
            <AltitudeMeters>0.0</AltitudeMeters>
            <HeartRateBpm>
              <Value>0</Value>
            </HeartRateBpm>
            <Cadence>83</Cadence>
            <DistanceMeters>3925.57949</DistanceMeters>
            <Extensions>
              <TPX xmlns="http://www.garmin.com/xmlschemas/ActivityExtension/v2">
                <Watts>115</Watts>
              </TPX>
            </Extensions>
          </Trackpoint>
          <Trackpoint>
            <Time>2010-10-19T21:02:47Z</Time>
            <AltitudeMeters>0.0</AltitudeMeters>
            <HeartRateBpm>
              <Value>0</Value>
            </HeartRateBpm>
            <Cadence>82</Cadence>
            <DistanceMeters>3949.16329</DistanceMeters>
            <Extensions>
              <TPX xmlns="http://www.garmin.com/xmlschemas/ActivityExtension/v2">
                <Watts>113</Watts>
              </TPX>
            </Extensions>
          </Trackpoint>
          <Trackpoint>
            <Time>2010-10-19T21:02:49Z</Time>
            <AltitudeMeters>0.0</AltitudeMeters>
            <HeartRateBpm>
              <Value>0</Value>
            </HeartRateBpm>
            <Cadence>81</Cadence>
            <DistanceMeters>3972.70500</DistanceMeters>
            <Extensions>
              <TPX xmlns="http://www.garmin.com/xmlschemas/ActivityExtension/v2">
                <Watts>110</Watts>
              </TPX>
            </Extensions>
          </Trackpoint>
          <Trackpoint>
            <Time>2010-10-19T21:02:51Z</Time>
            <AltitudeMeters>0.0</AltitudeMeters>
            <HeartRateBpm>
              <Value>0</Value>
            </HeartRateBpm>
            <Cadence>79</Cadence>
            <DistanceMeters>3996.10110</DistanceMeters>
            <Extensions>
              <TPX xmlns="http://www.garmin.com/xmlschemas/ActivityExtension/v2">
                <Watts>103</Watts>
              </TPX>
            </Extensions>
          </Trackpoint>
          <Trackpoint>
            <Time>2010-10-19T21:02:53Z</Time>
            <AltitudeMeters>0.0</AltitudeMeters>
            <HeartRateBpm>
              <Value>0</Value>
            </HeartRateBpm>
            <Cadence>81</Cadence>
            <DistanceMeters>4019.39443</DistanceMeters>
            <Extensions>
              <TPX xmlns="http://www.garmin.com/xmlschemas/ActivityExtension/v2">
                <Watts>104</Watts>
              </TPX>
            </Extensions>
          </Trackpoint>
          <Trackpoint>
            <Time>2010-10-19T21:02:55Z</Time>
            <AltitudeMeters>0.0</AltitudeMeters>
            <HeartRateBpm>
              <Value>0</Value>
            </HeartRateBpm>
            <Cadence>83</Cadence>
            <DistanceMeters>4042.65218</DistanceMeters>
            <Extensions>
              <TPX xmlns="http://www.garmin.com/xmlschemas/ActivityExtension/v2">
                <Watts>107</Watts>
              </TPX>
            </Extensions>
          </Trackpoint>
          <Trackpoint>
            <Time>2010-10-19T21:02:57Z</Time>
            <AltitudeMeters>0.0</AltitudeMeters>
            <HeartRateBpm>
              <Value>0</Value>
            </HeartRateBpm>
            <Cadence>83</Cadence>
            <DistanceMeters>4065.96120</DistanceMeters>
            <Extensions>
              <TPX xmlns="http://www.garmin.com/xmlschemas/ActivityExtension/v2">
                <Watts>112</Watts>
              </TPX>
            </Extensions>
          </Trackpoint>
          <Trackpoint>
            <Time>2010-10-19T21:02:59Z</Time>
            <AltitudeMeters>0.0</AltitudeMeters>
            <HeartRateBpm>
              <Value>0</Value>
            </HeartRateBpm>
            <Cadence>81</Cadence>
            <DistanceMeters>4089.31179</DistanceMeters>
            <Extensions>
              <TPX xmlns="http://www.garmin.com/xmlschemas/ActivityExtension/v2">
                <Watts>112</Watts>
              </TPX>
            </Extensions>
          </Trackpoint>
          <Trackpoint>
            <Time>2010-10-19T21:03:01Z</Time>
            <AltitudeMeters>0.0</AltitudeMeters>
            <HeartRateBpm>
              <Value>0</Value>
            </HeartRateBpm>
            <Cadence>81</Cadence>
            <DistanceMeters>4112.68011</DistanceMeters>
            <Extensions>
              <TPX xmlns="http://www.garmin.com/xmlschemas/ActivityExtension/v2">
                <Watts>111</Watts>
              </TPX>
            </Extensions>
          </Trackpoint>
          <Trackpoint>
            <Time>2010-10-19T21:03:03Z</Time>
            <AltitudeMeters>0.0</AltitudeMeters>
            <HeartRateBpm>
              <Value>0</Value>
            </HeartRateBpm>
            <Cadence>88</Cadence>
            <DistanceMeters>4136.31690</DistanceMeters>
            <Extensions>
              <TPX xmlns="http://www.garmin.com/xmlschemas/ActivityExtension/v2">
                <Watts>127</Watts>
              </TPX>
            </Extensions>
          </Trackpoint>
          <Trackpoint>
            <Time>2010-10-19T21:03:05Z</Time>
            <AltitudeMeters>0.0</AltitudeMeters>
            <HeartRateBpm>
              <Value>0</Value>
            </HeartRateBpm>
            <Cadence>83</Cadence>
            <DistanceMeters>4160.04366</DistanceMeters>
            <Extensions>
              <TPX xmlns="http://www.garmin.com/xmlschemas/ActivityExtension/v2">
                <Watts>119</Watts>
              </TPX>
            </Extensions>
          </Trackpoint>
          <Trackpoint>
            <Time>2010-10-19T21:03:07Z</Time>
            <AltitudeMeters>0.0</AltitudeMeters>
            <HeartRateBpm>
              <Value>0</Value>
            </HeartRateBpm>
            <Cadence>78</Cadence>
            <DistanceMeters>4183.66988</DistanceMeters>
            <Extensions>
              <TPX xmlns="http://www.garmin.com/xmlschemas/ActivityExtension/v2">
                <Watts>108</Watts>
              </TPX>
            </Extensions>
          </Trackpoint>
          <Trackpoint>
            <Time>2010-10-19T21:03:09Z</Time>
            <AltitudeMeters>0.0</AltitudeMeters>
            <HeartRateBpm>
              <Value>0</Value>
            </HeartRateBpm>
            <Cadence>78</Cadence>
            <DistanceMeters>4207.08714</DistanceMeters>
            <Extensions>
              <TPX xmlns="http://www.garmin.com/xmlschemas/ActivityExtension/v2">
                <Watts>100</Watts>
              </TPX>
            </Extensions>
          </Trackpoint>
          <Trackpoint>
            <Time>2010-10-19T21:03:11Z</Time>
            <AltitudeMeters>0.0</AltitudeMeters>
            <HeartRateBpm>
              <Value>0</Value>
            </HeartRateBpm>
            <Cadence>82</Cadence>
            <DistanceMeters>4230.42974</DistanceMeters>
            <Extensions>
              <TPX xmlns="http://www.garmin.com/xmlschemas/ActivityExtension/v2">
                <Watts>106</Watts>
              </TPX>
            </Extensions>
          </Trackpoint>
          <Trackpoint>
            <Time>2010-10-19T21:03:13Z</Time>
            <AltitudeMeters>0.0</AltitudeMeters>
            <HeartRateBpm>
              <Value>0</Value>
            </HeartRateBpm>
            <Cadence>82</Cadence>
            <DistanceMeters>4253.77560</DistanceMeters>
            <Extensions>
              <TPX xmlns="http://www.garmin.com/xmlschemas/ActivityExtension/v2">
                <Watts>110</Watts>
              </TPX>
            </Extensions>
          </Trackpoint>
          <Trackpoint>
            <Time>2010-10-19T21:03:15Z</Time>
            <AltitudeMeters>0.0</AltitudeMeters>
            <HeartRateBpm>
              <Value>0</Value>
            </HeartRateBpm>
            <Cadence>79</Cadence>
            <DistanceMeters>4277.09210</DistanceMeters>
            <Extensions>
              <TPX xmlns="http://www.garmin.com/xmlschemas/ActivityExtension/v2">
                <Watts>108</Watts>
              </TPX>
            </Extensions>
          </Trackpoint>
          <Trackpoint>
            <Time>2010-10-19T21:03:17Z</Time>
            <AltitudeMeters>0.0</AltitudeMeters>
            <HeartRateBpm>
              <Value>0</Value>
            </HeartRateBpm>
            <Cadence>77</Cadence>
            <DistanceMeters>4300.28838</DistanceMeters>
            <Extensions>
              <TPX xmlns="http://www.garmin.com/xmlschemas/ActivityExtension/v2">
                <Watts>102</Watts>
              </TPX>
            </Extensions>
          </Trackpoint>
          <Trackpoint>
            <Time>2010-10-19T21:03:19Z</Time>
            <AltitudeMeters>0.0</AltitudeMeters>
            <HeartRateBpm>
              <Value>0</Value>
            </HeartRateBpm>
            <Cadence>78</Cadence>
            <DistanceMeters>4323.35414</DistanceMeters>
            <Extensions>
              <TPX xmlns="http://www.garmin.com/xmlschemas/ActivityExtension/v2">
                <Watts>100</Watts>
              </TPX>
            </Extensions>
          </Trackpoint>
          <Trackpoint>
            <Time>2010-10-19T21:03:21Z</Time>
            <AltitudeMeters>0.0</AltitudeMeters>
            <HeartRateBpm>
              <Value>0</Value>
            </HeartRateBpm>
            <Cadence>80</Cadence>
            <DistanceMeters>4346.31318</DistanceMeters>
            <Extensions>
              <TPX xmlns="http://www.garmin.com/xmlschemas/ActivityExtension/v2">
                <Watts>100</Watts>
              </TPX>
            </Extensions>
          </Trackpoint>
          <Trackpoint>
            <Time>2010-10-19T21:03:23Z</Time>
            <AltitudeMeters>0.0</AltitudeMeters>
            <HeartRateBpm>
              <Value>0</Value>
            </HeartRateBpm>
            <Cadence>83</Cadence>
            <DistanceMeters>4369.41236</DistanceMeters>
            <Extensions>
              <TPX xmlns="http://www.garmin.com/xmlschemas/ActivityExtension/v2">
                <Watts>114</Watts>
              </TPX>
            </Extensions>
          </Trackpoint>
          <Trackpoint>
            <Time>2010-10-19T21:03:25Z</Time>
            <AltitudeMeters>0.0</AltitudeMeters>
            <HeartRateBpm>
              <Value>0</Value>
            </HeartRateBpm>
            <Cadence>84</Cadence>
            <DistanceMeters>4392.60889</DistanceMeters>
            <Extensions>
              <TPX xmlns="http://www.garmin.com/xmlschemas/ActivityExtension/v2">
                <Watts>113</Watts>
              </TPX>
            </Extensions>
          </Trackpoint>
          <Trackpoint>
            <Time>2010-10-19T21:03:27Z</Time>
            <AltitudeMeters>0.0</AltitudeMeters>
            <HeartRateBpm>
              <Value>0</Value>
            </HeartRateBpm>
            <Cadence>85</Cadence>
            <DistanceMeters>4415.90036</DistanceMeters>
            <Extensions>
              <TPX xmlns="http://www.garmin.com/xmlschemas/ActivityExtension/v2">
                <Watts>114</Watts>
              </TPX>
            </Extensions>
          </Trackpoint>
          <Trackpoint>
            <Time>2010-10-19T21:03:29Z</Time>
            <AltitudeMeters>0.0</AltitudeMeters>
            <HeartRateBpm>
              <Value>0</Value>
            </HeartRateBpm>
            <Cadence>85</Cadence>
            <DistanceMeters>4439.30061</DistanceMeters>
            <Extensions>
              <TPX xmlns="http://www.garmin.com/xmlschemas/ActivityExtension/v2">
                <Watts>116</Watts>
              </TPX>
            </Extensions>
          </Trackpoint>
          <Trackpoint>
            <Time>2010-10-19T21:03:31Z</Time>
            <AltitudeMeters>0.0</AltitudeMeters>
            <HeartRateBpm>
              <Value>0</Value>
            </HeartRateBpm>
            <Cadence>76</Cadence>
            <DistanceMeters>4462.77294</DistanceMeters>
            <Extensions>
              <TPX xmlns="http://www.garmin.com/xmlschemas/ActivityExtension/v2">
                <Watts>115</Watts>
              </TPX>
            </Extensions>
          </Trackpoint>
          <Trackpoint>
            <Time>2010-10-19T21:03:33Z</Time>
            <AltitudeMeters>0.0</AltitudeMeters>
            <HeartRateBpm>
              <Value>0</Value>
            </HeartRateBpm>
            <Cadence>89</Cadence>
            <DistanceMeters>4486.17633</DistanceMeters>
            <Extensions>
              <TPX xmlns="http://www.garmin.com/xmlschemas/ActivityExtension/v2">
                <Watts>107</Watts>
              </TPX>
            </Extensions>
          </Trackpoint>
          <Trackpoint>
            <Time>2010-10-19T21:03:35Z</Time>
            <AltitudeMeters>0.0</AltitudeMeters>
            <HeartRateBpm>
              <Value>0</Value>
            </HeartRateBpm>
            <Cadence>89</Cadence>
            <DistanceMeters>4509.80970</DistanceMeters>
            <Extensions>
              <TPX xmlns="http://www.garmin.com/xmlschemas/ActivityExtension/v2">
                <Watts>125</Watts>
              </TPX>
            </Extensions>
          </Trackpoint>
          <Trackpoint>
            <Time>2010-10-19T21:03:37Z</Time>
            <AltitudeMeters>0.0</AltitudeMeters>
            <HeartRateBpm>
              <Value>0</Value>
            </HeartRateBpm>
            <Cadence>89</Cadence>
            <DistanceMeters>4533.62793</DistanceMeters>
            <Extensions>
              <TPX xmlns="http://www.garmin.com/xmlschemas/ActivityExtension/v2">
                <Watts>125</Watts>
              </TPX>
            </Extensions>
          </Trackpoint>
          <Trackpoint>
            <Time>2010-10-19T21:03:39Z</Time>
            <AltitudeMeters>0.0</AltitudeMeters>
            <HeartRateBpm>
              <Value>0</Value>
            </HeartRateBpm>
            <Cadence>87</Cadence>
            <DistanceMeters>4557.57921</DistanceMeters>
            <Extensions>
              <TPX xmlns="http://www.garmin.com/xmlschemas/ActivityExtension/v2">
                <Watts>124</Watts>
              </TPX>
            </Extensions>
          </Trackpoint>
          <Trackpoint>
            <Time>2010-10-19T21:03:41Z</Time>
            <AltitudeMeters>0.0</AltitudeMeters>
            <HeartRateBpm>
              <Value>0</Value>
            </HeartRateBpm>
            <Cadence>90</Cadence>
            <DistanceMeters>4581.23064</DistanceMeters>
            <Extensions>
              <TPX xmlns="http://www.garmin.com/xmlschemas/ActivityExtension/v2">
                <Watts>98</Watts>
              </TPX>
            </Extensions>
          </Trackpoint>
          <Trackpoint>
            <Time>2010-10-19T21:03:43Z</Time>
            <AltitudeMeters>0.0</AltitudeMeters>
            <HeartRateBpm>
              <Value>0</Value>
            </HeartRateBpm>
            <Cadence>89</Cadence>
            <DistanceMeters>4605.07905</DistanceMeters>
            <Extensions>
              <TPX xmlns="http://www.garmin.com/xmlschemas/ActivityExtension/v2">
                <Watts>126</Watts>
              </TPX>
            </Extensions>
          </Trackpoint>
          <Trackpoint>
            <Time>2010-10-19T21:03:45Z</Time>
            <AltitudeMeters>0.0</AltitudeMeters>
            <HeartRateBpm>
              <Value>0</Value>
            </HeartRateBpm>
            <Cadence>89</Cadence>
            <DistanceMeters>4629.07017</DistanceMeters>
            <Extensions>
              <TPX xmlns="http://www.garmin.com/xmlschemas/ActivityExtension/v2">
                <Watts>125</Watts>
              </TPX>
            </Extensions>
          </Trackpoint>
          <Trackpoint>
            <Time>2010-10-19T21:03:47Z</Time>
            <AltitudeMeters>0.0</AltitudeMeters>
            <HeartRateBpm>
              <Value>0</Value>
            </HeartRateBpm>
            <Cadence>89</Cadence>
            <DistanceMeters>4653.17604</DistanceMeters>
            <Extensions>
              <TPX xmlns="http://www.garmin.com/xmlschemas/ActivityExtension/v2">
                <Watts>125</Watts>
              </TPX>
            </Extensions>
          </Trackpoint>
          <Trackpoint>
            <Time>2010-10-19T21:03:49Z</Time>
            <AltitudeMeters>0.0</AltitudeMeters>
            <HeartRateBpm>
              <Value>0</Value>
            </HeartRateBpm>
            <Cadence>90</Cadence>
            <DistanceMeters>4677.37418</DistanceMeters>
            <Extensions>
              <TPX xmlns="http://www.garmin.com/xmlschemas/ActivityExtension/v2">
                <Watts>125</Watts>
              </TPX>
            </Extensions>
          </Trackpoint>
          <Trackpoint>
            <Time>2010-10-19T21:03:51Z</Time>
            <AltitudeMeters>0.0</AltitudeMeters>
            <HeartRateBpm>
              <Value>0</Value>
            </HeartRateBpm>
            <Cadence>89</Cadence>
            <DistanceMeters>4701.66188</DistanceMeters>
            <Extensions>
              <TPX xmlns="http://www.garmin.com/xmlschemas/ActivityExtension/v2">
                <Watts>126</Watts>
              </TPX>
            </Extensions>
          </Trackpoint>
          <Trackpoint>
            <Time>2010-10-19T21:03:53Z</Time>
            <AltitudeMeters>0.0</AltitudeMeters>
            <HeartRateBpm>
              <Value>0</Value>
            </HeartRateBpm>
            <Cadence>89</Cadence>
            <DistanceMeters>4726.02155</DistanceMeters>
            <Extensions>
              <TPX xmlns="http://www.garmin.com/xmlschemas/ActivityExtension/v2">
                <Watts>126</Watts>
              </TPX>
            </Extensions>
          </Trackpoint>
          <Trackpoint>
            <Time>2010-10-19T21:03:55Z</Time>
            <AltitudeMeters>0.0</AltitudeMeters>
            <HeartRateBpm>
              <Value>0</Value>
            </HeartRateBpm>
            <Cadence>86</Cadence>
            <DistanceMeters>4750.39315</DistanceMeters>
            <Extensions>
              <TPX xmlns="http://www.garmin.com/xmlschemas/ActivityExtension/v2">
                <Watts>123</Watts>
              </TPX>
            </Extensions>
          </Trackpoint>
          <Trackpoint>
            <Time>2010-10-19T21:03:57Z</Time>
            <AltitudeMeters>0.0</AltitudeMeters>
            <HeartRateBpm>
              <Value>0</Value>
            </HeartRateBpm>
            <Cadence>87</Cadence>
            <DistanceMeters>4774.69767</DistanceMeters>
            <Extensions>
              <TPX xmlns="http://www.garmin.com/xmlschemas/ActivityExtension/v2">
                <Watts>118</Watts>
              </TPX>
            </Extensions>
          </Trackpoint>
          <Trackpoint>
            <Time>2010-10-19T21:03:59Z</Time>
            <AltitudeMeters>0.0</AltitudeMeters>
            <HeartRateBpm>
              <Value>0</Value>
            </HeartRateBpm>
            <Cadence>89</Cadence>
            <DistanceMeters>4798.96341</DistanceMeters>
            <Extensions>
              <TPX xmlns="http://www.garmin.com/xmlschemas/ActivityExtension/v2">
                <Watts>119</Watts>
              </TPX>
            </Extensions>
          </Trackpoint>
          <Trackpoint>
            <Time>2010-10-19T21:04:01Z</Time>
            <AltitudeMeters>0.0</AltitudeMeters>
            <HeartRateBpm>
              <Value>0</Value>
            </HeartRateBpm>
            <Cadence>86</Cadence>
            <DistanceMeters>4823.24401</DistanceMeters>
            <Extensions>
              <TPX xmlns="http://www.garmin.com/xmlschemas/ActivityExtension/v2">
                <Watts>122</Watts>
              </TPX>
            </Extensions>
          </Trackpoint>
          <Trackpoint>
            <Time>2010-10-19T21:04:03Z</Time>
            <AltitudeMeters>0.0</AltitudeMeters>
            <HeartRateBpm>
              <Value>0</Value>
            </HeartRateBpm>
            <Cadence>86</Cadence>
            <DistanceMeters>4847.47503</DistanceMeters>
            <Extensions>
              <TPX xmlns="http://www.garmin.com/xmlschemas/ActivityExtension/v2">
                <Watts>118</Watts>
              </TPX>
            </Extensions>
          </Trackpoint>
          <Trackpoint>
            <Time>2010-10-19T21:04:05Z</Time>
            <AltitudeMeters>0.0</AltitudeMeters>
            <HeartRateBpm>
              <Value>0</Value>
            </HeartRateBpm>
            <Cadence>86</Cadence>
            <DistanceMeters>4871.63513</DistanceMeters>
            <Extensions>
              <TPX xmlns="http://www.garmin.com/xmlschemas/ActivityExtension/v2">
                <Watts>116</Watts>
              </TPX>
            </Extensions>
          </Trackpoint>
          <Trackpoint>
            <Time>2010-10-19T21:04:07Z</Time>
            <AltitudeMeters>0.0</AltitudeMeters>
            <HeartRateBpm>
              <Value>0</Value>
            </HeartRateBpm>
            <Cadence>86</Cadence>
            <DistanceMeters>4895.76883</DistanceMeters>
            <Extensions>
              <TPX xmlns="http://www.garmin.com/xmlschemas/ActivityExtension/v2">
                <Watts>118</Watts>
              </TPX>
            </Extensions>
          </Trackpoint>
          <Trackpoint>
            <Time>2010-10-19T21:04:09Z</Time>
            <AltitudeMeters>0.0</AltitudeMeters>
            <HeartRateBpm>
              <Value>0</Value>
            </HeartRateBpm>
            <Cadence>79</Cadence>
            <DistanceMeters>4919.85022</DistanceMeters>
            <Extensions>
              <TPX xmlns="http://www.garmin.com/xmlschemas/ActivityExtension/v2">
                <Watts>116</Watts>
              </TPX>
            </Extensions>
          </Trackpoint>
          <Trackpoint>
            <Time>2010-10-19T21:04:11Z</Time>
            <AltitudeMeters>0.0</AltitudeMeters>
            <HeartRateBpm>
              <Value>0</Value>
            </HeartRateBpm>
            <Cadence>87</Cadence>
            <DistanceMeters>4943.98231</DistanceMeters>
            <Extensions>
              <TPX xmlns="http://www.garmin.com/xmlschemas/ActivityExtension/v2">
                <Watts>122</Watts>
              </TPX>
            </Extensions>
          </Trackpoint>
          <Trackpoint>
            <Time>2010-10-19T21:04:13Z</Time>
            <AltitudeMeters>0.0</AltitudeMeters>
            <HeartRateBpm>
              <Value>0</Value>
            </HeartRateBpm>
            <Cadence>87</Cadence>
            <DistanceMeters>4968.09338</DistanceMeters>
            <Extensions>
              <TPX xmlns="http://www.garmin.com/xmlschemas/ActivityExtension/v2">
                <Watts>118</Watts>
              </TPX>
            </Extensions>
          </Trackpoint>
          <Trackpoint>
            <Time>2010-10-19T21:04:15Z</Time>
            <AltitudeMeters>0.0</AltitudeMeters>
            <HeartRateBpm>
              <Value>0</Value>
            </HeartRateBpm>
            <Cadence>86</Cadence>
            <DistanceMeters>4992.17199</DistanceMeters>
            <Extensions>
              <TPX xmlns="http://www.garmin.com/xmlschemas/ActivityExtension/v2">
                <Watts>117</Watts>
              </TPX>
            </Extensions>
          </Trackpoint>
          <Trackpoint>
            <Time>2010-10-19T21:04:17Z</Time>
            <AltitudeMeters>0.0</AltitudeMeters>
            <HeartRateBpm>
              <Value>0</Value>
            </HeartRateBpm>
            <Cadence>86</Cadence>
            <DistanceMeters>5016.22434</DistanceMeters>
            <Extensions>
              <TPX xmlns="http://www.garmin.com/xmlschemas/ActivityExtension/v2">
                <Watts>117</Watts>
              </TPX>
            </Extensions>
          </Trackpoint>
          <Trackpoint>
            <Time>2010-10-19T21:04:19Z</Time>
            <AltitudeMeters>0.0</AltitudeMeters>
            <HeartRateBpm>
              <Value>0</Value>
            </HeartRateBpm>
            <Cadence>87</Cadence>
            <DistanceMeters>5040.27102</DistanceMeters>
            <Extensions>
              <TPX xmlns="http://www.garmin.com/xmlschemas/ActivityExtension/v2">
                <Watts>118</Watts>
              </TPX>
            </Extensions>
          </Trackpoint>
          <Trackpoint>
            <Time>2010-10-19T21:04:21Z</Time>
            <AltitudeMeters>0.0</AltitudeMeters>
            <HeartRateBpm>
              <Value>0</Value>
            </HeartRateBpm>
            <Cadence>96</Cadence>
            <DistanceMeters>5064.31311</DistanceMeters>
            <Extensions>
              <TPX xmlns="http://www.garmin.com/xmlschemas/ActivityExtension/v2">
                <Watts>118</Watts>
              </TPX>
            </Extensions>
          </Trackpoint>
          <Trackpoint>
            <Time>2010-10-19T21:04:23Z</Time>
            <AltitudeMeters>0.0</AltitudeMeters>
            <HeartRateBpm>
              <Value>0</Value>
            </HeartRateBpm>
            <Cadence>87</Cadence>
            <DistanceMeters>5088.38253</DistanceMeters>
            <Extensions>
              <TPX xmlns="http://www.garmin.com/xmlschemas/ActivityExtension/v2">
                <Watts>120</Watts>
              </TPX>
            </Extensions>
          </Trackpoint>
          <Trackpoint>
            <Time>2010-10-19T21:04:25Z</Time>
            <AltitudeMeters>0.0</AltitudeMeters>
            <HeartRateBpm>
              <Value>0</Value>
            </HeartRateBpm>
            <Cadence>85</Cadence>
            <DistanceMeters>5112.45850</DistanceMeters>
            <Extensions>
              <TPX xmlns="http://www.garmin.com/xmlschemas/ActivityExtension/v2">
                <Watts>119</Watts>
              </TPX>
            </Extensions>
          </Trackpoint>
          <Trackpoint>
            <Time>2010-10-19T21:04:27Z</Time>
            <AltitudeMeters>0.0</AltitudeMeters>
            <HeartRateBpm>
              <Value>0</Value>
            </HeartRateBpm>
            <Cadence>83</Cadence>
            <DistanceMeters>5136.46212</DistanceMeters>
            <Extensions>
              <TPX xmlns="http://www.garmin.com/xmlschemas/ActivityExtension/v2">
                <Watts>114</Watts>
              </TPX>
            </Extensions>
          </Trackpoint>
          <Trackpoint>
            <Time>2010-10-19T21:04:29Z</Time>
            <AltitudeMeters>0.0</AltitudeMeters>
            <HeartRateBpm>
              <Value>0</Value>
            </HeartRateBpm>
            <Cadence>84</Cadence>
            <DistanceMeters>5160.34470</DistanceMeters>
            <Extensions>
              <TPX xmlns="http://www.garmin.com/xmlschemas/ActivityExtension/v2">
                <Watts>110</Watts>
              </TPX>
            </Extensions>
          </Trackpoint>
          <Trackpoint>
            <Time>2010-10-19T21:04:31Z</Time>
            <AltitudeMeters>0.0</AltitudeMeters>
            <HeartRateBpm>
              <Value>0</Value>
            </HeartRateBpm>
            <Cadence>84</Cadence>
            <DistanceMeters>5184.17606</DistanceMeters>
            <Extensions>
              <TPX xmlns="http://www.garmin.com/xmlschemas/ActivityExtension/v2">
                <Watts>113</Watts>
              </TPX>
            </Extensions>
          </Trackpoint>
          <Trackpoint>
            <Time>2010-10-19T21:04:33Z</Time>
            <AltitudeMeters>0.0</AltitudeMeters>
            <HeartRateBpm>
              <Value>0</Value>
            </HeartRateBpm>
            <Cadence>84</Cadence>
            <DistanceMeters>5207.96590</DistanceMeters>
            <Extensions>
              <TPX xmlns="http://www.garmin.com/xmlschemas/ActivityExtension/v2">
                <Watts>113</Watts>
              </TPX>
            </Extensions>
          </Trackpoint>
          <Trackpoint>
            <Time>2010-10-19T21:04:35Z</Time>
            <AltitudeMeters>0.0</AltitudeMeters>
            <HeartRateBpm>
              <Value>0</Value>
            </HeartRateBpm>
            <Cadence>82</Cadence>
            <DistanceMeters>5231.73781</DistanceMeters>
            <Extensions>
              <TPX xmlns="http://www.garmin.com/xmlschemas/ActivityExtension/v2">
                <Watts>114</Watts>
              </TPX>
            </Extensions>
          </Trackpoint>
          <Trackpoint>
            <Time>2010-10-19T21:04:37Z</Time>
            <AltitudeMeters>0.0</AltitudeMeters>
            <HeartRateBpm>
              <Value>0</Value>
            </HeartRateBpm>
            <Cadence>85</Cadence>
            <DistanceMeters>5255.41649</DistanceMeters>
            <Extensions>
              <TPX xmlns="http://www.garmin.com/xmlschemas/ActivityExtension/v2">
                <Watts>109</Watts>
              </TPX>
            </Extensions>
          </Trackpoint>
          <Trackpoint>
            <Time>2010-10-19T21:04:39Z</Time>
            <AltitudeMeters>0.0</AltitudeMeters>
            <HeartRateBpm>
              <Value>0</Value>
            </HeartRateBpm>
            <Cadence>99</Cadence>
            <DistanceMeters>5279.14563</DistanceMeters>
            <Extensions>
              <TPX xmlns="http://www.garmin.com/xmlschemas/ActivityExtension/v2">
                <Watts>117</Watts>
              </TPX>
            </Extensions>
          </Trackpoint>
          <Trackpoint>
            <Time>2010-10-19T21:04:41Z</Time>
            <AltitudeMeters>0.0</AltitudeMeters>
            <HeartRateBpm>
              <Value>0</Value>
            </HeartRateBpm>
            <Cadence>97</Cadence>
            <DistanceMeters>5303.76421</DistanceMeters>
            <Extensions>
              <TPX xmlns="http://www.garmin.com/xmlschemas/ActivityExtension/v2">
                <Watts>172</Watts>
              </TPX>
            </Extensions>
          </Trackpoint>
          <Trackpoint>
            <Time>2010-10-19T21:04:43Z</Time>
            <AltitudeMeters>0.0</AltitudeMeters>
            <HeartRateBpm>
              <Value>0</Value>
            </HeartRateBpm>
            <Cadence>97</Cadence>
            <DistanceMeters>5329.01846</DistanceMeters>
            <Extensions>
              <TPX xmlns="http://www.garmin.com/xmlschemas/ActivityExtension/v2">
                <Watts>168</Watts>
              </TPX>
            </Extensions>
          </Trackpoint>
          <Trackpoint>
            <Time>2010-10-19T21:04:45Z</Time>
            <AltitudeMeters>0.0</AltitudeMeters>
            <HeartRateBpm>
              <Value>0</Value>
            </HeartRateBpm>
            <Cadence>96</Cadence>
            <DistanceMeters>5354.65480</DistanceMeters>
            <Extensions>
              <TPX xmlns="http://www.garmin.com/xmlschemas/ActivityExtension/v2">
                <Watts>160</Watts>
              </TPX>
            </Extensions>
          </Trackpoint>
          <Trackpoint>
            <Time>2010-10-19T21:04:47Z</Time>
            <AltitudeMeters>0.0</AltitudeMeters>
            <HeartRateBpm>
              <Value>0</Value>
            </HeartRateBpm>
            <Cadence>96</Cadence>
            <DistanceMeters>5380.70706</DistanceMeters>
            <Extensions>
              <TPX xmlns="http://www.garmin.com/xmlschemas/ActivityExtension/v2">
                <Watts>168</Watts>
              </TPX>
            </Extensions>
          </Trackpoint>
          <Trackpoint>
            <Time>2010-10-19T21:04:49Z</Time>
            <AltitudeMeters>0.0</AltitudeMeters>
            <HeartRateBpm>
              <Value>0</Value>
            </HeartRateBpm>
            <Cadence>96</Cadence>
            <DistanceMeters>5406.98636</DistanceMeters>
            <Extensions>
              <TPX xmlns="http://www.garmin.com/xmlschemas/ActivityExtension/v2">
                <Watts>161</Watts>
              </TPX>
            </Extensions>
          </Trackpoint>
          <Trackpoint>
            <Time>2010-10-19T21:04:51Z</Time>
            <AltitudeMeters>0.0</AltitudeMeters>
            <HeartRateBpm>
              <Value>0</Value>
            </HeartRateBpm>
            <Cadence>93</Cadence>
            <DistanceMeters>5433.35969</DistanceMeters>
            <Extensions>
              <TPX xmlns="http://www.garmin.com/xmlschemas/ActivityExtension/v2">
                <Watts>155</Watts>
              </TPX>
            </Extensions>
          </Trackpoint>
          <Trackpoint>
            <Time>2010-10-19T21:04:53Z</Time>
            <AltitudeMeters>0.0</AltitudeMeters>
            <HeartRateBpm>
              <Value>0</Value>
            </HeartRateBpm>
            <Cadence>92</Cadence>
            <DistanceMeters>5459.79318</DistanceMeters>
            <Extensions>
              <TPX xmlns="http://www.garmin.com/xmlschemas/ActivityExtension/v2">
                <Watts>154</Watts>
              </TPX>
            </Extensions>
          </Trackpoint>
          <Trackpoint>
            <Time>2010-10-19T21:04:55Z</Time>
            <AltitudeMeters>0.0</AltitudeMeters>
            <HeartRateBpm>
              <Value>0</Value>
            </HeartRateBpm>
            <Cadence>92</Cadence>
            <DistanceMeters>5486.26013</DistanceMeters>
            <Extensions>
              <TPX xmlns="http://www.garmin.com/xmlschemas/ActivityExtension/v2">
                <Watts>153</Watts>
              </TPX>
            </Extensions>
          </Trackpoint>
          <Trackpoint>
            <Time>2010-10-19T21:04:57Z</Time>
            <AltitudeMeters>0.0</AltitudeMeters>
            <HeartRateBpm>
              <Value>0</Value>
            </HeartRateBpm>
            <Cadence>93</Cadence>
            <DistanceMeters>5512.73946</DistanceMeters>
            <Extensions>
              <TPX xmlns="http://www.garmin.com/xmlschemas/ActivityExtension/v2">
                <Watts>152</Watts>
              </TPX>
            </Extensions>
          </Trackpoint>
          <Trackpoint>
            <Time>2010-10-19T21:04:59Z</Time>
            <AltitudeMeters>0.0</AltitudeMeters>
            <HeartRateBpm>
              <Value>0</Value>
            </HeartRateBpm>
            <Cadence>93</Cadence>
            <DistanceMeters>5539.25674</DistanceMeters>
            <Extensions>
              <TPX xmlns="http://www.garmin.com/xmlschemas/ActivityExtension/v2">
                <Watts>154</Watts>
              </TPX>
            </Extensions>
          </Trackpoint>
          <Trackpoint>
            <Time>2010-10-19T21:05:01Z</Time>
            <AltitudeMeters>0.0</AltitudeMeters>
            <HeartRateBpm>
              <Value>0</Value>
            </HeartRateBpm>
            <Cadence>91</Cadence>
            <DistanceMeters>5565.70541</DistanceMeters>
            <Extensions>
              <TPX xmlns="http://www.garmin.com/xmlschemas/ActivityExtension/v2">
                <Watts>147</Watts>
              </TPX>
            </Extensions>
          </Trackpoint>
          <Trackpoint>
            <Time>2010-10-19T21:05:03Z</Time>
            <AltitudeMeters>0.0</AltitudeMeters>
            <HeartRateBpm>
              <Value>0</Value>
            </HeartRateBpm>
            <Cadence>91</Cadence>
            <DistanceMeters>5592.11377</DistanceMeters>
            <Extensions>
              <TPX xmlns="http://www.garmin.com/xmlschemas/ActivityExtension/v2">
                <Watts>148</Watts>
              </TPX>
            </Extensions>
          </Trackpoint>
          <Trackpoint>
            <Time>2010-10-19T21:05:05Z</Time>
            <AltitudeMeters>0.0</AltitudeMeters>
            <HeartRateBpm>
              <Value>0</Value>
            </HeartRateBpm>
            <Cadence>89</Cadence>
            <DistanceMeters>5618.43351</DistanceMeters>
            <Extensions>
              <TPX xmlns="http://www.garmin.com/xmlschemas/ActivityExtension/v2">
                <Watts>144</Watts>
              </TPX>
            </Extensions>
          </Trackpoint>
          <Trackpoint>
            <Time>2010-10-19T21:05:07Z</Time>
            <AltitudeMeters>0.0</AltitudeMeters>
            <HeartRateBpm>
              <Value>0</Value>
            </HeartRateBpm>
            <Cadence>89</Cadence>
            <DistanceMeters>5644.66857</DistanceMeters>
            <Extensions>
              <TPX xmlns="http://www.garmin.com/xmlschemas/ActivityExtension/v2">
                <Watts>143</Watts>
              </TPX>
            </Extensions>
          </Trackpoint>
          <Trackpoint>
            <Time>2010-10-19T21:05:09Z</Time>
            <AltitudeMeters>0.0</AltitudeMeters>
            <HeartRateBpm>
              <Value>0</Value>
            </HeartRateBpm>
            <Cadence>92</Cadence>
            <DistanceMeters>5670.96438</DistanceMeters>
            <Extensions>
              <TPX xmlns="http://www.garmin.com/xmlschemas/ActivityExtension/v2">
                <Watts>152</Watts>
              </TPX>
            </Extensions>
          </Trackpoint>
          <Trackpoint>
            <Time>2010-10-19T21:05:11Z</Time>
            <AltitudeMeters>0.0</AltitudeMeters>
            <HeartRateBpm>
              <Value>0</Value>
            </HeartRateBpm>
            <Cadence>95</Cadence>
            <DistanceMeters>5697.36490</DistanceMeters>
            <Extensions>
              <TPX xmlns="http://www.garmin.com/xmlschemas/ActivityExtension/v2">
                <Watts>156</Watts>
              </TPX>
            </Extensions>
          </Trackpoint>
          <Trackpoint>
            <Time>2010-10-19T21:05:13Z</Time>
            <AltitudeMeters>0.0</AltitudeMeters>
            <HeartRateBpm>
              <Value>0</Value>
            </HeartRateBpm>
            <Cadence>93</Cadence>
            <DistanceMeters>5723.84809</DistanceMeters>
            <Extensions>
              <TPX xmlns="http://www.garmin.com/xmlschemas/ActivityExtension/v2">
                <Watts>156</Watts>
              </TPX>
            </Extensions>
          </Trackpoint>
          <Trackpoint>
            <Time>2010-10-19T21:05:15Z</Time>
            <AltitudeMeters>0.0</AltitudeMeters>
            <HeartRateBpm>
              <Value>0</Value>
            </HeartRateBpm>
            <Cadence>90</Cadence>
            <DistanceMeters>5750.36843</DistanceMeters>
            <Extensions>
              <TPX xmlns="http://www.garmin.com/xmlschemas/ActivityExtension/v2">
                <Watts>154</Watts>
              </TPX>
            </Extensions>
          </Trackpoint>
          <Trackpoint>
            <Time>2010-10-19T21:05:17Z</Time>
            <AltitudeMeters>0.0</AltitudeMeters>
            <HeartRateBpm>
              <Value>0</Value>
            </HeartRateBpm>
            <Cadence>101</Cadence>
            <DistanceMeters>5776.83364</DistanceMeters>
            <Extensions>
              <TPX xmlns="http://www.garmin.com/xmlschemas/ActivityExtension/v2">
                <Watts>148</Watts>
              </TPX>
            </Extensions>
          </Trackpoint>
          <Trackpoint>
            <Time>2010-10-19T21:05:19Z</Time>
            <AltitudeMeters>0.0</AltitudeMeters>
            <HeartRateBpm>
              <Value>0</Value>
            </HeartRateBpm>
            <Cadence>100</Cadence>
            <DistanceMeters>5803.70346</DistanceMeters>
            <Extensions>
              <TPX xmlns="http://www.garmin.com/xmlschemas/ActivityExtension/v2">
                <Watts>180</Watts>
              </TPX>
            </Extensions>
          </Trackpoint>
          <Trackpoint>
            <Time>2010-10-19T21:05:21Z</Time>
            <AltitudeMeters>0.0</AltitudeMeters>
            <HeartRateBpm>
              <Value>0</Value>
            </HeartRateBpm>
            <Cadence>94</Cadence>
            <DistanceMeters>5831.06675</DistanceMeters>
            <Extensions>
              <TPX xmlns="http://www.garmin.com/xmlschemas/ActivityExtension/v2">
                <Watts>193</Watts>
              </TPX>
            </Extensions>
          </Trackpoint>
          <Trackpoint>
            <Time>2010-10-19T21:05:23Z</Time>
            <AltitudeMeters>0.0</AltitudeMeters>
            <HeartRateBpm>
              <Value>0</Value>
            </HeartRateBpm>
            <Cadence>93</Cadence>
            <DistanceMeters>5858.69105</DistanceMeters>
            <Extensions>
              <TPX xmlns="http://www.garmin.com/xmlschemas/ActivityExtension/v2">
                <Watts>184</Watts>
              </TPX>
            </Extensions>
          </Trackpoint>
          <Trackpoint>
            <Time>2010-10-19T21:05:25Z</Time>
            <AltitudeMeters>0.0</AltitudeMeters>
            <HeartRateBpm>
              <Value>0</Value>
            </HeartRateBpm>
            <Cadence>94</Cadence>
            <DistanceMeters>5886.53192</DistanceMeters>
            <Extensions>
              <TPX xmlns="http://www.garmin.com/xmlschemas/ActivityExtension/v2">
                <Watts>185</Watts>
              </TPX>
            </Extensions>
          </Trackpoint>
          <Trackpoint>
            <Time>2010-10-19T21:05:27Z</Time>
            <AltitudeMeters>0.0</AltitudeMeters>
            <HeartRateBpm>
              <Value>0</Value>
            </HeartRateBpm>
            <Cadence>96</Cadence>
            <DistanceMeters>5914.59451</DistanceMeters>
            <Extensions>
              <TPX xmlns="http://www.garmin.com/xmlschemas/ActivityExtension/v2">
                <Watts>189</Watts>
              </TPX>
            </Extensions>
          </Trackpoint>
          <Trackpoint>
            <Time>2010-10-19T21:05:29Z</Time>
            <AltitudeMeters>0.0</AltitudeMeters>
            <HeartRateBpm>
              <Value>0</Value>
            </HeartRateBpm>
            <Cadence>97</Cadence>
            <DistanceMeters>5942.84245</DistanceMeters>
            <Extensions>
              <TPX xmlns="http://www.garmin.com/xmlschemas/ActivityExtension/v2">
                <Watts>190</Watts>
              </TPX>
            </Extensions>
          </Trackpoint>
          <Trackpoint>
            <Time>2010-10-19T21:05:31Z</Time>
            <AltitudeMeters>0.0</AltitudeMeters>
            <HeartRateBpm>
              <Value>0</Value>
            </HeartRateBpm>
            <Cadence>97</Cadence>
            <DistanceMeters>5971.24737</DistanceMeters>
            <Extensions>
              <TPX xmlns="http://www.garmin.com/xmlschemas/ActivityExtension/v2">
                <Watts>191</Watts>
              </TPX>
            </Extensions>
          </Trackpoint>
          <Trackpoint>
            <Time>2010-10-19T21:05:33Z</Time>
            <AltitudeMeters>0.0</AltitudeMeters>
            <HeartRateBpm>
              <Value>0</Value>
            </HeartRateBpm>
            <Cadence>97</Cadence>
            <DistanceMeters>5999.80018</DistanceMeters>
            <Extensions>
              <TPX xmlns="http://www.garmin.com/xmlschemas/ActivityExtension/v2">
                <Watts>193</Watts>
              </TPX>
            </Extensions>
          </Trackpoint>
          <Trackpoint>
            <Time>2010-10-19T21:05:35Z</Time>
            <AltitudeMeters>0.0</AltitudeMeters>
            <HeartRateBpm>
              <Value>0</Value>
            </HeartRateBpm>
            <Cadence>97</Cadence>
            <DistanceMeters>6028.48058</DistanceMeters>
            <Extensions>
              <TPX xmlns="http://www.garmin.com/xmlschemas/ActivityExtension/v2">
                <Watts>194</Watts>
              </TPX>
            </Extensions>
          </Trackpoint>
          <Trackpoint>
            <Time>2010-10-19T21:05:37Z</Time>
            <AltitudeMeters>0.0</AltitudeMeters>
            <HeartRateBpm>
              <Value>0</Value>
            </HeartRateBpm>
            <Cadence>96</Cadence>
            <DistanceMeters>6057.22085</DistanceMeters>
            <Extensions>
              <TPX xmlns="http://www.garmin.com/xmlschemas/ActivityExtension/v2">
                <Watts>191</Watts>
              </TPX>
            </Extensions>
          </Trackpoint>
          <Trackpoint>
            <Time>2010-10-19T21:05:39Z</Time>
            <AltitudeMeters>0.0</AltitudeMeters>
            <HeartRateBpm>
              <Value>0</Value>
            </HeartRateBpm>
            <Cadence>95</Cadence>
            <DistanceMeters>6085.99455</DistanceMeters>
            <Extensions>
              <TPX xmlns="http://www.garmin.com/xmlschemas/ActivityExtension/v2">
                <Watts>190</Watts>
              </TPX>
            </Extensions>
          </Trackpoint>
          <Trackpoint>
            <Time>2010-10-19T21:05:41Z</Time>
            <AltitudeMeters>0.0</AltitudeMeters>
            <HeartRateBpm>
              <Value>0</Value>
            </HeartRateBpm>
            <Cadence>95</Cadence>
            <DistanceMeters>6114.76825</DistanceMeters>
            <Extensions>
              <TPX xmlns="http://www.garmin.com/xmlschemas/ActivityExtension/v2">
                <Watts>188</Watts>
              </TPX>
            </Extensions>
          </Trackpoint>
          <Trackpoint>
            <Time>2010-10-19T21:05:43Z</Time>
            <AltitudeMeters>0.0</AltitudeMeters>
            <HeartRateBpm>
              <Value>0</Value>
            </HeartRateBpm>
            <Cadence>94</Cadence>
            <DistanceMeters>6143.51598</DistanceMeters>
            <Extensions>
              <TPX xmlns="http://www.garmin.com/xmlschemas/ActivityExtension/v2">
                <Watts>186</Watts>
              </TPX>
            </Extensions>
          </Trackpoint>
          <Trackpoint>
            <Time>2010-10-19T21:05:45Z</Time>
            <AltitudeMeters>0.0</AltitudeMeters>
            <HeartRateBpm>
              <Value>0</Value>
            </HeartRateBpm>
            <Cadence>94</Cadence>
            <DistanceMeters>6172.28251</DistanceMeters>
            <Extensions>
              <TPX xmlns="http://www.garmin.com/xmlschemas/ActivityExtension/v2">
                <Watts>189</Watts>
              </TPX>
            </Extensions>
          </Trackpoint>
          <Trackpoint>
            <Time>2010-10-19T21:05:47Z</Time>
            <AltitudeMeters>0.0</AltitudeMeters>
            <HeartRateBpm>
              <Value>0</Value>
            </HeartRateBpm>
            <Cadence>94</Cadence>
            <DistanceMeters>6201.01168</DistanceMeters>
            <Extensions>
              <TPX xmlns="http://www.garmin.com/xmlschemas/ActivityExtension/v2">
                <Watts>185</Watts>
              </TPX>
            </Extensions>
          </Trackpoint>
          <Trackpoint>
            <Time>2010-10-19T21:05:49Z</Time>
            <AltitudeMeters>0.0</AltitudeMeters>
            <HeartRateBpm>
              <Value>0</Value>
            </HeartRateBpm>
            <Cadence>92</Cadence>
            <DistanceMeters>6229.65973</DistanceMeters>
            <Extensions>
              <TPX xmlns="http://www.garmin.com/xmlschemas/ActivityExtension/v2">
                <Watts>181</Watts>
              </TPX>
            </Extensions>
          </Trackpoint>
          <Trackpoint>
            <Time>2010-10-19T21:05:51Z</Time>
            <AltitudeMeters>0.0</AltitudeMeters>
            <HeartRateBpm>
              <Value>0</Value>
            </HeartRateBpm>
            <Cadence>95</Cadence>
            <DistanceMeters>6258.30983</DistanceMeters>
            <Extensions>
              <TPX xmlns="http://www.garmin.com/xmlschemas/ActivityExtension/v2">
                <Watts>186</Watts>
              </TPX>
            </Extensions>
          </Trackpoint>
          <Trackpoint>
            <Time>2010-10-19T21:05:53Z</Time>
            <AltitudeMeters>0.0</AltitudeMeters>
            <HeartRateBpm>
              <Value>0</Value>
            </HeartRateBpm>
            <Cadence>98</Cadence>
            <DistanceMeters>6286.97455</DistanceMeters>
            <Extensions>
              <TPX xmlns="http://www.garmin.com/xmlschemas/ActivityExtension/v2">
                <Watts>187</Watts>
              </TPX>
            </Extensions>
          </Trackpoint>
          <Trackpoint>
            <Time>2010-10-19T21:05:55Z</Time>
            <AltitudeMeters>0.0</AltitudeMeters>
            <HeartRateBpm>
              <Value>0</Value>
            </HeartRateBpm>
            <Cadence>97</Cadence>
            <DistanceMeters>6315.75459</DistanceMeters>
            <Extensions>
              <TPX xmlns="http://www.garmin.com/xmlschemas/ActivityExtension/v2">
                <Watts>195</Watts>
              </TPX>
            </Extensions>
          </Trackpoint>
          <Trackpoint>
            <Time>2010-10-19T21:05:57Z</Time>
            <AltitudeMeters>0.0</AltitudeMeters>
            <HeartRateBpm>
              <Value>0</Value>
            </HeartRateBpm>
            <Cadence>94</Cadence>
            <DistanceMeters>6344.59799</DistanceMeters>
            <Extensions>
              <TPX xmlns="http://www.garmin.com/xmlschemas/ActivityExtension/v2">
                <Watts>193</Watts>
              </TPX>
            </Extensions>
          </Trackpoint>
          <Trackpoint>
            <Time>2010-10-19T21:05:59Z</Time>
            <AltitudeMeters>0.0</AltitudeMeters>
            <HeartRateBpm>
              <Value>0</Value>
            </HeartRateBpm>
            <Cadence>94</Cadence>
            <DistanceMeters>6373.34799</DistanceMeters>
            <Extensions>
              <TPX xmlns="http://www.garmin.com/xmlschemas/ActivityExtension/v2">
                <Watts>182</Watts>
              </TPX>
            </Extensions>
          </Trackpoint>
          <Trackpoint>
            <Time>2010-10-19T21:06:01Z</Time>
            <AltitudeMeters>0.0</AltitudeMeters>
            <HeartRateBpm>
              <Value>0</Value>
            </HeartRateBpm>
            <Cadence>94</Cadence>
            <DistanceMeters>6402.02530</DistanceMeters>
            <Extensions>
              <TPX xmlns="http://www.garmin.com/xmlschemas/ActivityExtension/v2">
                <Watts>182</Watts>
              </TPX>
            </Extensions>
          </Trackpoint>
          <Trackpoint>
            <Time>2010-10-19T21:06:03Z</Time>
            <AltitudeMeters>0.0</AltitudeMeters>
            <HeartRateBpm>
              <Value>0</Value>
            </HeartRateBpm>
            <Cadence>95</Cadence>
            <DistanceMeters>6430.72415</DistanceMeters>
            <Extensions>
              <TPX xmlns="http://www.garmin.com/xmlschemas/ActivityExtension/v2">
                <Watts>188</Watts>
              </TPX>
            </Extensions>
          </Trackpoint>
          <Trackpoint>
            <Time>2010-10-19T21:06:05Z</Time>
            <AltitudeMeters>0.0</AltitudeMeters>
            <HeartRateBpm>
              <Value>0</Value>
            </HeartRateBpm>
            <Cadence>95</Cadence>
            <DistanceMeters>6459.40072</DistanceMeters>
            <Extensions>
              <TPX xmlns="http://www.garmin.com/xmlschemas/ActivityExtension/v2">
                <Watts>185</Watts>
              </TPX>
            </Extensions>
          </Trackpoint>
          <Trackpoint>
            <Time>2010-10-19T21:06:07Z</Time>
            <AltitudeMeters>0.0</AltitudeMeters>
            <HeartRateBpm>
              <Value>0</Value>
            </HeartRateBpm>
            <Cadence>93</Cadence>
            <DistanceMeters>6488.03389</DistanceMeters>
            <Extensions>
              <TPX xmlns="http://www.garmin.com/xmlschemas/ActivityExtension/v2">
                <Watts>183</Watts>
              </TPX>
            </Extensions>
          </Trackpoint>
          <Trackpoint>
            <Time>2010-10-19T21:06:09Z</Time>
            <AltitudeMeters>0.0</AltitudeMeters>
            <HeartRateBpm>
              <Value>0</Value>
            </HeartRateBpm>
            <Cadence>93</Cadence>
            <DistanceMeters>6516.58103</DistanceMeters>
            <Extensions>
              <TPX xmlns="http://www.garmin.com/xmlschemas/ActivityExtension/v2">
                <Watts>179</Watts>
              </TPX>
            </Extensions>
          </Trackpoint>
          <Trackpoint>
            <Time>2010-10-19T21:06:11Z</Time>
            <AltitudeMeters>0.0</AltitudeMeters>
            <HeartRateBpm>
              <Value>0</Value>
            </HeartRateBpm>
            <Cadence>94</Cadence>
            <DistanceMeters>6545.00862</DistanceMeters>
            <Extensions>
              <TPX xmlns="http://www.garmin.com/xmlschemas/ActivityExtension/v2">
                <Watts>175</Watts>
              </TPX>
            </Extensions>
          </Trackpoint>
          <Trackpoint>
            <Time>2010-10-19T21:06:13Z</Time>
            <AltitudeMeters>0.0</AltitudeMeters>
            <HeartRateBpm>
              <Value>0</Value>
            </HeartRateBpm>
            <Cadence>92</Cadence>
            <DistanceMeters>6573.35599</DistanceMeters>
            <Extensions>
              <TPX xmlns="http://www.garmin.com/xmlschemas/ActivityExtension/v2">
                <Watts>176</Watts>
              </TPX>
            </Extensions>
          </Trackpoint>
          <Trackpoint>
            <Time>2010-10-19T21:06:15Z</Time>
            <AltitudeMeters>0.0</AltitudeMeters>
            <HeartRateBpm>
              <Value>0</Value>
            </HeartRateBpm>
            <Cadence>92</Cadence>
            <DistanceMeters>6601.57465</DistanceMeters>
            <Extensions>
              <TPX xmlns="http://www.garmin.com/xmlschemas/ActivityExtension/v2">
                <Watts>171</Watts>
              </TPX>
            </Extensions>
          </Trackpoint>
          <Trackpoint>
            <Time>2010-10-19T21:06:17Z</Time>
            <AltitudeMeters>0.0</AltitudeMeters>
            <HeartRateBpm>
              <Value>0</Value>
            </HeartRateBpm>
            <Cadence>93</Cadence>
            <DistanceMeters>6629.73236</DistanceMeters>
            <Extensions>
              <TPX xmlns="http://www.garmin.com/xmlschemas/ActivityExtension/v2">
                <Watts>174</Watts>
              </TPX>
            </Extensions>
          </Trackpoint>
          <Trackpoint>
            <Time>2010-10-19T21:06:19Z</Time>
            <AltitudeMeters>0.0</AltitudeMeters>
            <HeartRateBpm>
              <Value>0</Value>
            </HeartRateBpm>
            <Cadence>93</Cadence>
            <DistanceMeters>6657.92199</DistanceMeters>
            <Extensions>
              <TPX xmlns="http://www.garmin.com/xmlschemas/ActivityExtension/v2">
                <Watts>180</Watts>
              </TPX>
            </Extensions>
          </Trackpoint>
          <Trackpoint>
            <Time>2010-10-19T21:06:21Z</Time>
            <AltitudeMeters>0.0</AltitudeMeters>
            <HeartRateBpm>
              <Value>0</Value>
            </HeartRateBpm>
            <Cadence>90</Cadence>
            <DistanceMeters>6686.03046</DistanceMeters>
            <Extensions>
              <TPX xmlns="http://www.garmin.com/xmlschemas/ActivityExtension/v2">
                <Watts>172</Watts>
              </TPX>
            </Extensions>
          </Trackpoint>
          <Trackpoint>
            <Time>2010-10-19T21:06:23Z</Time>
            <AltitudeMeters>0.0</AltitudeMeters>
            <HeartRateBpm>
              <Value>0</Value>
            </HeartRateBpm>
            <Cadence>89</Cadence>
            <DistanceMeters>6714.00877</DistanceMeters>
            <Extensions>
              <TPX xmlns="http://www.garmin.com/xmlschemas/ActivityExtension/v2">
                <Watts>167</Watts>
              </TPX>
            </Extensions>
          </Trackpoint>
          <Trackpoint>
            <Time>2010-10-19T21:06:25Z</Time>
            <AltitudeMeters>0.0</AltitudeMeters>
            <HeartRateBpm>
              <Value>0</Value>
            </HeartRateBpm>
            <Cadence>90</Cadence>
            <DistanceMeters>6741.88499</DistanceMeters>
            <Extensions>
              <TPX xmlns="http://www.garmin.com/xmlschemas/ActivityExtension/v2">
                <Watts>167</Watts>
              </TPX>
            </Extensions>
          </Trackpoint>
          <Trackpoint>
            <Time>2010-10-19T21:06:27Z</Time>
            <AltitudeMeters>0.0</AltitudeMeters>
            <HeartRateBpm>
              <Value>0</Value>
            </HeartRateBpm>
            <Cadence>92</Cadence>
            <DistanceMeters>6769.70795</DistanceMeters>
            <Extensions>
              <TPX xmlns="http://www.garmin.com/xmlschemas/ActivityExtension/v2">
                <Watts>169</Watts>
              </TPX>
            </Extensions>
          </Trackpoint>
          <Trackpoint>
            <Time>2010-10-19T21:06:29Z</Time>
            <AltitudeMeters>0.0</AltitudeMeters>
            <HeartRateBpm>
              <Value>0</Value>
            </HeartRateBpm>
            <Cadence>94</Cadence>
            <DistanceMeters>6797.56969</DistanceMeters>
            <Extensions>
              <TPX xmlns="http://www.garmin.com/xmlschemas/ActivityExtension/v2">
                <Watts>175</Watts>
              </TPX>
            </Extensions>
          </Trackpoint>
          <Trackpoint>
            <Time>2010-10-19T21:06:31Z</Time>
            <AltitudeMeters>0.0</AltitudeMeters>
            <HeartRateBpm>
              <Value>0</Value>
            </HeartRateBpm>
            <Cadence>91</Cadence>
            <DistanceMeters>6825.51521</DistanceMeters>
            <Extensions>
              <TPX xmlns="http://www.garmin.com/xmlschemas/ActivityExtension/v2">
                <Watts>179</Watts>
              </TPX>
            </Extensions>
          </Trackpoint>
          <Trackpoint>
            <Time>2010-10-19T21:06:33Z</Time>
            <AltitudeMeters>0.0</AltitudeMeters>
            <HeartRateBpm>
              <Value>0</Value>
            </HeartRateBpm>
            <Cadence>90</Cadence>
            <DistanceMeters>6853.41926</DistanceMeters>
            <Extensions>
              <TPX xmlns="http://www.garmin.com/xmlschemas/ActivityExtension/v2">
                <Watts>171</Watts>
              </TPX>
            </Extensions>
          </Trackpoint>
          <Trackpoint>
            <Time>2010-10-19T21:06:35Z</Time>
            <AltitudeMeters>0.0</AltitudeMeters>
            <HeartRateBpm>
              <Value>0</Value>
            </HeartRateBpm>
            <Cadence>91</Cadence>
            <DistanceMeters>6881.26405</DistanceMeters>
            <Extensions>
              <TPX xmlns="http://www.garmin.com/xmlschemas/ActivityExtension/v2">
                <Watts>169</Watts>
              </TPX>
            </Extensions>
          </Trackpoint>
          <Trackpoint>
            <Time>2010-10-19T21:06:37Z</Time>
            <AltitudeMeters>0.0</AltitudeMeters>
            <HeartRateBpm>
              <Value>0</Value>
            </HeartRateBpm>
            <Cadence>90</Cadence>
            <DistanceMeters>6909.07580</DistanceMeters>
            <Extensions>
              <TPX xmlns="http://www.garmin.com/xmlschemas/ActivityExtension/v2">
                <Watts>170</Watts>
              </TPX>
            </Extensions>
          </Trackpoint>
          <Trackpoint>
            <Time>2010-10-19T21:06:39Z</Time>
            <AltitudeMeters>0.0</AltitudeMeters>
            <HeartRateBpm>
              <Value>0</Value>
            </HeartRateBpm>
            <Cadence>90</Cadence>
            <DistanceMeters>6936.84823</DistanceMeters>
            <Extensions>
              <TPX xmlns="http://www.garmin.com/xmlschemas/ActivityExtension/v2">
                <Watts>169</Watts>
              </TPX>
            </Extensions>
          </Trackpoint>
          <Trackpoint>
            <Time>2010-10-19T21:06:41Z</Time>
            <AltitudeMeters>0.0</AltitudeMeters>
            <HeartRateBpm>
              <Value>0</Value>
            </HeartRateBpm>
            <Cadence>90</Cadence>
            <DistanceMeters>6964.56292</DistanceMeters>
            <Extensions>
              <TPX xmlns="http://www.garmin.com/xmlschemas/ActivityExtension/v2">
                <Watts>167</Watts>
              </TPX>
            </Extensions>
          </Trackpoint>
          <Trackpoint>
            <Time>2010-10-19T21:06:43Z</Time>
            <AltitudeMeters>0.0</AltitudeMeters>
            <HeartRateBpm>
              <Value>0</Value>
            </HeartRateBpm>
            <Cadence>90</Cadence>
            <DistanceMeters>6992.23229</DistanceMeters>
            <Extensions>
              <TPX xmlns="http://www.garmin.com/xmlschemas/ActivityExtension/v2">
                <Watts>167</Watts>
              </TPX>
            </Extensions>
          </Trackpoint>
          <Trackpoint>
            <Time>2010-10-19T21:06:45Z</Time>
            <AltitudeMeters>0.0</AltitudeMeters>
            <HeartRateBpm>
              <Value>0</Value>
            </HeartRateBpm>
            <Cadence>92</Cadence>
            <DistanceMeters>7019.94704</DistanceMeters>
            <Extensions>
              <TPX xmlns="http://www.garmin.com/xmlschemas/ActivityExtension/v2">
                <Watts>173</Watts>
              </TPX>
            </Extensions>
          </Trackpoint>
          <Trackpoint>
            <Time>2010-10-19T21:06:47Z</Time>
            <AltitudeMeters>0.0</AltitudeMeters>
            <HeartRateBpm>
              <Value>0</Value>
            </HeartRateBpm>
            <Cadence>93</Cadence>
            <DistanceMeters>7047.71075</DistanceMeters>
            <Extensions>
              <TPX xmlns="http://www.garmin.com/xmlschemas/ActivityExtension/v2">
                <Watts>174</Watts>
              </TPX>
            </Extensions>
          </Trackpoint>
          <Trackpoint>
            <Time>2010-10-19T21:06:49Z</Time>
            <AltitudeMeters>0.0</AltitudeMeters>
            <HeartRateBpm>
              <Value>0</Value>
            </HeartRateBpm>
            <Cadence>93</Cadence>
            <DistanceMeters>7075.49931</DistanceMeters>
            <Extensions>
              <TPX xmlns="http://www.garmin.com/xmlschemas/ActivityExtension/v2">
                <Watts>173</Watts>
              </TPX>
            </Extensions>
          </Trackpoint>
          <Trackpoint>
            <Time>2010-10-19T21:06:51Z</Time>
            <AltitudeMeters>0.0</AltitudeMeters>
            <HeartRateBpm>
              <Value>0</Value>
            </HeartRateBpm>
            <Cadence>94</Cadence>
            <DistanceMeters>7103.41451</DistanceMeters>
            <Extensions>
              <TPX xmlns="http://www.garmin.com/xmlschemas/ActivityExtension/v2">
                <Watts>181</Watts>
              </TPX>
            </Extensions>
          </Trackpoint>
          <Trackpoint>
            <Time>2010-10-19T21:06:53Z</Time>
            <AltitudeMeters>0.0</AltitudeMeters>
            <HeartRateBpm>
              <Value>0</Value>
            </HeartRateBpm>
            <Cadence>94</Cadence>
            <DistanceMeters>7131.40174</DistanceMeters>
            <Extensions>
              <TPX xmlns="http://www.garmin.com/xmlschemas/ActivityExtension/v2">
                <Watts>179</Watts>
              </TPX>
            </Extensions>
          </Trackpoint>
          <Trackpoint>
            <Time>2010-10-19T21:06:55Z</Time>
            <AltitudeMeters>0.0</AltitudeMeters>
            <HeartRateBpm>
              <Value>0</Value>
            </HeartRateBpm>
            <Cadence>93</Cadence>
            <DistanceMeters>7159.43184</DistanceMeters>
            <Extensions>
              <TPX xmlns="http://www.garmin.com/xmlschemas/ActivityExtension/v2">
                <Watts>178</Watts>
              </TPX>
            </Extensions>
          </Trackpoint>
          <Trackpoint>
            <Time>2010-10-19T21:06:57Z</Time>
            <AltitudeMeters>0.0</AltitudeMeters>
            <HeartRateBpm>
              <Value>0</Value>
            </HeartRateBpm>
            <Cadence>83</Cadence>
            <DistanceMeters>7191.62181</DistanceMeters>
            <Extensions>
              <TPX xmlns="http://www.garmin.com/xmlschemas/ActivityExtension/v2">
                <Watts>511</Watts>
              </TPX>
            </Extensions>
          </Trackpoint>
          <Trackpoint>
            <Time>2010-10-19T21:06:59Z</Time>
            <AltitudeMeters>0.0</AltitudeMeters>
            <HeartRateBpm>
              <Value>0</Value>
            </HeartRateBpm>
            <Cadence>75</Cadence>
            <DistanceMeters>7224.78666</DistanceMeters>
            <Extensions>
              <TPX xmlns="http://www.garmin.com/xmlschemas/ActivityExtension/v2">
                <Watts>339</Watts>
              </TPX>
            </Extensions>
          </Trackpoint>
          <Trackpoint>
            <Time>2010-10-19T21:07:01Z</Time>
            <AltitudeMeters>0.0</AltitudeMeters>
            <HeartRateBpm>
              <Value>0</Value>
            </HeartRateBpm>
            <Cadence>75</Cadence>
            <DistanceMeters>7259.49153</DistanceMeters>
            <Extensions>
              <TPX xmlns="http://www.garmin.com/xmlschemas/ActivityExtension/v2">
                <Watts>415</Watts>
              </TPX>
            </Extensions>
          </Trackpoint>
          <Trackpoint>
            <Time>2010-10-19T21:07:03Z</Time>
            <AltitudeMeters>0.0</AltitudeMeters>
            <HeartRateBpm>
              <Value>0</Value>
            </HeartRateBpm>
            <Cadence>71</Cadence>
            <DistanceMeters>7295.03358</DistanceMeters>
            <Extensions>
              <TPX xmlns="http://www.garmin.com/xmlschemas/ActivityExtension/v2">
                <Watts>390</Watts>
              </TPX>
            </Extensions>
          </Trackpoint>
          <Trackpoint>
            <Time>2010-10-19T21:07:05Z</Time>
            <AltitudeMeters>0.0</AltitudeMeters>
            <HeartRateBpm>
              <Value>0</Value>
            </HeartRateBpm>
            <Cadence>74</Cadence>
            <DistanceMeters>7331.40358</DistanceMeters>
            <Extensions>
              <TPX xmlns="http://www.garmin.com/xmlschemas/ActivityExtension/v2">
                <Watts>412</Watts>
              </TPX>
            </Extensions>
          </Trackpoint>
          <Trackpoint>
            <Time>2010-10-19T21:07:07Z</Time>
            <AltitudeMeters>0.0</AltitudeMeters>
            <HeartRateBpm>
              <Value>0</Value>
            </HeartRateBpm>
            <Cadence>71</Cadence>
            <DistanceMeters>7368.32373</DistanceMeters>
            <Extensions>
              <TPX xmlns="http://www.garmin.com/xmlschemas/ActivityExtension/v2">
                <Watts>408</Watts>
              </TPX>
            </Extensions>
          </Trackpoint>
          <Trackpoint>
            <Time>2010-10-19T21:07:09Z</Time>
            <AltitudeMeters>0.0</AltitudeMeters>
            <HeartRateBpm>
              <Value>0</Value>
            </HeartRateBpm>
            <Cadence>72</Cadence>
            <DistanceMeters>7405.41561</DistanceMeters>
            <Extensions>
              <TPX xmlns="http://www.garmin.com/xmlschemas/ActivityExtension/v2">
                <Watts>386</Watts>
              </TPX>
            </Extensions>
          </Trackpoint>
          <Trackpoint>
            <Time>2010-10-19T21:07:11Z</Time>
            <AltitudeMeters>0.0</AltitudeMeters>
            <HeartRateBpm>
              <Value>0</Value>
            </HeartRateBpm>
            <Cadence>72</Cadence>
            <DistanceMeters>7442.57043</DistanceMeters>
            <Extensions>
              <TPX xmlns="http://www.garmin.com/xmlschemas/ActivityExtension/v2">
                <Watts>380</Watts>
              </TPX>
            </Extensions>
          </Trackpoint>
          <Trackpoint>
            <Time>2010-10-19T21:07:13Z</Time>
            <AltitudeMeters>0.0</AltitudeMeters>
            <HeartRateBpm>
              <Value>0</Value>
            </HeartRateBpm>
            <Cadence>67</Cadence>
            <DistanceMeters>7479.78048</DistanceMeters>
            <Extensions>
              <TPX xmlns="http://www.garmin.com/xmlschemas/ActivityExtension/v2">
                <Watts>381</Watts>
              </TPX>
            </Extensions>
          </Trackpoint>
          <Trackpoint>
            <Time>2010-10-19T21:07:15Z</Time>
            <AltitudeMeters>0.0</AltitudeMeters>
            <HeartRateBpm>
              <Value>0</Value>
            </HeartRateBpm>
            <Cadence>72</Cadence>
            <DistanceMeters>7516.80906</DistanceMeters>
            <Extensions>
              <TPX xmlns="http://www.garmin.com/xmlschemas/ActivityExtension/v2">
                <Watts>359</Watts>
              </TPX>
            </Extensions>
          </Trackpoint>
          <Trackpoint>
            <Time>2010-10-19T21:07:17Z</Time>
            <AltitudeMeters>0.0</AltitudeMeters>
            <HeartRateBpm>
              <Value>0</Value>
            </HeartRateBpm>
            <Cadence>73</Cadence>
            <DistanceMeters>7554.06899</DistanceMeters>
            <Extensions>
              <TPX xmlns="http://www.garmin.com/xmlschemas/ActivityExtension/v2">
                <Watts>395</Watts>
              </TPX>
            </Extensions>
          </Trackpoint>
          <Trackpoint>
            <Time>2010-10-19T21:07:19Z</Time>
            <AltitudeMeters>0.0</AltitudeMeters>
            <HeartRateBpm>
              <Value>0</Value>
            </HeartRateBpm>
            <Cadence>74</Cadence>
            <DistanceMeters>7591.59405</DistanceMeters>
            <Extensions>
              <TPX xmlns="http://www.garmin.com/xmlschemas/ActivityExtension/v2">
                <Watts>405</Watts>
              </TPX>
            </Extensions>
          </Trackpoint>
          <Trackpoint>
            <Time>2010-10-19T21:07:21Z</Time>
            <AltitudeMeters>0.0</AltitudeMeters>
            <HeartRateBpm>
              <Value>0</Value>
            </HeartRateBpm>
            <Cadence>67</Cadence>
            <DistanceMeters>7628.57851</DistanceMeters>
            <Extensions>
              <TPX xmlns="http://www.garmin.com/xmlschemas/ActivityExtension/v2">
                <Watts>332</Watts>
              </TPX>
            </Extensions>
          </Trackpoint>
          <Trackpoint>
            <Time>2010-10-19T21:07:23Z</Time>
            <AltitudeMeters>0.0</AltitudeMeters>
            <HeartRateBpm>
              <Value>0</Value>
            </HeartRateBpm>
            <Cadence>74</Cadence>
            <DistanceMeters>7665.87700</DistanceMeters>
            <Extensions>
              <TPX xmlns="http://www.garmin.com/xmlschemas/ActivityExtension/v2">
                <Watts>402</Watts>
              </TPX>
            </Extensions>
          </Trackpoint>
          <Trackpoint>
            <Time>2010-10-19T21:07:25Z</Time>
            <AltitudeMeters>0.0</AltitudeMeters>
            <HeartRateBpm>
              <Value>0</Value>
            </HeartRateBpm>
            <Cadence>74</Cadence>
            <DistanceMeters>7703.57839</DistanceMeters>
            <Extensions>
              <TPX xmlns="http://www.garmin.com/xmlschemas/ActivityExtension/v2">
                <Watts>420</Watts>
              </TPX>
            </Extensions>
          </Trackpoint>
          <Trackpoint>
            <Time>2010-10-19T21:07:27Z</Time>
            <AltitudeMeters>0.0</AltitudeMeters>
            <HeartRateBpm>
              <Value>0</Value>
            </HeartRateBpm>
            <Cadence>76</Cadence>
            <DistanceMeters>7740.70106</DistanceMeters>
            <Extensions>
              <TPX xmlns="http://www.garmin.com/xmlschemas/ActivityExtension/v2">
                <Watts>333</Watts>
              </TPX>
            </Extensions>
          </Trackpoint>
          <Trackpoint>
            <Time>2010-10-19T21:07:29Z</Time>
            <AltitudeMeters>0.0</AltitudeMeters>
            <HeartRateBpm>
              <Value>0</Value>
            </HeartRateBpm>
            <Cadence>90</Cadence>
            <DistanceMeters>7776.24553</DistanceMeters>
            <Extensions>
              <TPX xmlns="http://www.garmin.com/xmlschemas/ActivityExtension/v2">
                <Watts>221</Watts>
              </TPX>
            </Extensions>
          </Trackpoint>
          <Trackpoint>
            <Time>2010-10-19T21:07:31Z</Time>
            <AltitudeMeters>0.0</AltitudeMeters>
            <HeartRateBpm>
              <Value>0</Value>
            </HeartRateBpm>
            <Cadence>92</Cadence>
            <DistanceMeters>7810.75273</DistanceMeters>
            <Extensions>
              <TPX xmlns="http://www.garmin.com/xmlschemas/ActivityExtension/v2">
                <Watts>235</Watts>
              </TPX>
            </Extensions>
          </Trackpoint>
          <Trackpoint>
            <Time>2010-10-19T21:07:33Z</Time>
            <AltitudeMeters>0.0</AltitudeMeters>
            <HeartRateBpm>
              <Value>0</Value>
            </HeartRateBpm>
            <Cadence>95</Cadence>
            <DistanceMeters>7844.68819</DistanceMeters>
            <Extensions>
              <TPX xmlns="http://www.garmin.com/xmlschemas/ActivityExtension/v2">
                <Watts>254</Watts>
              </TPX>
            </Extensions>
          </Trackpoint>
          <Trackpoint>
            <Time>2010-10-19T21:07:35Z</Time>
            <AltitudeMeters>0.0</AltitudeMeters>
            <HeartRateBpm>
              <Value>0</Value>
            </HeartRateBpm>
            <Cadence>96</Cadence>
            <DistanceMeters>7878.22810</DistanceMeters>
            <Extensions>
              <TPX xmlns="http://www.garmin.com/xmlschemas/ActivityExtension/v2">
                <Watts>257</Watts>
              </TPX>
            </Extensions>
          </Trackpoint>
          <Trackpoint>
            <Time>2010-10-19T21:07:37Z</Time>
            <AltitudeMeters>0.0</AltitudeMeters>
            <HeartRateBpm>
              <Value>0</Value>
            </HeartRateBpm>
            <Cadence>94</Cadence>
            <DistanceMeters>7911.26846</DistanceMeters>
            <Extensions>
              <TPX xmlns="http://www.garmin.com/xmlschemas/ActivityExtension/v2">
                <Watts>239</Watts>
              </TPX>
            </Extensions>
          </Trackpoint>
          <Trackpoint>
            <Time>2010-10-19T21:07:39Z</Time>
            <AltitudeMeters>0.0</AltitudeMeters>
            <HeartRateBpm>
              <Value>0</Value>
            </HeartRateBpm>
            <Cadence>94</Cadence>
            <DistanceMeters>7943.87413</DistanceMeters>
            <Extensions>
              <TPX xmlns="http://www.garmin.com/xmlschemas/ActivityExtension/v2">
                <Watts>234</Watts>
              </TPX>
            </Extensions>
          </Trackpoint>
          <Trackpoint>
            <Time>2010-10-19T21:07:41Z</Time>
            <AltitudeMeters>0.0</AltitudeMeters>
            <HeartRateBpm>
              <Value>0</Value>
            </HeartRateBpm>
            <Cadence>91</Cadence>
            <DistanceMeters>7976.03457</DistanceMeters>
            <Extensions>
              <TPX xmlns="http://www.garmin.com/xmlschemas/ActivityExtension/v2">
                <Watts>224</Watts>
              </TPX>
            </Extensions>
          </Trackpoint>
          <Trackpoint>
            <Time>2010-10-19T21:07:43Z</Time>
            <AltitudeMeters>0.0</AltitudeMeters>
            <HeartRateBpm>
              <Value>0</Value>
            </HeartRateBpm>
            <Cadence>92</Cadence>
            <DistanceMeters>8008.04329</DistanceMeters>
            <Extensions>
              <TPX xmlns="http://www.garmin.com/xmlschemas/ActivityExtension/v2">
                <Watts>240</Watts>
              </TPX>
            </Extensions>
          </Trackpoint>
          <Trackpoint>
            <Time>2010-10-19T21:07:45Z</Time>
            <AltitudeMeters>0.0</AltitudeMeters>
            <HeartRateBpm>
              <Value>0</Value>
            </HeartRateBpm>
            <Cadence>95</Cadence>
            <DistanceMeters>8040.00729</DistanceMeters>
            <Extensions>
              <TPX xmlns="http://www.garmin.com/xmlschemas/ActivityExtension/v2">
                <Watts>246</Watts>
              </TPX>
            </Extensions>
          </Trackpoint>
          <Trackpoint>
            <Time>2010-10-19T21:07:47Z</Time>
            <AltitudeMeters>0.0</AltitudeMeters>
            <HeartRateBpm>
              <Value>0</Value>
            </HeartRateBpm>
            <Cadence>97</Cadence>
            <DistanceMeters>8072.17051</DistanceMeters>
            <Extensions>
              <TPX xmlns="http://www.garmin.com/xmlschemas/ActivityExtension/v2">
                <Watts>266</Watts>
              </TPX>
            </Extensions>
          </Trackpoint>
          <Trackpoint>
            <Time>2010-10-19T21:07:49Z</Time>
            <AltitudeMeters>0.0</AltitudeMeters>
            <HeartRateBpm>
              <Value>0</Value>
            </HeartRateBpm>
            <Cadence>99</Cadence>
            <DistanceMeters>8104.54085</DistanceMeters>
            <Extensions>
              <TPX xmlns="http://www.garmin.com/xmlschemas/ActivityExtension/v2">
                <Watts>271</Watts>
              </TPX>
            </Extensions>
          </Trackpoint>
          <Trackpoint>
            <Time>2010-10-19T21:07:51Z</Time>
            <AltitudeMeters>0.0</AltitudeMeters>
            <HeartRateBpm>
              <Value>0</Value>
            </HeartRateBpm>
            <Cadence>99</Cadence>
            <DistanceMeters>8137.11209</DistanceMeters>
            <Extensions>
              <TPX xmlns="http://www.garmin.com/xmlschemas/ActivityExtension/v2">
                <Watts>275</Watts>
              </TPX>
            </Extensions>
          </Trackpoint>
          <Trackpoint>
            <Time>2010-10-19T21:07:53Z</Time>
            <AltitudeMeters>0.0</AltitudeMeters>
            <HeartRateBpm>
              <Value>0</Value>
            </HeartRateBpm>
            <Cadence>95</Cadence>
            <DistanceMeters>8169.66187</DistanceMeters>
            <Extensions>
              <TPX xmlns="http://www.garmin.com/xmlschemas/ActivityExtension/v2">
                <Watts>260</Watts>
              </TPX>
            </Extensions>
          </Trackpoint>
          <Trackpoint>
            <Time>2010-10-19T21:07:55Z</Time>
            <AltitudeMeters>0.0</AltitudeMeters>
            <HeartRateBpm>
              <Value>0</Value>
            </HeartRateBpm>
            <Cadence>94</Cadence>
            <DistanceMeters>8202.09210</DistanceMeters>
            <Extensions>
              <TPX xmlns="http://www.garmin.com/xmlschemas/ActivityExtension/v2">
                <Watts>251</Watts>
              </TPX>
            </Extensions>
          </Trackpoint>
          <Trackpoint>
            <Time>2010-10-19T21:07:57Z</Time>
            <AltitudeMeters>0.0</AltitudeMeters>
            <HeartRateBpm>
              <Value>0</Value>
            </HeartRateBpm>
            <Cadence>92</Cadence>
            <DistanceMeters>8234.40913</DistanceMeters>
            <Extensions>
              <TPX xmlns="http://www.garmin.com/xmlschemas/ActivityExtension/v2">
                <Watts>249</Watts>
              </TPX>
            </Extensions>
          </Trackpoint>
          <Trackpoint>
            <Time>2010-10-19T21:07:59Z</Time>
            <AltitudeMeters>0.0</AltitudeMeters>
            <HeartRateBpm>
              <Value>0</Value>
            </HeartRateBpm>
            <Cadence>91</Cadence>
            <DistanceMeters>8266.58283</DistanceMeters>
            <Extensions>
              <TPX xmlns="http://www.garmin.com/xmlschemas/ActivityExtension/v2">
                <Watts>244</Watts>
              </TPX>
            </Extensions>
          </Trackpoint>
          <Trackpoint>
            <Time>2010-10-19T21:08:01Z</Time>
            <AltitudeMeters>0.0</AltitudeMeters>
            <HeartRateBpm>
              <Value>0</Value>
            </HeartRateBpm>
            <Cadence>91</Cadence>
            <DistanceMeters>8298.53155</DistanceMeters>
            <Extensions>
              <TPX xmlns="http://www.garmin.com/xmlschemas/ActivityExtension/v2">
                <Watts>234</Watts>
              </TPX>
            </Extensions>
          </Trackpoint>
          <Trackpoint>
            <Time>2010-10-19T21:08:03Z</Time>
            <AltitudeMeters>0.0</AltitudeMeters>
            <HeartRateBpm>
              <Value>0</Value>
            </HeartRateBpm>
            <Cadence>92</Cadence>
            <DistanceMeters>8330.32131</DistanceMeters>
            <Extensions>
              <TPX xmlns="http://www.garmin.com/xmlschemas/ActivityExtension/v2">
                <Watts>235</Watts>
              </TPX>
            </Extensions>
          </Trackpoint>
          <Trackpoint>
            <Time>2010-10-19T21:08:05Z</Time>
            <AltitudeMeters>0.0</AltitudeMeters>
            <HeartRateBpm>
              <Value>0</Value>
            </HeartRateBpm>
            <Cadence>97</Cadence>
            <DistanceMeters>8362.22536</DistanceMeters>
            <Extensions>
              <TPX xmlns="http://www.garmin.com/xmlschemas/ActivityExtension/v2">
                <Watts>255</Watts>
              </TPX>
            </Extensions>
          </Trackpoint>
          <Trackpoint>
            <Time>2010-10-19T21:08:07Z</Time>
            <AltitudeMeters>0.0</AltitudeMeters>
            <HeartRateBpm>
              <Value>0</Value>
            </HeartRateBpm>
            <Cadence>95</Cadence>
            <DistanceMeters>8394.19214</DistanceMeters>
            <Extensions>
              <TPX xmlns="http://www.garmin.com/xmlschemas/ActivityExtension/v2">
                <Watts>253</Watts>
              </TPX>
            </Extensions>
          </Trackpoint>
          <Trackpoint>
            <Time>2010-10-19T21:08:09Z</Time>
            <AltitudeMeters>0.0</AltitudeMeters>
            <HeartRateBpm>
              <Value>0</Value>
            </HeartRateBpm>
            <Cadence>93</Cadence>
            <DistanceMeters>8425.29534</DistanceMeters>
            <Extensions>
              <TPX xmlns="http://www.garmin.com/xmlschemas/ActivityExtension/v2">
                <Watts>176</Watts>
              </TPX>
            </Extensions>
          </Trackpoint>
          <Trackpoint>
            <Time>2010-10-19T21:08:11Z</Time>
            <AltitudeMeters>0.0</AltitudeMeters>
            <HeartRateBpm>
              <Value>0</Value>
            </HeartRateBpm>
            <Cadence>93</Cadence>
            <DistanceMeters>8455.64192</DistanceMeters>
            <Extensions>
              <TPX xmlns="http://www.garmin.com/xmlschemas/ActivityExtension/v2">
                <Watts>169</Watts>
              </TPX>
            </Extensions>
          </Trackpoint>
          <Trackpoint>
            <Time>2010-10-19T21:08:13Z</Time>
            <AltitudeMeters>0.0</AltitudeMeters>
            <HeartRateBpm>
              <Value>0</Value>
            </HeartRateBpm>
            <Cadence>93</Cadence>
            <DistanceMeters>8485.39815</DistanceMeters>
            <Extensions>
              <TPX xmlns="http://www.garmin.com/xmlschemas/ActivityExtension/v2">
                <Watts>169</Watts>
              </TPX>
            </Extensions>
          </Trackpoint>
          <Trackpoint>
            <Time>2010-10-19T21:08:15Z</Time>
            <AltitudeMeters>0.0</AltitudeMeters>
            <HeartRateBpm>
              <Value>0</Value>
            </HeartRateBpm>
            <Cadence>91</Cadence>
            <DistanceMeters>8514.69308</DistanceMeters>
            <Extensions>
              <TPX xmlns="http://www.garmin.com/xmlschemas/ActivityExtension/v2">
                <Watts>169</Watts>
              </TPX>
            </Extensions>
          </Trackpoint>
          <Trackpoint>
            <Time>2010-10-19T21:08:17Z</Time>
            <AltitudeMeters>0.0</AltitudeMeters>
            <HeartRateBpm>
              <Value>0</Value>
            </HeartRateBpm>
            <Cadence>91</Cadence>
            <DistanceMeters>8543.60139</DistanceMeters>
            <Extensions>
              <TPX xmlns="http://www.garmin.com/xmlschemas/ActivityExtension/v2">
                <Watts>167</Watts>
              </TPX>
            </Extensions>
          </Trackpoint>
          <Trackpoint>
            <Time>2010-10-19T21:08:19Z</Time>
            <AltitudeMeters>0.0</AltitudeMeters>
            <HeartRateBpm>
              <Value>0</Value>
            </HeartRateBpm>
            <Cadence>91</Cadence>
            <DistanceMeters>8572.15457</DistanceMeters>
            <Extensions>
              <TPX xmlns="http://www.garmin.com/xmlschemas/ActivityExtension/v2">
                <Watts>163</Watts>
              </TPX>
            </Extensions>
          </Trackpoint>
          <Trackpoint>
            <Time>2010-10-19T21:08:21Z</Time>
            <AltitudeMeters>0.0</AltitudeMeters>
            <HeartRateBpm>
              <Value>0</Value>
            </HeartRateBpm>
            <Cadence>92</Cadence>
            <DistanceMeters>8600.53431</DistanceMeters>
            <Extensions>
              <TPX xmlns="http://www.garmin.com/xmlschemas/ActivityExtension/v2">
                <Watts>171</Watts>
              </TPX>
            </Extensions>
          </Trackpoint>
          <Trackpoint>
            <Time>2010-10-19T21:08:23Z</Time>
            <AltitudeMeters>0.0</AltitudeMeters>
            <HeartRateBpm>
              <Value>0</Value>
            </HeartRateBpm>
            <Cadence>91</Cadence>
            <DistanceMeters>8628.75185</DistanceMeters>
            <Extensions>
              <TPX xmlns="http://www.garmin.com/xmlschemas/ActivityExtension/v2">
                <Watts>169</Watts>
              </TPX>
            </Extensions>
          </Trackpoint>
          <Trackpoint>
            <Time>2010-10-19T21:08:25Z</Time>
            <AltitudeMeters>0.0</AltitudeMeters>
            <HeartRateBpm>
              <Value>0</Value>
            </HeartRateBpm>
            <Cadence>90</Cadence>
            <DistanceMeters>8656.72245</DistanceMeters>
            <Extensions>
              <TPX xmlns="http://www.garmin.com/xmlschemas/ActivityExtension/v2">
                <Watts>160</Watts>
              </TPX>
            </Extensions>
          </Trackpoint>
          <Trackpoint>
            <Time>2010-10-19T21:08:27Z</Time>
            <AltitudeMeters>0.0</AltitudeMeters>
            <HeartRateBpm>
              <Value>0</Value>
            </HeartRateBpm>
            <Cadence>89</Cadence>
            <DistanceMeters>8684.47180</DistanceMeters>
            <Extensions>
              <TPX xmlns="http://www.garmin.com/xmlschemas/ActivityExtension/v2">
                <Watts>158</Watts>
              </TPX>
            </Extensions>
          </Trackpoint>
          <Trackpoint>
            <Time>2010-10-19T21:08:29Z</Time>
            <AltitudeMeters>0.0</AltitudeMeters>
            <HeartRateBpm>
              <Value>0</Value>
            </HeartRateBpm>
            <Cadence>92</Cadence>
            <DistanceMeters>8712.15489</DistanceMeters>
            <Extensions>
              <TPX xmlns="http://www.garmin.com/xmlschemas/ActivityExtension/v2">
                <Watts>166</Watts>
              </TPX>
            </Extensions>
          </Trackpoint>
          <Trackpoint>
            <Time>2010-10-19T21:08:31Z</Time>
            <AltitudeMeters>0.0</AltitudeMeters>
            <HeartRateBpm>
              <Value>0</Value>
            </HeartRateBpm>
            <Cadence>95</Cadence>
            <DistanceMeters>8740.01470</DistanceMeters>
            <Extensions>
              <TPX xmlns="http://www.garmin.com/xmlschemas/ActivityExtension/v2">
                <Watts>183</Watts>
              </TPX>
            </Extensions>
          </Trackpoint>
          <Trackpoint>
            <Time>2010-10-19T21:08:33Z</Time>
            <AltitudeMeters>0.0</AltitudeMeters>
            <HeartRateBpm>
              <Value>0</Value>
            </HeartRateBpm>
            <Cadence>94</Cadence>
            <DistanceMeters>8767.91861</DistanceMeters>
            <Extensions>
              <TPX xmlns="http://www.garmin.com/xmlschemas/ActivityExtension/v2">
                <Watts>176</Watts>
              </TPX>
            </Extensions>
          </Trackpoint>
          <Trackpoint>
            <Time>2010-10-19T21:08:35Z</Time>
            <AltitudeMeters>0.0</AltitudeMeters>
            <HeartRateBpm>
              <Value>0</Value>
            </HeartRateBpm>
            <Cadence>94</Cadence>
            <DistanceMeters>8795.99028</DistanceMeters>
            <Extensions>
              <TPX xmlns="http://www.garmin.com/xmlschemas/ActivityExtension/v2">
                <Watts>186</Watts>
              </TPX>
            </Extensions>
          </Trackpoint>
          <Trackpoint>
            <Time>2010-10-19T21:08:37Z</Time>
            <AltitudeMeters>0.0</AltitudeMeters>
            <HeartRateBpm>
              <Value>0</Value>
            </HeartRateBpm>
            <Cadence>95</Cadence>
            <DistanceMeters>8824.19237</DistanceMeters>
            <Extensions>
              <TPX xmlns="http://www.garmin.com/xmlschemas/ActivityExtension/v2">
                <Watts>186</Watts>
              </TPX>
            </Extensions>
          </Trackpoint>
          <Trackpoint>
            <Time>2010-10-19T21:08:39Z</Time>
            <AltitudeMeters>0.0</AltitudeMeters>
            <HeartRateBpm>
              <Value>0</Value>
            </HeartRateBpm>
            <Cadence>93</Cadence>
            <DistanceMeters>8852.35039</DistanceMeters>
            <Extensions>
              <TPX xmlns="http://www.garmin.com/xmlschemas/ActivityExtension/v2">
                <Watts>175</Watts>
              </TPX>
            </Extensions>
          </Trackpoint>
          <Trackpoint>
            <Time>2010-10-19T21:08:41Z</Time>
            <AltitudeMeters>0.0</AltitudeMeters>
            <HeartRateBpm>
              <Value>0</Value>
            </HeartRateBpm>
            <Cadence>93</Cadence>
            <DistanceMeters>8880.56674</DistanceMeters>
            <Extensions>
              <TPX xmlns="http://www.garmin.com/xmlschemas/ActivityExtension/v2">
                <Watts>182</Watts>
              </TPX>
            </Extensions>
          </Trackpoint>
          <Trackpoint>
            <Time>2010-10-19T21:08:43Z</Time>
            <AltitudeMeters>0.0</AltitudeMeters>
            <HeartRateBpm>
              <Value>0</Value>
            </HeartRateBpm>
            <Cadence>95</Cadence>
            <DistanceMeters>8908.84172</DistanceMeters>
            <Extensions>
              <TPX xmlns="http://www.garmin.com/xmlschemas/ActivityExtension/v2">
                <Watts>183</Watts>
              </TPX>
            </Extensions>
          </Trackpoint>
          <Trackpoint>
            <Time>2010-10-19T21:08:45Z</Time>
            <AltitudeMeters>0.0</AltitudeMeters>
            <HeartRateBpm>
              <Value>0</Value>
            </HeartRateBpm>
            <Cadence>95</Cadence>
            <DistanceMeters>8937.22817</DistanceMeters>
            <Extensions>
              <TPX xmlns="http://www.garmin.com/xmlschemas/ActivityExtension/v2">
                <Watts>188</Watts>
              </TPX>
            </Extensions>
          </Trackpoint>
          <Trackpoint>
            <Time>2010-10-19T21:08:47Z</Time>
            <AltitudeMeters>0.0</AltitudeMeters>
            <HeartRateBpm>
              <Value>0</Value>
            </HeartRateBpm>
            <Cadence>91</Cadence>
            <DistanceMeters>8965.51704</DistanceMeters>
            <Extensions>
              <TPX xmlns="http://www.garmin.com/xmlschemas/ActivityExtension/v2">
                <Watts>174</Watts>
              </TPX>
            </Extensions>
          </Trackpoint>
          <Trackpoint>
            <Time>2010-10-19T21:08:49Z</Time>
            <AltitudeMeters>0.0</AltitudeMeters>
            <HeartRateBpm>
              <Value>0</Value>
            </HeartRateBpm>
            <Cadence>87</Cadence>
            <DistanceMeters>8993.59700</DistanceMeters>
            <Extensions>
              <TPX xmlns="http://www.garmin.com/xmlschemas/ActivityExtension/v2">
                <Watts>164</Watts>
              </TPX>
            </Extensions>
          </Trackpoint>
          <Trackpoint>
            <Time>2010-10-19T21:08:51Z</Time>
            <AltitudeMeters>0.0</AltitudeMeters>
            <HeartRateBpm>
              <Value>0</Value>
            </HeartRateBpm>
            <Cadence>91</Cadence>
            <DistanceMeters>9021.61964</DistanceMeters>
            <Extensions>
              <TPX xmlns="http://www.garmin.com/xmlschemas/ActivityExtension/v2">
                <Watts>172</Watts>
              </TPX>
            </Extensions>
          </Trackpoint>
          <Trackpoint>
            <Time>2010-10-19T21:08:53Z</Time>
            <AltitudeMeters>0.0</AltitudeMeters>
            <HeartRateBpm>
              <Value>0</Value>
            </HeartRateBpm>
            <Cadence>96</Cadence>
            <DistanceMeters>9049.66406</DistanceMeters>
            <Extensions>
              <TPX xmlns="http://www.garmin.com/xmlschemas/ActivityExtension/v2">
                <Watts>177</Watts>
              </TPX>
            </Extensions>
          </Trackpoint>
          <Trackpoint>
            <Time>2010-10-19T21:08:55Z</Time>
            <AltitudeMeters>0.0</AltitudeMeters>
            <HeartRateBpm>
              <Value>0</Value>
            </HeartRateBpm>
            <Cadence>95</Cadence>
            <DistanceMeters>9077.87146</DistanceMeters>
            <Extensions>
              <TPX xmlns="http://www.garmin.com/xmlschemas/ActivityExtension/v2">
                <Watts>188</Watts>
              </TPX>
            </Extensions>
          </Trackpoint>
          <Trackpoint>
            <Time>2010-10-19T21:08:57Z</Time>
            <AltitudeMeters>0.0</AltitudeMeters>
            <HeartRateBpm>
              <Value>0</Value>
            </HeartRateBpm>
            <Cadence>94</Cadence>
            <DistanceMeters>9106.12626</DistanceMeters>
            <Extensions>
              <TPX xmlns="http://www.garmin.com/xmlschemas/ActivityExtension/v2">
                <Watts>182</Watts>
              </TPX>
            </Extensions>
          </Trackpoint>
          <Trackpoint>
            <Time>2010-10-19T21:08:59Z</Time>
            <AltitudeMeters>0.0</AltitudeMeters>
            <HeartRateBpm>
              <Value>0</Value>
            </HeartRateBpm>
            <Cadence>90</Cadence>
            <DistanceMeters>9134.25919</DistanceMeters>
            <Extensions>
              <TPX xmlns="http://www.garmin.com/xmlschemas/ActivityExtension/v2">
                <Watts>170</Watts>
              </TPX>
            </Extensions>
          </Trackpoint>
          <Trackpoint>
            <Time>2010-10-19T21:09:01Z</Time>
            <AltitudeMeters>0.0</AltitudeMeters>
            <HeartRateBpm>
              <Value>0</Value>
            </HeartRateBpm>
            <Cadence>91</Cadence>
            <DistanceMeters>9162.29667</DistanceMeters>
            <Extensions>
              <TPX xmlns="http://www.garmin.com/xmlschemas/ActivityExtension/v2">
                <Watts>170</Watts>
              </TPX>
            </Extensions>
          </Trackpoint>
          <Trackpoint>
            <Time>2010-10-19T21:09:03Z</Time>
            <AltitudeMeters>0.0</AltitudeMeters>
            <HeartRateBpm>
              <Value>0</Value>
            </HeartRateBpm>
            <Cadence>93</Cadence>
            <DistanceMeters>9190.39257</DistanceMeters>
            <Extensions>
              <TPX xmlns="http://www.garmin.com/xmlschemas/ActivityExtension/v2">
                <Watts>180</Watts>
              </TPX>
            </Extensions>
          </Trackpoint>
          <Trackpoint>
            <Time>2010-10-19T21:09:05Z</Time>
            <AltitudeMeters>0.0</AltitudeMeters>
            <HeartRateBpm>
              <Value>0</Value>
            </HeartRateBpm>
            <Cadence>95</Cadence>
            <DistanceMeters>9218.54728</DistanceMeters>
            <Extensions>
              <TPX xmlns="http://www.garmin.com/xmlschemas/ActivityExtension/v2">
                <Watts>181</Watts>
              </TPX>
            </Extensions>
          </Trackpoint>
          <Trackpoint>
            <Time>2010-10-19T21:09:07Z</Time>
            <AltitudeMeters>0.0</AltitudeMeters>
            <HeartRateBpm>
              <Value>0</Value>
            </HeartRateBpm>
            <Cadence>95</Cadence>
            <DistanceMeters>9246.61512</DistanceMeters>
            <Extensions>
              <TPX xmlns="http://www.garmin.com/xmlschemas/ActivityExtension/v2">
                <Watts>171</Watts>
              </TPX>
            </Extensions>
          </Trackpoint>
          <Trackpoint>
            <Time>2010-10-19T21:09:09Z</Time>
            <AltitudeMeters>0.0</AltitudeMeters>
            <HeartRateBpm>
              <Value>0</Value>
            </HeartRateBpm>
            <Cadence>101</Cadence>
            <DistanceMeters>9275.06466</DistanceMeters>
            <Extensions>
              <TPX xmlns="http://www.garmin.com/xmlschemas/ActivityExtension/v2">
                <Watts>205</Watts>
              </TPX>
            </Extensions>
          </Trackpoint>
          <Trackpoint>
            <Time>2010-10-19T21:09:11Z</Time>
            <AltitudeMeters>0.0</AltitudeMeters>
            <HeartRateBpm>
              <Value>0</Value>
            </HeartRateBpm>
            <Cadence>97</Cadence>
            <DistanceMeters>9303.63898</DistanceMeters>
            <Extensions>
              <TPX xmlns="http://www.garmin.com/xmlschemas/ActivityExtension/v2">
                <Watts>192</Watts>
              </TPX>
            </Extensions>
          </Trackpoint>
          <Trackpoint>
            <Time>2010-10-19T21:09:13Z</Time>
            <AltitudeMeters>0.0</AltitudeMeters>
            <HeartRateBpm>
              <Value>0</Value>
            </HeartRateBpm>
            <Cadence>98</Cadence>
            <DistanceMeters>9332.31001</DistanceMeters>
            <Extensions>
              <TPX xmlns="http://www.garmin.com/xmlschemas/ActivityExtension/v2">
                <Watts>192</Watts>
              </TPX>
            </Extensions>
          </Trackpoint>
          <Trackpoint>
            <Time>2010-10-19T21:09:15Z</Time>
            <AltitudeMeters>0.0</AltitudeMeters>
            <HeartRateBpm>
              <Value>0</Value>
            </HeartRateBpm>
            <Cadence>100</Cadence>
            <DistanceMeters>9361.05600</DistanceMeters>
            <Extensions>
              <TPX xmlns="http://www.garmin.com/xmlschemas/ActivityExtension/v2">
                <Watts>192</Watts>
              </TPX>
            </Extensions>
          </Trackpoint>
          <Trackpoint>
            <Time>2010-10-19T21:09:17Z</Time>
            <AltitudeMeters>0.0</AltitudeMeters>
            <HeartRateBpm>
              <Value>0</Value>
            </HeartRateBpm>
            <Cadence>100</Cadence>
            <DistanceMeters>9389.87303</DistanceMeters>
            <Extensions>
              <TPX xmlns="http://www.garmin.com/xmlschemas/ActivityExtension/v2">
                <Watts>193</Watts>
              </TPX>
            </Extensions>
          </Trackpoint>
          <Trackpoint>
            <Time>2010-10-19T21:09:19Z</Time>
            <AltitudeMeters>0.0</AltitudeMeters>
            <HeartRateBpm>
              <Value>0</Value>
            </HeartRateBpm>
            <Cadence>97</Cadence>
            <DistanceMeters>9418.49836</DistanceMeters>
            <Extensions>
              <TPX xmlns="http://www.garmin.com/xmlschemas/ActivityExtension/v2">
                <Watts>174</Watts>
              </TPX>
            </Extensions>
          </Trackpoint>
          <Trackpoint>
            <Time>2010-10-19T21:09:21Z</Time>
            <AltitudeMeters>0.0</AltitudeMeters>
            <HeartRateBpm>
              <Value>0</Value>
            </HeartRateBpm>
            <Cadence>93</Cadence>
            <DistanceMeters>9447.03939</DistanceMeters>
            <Extensions>
              <TPX xmlns="http://www.garmin.com/xmlschemas/ActivityExtension/v2">
                <Watts>179</Watts>
              </TPX>
            </Extensions>
          </Trackpoint>
          <Trackpoint>
            <Time>2010-10-19T21:09:23Z</Time>
            <AltitudeMeters>0.0</AltitudeMeters>
            <HeartRateBpm>
              <Value>0</Value>
            </HeartRateBpm>
            <Cadence>93</Cadence>
            <DistanceMeters>9475.50158</DistanceMeters>
            <Extensions>
              <TPX xmlns="http://www.garmin.com/xmlschemas/ActivityExtension/v2">
                <Watts>178</Watts>
              </TPX>
            </Extensions>
          </Trackpoint>
          <Trackpoint>
            <Time>2010-10-19T21:09:25Z</Time>
            <AltitudeMeters>0.0</AltitudeMeters>
            <HeartRateBpm>
              <Value>0</Value>
            </HeartRateBpm>
            <Cadence>97</Cadence>
            <DistanceMeters>9504.04650</DistanceMeters>
            <Extensions>
              <TPX xmlns="http://www.garmin.com/xmlschemas/ActivityExtension/v2">
                <Watts>189</Watts>
              </TPX>
            </Extensions>
          </Trackpoint>
          <Trackpoint>
            <Time>2010-10-19T21:09:27Z</Time>
            <AltitudeMeters>0.0</AltitudeMeters>
            <HeartRateBpm>
              <Value>0</Value>
            </HeartRateBpm>
            <Cadence>99</Cadence>
            <DistanceMeters>9532.74682</DistanceMeters>
            <Extensions>
              <TPX xmlns="http://www.garmin.com/xmlschemas/ActivityExtension/v2">
                <Watts>196</Watts>
              </TPX>
            </Extensions>
          </Trackpoint>
          <Trackpoint>
            <Time>2010-10-19T21:09:29Z</Time>
            <AltitudeMeters>0.0</AltitudeMeters>
            <HeartRateBpm>
              <Value>0</Value>
            </HeartRateBpm>
            <Cadence>97</Cadence>
            <DistanceMeters>9561.54144</DistanceMeters>
            <Extensions>
              <TPX xmlns="http://www.garmin.com/xmlschemas/ActivityExtension/v2">
                <Watts>194</Watts>
              </TPX>
            </Extensions>
          </Trackpoint>
          <Trackpoint>
            <Time>2010-10-19T21:09:31Z</Time>
            <AltitudeMeters>0.0</AltitudeMeters>
            <HeartRateBpm>
              <Value>0</Value>
            </HeartRateBpm>
            <Cadence>94</Cadence>
            <DistanceMeters>9590.31842</DistanceMeters>
            <Extensions>
              <TPX xmlns="http://www.garmin.com/xmlschemas/ActivityExtension/v2">
                <Watts>187</Watts>
              </TPX>
            </Extensions>
          </Trackpoint>
          <Trackpoint>
            <Time>2010-10-19T21:09:33Z</Time>
            <AltitudeMeters>0.0</AltitudeMeters>
            <HeartRateBpm>
              <Value>0</Value>
            </HeartRateBpm>
            <Cadence>93</Cadence>
            <DistanceMeters>9618.88633</DistanceMeters>
            <Extensions>
              <TPX xmlns="http://www.garmin.com/xmlschemas/ActivityExtension/v2">
                <Watts>172</Watts>
              </TPX>
            </Extensions>
          </Trackpoint>
          <Trackpoint>
            <Time>2010-10-19T21:09:35Z</Time>
            <AltitudeMeters>0.0</AltitudeMeters>
            <HeartRateBpm>
              <Value>0</Value>
            </HeartRateBpm>
            <Cadence>92</Cadence>
            <DistanceMeters>9647.29074</DistanceMeters>
            <Extensions>
              <TPX xmlns="http://www.garmin.com/xmlschemas/ActivityExtension/v2">
                <Watts>172</Watts>
              </TPX>
            </Extensions>
          </Trackpoint>
          <Trackpoint>
            <Time>2010-10-19T21:09:37Z</Time>
            <AltitudeMeters>0.0</AltitudeMeters>
            <HeartRateBpm>
              <Value>0</Value>
            </HeartRateBpm>
            <Cadence>92</Cadence>
            <DistanceMeters>9675.55405</DistanceMeters>
            <Extensions>
              <TPX xmlns="http://www.garmin.com/xmlschemas/ActivityExtension/v2">
                <Watts>171</Watts>
              </TPX>
            </Extensions>
          </Trackpoint>
          <Trackpoint>
            <Time>2010-10-19T21:09:39Z</Time>
            <AltitudeMeters>0.0</AltitudeMeters>
            <HeartRateBpm>
              <Value>0</Value>
            </HeartRateBpm>
            <Cadence>93</Cadence>
            <DistanceMeters>9703.73341</DistanceMeters>
            <Extensions>
              <TPX xmlns="http://www.garmin.com/xmlschemas/ActivityExtension/v2">
                <Watts>173</Watts>
              </TPX>
            </Extensions>
          </Trackpoint>
          <Trackpoint>
            <Time>2010-10-19T21:09:41Z</Time>
            <AltitudeMeters>0.0</AltitudeMeters>
            <HeartRateBpm>
              <Value>0</Value>
            </HeartRateBpm>
            <Cadence>94</Cadence>
            <DistanceMeters>9731.93993</DistanceMeters>
            <Extensions>
              <TPX xmlns="http://www.garmin.com/xmlschemas/ActivityExtension/v2">
                <Watts>180</Watts>
              </TPX>
            </Extensions>
          </Trackpoint>
          <Trackpoint>
            <Time>2010-10-19T21:09:43Z</Time>
            <AltitudeMeters>0.0</AltitudeMeters>
            <HeartRateBpm>
              <Value>0</Value>
            </HeartRateBpm>
            <Cadence>94</Cadence>
            <DistanceMeters>9760.16760</DistanceMeters>
            <Extensions>
              <TPX xmlns="http://www.garmin.com/xmlschemas/ActivityExtension/v2">
                <Watts>180</Watts>
              </TPX>
            </Extensions>
          </Trackpoint>
          <Trackpoint>
            <Time>2010-10-19T21:09:45Z</Time>
            <AltitudeMeters>0.0</AltitudeMeters>
            <HeartRateBpm>
              <Value>0</Value>
            </HeartRateBpm>
            <Cadence>93</Cadence>
            <DistanceMeters>9788.41178</DistanceMeters>
            <Extensions>
              <TPX xmlns="http://www.garmin.com/xmlschemas/ActivityExtension/v2">
                <Watts>180</Watts>
              </TPX>
            </Extensions>
          </Trackpoint>
          <Trackpoint>
            <Time>2010-10-19T21:09:47Z</Time>
            <AltitudeMeters>0.0</AltitudeMeters>
            <HeartRateBpm>
              <Value>0</Value>
            </HeartRateBpm>
            <Cadence>93</Cadence>
            <DistanceMeters>9816.62915</DistanceMeters>
            <Extensions>
              <TPX xmlns="http://www.garmin.com/xmlschemas/ActivityExtension/v2">
                <Watts>177</Watts>
              </TPX>
            </Extensions>
          </Trackpoint>
          <Trackpoint>
            <Time>2010-10-19T21:09:49Z</Time>
            <AltitudeMeters>0.0</AltitudeMeters>
            <HeartRateBpm>
              <Value>0</Value>
            </HeartRateBpm>
            <Cadence>93</Cadence>
            <DistanceMeters>9844.83884</DistanceMeters>
            <Extensions>
              <TPX xmlns="http://www.garmin.com/xmlschemas/ActivityExtension/v2">
                <Watts>178</Watts>
              </TPX>
            </Extensions>
          </Trackpoint>
          <Trackpoint>
            <Time>2010-10-19T21:09:51Z</Time>
            <AltitudeMeters>0.0</AltitudeMeters>
            <HeartRateBpm>
              <Value>0</Value>
            </HeartRateBpm>
            <Cadence>92</Cadence>
            <DistanceMeters>9873.02929</DistanceMeters>
            <Extensions>
              <TPX xmlns="http://www.garmin.com/xmlschemas/ActivityExtension/v2">
                <Watts>177</Watts>
              </TPX>
            </Extensions>
          </Trackpoint>
          <Trackpoint>
            <Time>2010-10-19T21:09:53Z</Time>
            <AltitudeMeters>0.0</AltitudeMeters>
            <HeartRateBpm>
              <Value>0</Value>
            </HeartRateBpm>
            <Cadence>93</Cadence>
            <DistanceMeters>9901.20473</DistanceMeters>
            <Extensions>
              <TPX xmlns="http://www.garmin.com/xmlschemas/ActivityExtension/v2">
                <Watts>177</Watts>
              </TPX>
            </Extensions>
          </Trackpoint>
          <Trackpoint>
            <Time>2010-10-19T21:09:55Z</Time>
            <AltitudeMeters>0.0</AltitudeMeters>
            <HeartRateBpm>
              <Value>0</Value>
            </HeartRateBpm>
            <Cadence>94</Cadence>
            <DistanceMeters>9929.36844</DistanceMeters>
            <Extensions>
              <TPX xmlns="http://www.garmin.com/xmlschemas/ActivityExtension/v2">
                <Watts>177</Watts>
              </TPX>
            </Extensions>
          </Trackpoint>
          <Trackpoint>
            <Time>2010-10-19T21:09:57Z</Time>
            <AltitudeMeters>0.0</AltitudeMeters>
            <HeartRateBpm>
              <Value>0</Value>
            </HeartRateBpm>
            <Cadence>92</Cadence>
            <DistanceMeters>9957.52300</DistanceMeters>
            <Extensions>
              <TPX xmlns="http://www.garmin.com/xmlschemas/ActivityExtension/v2">
                <Watts>177</Watts>
              </TPX>
            </Extensions>
          </Trackpoint>
          <Trackpoint>
            <Time>2010-10-19T21:09:59Z</Time>
            <AltitudeMeters>0.0</AltitudeMeters>
            <HeartRateBpm>
              <Value>0</Value>
            </HeartRateBpm>
            <Cadence>92</Cadence>
            <DistanceMeters>9985.56411</DistanceMeters>
            <Extensions>
              <TPX xmlns="http://www.garmin.com/xmlschemas/ActivityExtension/v2">
                <Watts>169</Watts>
              </TPX>
            </Extensions>
          </Trackpoint>
          <Trackpoint>
            <Time>2010-10-19T21:10:01Z</Time>
            <AltitudeMeters>0.0</AltitudeMeters>
            <HeartRateBpm>
              <Value>0</Value>
            </HeartRateBpm>
            <Cadence>93</Cadence>
            <DistanceMeters>10013.56968</DistanceMeters>
            <Extensions>
              <TPX xmlns="http://www.garmin.com/xmlschemas/ActivityExtension/v2">
                <Watts>173</Watts>
              </TPX>
            </Extensions>
          </Trackpoint>
          <Trackpoint>
            <Time>2010-10-19T21:10:03Z</Time>
            <AltitudeMeters>0.0</AltitudeMeters>
            <HeartRateBpm>
              <Value>0</Value>
            </HeartRateBpm>
            <Cadence>96</Cadence>
            <DistanceMeters>10041.72039</DistanceMeters>
            <Extensions>
              <TPX xmlns="http://www.garmin.com/xmlschemas/ActivityExtension/v2">
                <Watts>186</Watts>
              </TPX>
            </Extensions>
          </Trackpoint>
          <Trackpoint>
            <Time>2010-10-19T21:10:05Z</Time>
            <AltitudeMeters>0.0</AltitudeMeters>
            <HeartRateBpm>
              <Value>0</Value>
            </HeartRateBpm>
            <Cadence>96</Cadence>
            <DistanceMeters>10069.99713</DistanceMeters>
            <Extensions>
              <TPX xmlns="http://www.garmin.com/xmlschemas/ActivityExtension/v2">
                <Watts>187</Watts>
              </TPX>
            </Extensions>
          </Trackpoint>
          <Trackpoint>
            <Time>2010-10-19T21:10:07Z</Time>
            <AltitudeMeters>0.0</AltitudeMeters>
            <HeartRateBpm>
              <Value>0</Value>
            </HeartRateBpm>
            <Cadence>93</Cadence>
            <DistanceMeters>10098.34548</DistanceMeters>
            <Extensions>
              <TPX xmlns="http://www.garmin.com/xmlschemas/ActivityExtension/v2">
                <Watts>185</Watts>
              </TPX>
            </Extensions>
          </Trackpoint>
          <Trackpoint>
            <Time>2010-10-19T21:10:09Z</Time>
            <AltitudeMeters>0.0</AltitudeMeters>
            <HeartRateBpm>
              <Value>0</Value>
            </HeartRateBpm>
            <Cadence>92</Cadence>
            <DistanceMeters>10126.61776</DistanceMeters>
            <Extensions>
              <TPX xmlns="http://www.garmin.com/xmlschemas/ActivityExtension/v2">
                <Watts>175</Watts>
              </TPX>
            </Extensions>
          </Trackpoint>
          <Trackpoint>
            <Time>2010-10-19T21:10:11Z</Time>
            <AltitudeMeters>0.0</AltitudeMeters>
            <HeartRateBpm>
              <Value>0</Value>
            </HeartRateBpm>
            <Cadence>92</Cadence>
            <DistanceMeters>10154.80415</DistanceMeters>
            <Extensions>
              <TPX xmlns="http://www.garmin.com/xmlschemas/ActivityExtension/v2">
                <Watts>173</Watts>
              </TPX>
            </Extensions>
          </Trackpoint>
          <Trackpoint>
            <Time>2010-10-19T21:10:13Z</Time>
            <AltitudeMeters>0.0</AltitudeMeters>
            <HeartRateBpm>
              <Value>0</Value>
            </HeartRateBpm>
            <Cadence>94</Cadence>
            <DistanceMeters>10183.01614</DistanceMeters>
            <Extensions>
              <TPX xmlns="http://www.garmin.com/xmlschemas/ActivityExtension/v2">
                <Watts>180</Watts>
              </TPX>
            </Extensions>
          </Trackpoint>
          <Trackpoint>
            <Time>2010-10-19T21:10:15Z</Time>
            <AltitudeMeters>0.0</AltitudeMeters>
            <HeartRateBpm>
              <Value>0</Value>
            </HeartRateBpm>
            <Cadence>93</Cadence>
            <DistanceMeters>10211.23486</DistanceMeters>
            <Extensions>
              <TPX xmlns="http://www.garmin.com/xmlschemas/ActivityExtension/v2">
                <Watts>179</Watts>
              </TPX>
            </Extensions>
          </Trackpoint>
          <Trackpoint>
            <Time>2010-10-19T21:10:17Z</Time>
            <AltitudeMeters>0.0</AltitudeMeters>
            <HeartRateBpm>
              <Value>0</Value>
            </HeartRateBpm>
            <Cadence>91</Cadence>
            <DistanceMeters>10239.41912</DistanceMeters>
            <Extensions>
              <TPX xmlns="http://www.garmin.com/xmlschemas/ActivityExtension/v2">
                <Watts>176</Watts>
              </TPX>
            </Extensions>
          </Trackpoint>
          <Trackpoint>
            <Time>2010-10-19T21:10:19Z</Time>
            <AltitudeMeters>0.0</AltitudeMeters>
            <HeartRateBpm>
              <Value>0</Value>
            </HeartRateBpm>
            <Cadence>91</Cadence>
            <DistanceMeters>10267.49680</DistanceMeters>
            <Extensions>
              <TPX xmlns="http://www.garmin.com/xmlschemas/ActivityExtension/v2">
                <Watts>170</Watts>
              </TPX>
            </Extensions>
          </Trackpoint>
          <Trackpoint>
            <Time>2010-10-19T21:10:21Z</Time>
            <AltitudeMeters>0.0</AltitudeMeters>
            <HeartRateBpm>
              <Value>0</Value>
            </HeartRateBpm>
            <Cadence>91</Cadence>
            <DistanceMeters>10295.46432</DistanceMeters>
            <Extensions>
              <TPX xmlns="http://www.garmin.com/xmlschemas/ActivityExtension/v2">
                <Watts>168</Watts>
              </TPX>
            </Extensions>
          </Trackpoint>
          <Trackpoint>
            <Time>2010-10-19T21:10:23Z</Time>
            <AltitudeMeters>0.0</AltitudeMeters>
            <HeartRateBpm>
              <Value>0</Value>
            </HeartRateBpm>
            <Cadence>91</Cadence>
            <DistanceMeters>10323.34547</DistanceMeters>
            <Extensions>
              <TPX xmlns="http://www.garmin.com/xmlschemas/ActivityExtension/v2">
                <Watts>168</Watts>
              </TPX>
            </Extensions>
          </Trackpoint>
          <Trackpoint>
            <Time>2010-10-19T21:10:25Z</Time>
            <AltitudeMeters>0.0</AltitudeMeters>
            <HeartRateBpm>
              <Value>0</Value>
            </HeartRateBpm>
            <Cadence>91</Cadence>
            <DistanceMeters>10351.18570</DistanceMeters>
            <Extensions>
              <TPX xmlns="http://www.garmin.com/xmlschemas/ActivityExtension/v2">
                <Watts>170</Watts>
              </TPX>
            </Extensions>
          </Trackpoint>
          <Trackpoint>
            <Time>2010-10-19T21:10:27Z</Time>
            <AltitudeMeters>0.0</AltitudeMeters>
            <HeartRateBpm>
              <Value>0</Value>
            </HeartRateBpm>
            <Cadence>92</Cadence>
            <DistanceMeters>10379.00731</DistanceMeters>
            <Extensions>
              <TPX xmlns="http://www.garmin.com/xmlschemas/ActivityExtension/v2">
                <Watts>171</Watts>
              </TPX>
            </Extensions>
          </Trackpoint>
          <Trackpoint>
            <Time>2010-10-19T21:10:29Z</Time>
            <AltitudeMeters>0.0</AltitudeMeters>
            <HeartRateBpm>
              <Value>0</Value>
            </HeartRateBpm>
            <Cadence>96</Cadence>
            <DistanceMeters>10406.92153</DistanceMeters>
            <Extensions>
              <TPX xmlns="http://www.garmin.com/xmlschemas/ActivityExtension/v2">
                <Watts>179</Watts>
              </TPX>
            </Extensions>
          </Trackpoint>
          <Trackpoint>
            <Time>2010-10-19T21:10:31Z</Time>
            <AltitudeMeters>0.0</AltitudeMeters>
            <HeartRateBpm>
              <Value>0</Value>
            </HeartRateBpm>
            <Cadence>96</Cadence>
            <DistanceMeters>10435.00122</DistanceMeters>
            <Extensions>
              <TPX xmlns="http://www.garmin.com/xmlschemas/ActivityExtension/v2">
                <Watts>186</Watts>
              </TPX>
            </Extensions>
          </Trackpoint>
          <Trackpoint>
            <Time>2010-10-19T21:10:33Z</Time>
            <AltitudeMeters>0.0</AltitudeMeters>
            <HeartRateBpm>
              <Value>0</Value>
            </HeartRateBpm>
            <Cadence>93</Cadence>
            <DistanceMeters>10463.19631</DistanceMeters>
            <Extensions>
              <TPX xmlns="http://www.garmin.com/xmlschemas/ActivityExtension/v2">
                <Watts>185</Watts>
              </TPX>
            </Extensions>
          </Trackpoint>
          <Trackpoint>
            <Time>2010-10-19T21:10:35Z</Time>
            <AltitudeMeters>0.0</AltitudeMeters>
            <HeartRateBpm>
              <Value>0</Value>
            </HeartRateBpm>
            <Cadence>94</Cadence>
            <DistanceMeters>10491.41507</DistanceMeters>
            <Extensions>
              <TPX xmlns="http://www.garmin.com/xmlschemas/ActivityExtension/v2">
                <Watts>180</Watts>
              </TPX>
            </Extensions>
          </Trackpoint>
          <Trackpoint>
            <Time>2010-10-19T21:10:37Z</Time>
            <AltitudeMeters>0.0</AltitudeMeters>
            <HeartRateBpm>
              <Value>0</Value>
            </HeartRateBpm>
            <Cadence>95</Cadence>
            <DistanceMeters>10519.66552</DistanceMeters>
            <Extensions>
              <TPX xmlns="http://www.garmin.com/xmlschemas/ActivityExtension/v2">
                <Watts>181</Watts>
              </TPX>
            </Extensions>
          </Trackpoint>
          <Trackpoint>
            <Time>2010-10-19T21:10:39Z</Time>
            <AltitudeMeters>0.0</AltitudeMeters>
            <HeartRateBpm>
              <Value>0</Value>
            </HeartRateBpm>
            <Cadence>99</Cadence>
            <DistanceMeters>10548.13801</DistanceMeters>
            <Extensions>
              <TPX xmlns="http://www.garmin.com/xmlschemas/ActivityExtension/v2">
                <Watts>196</Watts>
              </TPX>
            </Extensions>
          </Trackpoint>
          <Trackpoint>
            <Time>2010-10-19T21:10:41Z</Time>
            <AltitudeMeters>0.0</AltitudeMeters>
            <HeartRateBpm>
              <Value>0</Value>
            </HeartRateBpm>
            <Cadence>99</Cadence>
            <DistanceMeters>10576.78230</DistanceMeters>
            <Extensions>
              <TPX xmlns="http://www.garmin.com/xmlschemas/ActivityExtension/v2">
                <Watts>196</Watts>
              </TPX>
            </Extensions>
          </Trackpoint>
          <Trackpoint>
            <Time>2010-10-19T21:10:43Z</Time>
            <AltitudeMeters>0.0</AltitudeMeters>
            <HeartRateBpm>
              <Value>0</Value>
            </HeartRateBpm>
            <Cadence>97</Cadence>
            <DistanceMeters>10605.54652</DistanceMeters>
            <Extensions>
              <TPX xmlns="http://www.garmin.com/xmlschemas/ActivityExtension/v2">
                <Watts>195</Watts>
              </TPX>
            </Extensions>
          </Trackpoint>
          <Trackpoint>
            <Time>2010-10-19T21:10:45Z</Time>
            <AltitudeMeters>0.0</AltitudeMeters>
            <HeartRateBpm>
              <Value>0</Value>
            </HeartRateBpm>
            <Cadence>95</Cadence>
            <DistanceMeters>10634.31286</DistanceMeters>
            <Extensions>
              <TPX xmlns="http://www.garmin.com/xmlschemas/ActivityExtension/v2">
                <Watts>188</Watts>
              </TPX>
            </Extensions>
          </Trackpoint>
          <Trackpoint>
            <Time>2010-10-19T21:10:47Z</Time>
            <AltitudeMeters>0.0</AltitudeMeters>
            <HeartRateBpm>
              <Value>0</Value>
            </HeartRateBpm>
            <Cadence>92</Cadence>
            <DistanceMeters>10662.96381</DistanceMeters>
            <Extensions>
              <TPX xmlns="http://www.garmin.com/xmlschemas/ActivityExtension/v2">
                <Watts>179</Watts>
              </TPX>
            </Extensions>
          </Trackpoint>
          <Trackpoint>
            <Time>2010-10-19T21:10:49Z</Time>
            <AltitudeMeters>0.0</AltitudeMeters>
            <HeartRateBpm>
              <Value>0</Value>
            </HeartRateBpm>
            <Cadence>92</Cadence>
            <DistanceMeters>10691.44628</DistanceMeters>
            <Extensions>
              <TPX xmlns="http://www.garmin.com/xmlschemas/ActivityExtension/v2">
                <Watts>173</Watts>
              </TPX>
            </Extensions>
          </Trackpoint>
          <Trackpoint>
            <Time>2010-10-19T21:10:51Z</Time>
            <AltitudeMeters>0.0</AltitudeMeters>
            <HeartRateBpm>
              <Value>0</Value>
            </HeartRateBpm>
            <Cadence>94</Cadence>
            <DistanceMeters>10719.88906</DistanceMeters>
            <Extensions>
              <TPX xmlns="http://www.garmin.com/xmlschemas/ActivityExtension/v2">
                <Watts>180</Watts>
              </TPX>
            </Extensions>
          </Trackpoint>
          <Trackpoint>
            <Time>2010-10-19T21:10:53Z</Time>
            <AltitudeMeters>0.0</AltitudeMeters>
            <HeartRateBpm>
              <Value>0</Value>
            </HeartRateBpm>
            <Cadence>95</Cadence>
            <DistanceMeters>10748.31403</DistanceMeters>
            <Extensions>
              <TPX xmlns="http://www.garmin.com/xmlschemas/ActivityExtension/v2">
                <Watts>181</Watts>
              </TPX>
            </Extensions>
          </Trackpoint>
          <Trackpoint>
            <Time>2010-10-19T21:10:55Z</Time>
            <AltitudeMeters>0.0</AltitudeMeters>
            <HeartRateBpm>
              <Value>0</Value>
            </HeartRateBpm>
            <Cadence>95</Cadence>
            <DistanceMeters>10776.73827</DistanceMeters>
            <Extensions>
              <TPX xmlns="http://www.garmin.com/xmlschemas/ActivityExtension/v2">
                <Watts>182</Watts>
              </TPX>
            </Extensions>
          </Trackpoint>
          <Trackpoint>
            <Time>2010-10-19T21:10:57Z</Time>
            <AltitudeMeters>0.0</AltitudeMeters>
            <HeartRateBpm>
              <Value>0</Value>
            </HeartRateBpm>
            <Cadence>97</Cadence>
            <DistanceMeters>10805.25373</DistanceMeters>
            <Extensions>
              <TPX xmlns="http://www.garmin.com/xmlschemas/ActivityExtension/v2">
                <Watts>189</Watts>
              </TPX>
            </Extensions>
          </Trackpoint>
          <Trackpoint>
            <Time>2010-10-19T21:10:59Z</Time>
            <AltitudeMeters>0.0</AltitudeMeters>
            <HeartRateBpm>
              <Value>0</Value>
            </HeartRateBpm>
            <Cadence>96</Cadence>
            <DistanceMeters>10833.80078</DistanceMeters>
            <Extensions>
              <TPX xmlns="http://www.garmin.com/xmlschemas/ActivityExtension/v2">
                <Watts>186</Watts>
              </TPX>
            </Extensions>
          </Trackpoint>
          <Trackpoint>
            <Time>2010-10-19T21:11:01Z</Time>
            <AltitudeMeters>0.0</AltitudeMeters>
            <HeartRateBpm>
              <Value>0</Value>
            </HeartRateBpm>
            <Cadence>92</Cadence>
            <DistanceMeters>10862.34625</DistanceMeters>
            <Extensions>
              <TPX xmlns="http://www.garmin.com/xmlschemas/ActivityExtension/v2">
                <Watts>184</Watts>
              </TPX>
            </Extensions>
          </Trackpoint>
          <Trackpoint>
            <Time>2010-10-19T21:11:03Z</Time>
            <AltitudeMeters>0.0</AltitudeMeters>
            <HeartRateBpm>
              <Value>0</Value>
            </HeartRateBpm>
            <Cadence>93</Cadence>
            <DistanceMeters>10890.79879</DistanceMeters>
            <Extensions>
              <TPX xmlns="http://www.garmin.com/xmlschemas/ActivityExtension/v2">
                <Watts>177</Watts>
              </TPX>
            </Extensions>
          </Trackpoint>
          <Trackpoint>
            <Time>2010-10-19T21:11:05Z</Time>
            <AltitudeMeters>0.0</AltitudeMeters>
            <HeartRateBpm>
              <Value>0</Value>
            </HeartRateBpm>
            <Cadence>95</Cadence>
            <DistanceMeters>10919.23136</DistanceMeters>
            <Extensions>
              <TPX xmlns="http://www.garmin.com/xmlschemas/ActivityExtension/v2">
                <Watts>181</Watts>
              </TPX>
            </Extensions>
          </Trackpoint>
          <Trackpoint>
            <Time>2010-10-19T21:11:07Z</Time>
            <AltitudeMeters>0.0</AltitudeMeters>
            <HeartRateBpm>
              <Value>0</Value>
            </HeartRateBpm>
            <Cadence>97</Cadence>
            <DistanceMeters>10947.75329</DistanceMeters>
            <Extensions>
              <TPX xmlns="http://www.garmin.com/xmlschemas/ActivityExtension/v2">
                <Watts>189</Watts>
              </TPX>
            </Extensions>
          </Trackpoint>
          <Trackpoint>
            <Time>2010-10-19T21:11:09Z</Time>
            <AltitudeMeters>0.0</AltitudeMeters>
            <HeartRateBpm>
              <Value>0</Value>
            </HeartRateBpm>
            <Cadence>94</Cadence>
            <DistanceMeters>10976.25303</DistanceMeters>
            <Extensions>
              <TPX xmlns="http://www.garmin.com/xmlschemas/ActivityExtension/v2">
                <Watts>182</Watts>
              </TPX>
            </Extensions>
          </Trackpoint>
          <Trackpoint>
            <Time>2010-10-19T21:11:11Z</Time>
            <AltitudeMeters>0.0</AltitudeMeters>
            <HeartRateBpm>
              <Value>0</Value>
            </HeartRateBpm>
            <Cadence>94</Cadence>
            <DistanceMeters>11004.72237</DistanceMeters>
            <Extensions>
              <TPX xmlns="http://www.garmin.com/xmlschemas/ActivityExtension/v2">
                <Watts>181</Watts>
              </TPX>
            </Extensions>
          </Trackpoint>
          <Trackpoint>
            <Time>2010-10-19T21:11:13Z</Time>
            <AltitudeMeters>0.0</AltitudeMeters>
            <HeartRateBpm>
              <Value>0</Value>
            </HeartRateBpm>
            <Cadence>91</Cadence>
            <DistanceMeters>11033.08919</DistanceMeters>
            <Extensions>
              <TPX xmlns="http://www.garmin.com/xmlschemas/ActivityExtension/v2">
                <Watts>175</Watts>
              </TPX>
            </Extensions>
          </Trackpoint>
          <Trackpoint>
            <Time>2010-10-19T21:11:15Z</Time>
            <AltitudeMeters>0.0</AltitudeMeters>
            <HeartRateBpm>
              <Value>0</Value>
            </HeartRateBpm>
            <Cadence>90</Cadence>
            <DistanceMeters>11061.30985</DistanceMeters>
            <Extensions>
              <TPX xmlns="http://www.garmin.com/xmlschemas/ActivityExtension/v2">
                <Watts>170</Watts>
              </TPX>
            </Extensions>
          </Trackpoint>
          <Trackpoint>
            <Time>2010-10-19T21:11:17Z</Time>
            <AltitudeMeters>0.0</AltitudeMeters>
            <HeartRateBpm>
              <Value>0</Value>
            </HeartRateBpm>
            <Cadence>92</Cadence>
            <DistanceMeters>11089.40275</DistanceMeters>
            <Extensions>
              <TPX xmlns="http://www.garmin.com/xmlschemas/ActivityExtension/v2">
                <Watts>169</Watts>
              </TPX>
            </Extensions>
          </Trackpoint>
          <Trackpoint>
            <Time>2010-10-19T21:11:19Z</Time>
            <AltitudeMeters>0.0</AltitudeMeters>
            <HeartRateBpm>
              <Value>0</Value>
            </HeartRateBpm>
            <Cadence>93</Cadence>
            <DistanceMeters>11117.50203</DistanceMeters>
            <Extensions>
              <TPX xmlns="http://www.garmin.com/xmlschemas/ActivityExtension/v2">
                <Watts>177</Watts>
              </TPX>
            </Extensions>
          </Trackpoint>
          <Trackpoint>
            <Time>2010-10-19T21:11:21Z</Time>
            <AltitudeMeters>0.0</AltitudeMeters>
            <HeartRateBpm>
              <Value>0</Value>
            </HeartRateBpm>
            <Cadence>94</Cadence>
            <DistanceMeters>11145.60629</DistanceMeters>
            <Extensions>
              <TPX xmlns="http://www.garmin.com/xmlschemas/ActivityExtension/v2">
                <Watts>177</Watts>
              </TPX>
            </Extensions>
          </Trackpoint>
          <Trackpoint>
            <Time>2010-10-19T21:11:23Z</Time>
            <AltitudeMeters>0.0</AltitudeMeters>
            <HeartRateBpm>
              <Value>0</Value>
            </HeartRateBpm>
            <Cadence>102</Cadence>
            <DistanceMeters>11173.92615</DistanceMeters>
            <Extensions>
              <TPX xmlns="http://www.garmin.com/xmlschemas/ActivityExtension/v2">
                <Watts>193</Watts>
              </TPX>
            </Extensions>
          </Trackpoint>
          <Trackpoint>
            <Time>2010-10-19T21:11:25Z</Time>
            <AltitudeMeters>0.0</AltitudeMeters>
            <HeartRateBpm>
              <Value>0</Value>
            </HeartRateBpm>
            <Cadence>104</Cadence>
            <DistanceMeters>11202.56988</DistanceMeters>
            <Extensions>
              <TPX xmlns="http://www.garmin.com/xmlschemas/ActivityExtension/v2">
                <Watts>205</Watts>
              </TPX>
            </Extensions>
          </Trackpoint>
          <Trackpoint>
            <Time>2010-10-19T21:11:27Z</Time>
            <AltitudeMeters>0.0</AltitudeMeters>
            <HeartRateBpm>
              <Value>0</Value>
            </HeartRateBpm>
            <Cadence>106</Cadence>
            <DistanceMeters>11231.56635</DistanceMeters>
            <Extensions>
              <TPX xmlns="http://www.garmin.com/xmlschemas/ActivityExtension/v2">
                <Watts>213</Watts>
              </TPX>
            </Extensions>
          </Trackpoint>
          <Trackpoint>
            <Time>2010-10-19T21:11:29Z</Time>
            <AltitudeMeters>0.0</AltitudeMeters>
            <HeartRateBpm>
              <Value>0</Value>
            </HeartRateBpm>
            <Cadence>107</Cadence>
            <DistanceMeters>11260.97359</DistanceMeters>
            <Extensions>
              <TPX xmlns="http://www.garmin.com/xmlschemas/ActivityExtension/v2">
                <Watts>224</Watts>
              </TPX>
            </Extensions>
          </Trackpoint>
          <Trackpoint>
            <Time>2010-10-19T21:11:31Z</Time>
            <AltitudeMeters>0.0</AltitudeMeters>
            <HeartRateBpm>
              <Value>0</Value>
            </HeartRateBpm>
            <Cadence>108</Cadence>
            <DistanceMeters>11290.65695</DistanceMeters>
            <Extensions>
              <TPX xmlns="http://www.garmin.com/xmlschemas/ActivityExtension/v2">
                <Watts>221</Watts>
              </TPX>
            </Extensions>
          </Trackpoint>
          <Trackpoint>
            <Time>2010-10-19T21:11:33Z</Time>
            <AltitudeMeters>0.0</AltitudeMeters>
            <HeartRateBpm>
              <Value>0</Value>
            </HeartRateBpm>
            <Cadence>106</Cadence>
            <DistanceMeters>11320.55148</DistanceMeters>
            <Extensions>
              <TPX xmlns="http://www.garmin.com/xmlschemas/ActivityExtension/v2">
                <Watts>221</Watts>
              </TPX>
            </Extensions>
          </Trackpoint>
          <Trackpoint>
            <Time>2010-10-19T21:11:35Z</Time>
            <AltitudeMeters>0.0</AltitudeMeters>
            <HeartRateBpm>
              <Value>0</Value>
            </HeartRateBpm>
            <Cadence>103</Cadence>
            <DistanceMeters>11350.50798</DistanceMeters>
            <Extensions>
              <TPX xmlns="http://www.garmin.com/xmlschemas/ActivityExtension/v2">
                <Watts>213</Watts>
              </TPX>
            </Extensions>
          </Trackpoint>
          <Trackpoint>
            <Time>2010-10-19T21:11:37Z</Time>
            <AltitudeMeters>0.0</AltitudeMeters>
            <HeartRateBpm>
              <Value>0</Value>
            </HeartRateBpm>
            <Cadence>102</Cadence>
            <DistanceMeters>11380.44973</DistanceMeters>
            <Extensions>
              <TPX xmlns="http://www.garmin.com/xmlschemas/ActivityExtension/v2">
                <Watts>208</Watts>
              </TPX>
            </Extensions>
          </Trackpoint>
          <Trackpoint>
            <Time>2010-10-19T21:11:39Z</Time>
            <AltitudeMeters>0.0</AltitudeMeters>
            <HeartRateBpm>
              <Value>0</Value>
            </HeartRateBpm>
            <Cadence>103</Cadence>
            <DistanceMeters>11410.34271</DistanceMeters>
            <Extensions>
              <TPX xmlns="http://www.garmin.com/xmlschemas/ActivityExtension/v2">
                <Watts>205</Watts>
              </TPX>
            </Extensions>
          </Trackpoint>
          <Trackpoint>
            <Time>2010-10-19T21:11:41Z</Time>
            <AltitudeMeters>0.0</AltitudeMeters>
            <HeartRateBpm>
              <Value>0</Value>
            </HeartRateBpm>
            <Cadence>103</Cadence>
            <DistanceMeters>11440.24812</DistanceMeters>
            <Extensions>
              <TPX xmlns="http://www.garmin.com/xmlschemas/ActivityExtension/v2">
                <Watts>209</Watts>
              </TPX>
            </Extensions>
          </Trackpoint>
          <Trackpoint>
            <Time>2010-10-19T21:11:43Z</Time>
            <AltitudeMeters>0.0</AltitudeMeters>
            <HeartRateBpm>
              <Value>0</Value>
            </HeartRateBpm>
            <Cadence>103</Cadence>
            <DistanceMeters>11470.16308</DistanceMeters>
            <Extensions>
              <TPX xmlns="http://www.garmin.com/xmlschemas/ActivityExtension/v2">
                <Watts>209</Watts>
              </TPX>
            </Extensions>
          </Trackpoint>
          <Trackpoint>
            <Time>2010-10-19T21:11:45Z</Time>
            <AltitudeMeters>0.0</AltitudeMeters>
            <HeartRateBpm>
              <Value>0</Value>
            </HeartRateBpm>
            <Cadence>89</Cadence>
            <DistanceMeters>11500.04793</DistanceMeters>
            <Extensions>
              <TPX xmlns="http://www.garmin.com/xmlschemas/ActivityExtension/v2">
                <Watts>206</Watts>
              </TPX>
            </Extensions>
          </Trackpoint>
          <Trackpoint>
            <Time>2010-10-19T21:11:47Z</Time>
            <AltitudeMeters>0.0</AltitudeMeters>
            <HeartRateBpm>
              <Value>0</Value>
            </HeartRateBpm>
            <Cadence>101</Cadence>
            <DistanceMeters>11529.92211</DistanceMeters>
            <Extensions>
              <TPX xmlns="http://www.garmin.com/xmlschemas/ActivityExtension/v2">
                <Watts>207</Watts>
              </TPX>
            </Extensions>
          </Trackpoint>
          <Trackpoint>
            <Time>2010-10-19T21:11:49Z</Time>
            <AltitudeMeters>0.0</AltitudeMeters>
            <HeartRateBpm>
              <Value>0</Value>
            </HeartRateBpm>
            <Cadence>94</Cadence>
            <DistanceMeters>11559.72552</DistanceMeters>
            <Extensions>
              <TPX xmlns="http://www.garmin.com/xmlschemas/ActivityExtension/v2">
                <Watts>202</Watts>
              </TPX>
            </Extensions>
          </Trackpoint>
          <Trackpoint>
            <Time>2010-10-19T21:11:51Z</Time>
            <AltitudeMeters>0.0</AltitudeMeters>
            <HeartRateBpm>
              <Value>0</Value>
            </HeartRateBpm>
            <Cadence>109</Cadence>
            <DistanceMeters>11589.88565</DistanceMeters>
            <Extensions>
              <TPX xmlns="http://www.garmin.com/xmlschemas/ActivityExtension/v2">
                <Watts>235</Watts>
              </TPX>
            </Extensions>
          </Trackpoint>
          <Trackpoint>
            <Time>2010-10-19T21:11:53Z</Time>
            <AltitudeMeters>0.0</AltitudeMeters>
            <HeartRateBpm>
              <Value>0</Value>
            </HeartRateBpm>
            <Cadence>102</Cadence>
            <DistanceMeters>11620.42719</DistanceMeters>
            <Extensions>
              <TPX xmlns="http://www.garmin.com/xmlschemas/ActivityExtension/v2">
                <Watts>244</Watts>
              </TPX>
            </Extensions>
          </Trackpoint>
          <Trackpoint>
            <Time>2010-10-19T21:11:55Z</Time>
            <AltitudeMeters>0.0</AltitudeMeters>
            <HeartRateBpm>
              <Value>0</Value>
            </HeartRateBpm>
            <Cadence>102</Cadence>
            <DistanceMeters>11651.22123</DistanceMeters>
            <Extensions>
              <TPX xmlns="http://www.garmin.com/xmlschemas/ActivityExtension/v2">
                <Watts>241</Watts>
              </TPX>
            </Extensions>
          </Trackpoint>
          <Trackpoint>
            <Time>2010-10-19T21:11:57Z</Time>
            <AltitudeMeters>0.0</AltitudeMeters>
            <HeartRateBpm>
              <Value>0</Value>
            </HeartRateBpm>
            <Cadence>102</Cadence>
            <DistanceMeters>11682.19464</DistanceMeters>
            <Extensions>
              <TPX xmlns="http://www.garmin.com/xmlschemas/ActivityExtension/v2">
                <Watts>240</Watts>
              </TPX>
            </Extensions>
          </Trackpoint>
          <Trackpoint>
            <Time>2010-10-19T21:11:59Z</Time>
            <AltitudeMeters>0.0</AltitudeMeters>
            <HeartRateBpm>
              <Value>0</Value>
            </HeartRateBpm>
            <Cadence>102</Cadence>
            <DistanceMeters>11713.30405</DistanceMeters>
            <Extensions>
              <TPX xmlns="http://www.garmin.com/xmlschemas/ActivityExtension/v2">
                <Watts>240</Watts>
              </TPX>
            </Extensions>
          </Trackpoint>
          <Trackpoint>
            <Time>2010-10-19T21:12:01Z</Time>
            <AltitudeMeters>0.0</AltitudeMeters>
            <HeartRateBpm>
              <Value>0</Value>
            </HeartRateBpm>
            <Cadence>100</Cadence>
            <DistanceMeters>11744.50459</DistanceMeters>
            <Extensions>
              <TPX xmlns="http://www.garmin.com/xmlschemas/ActivityExtension/v2">
                <Watts>239</Watts>
              </TPX>
            </Extensions>
          </Trackpoint>
          <Trackpoint>
            <Time>2010-10-19T21:12:03Z</Time>
            <AltitudeMeters>0.0</AltitudeMeters>
            <HeartRateBpm>
              <Value>0</Value>
            </HeartRateBpm>
            <Cadence>100</Cadence>
            <DistanceMeters>11775.70253</DistanceMeters>
            <Extensions>
              <TPX xmlns="http://www.garmin.com/xmlschemas/ActivityExtension/v2">
                <Watts>233</Watts>
              </TPX>
            </Extensions>
          </Trackpoint>
          <Trackpoint>
            <Time>2010-10-19T21:12:05Z</Time>
            <AltitudeMeters>0.0</AltitudeMeters>
            <HeartRateBpm>
              <Value>0</Value>
            </HeartRateBpm>
            <Cadence>100</Cadence>
            <DistanceMeters>11806.89849</DistanceMeters>
            <Extensions>
              <TPX xmlns="http://www.garmin.com/xmlschemas/ActivityExtension/v2">
                <Watts>233</Watts>
              </TPX>
            </Extensions>
          </Trackpoint>
          <Trackpoint>
            <Time>2010-10-19T21:12:07Z</Time>
            <AltitudeMeters>0.0</AltitudeMeters>
            <HeartRateBpm>
              <Value>0</Value>
            </HeartRateBpm>
            <Cadence>90</Cadence>
            <DistanceMeters>11837.88883</DistanceMeters>
            <Extensions>
              <TPX xmlns="http://www.garmin.com/xmlschemas/ActivityExtension/v2">
                <Watts>216</Watts>
              </TPX>
            </Extensions>
          </Trackpoint>
          <Trackpoint>
            <Time>2010-10-19T21:12:09Z</Time>
            <AltitudeMeters>0.0</AltitudeMeters>
            <HeartRateBpm>
              <Value>0</Value>
            </HeartRateBpm>
            <Cadence>94</Cadence>
            <DistanceMeters>11868.86679</DistanceMeters>
            <Extensions>
              <TPX xmlns="http://www.garmin.com/xmlschemas/ActivityExtension/v2">
                <Watts>228</Watts>
              </TPX>
            </Extensions>
          </Trackpoint>
          <Trackpoint>
            <Time>2010-10-19T21:12:11Z</Time>
            <AltitudeMeters>0.0</AltitudeMeters>
            <HeartRateBpm>
              <Value>0</Value>
            </HeartRateBpm>
            <Cadence>81</Cadence>
            <DistanceMeters>11898.97967</DistanceMeters>
            <Extensions>
              <TPX xmlns="http://www.garmin.com/xmlschemas/ActivityExtension/v2">
                <Watts>158</Watts>
              </TPX>
            </Extensions>
          </Trackpoint>
          <Trackpoint>
            <Time>2010-10-19T21:12:13Z</Time>
            <AltitudeMeters>0.0</AltitudeMeters>
            <HeartRateBpm>
              <Value>0</Value>
            </HeartRateBpm>
            <Cadence>73</Cadence>
            <DistanceMeters>11927.72112</DistanceMeters>
            <Extensions>
              <TPX xmlns="http://www.garmin.com/xmlschemas/ActivityExtension/v2">
                <Watts>104</Watts>
              </TPX>
            </Extensions>
          </Trackpoint>
          <Trackpoint>
            <Time>2010-10-19T21:12:15Z</Time>
            <AltitudeMeters>0.0</AltitudeMeters>
            <HeartRateBpm>
              <Value>0</Value>
            </HeartRateBpm>
            <Cadence>81</Cadence>
            <DistanceMeters>11955.51910</DistanceMeters>
            <Extensions>
              <TPX xmlns="http://www.garmin.com/xmlschemas/ActivityExtension/v2">
                <Watts>116</Watts>
              </TPX>
            </Extensions>
          </Trackpoint>
          <Trackpoint>
            <Time>2010-10-19T21:12:17Z</Time>
            <AltitudeMeters>0.0</AltitudeMeters>
            <HeartRateBpm>
              <Value>0</Value>
            </HeartRateBpm>
            <Cadence>83</Cadence>
            <DistanceMeters>11982.32290</DistanceMeters>
            <Extensions>
              <TPX xmlns="http://www.garmin.com/xmlschemas/ActivityExtension/v2">
                <Watts>99</Watts>
              </TPX>
            </Extensions>
          </Trackpoint>
          <Trackpoint>
            <Time>2010-10-19T21:12:19Z</Time>
            <AltitudeMeters>0.0</AltitudeMeters>
            <HeartRateBpm>
              <Value>0</Value>
            </HeartRateBpm>
            <Cadence>86</Cadence>
            <DistanceMeters>12007.84014</DistanceMeters>
            <Extensions>
              <TPX xmlns="http://www.garmin.com/xmlschemas/ActivityExtension/v2">
                <Watts>66</Watts>
              </TPX>
            </Extensions>
          </Trackpoint>
          <Trackpoint>
            <Time>2010-10-19T21:12:21Z</Time>
            <AltitudeMeters>0.0</AltitudeMeters>
            <HeartRateBpm>
              <Value>0</Value>
            </HeartRateBpm>
            <Cadence>87</Cadence>
            <DistanceMeters>12033.59685</DistanceMeters>
            <Extensions>
              <TPX xmlns="http://www.garmin.com/xmlschemas/ActivityExtension/v2">
                <Watts>154</Watts>
              </TPX>
            </Extensions>
          </Trackpoint>
          <Trackpoint>
            <Time>2010-10-19T21:12:23Z</Time>
            <AltitudeMeters>0.0</AltitudeMeters>
            <HeartRateBpm>
              <Value>0</Value>
            </HeartRateBpm>
            <Cadence>85</Cadence>
            <DistanceMeters>12059.48526</DistanceMeters>
            <Extensions>
              <TPX xmlns="http://www.garmin.com/xmlschemas/ActivityExtension/v2">
                <Watts>150</Watts>
              </TPX>
            </Extensions>
          </Trackpoint>
          <Trackpoint>
            <Time>2010-10-19T21:12:25Z</Time>
            <AltitudeMeters>0.0</AltitudeMeters>
            <HeartRateBpm>
              <Value>0</Value>
            </HeartRateBpm>
            <Cadence>83</Cadence>
            <DistanceMeters>12085.34843</DistanceMeters>
            <Extensions>
              <TPX xmlns="http://www.garmin.com/xmlschemas/ActivityExtension/v2">
                <Watts>141</Watts>
              </TPX>
            </Extensions>
          </Trackpoint>
          <Trackpoint>
            <Time>2010-10-19T21:12:27Z</Time>
            <AltitudeMeters>0.0</AltitudeMeters>
            <HeartRateBpm>
              <Value>0</Value>
            </HeartRateBpm>
            <Cadence>79</Cadence>
            <DistanceMeters>12110.98846</DistanceMeters>
            <Extensions>
              <TPX xmlns="http://www.garmin.com/xmlschemas/ActivityExtension/v2">
                <Watts>127</Watts>
              </TPX>
            </Extensions>
          </Trackpoint>
          <Trackpoint>
            <Time>2010-10-19T21:12:29Z</Time>
            <AltitudeMeters>0.0</AltitudeMeters>
            <HeartRateBpm>
              <Value>0</Value>
            </HeartRateBpm>
            <Cadence>85</Cadence>
            <DistanceMeters>12136.75546</DistanceMeters>
            <Extensions>
              <TPX xmlns="http://www.garmin.com/xmlschemas/ActivityExtension/v2">
                <Watts>148</Watts>
              </TPX>
            </Extensions>
          </Trackpoint>
          <Trackpoint>
            <Time>2010-10-19T21:12:31Z</Time>
            <AltitudeMeters>0.0</AltitudeMeters>
            <HeartRateBpm>
              <Value>0</Value>
            </HeartRateBpm>
            <Cadence>85</Cadence>
            <DistanceMeters>12162.60873</DistanceMeters>
            <Extensions>
              <TPX xmlns="http://www.garmin.com/xmlschemas/ActivityExtension/v2">
                <Watts>147</Watts>
              </TPX>
            </Extensions>
          </Trackpoint>
          <Trackpoint>
            <Time>2010-10-19T21:12:33Z</Time>
            <AltitudeMeters>0.0</AltitudeMeters>
            <HeartRateBpm>
              <Value>0</Value>
            </HeartRateBpm>
            <Cadence>85</Cadence>
            <DistanceMeters>12188.53048</DistanceMeters>
            <Extensions>
              <TPX xmlns="http://www.garmin.com/xmlschemas/ActivityExtension/v2">
                <Watts>147</Watts>
              </TPX>
            </Extensions>
          </Trackpoint>
          <Trackpoint>
            <Time>2010-10-19T21:12:35Z</Time>
            <AltitudeMeters>0.0</AltitudeMeters>
            <HeartRateBpm>
              <Value>0</Value>
            </HeartRateBpm>
            <Cadence>84</Cadence>
            <DistanceMeters>12214.49219</DistanceMeters>
            <Extensions>
              <TPX xmlns="http://www.garmin.com/xmlschemas/ActivityExtension/v2">
                <Watts>146</Watts>
              </TPX>
            </Extensions>
          </Trackpoint>
          <Trackpoint>
            <Time>2010-10-19T21:12:37Z</Time>
            <AltitudeMeters>0.0</AltitudeMeters>
            <HeartRateBpm>
              <Value>0</Value>
            </HeartRateBpm>
            <Cadence>84</Cadence>
            <DistanceMeters>12240.47128</DistanceMeters>
            <Extensions>
              <TPX xmlns="http://www.garmin.com/xmlschemas/ActivityExtension/v2">
                <Watts>145</Watts>
              </TPX>
            </Extensions>
          </Trackpoint>
          <Trackpoint>
            <Time>2010-10-19T21:12:39Z</Time>
            <AltitudeMeters>0.0</AltitudeMeters>
            <HeartRateBpm>
              <Value>0</Value>
            </HeartRateBpm>
            <Cadence>83</Cadence>
            <DistanceMeters>12266.40665</DistanceMeters>
            <Extensions>
              <TPX xmlns="http://www.garmin.com/xmlschemas/ActivityExtension/v2">
                <Watts>141</Watts>
              </TPX>
            </Extensions>
          </Trackpoint>
          <Trackpoint>
            <Time>2010-10-19T21:12:41Z</Time>
            <AltitudeMeters>0.0</AltitudeMeters>
            <HeartRateBpm>
              <Value>0</Value>
            </HeartRateBpm>
            <Cadence>85</Cadence>
            <DistanceMeters>12292.22058</DistanceMeters>
            <Extensions>
              <TPX xmlns="http://www.garmin.com/xmlschemas/ActivityExtension/v2">
                <Watts>135</Watts>
              </TPX>
            </Extensions>
          </Trackpoint>
          <Trackpoint>
            <Time>2010-10-19T21:12:43Z</Time>
            <AltitudeMeters>0.0</AltitudeMeters>
            <HeartRateBpm>
              <Value>0</Value>
            </HeartRateBpm>
            <Cadence>87</Cadence>
            <DistanceMeters>12318.11111</DistanceMeters>
            <Extensions>
              <TPX xmlns="http://www.garmin.com/xmlschemas/ActivityExtension/v2">
                <Watts>147</Watts>
              </TPX>
            </Extensions>
          </Trackpoint>
          <Trackpoint>
            <Time>2010-10-19T21:12:45Z</Time>
            <AltitudeMeters>0.0</AltitudeMeters>
            <HeartRateBpm>
              <Value>0</Value>
            </HeartRateBpm>
            <Cadence>86</Cadence>
            <DistanceMeters>12344.11990</DistanceMeters>
            <Extensions>
              <TPX xmlns="http://www.garmin.com/xmlschemas/ActivityExtension/v2">
                <Watts>151</Watts>
              </TPX>
            </Extensions>
          </Trackpoint>
          <Trackpoint>
            <Time>2010-10-19T21:12:47Z</Time>
            <AltitudeMeters>0.0</AltitudeMeters>
            <HeartRateBpm>
              <Value>0</Value>
            </HeartRateBpm>
            <Cadence>87</Cadence>
            <DistanceMeters>12370.20804</DistanceMeters>
            <Extensions>
              <TPX xmlns="http://www.garmin.com/xmlschemas/ActivityExtension/v2">
                <Watts>150</Watts>
              </TPX>
            </Extensions>
          </Trackpoint>
          <Trackpoint>
            <Time>2010-10-19T21:12:49Z</Time>
            <AltitudeMeters>0.0</AltitudeMeters>
            <HeartRateBpm>
              <Value>0</Value>
            </HeartRateBpm>
            <Cadence>87</Cadence>
            <DistanceMeters>12396.35903</DistanceMeters>
            <Extensions>
              <TPX xmlns="http://www.garmin.com/xmlschemas/ActivityExtension/v2">
                <Watts>150</Watts>
              </TPX>
            </Extensions>
          </Trackpoint>
          <Trackpoint>
            <Time>2010-10-19T21:12:51Z</Time>
            <AltitudeMeters>0.0</AltitudeMeters>
            <HeartRateBpm>
              <Value>0</Value>
            </HeartRateBpm>
            <Cadence>84</Cadence>
            <DistanceMeters>12422.57408</DistanceMeters>
            <Extensions>
              <TPX xmlns="http://www.garmin.com/xmlschemas/ActivityExtension/v2">
                <Watts>151</Watts>
              </TPX>
            </Extensions>
          </Trackpoint>
          <Trackpoint>
            <Time>2010-10-19T21:12:53Z</Time>
            <AltitudeMeters>0.0</AltitudeMeters>
            <HeartRateBpm>
              <Value>0</Value>
            </HeartRateBpm>
            <Cadence>81</Cadence>
            <DistanceMeters>12448.69732</DistanceMeters>
            <Extensions>
              <TPX xmlns="http://www.garmin.com/xmlschemas/ActivityExtension/v2">
                <Watts>141</Watts>
              </TPX>
            </Extensions>
          </Trackpoint>
          <Trackpoint>
            <Time>2010-10-19T21:12:55Z</Time>
            <AltitudeMeters>0.0</AltitudeMeters>
            <HeartRateBpm>
              <Value>0</Value>
            </HeartRateBpm>
            <Cadence>88</Cadence>
            <DistanceMeters>12474.97577</DistanceMeters>
            <Extensions>
              <TPX xmlns="http://www.garmin.com/xmlschemas/ActivityExtension/v2">
                <Watts>157</Watts>
              </TPX>
            </Extensions>
          </Trackpoint>
          <Trackpoint>
            <Time>2010-10-19T21:12:57Z</Time>
            <AltitudeMeters>0.0</AltitudeMeters>
            <HeartRateBpm>
              <Value>0</Value>
            </HeartRateBpm>
            <Cadence>87</Cadence>
            <DistanceMeters>12501.34842</DistanceMeters>
            <Extensions>
              <TPX xmlns="http://www.garmin.com/xmlschemas/ActivityExtension/v2">
                <Watts>155</Watts>
              </TPX>
            </Extensions>
          </Trackpoint>
          <Trackpoint>
            <Time>2010-10-19T21:12:59Z</Time>
            <AltitudeMeters>0.0</AltitudeMeters>
            <HeartRateBpm>
              <Value>0</Value>
            </HeartRateBpm>
            <Cadence>86</Cadence>
            <DistanceMeters>12527.76725</DistanceMeters>
            <Extensions>
              <TPX xmlns="http://www.garmin.com/xmlschemas/ActivityExtension/v2">
                <Watts>153</Watts>
              </TPX>
            </Extensions>
          </Trackpoint>
          <Trackpoint>
            <Time>2010-10-19T21:13:01Z</Time>
            <AltitudeMeters>0.0</AltitudeMeters>
            <HeartRateBpm>
              <Value>0</Value>
            </HeartRateBpm>
            <Cadence>84</Cadence>
            <DistanceMeters>12554.08111</DistanceMeters>
            <Extensions>
              <TPX xmlns="http://www.garmin.com/xmlschemas/ActivityExtension/v2">
                <Watts>143</Watts>
              </TPX>
            </Extensions>
          </Trackpoint>
          <Trackpoint>
            <Time>2010-10-19T21:13:03Z</Time>
            <AltitudeMeters>0.0</AltitudeMeters>
            <HeartRateBpm>
              <Value>0</Value>
            </HeartRateBpm>
            <Cadence>82</Cadence>
            <DistanceMeters>12580.29727</DistanceMeters>
            <Extensions>
              <TPX xmlns="http://www.garmin.com/xmlschemas/ActivityExtension/v2">
                <Watts>142</Watts>
              </TPX>
            </Extensions>
          </Trackpoint>
          <Trackpoint>
            <Time>2010-10-19T21:13:05Z</Time>
            <AltitudeMeters>0.0</AltitudeMeters>
            <HeartRateBpm>
              <Value>0</Value>
            </HeartRateBpm>
            <Cadence>85</Cadence>
            <DistanceMeters>12606.43569</DistanceMeters>
            <Extensions>
              <TPX xmlns="http://www.garmin.com/xmlschemas/ActivityExtension/v2">
                <Watts>142</Watts>
              </TPX>
            </Extensions>
          </Trackpoint>
          <Trackpoint>
            <Time>2010-10-19T21:13:07Z</Time>
            <AltitudeMeters>0.0</AltitudeMeters>
            <HeartRateBpm>
              <Value>0</Value>
            </HeartRateBpm>
            <Cadence>86</Cadence>
            <DistanceMeters>12632.58373</DistanceMeters>
            <Extensions>
              <TPX xmlns="http://www.garmin.com/xmlschemas/ActivityExtension/v2">
                <Watts>147</Watts>
              </TPX>
            </Extensions>
          </Trackpoint>
          <Trackpoint>
            <Time>2010-10-19T21:13:09Z</Time>
            <AltitudeMeters>0.0</AltitudeMeters>
            <HeartRateBpm>
              <Value>0</Value>
            </HeartRateBpm>
            <Cadence>86</Cadence>
            <DistanceMeters>12658.76794</DistanceMeters>
            <Extensions>
              <TPX xmlns="http://www.garmin.com/xmlschemas/ActivityExtension/v2">
                <Watts>149</Watts>
              </TPX>
            </Extensions>
          </Trackpoint>
          <Trackpoint>
            <Time>2010-10-19T21:13:11Z</Time>
            <AltitudeMeters>0.0</AltitudeMeters>
            <HeartRateBpm>
              <Value>0</Value>
            </HeartRateBpm>
            <Cadence>83</Cadence>
            <DistanceMeters>12684.98081</DistanceMeters>
            <Extensions>
              <TPX xmlns="http://www.garmin.com/xmlschemas/ActivityExtension/v2">
                <Watts>149</Watts>
              </TPX>
            </Extensions>
          </Trackpoint>
          <Trackpoint>
            <Time>2010-10-19T21:13:13Z</Time>
            <AltitudeMeters>0.0</AltitudeMeters>
            <HeartRateBpm>
              <Value>0</Value>
            </HeartRateBpm>
            <Cadence>84</Cadence>
            <DistanceMeters>12711.10233</DistanceMeters>
            <Extensions>
              <TPX xmlns="http://www.garmin.com/xmlschemas/ActivityExtension/v2">
                <Watts>141</Watts>
              </TPX>
            </Extensions>
          </Trackpoint>
          <Trackpoint>
            <Time>2010-10-19T21:13:15Z</Time>
            <AltitudeMeters>0.0</AltitudeMeters>
            <HeartRateBpm>
              <Value>0</Value>
            </HeartRateBpm>
            <Cadence>84</Cadence>
            <DistanceMeters>12737.19406</DistanceMeters>
            <Extensions>
              <TPX xmlns="http://www.garmin.com/xmlschemas/ActivityExtension/v2">
                <Watts>144</Watts>
              </TPX>
            </Extensions>
          </Trackpoint>
          <Trackpoint>
            <Time>2010-10-19T21:13:17Z</Time>
            <AltitudeMeters>0.0</AltitudeMeters>
            <HeartRateBpm>
              <Value>0</Value>
            </HeartRateBpm>
            <Cadence>87</Cadence>
            <DistanceMeters>12763.34792</DistanceMeters>
            <Extensions>
              <TPX xmlns="http://www.garmin.com/xmlschemas/ActivityExtension/v2">
                <Watts>150</Watts>
              </TPX>
            </Extensions>
          </Trackpoint>
          <Trackpoint>
            <Time>2010-10-19T21:13:19Z</Time>
            <AltitudeMeters>0.0</AltitudeMeters>
            <HeartRateBpm>
              <Value>0</Value>
            </HeartRateBpm>
            <Cadence>87</Cadence>
            <DistanceMeters>12789.56522</DistanceMeters>
            <Extensions>
              <TPX xmlns="http://www.garmin.com/xmlschemas/ActivityExtension/v2">
                <Watts>151</Watts>
              </TPX>
            </Extensions>
          </Trackpoint>
          <Trackpoint>
            <Time>2010-10-19T21:13:21Z</Time>
            <AltitudeMeters>0.0</AltitudeMeters>
            <HeartRateBpm>
              <Value>0</Value>
            </HeartRateBpm>
            <Cadence>86</Cadence>
            <DistanceMeters>12815.84699</DistanceMeters>
            <Extensions>
              <TPX xmlns="http://www.garmin.com/xmlschemas/ActivityExtension/v2">
                <Watts>152</Watts>
              </TPX>
            </Extensions>
          </Trackpoint>
          <Trackpoint>
            <Time>2010-10-19T21:13:23Z</Time>
            <AltitudeMeters>0.0</AltitudeMeters>
            <HeartRateBpm>
              <Value>0</Value>
            </HeartRateBpm>
            <Cadence>79</Cadence>
            <DistanceMeters>12841.77976</DistanceMeters>
            <Extensions>
              <TPX xmlns="http://www.garmin.com/xmlschemas/ActivityExtension/v2">
                <Watts>124</Watts>
              </TPX>
            </Extensions>
          </Trackpoint>
          <Trackpoint>
            <Time>2010-10-19T21:13:25Z</Time>
            <AltitudeMeters>0.0</AltitudeMeters>
            <HeartRateBpm>
              <Value>0</Value>
            </HeartRateBpm>
            <Cadence>86</Cadence>
            <DistanceMeters>12867.87929</DistanceMeters>
            <Extensions>
              <TPX xmlns="http://www.garmin.com/xmlschemas/ActivityExtension/v2">
                <Watts>155</Watts>
              </TPX>
            </Extensions>
          </Trackpoint>
          <Trackpoint>
            <Time>2010-10-19T21:13:27Z</Time>
            <AltitudeMeters>0.0</AltitudeMeters>
            <HeartRateBpm>
              <Value>0</Value>
            </HeartRateBpm>
            <Cadence>85</Cadence>
            <DistanceMeters>12894.01075</DistanceMeters>
            <Extensions>
              <TPX xmlns="http://www.garmin.com/xmlschemas/ActivityExtension/v2">
                <Watts>148</Watts>
              </TPX>
            </Extensions>
          </Trackpoint>
          <Trackpoint>
            <Time>2010-10-19T21:13:29Z</Time>
            <AltitudeMeters>0.0</AltitudeMeters>
            <HeartRateBpm>
              <Value>0</Value>
            </HeartRateBpm>
            <Cadence>83</Cadence>
            <DistanceMeters>12920.12470</DistanceMeters>
            <Extensions>
              <TPX xmlns="http://www.garmin.com/xmlschemas/ActivityExtension/v2">
                <Watts>145</Watts>
              </TPX>
            </Extensions>
          </Trackpoint>
          <Trackpoint>
            <Time>2010-10-19T21:13:31Z</Time>
            <AltitudeMeters>0.0</AltitudeMeters>
            <HeartRateBpm>
              <Value>0</Value>
            </HeartRateBpm>
            <Cadence>84</Cadence>
            <DistanceMeters>12946.16745</DistanceMeters>
            <Extensions>
              <TPX xmlns="http://www.garmin.com/xmlschemas/ActivityExtension/v2">
                <Watts>141</Watts>
              </TPX>
            </Extensions>
          </Trackpoint>
          <Trackpoint>
            <Time>2010-10-19T21:13:33Z</Time>
            <AltitudeMeters>0.0</AltitudeMeters>
            <HeartRateBpm>
              <Value>0</Value>
            </HeartRateBpm>
            <Cadence>82</Cadence>
            <DistanceMeters>12972.13914</DistanceMeters>
            <Extensions>
              <TPX xmlns="http://www.garmin.com/xmlschemas/ActivityExtension/v2">
                <Watts>140</Watts>
              </TPX>
            </Extensions>
          </Trackpoint>
          <Trackpoint>
            <Time>2010-10-19T21:13:35Z</Time>
            <AltitudeMeters>0.0</AltitudeMeters>
            <HeartRateBpm>
              <Value>0</Value>
            </HeartRateBpm>
            <Cadence>83</Cadence>
            <DistanceMeters>12998.08302</DistanceMeters>
            <Extensions>
              <TPX xmlns="http://www.garmin.com/xmlschemas/ActivityExtension/v2">
                <Watts>142</Watts>
              </TPX>
            </Extensions>
          </Trackpoint>
          <Trackpoint>
            <Time>2010-10-19T21:13:37Z</Time>
            <AltitudeMeters>0.0</AltitudeMeters>
            <HeartRateBpm>
              <Value>0</Value>
            </HeartRateBpm>
            <Cadence>83</Cadence>
            <DistanceMeters>13023.93266</DistanceMeters>
            <Extensions>
              <TPX xmlns="http://www.garmin.com/xmlschemas/ActivityExtension/v2">
                <Watts>137</Watts>
              </TPX>
            </Extensions>
          </Trackpoint>
          <Trackpoint>
            <Time>2010-10-19T21:13:39Z</Time>
            <AltitudeMeters>0.0</AltitudeMeters>
            <HeartRateBpm>
              <Value>0</Value>
            </HeartRateBpm>
            <Cadence>83</Cadence>
            <DistanceMeters>13049.72156</DistanceMeters>
            <Extensions>
              <TPX xmlns="http://www.garmin.com/xmlschemas/ActivityExtension/v2">
                <Watts>138</Watts>
              </TPX>
            </Extensions>
          </Trackpoint>
          <Trackpoint>
            <Time>2010-10-19T21:13:41Z</Time>
            <AltitudeMeters>0.0</AltitudeMeters>
            <HeartRateBpm>
              <Value>0</Value>
            </HeartRateBpm>
            <Cadence>83</Cadence>
            <DistanceMeters>13075.47652</DistanceMeters>
            <Extensions>
              <TPX xmlns="http://www.garmin.com/xmlschemas/ActivityExtension/v2">
                <Watts>139</Watts>
              </TPX>
            </Extensions>
          </Trackpoint>
          <Trackpoint>
            <Time>2010-10-19T21:13:43Z</Time>
            <AltitudeMeters>0.0</AltitudeMeters>
            <HeartRateBpm>
              <Value>0</Value>
            </HeartRateBpm>
            <Cadence>84</Cadence>
            <DistanceMeters>13101.18990</DistanceMeters>
            <Extensions>
              <TPX xmlns="http://www.garmin.com/xmlschemas/ActivityExtension/v2">
                <Watts>138</Watts>
              </TPX>
            </Extensions>
          </Trackpoint>
          <Trackpoint>
            <Time>2010-10-19T21:13:45Z</Time>
            <AltitudeMeters>0.0</AltitudeMeters>
            <HeartRateBpm>
              <Value>0</Value>
            </HeartRateBpm>
            <Cadence>84</Cadence>
            <DistanceMeters>13126.89918</DistanceMeters>
            <Extensions>
              <TPX xmlns="http://www.garmin.com/xmlschemas/ActivityExtension/v2">
                <Watts>140</Watts>
              </TPX>
            </Extensions>
          </Trackpoint>
          <Trackpoint>
            <Time>2010-10-19T21:13:47Z</Time>
            <AltitudeMeters>0.0</AltitudeMeters>
            <HeartRateBpm>
              <Value>0</Value>
            </HeartRateBpm>
            <Cadence>86</Cadence>
            <DistanceMeters>13152.67769</DistanceMeters>
            <Extensions>
              <TPX xmlns="http://www.garmin.com/xmlschemas/ActivityExtension/v2">
                <Watts>145</Watts>
              </TPX>
            </Extensions>
          </Trackpoint>
          <Trackpoint>
            <Time>2010-10-19T21:13:49Z</Time>
            <AltitudeMeters>0.0</AltitudeMeters>
            <HeartRateBpm>
              <Value>0</Value>
            </HeartRateBpm>
            <Cadence>88</Cadence>
            <DistanceMeters>13178.54011</DistanceMeters>
            <Extensions>
              <TPX xmlns="http://www.garmin.com/xmlschemas/ActivityExtension/v2">
                <Watts>147</Watts>
              </TPX>
            </Extensions>
          </Trackpoint>
          <Trackpoint>
            <Time>2010-10-19T21:13:51Z</Time>
            <AltitudeMeters>0.0</AltitudeMeters>
            <HeartRateBpm>
              <Value>0</Value>
            </HeartRateBpm>
            <Cadence>87</Cadence>
            <DistanceMeters>13204.56970</DistanceMeters>
            <Extensions>
              <TPX xmlns="http://www.garmin.com/xmlschemas/ActivityExtension/v2">
                <Watts>154</Watts>
              </TPX>
            </Extensions>
          </Trackpoint>
          <Trackpoint>
            <Time>2010-10-19T21:13:53Z</Time>
            <AltitudeMeters>0.0</AltitudeMeters>
            <HeartRateBpm>
              <Value>0</Value>
            </HeartRateBpm>
            <Cadence>86</Cadence>
            <DistanceMeters>13230.63137</DistanceMeters>
            <Extensions>
              <TPX xmlns="http://www.garmin.com/xmlschemas/ActivityExtension/v2">
                <Watts>147</Watts>
              </TPX>
            </Extensions>
          </Trackpoint>
          <Trackpoint>
            <Time>2010-10-19T21:13:55Z</Time>
            <AltitudeMeters>0.0</AltitudeMeters>
            <HeartRateBpm>
              <Value>0</Value>
            </HeartRateBpm>
            <Cadence>85</Cadence>
            <DistanceMeters>13256.73282</DistanceMeters>
            <Extensions>
              <TPX xmlns="http://www.garmin.com/xmlschemas/ActivityExtension/v2">
                <Watts>148</Watts>
              </TPX>
            </Extensions>
          </Trackpoint>
          <Trackpoint>
            <Time>2010-10-19T21:13:57Z</Time>
            <AltitudeMeters>0.0</AltitudeMeters>
            <HeartRateBpm>
              <Value>0</Value>
            </HeartRateBpm>
            <Cadence>82</Cadence>
            <DistanceMeters>13282.65064</DistanceMeters>
            <Extensions>
              <TPX xmlns="http://www.garmin.com/xmlschemas/ActivityExtension/v2">
                <Watts>133</Watts>
              </TPX>
            </Extensions>
          </Trackpoint>
          <Trackpoint>
            <Time>2010-10-19T21:13:59Z</Time>
            <AltitudeMeters>0.0</AltitudeMeters>
            <HeartRateBpm>
              <Value>0</Value>
            </HeartRateBpm>
            <Cadence>89</Cadence>
            <DistanceMeters>13308.75265</DistanceMeters>
            <Extensions>
              <TPX xmlns="http://www.garmin.com/xmlschemas/ActivityExtension/v2">
                <Watts>156</Watts>
              </TPX>
            </Extensions>
          </Trackpoint>
          <Trackpoint>
            <Time>2010-10-19T21:14:01Z</Time>
            <AltitudeMeters>0.0</AltitudeMeters>
            <HeartRateBpm>
              <Value>0</Value>
            </HeartRateBpm>
            <Cadence>89</Cadence>
            <DistanceMeters>13335.00012</DistanceMeters>
            <Extensions>
              <TPX xmlns="http://www.garmin.com/xmlschemas/ActivityExtension/v2">
                <Watts>156</Watts>
              </TPX>
            </Extensions>
          </Trackpoint>
          <Trackpoint>
            <Time>2010-10-19T21:14:03Z</Time>
            <AltitudeMeters>0.0</AltitudeMeters>
            <HeartRateBpm>
              <Value>0</Value>
            </HeartRateBpm>
            <Cadence>87</Cadence>
            <DistanceMeters>13361.36246</DistanceMeters>
            <Extensions>
              <TPX xmlns="http://www.garmin.com/xmlschemas/ActivityExtension/v2">
                <Watts>156</Watts>
              </TPX>
            </Extensions>
          </Trackpoint>
          <Trackpoint>
            <Time>2010-10-19T21:14:05Z</Time>
            <AltitudeMeters>0.0</AltitudeMeters>
            <HeartRateBpm>
              <Value>0</Value>
            </HeartRateBpm>
            <Cadence>82</Cadence>
            <DistanceMeters>13387.51747</DistanceMeters>
            <Extensions>
              <TPX xmlns="http://www.garmin.com/xmlschemas/ActivityExtension/v2">
                <Watts>135</Watts>
              </TPX>
            </Extensions>
          </Trackpoint>
          <Trackpoint>
            <Time>2010-10-19T21:14:07Z</Time>
            <AltitudeMeters>0.0</AltitudeMeters>
            <HeartRateBpm>
              <Value>0</Value>
            </HeartRateBpm>
            <Cadence>90</Cadence>
            <DistanceMeters>13413.50687</DistanceMeters>
            <Extensions>
              <TPX xmlns="http://www.garmin.com/xmlschemas/ActivityExtension/v2">
                <Watts>135</Watts>
              </TPX>
            </Extensions>
          </Trackpoint>
          <Trackpoint>
            <Time>2010-10-19T21:14:09Z</Time>
            <AltitudeMeters>0.0</AltitudeMeters>
            <HeartRateBpm>
              <Value>0</Value>
            </HeartRateBpm>
            <Cadence>90</Cadence>
            <DistanceMeters>13439.70818</DistanceMeters>
            <Extensions>
              <TPX xmlns="http://www.garmin.com/xmlschemas/ActivityExtension/v2">
                <Watts>159</Watts>
              </TPX>
            </Extensions>
          </Trackpoint>
          <Trackpoint>
            <Time>2010-10-19T21:14:11Z</Time>
            <AltitudeMeters>0.0</AltitudeMeters>
            <HeartRateBpm>
              <Value>0</Value>
            </HeartRateBpm>
            <Cadence>91</Cadence>
            <DistanceMeters>13466.07658</DistanceMeters>
            <Extensions>
              <TPX xmlns="http://www.garmin.com/xmlschemas/ActivityExtension/v2">
                <Watts>159</Watts>
              </TPX>
            </Extensions>
          </Trackpoint>
          <Trackpoint>
            <Time>2010-10-19T21:14:13Z</Time>
            <AltitudeMeters>0.0</AltitudeMeters>
            <HeartRateBpm>
              <Value>0</Value>
            </HeartRateBpm>
            <Cadence>88</Cadence>
            <DistanceMeters>13492.60487</DistanceMeters>
            <Extensions>
              <TPX xmlns="http://www.garmin.com/xmlschemas/ActivityExtension/v2">
                <Watts>161</Watts>
              </TPX>
            </Extensions>
          </Trackpoint>
          <Trackpoint>
            <Time>2010-10-19T21:14:15Z</Time>
            <AltitudeMeters>0.0</AltitudeMeters>
            <HeartRateBpm>
              <Value>0</Value>
            </HeartRateBpm>
            <Cadence>88</Cadence>
            <DistanceMeters>13519.14680</DistanceMeters>
            <Extensions>
              <TPX xmlns="http://www.garmin.com/xmlschemas/ActivityExtension/v2">
                <Watts>153</Watts>
              </TPX>
            </Extensions>
          </Trackpoint>
          <Trackpoint>
            <Time>2010-10-19T21:14:17Z</Time>
            <AltitudeMeters>0.0</AltitudeMeters>
            <HeartRateBpm>
              <Value>0</Value>
            </HeartRateBpm>
            <Cadence>88</Cadence>
            <DistanceMeters>13545.69951</DistanceMeters>
            <Extensions>
              <TPX xmlns="http://www.garmin.com/xmlschemas/ActivityExtension/v2">
                <Watts>153</Watts>
              </TPX>
            </Extensions>
          </Trackpoint>
          <Trackpoint>
            <Time>2010-10-19T21:14:19Z</Time>
            <AltitudeMeters>0.0</AltitudeMeters>
            <HeartRateBpm>
              <Value>0</Value>
            </HeartRateBpm>
            <Cadence>88</Cadence>
            <DistanceMeters>13572.34496</DistanceMeters>
            <Extensions>
              <TPX xmlns="http://www.garmin.com/xmlschemas/ActivityExtension/v2">
                <Watts>159</Watts>
              </TPX>
            </Extensions>
          </Trackpoint>
          <Trackpoint>
            <Time>2010-10-19T21:14:21Z</Time>
            <AltitudeMeters>0.0</AltitudeMeters>
            <HeartRateBpm>
              <Value>0</Value>
            </HeartRateBpm>
            <Cadence>88</Cadence>
            <DistanceMeters>13598.97953</DistanceMeters>
            <Extensions>
              <TPX xmlns="http://www.garmin.com/xmlschemas/ActivityExtension/v2">
                <Watts>153</Watts>
              </TPX>
            </Extensions>
          </Trackpoint>
          <Trackpoint>
            <Time>2010-10-19T21:14:23Z</Time>
            <AltitudeMeters>0.0</AltitudeMeters>
            <HeartRateBpm>
              <Value>0</Value>
            </HeartRateBpm>
            <Cadence>88</Cadence>
            <DistanceMeters>13625.61954</DistanceMeters>
            <Extensions>
              <TPX xmlns="http://www.garmin.com/xmlschemas/ActivityExtension/v2">
                <Watts>154</Watts>
              </TPX>
            </Extensions>
          </Trackpoint>
          <Trackpoint>
            <Time>2010-10-19T21:14:25Z</Time>
            <AltitudeMeters>0.0</AltitudeMeters>
            <HeartRateBpm>
              <Value>0</Value>
            </HeartRateBpm>
            <Cadence>89</Cadence>
            <DistanceMeters>13652.34777</DistanceMeters>
            <Extensions>
              <TPX xmlns="http://www.garmin.com/xmlschemas/ActivityExtension/v2">
                <Watts>160</Watts>
              </TPX>
            </Extensions>
          </Trackpoint>
          <Trackpoint>
            <Time>2010-10-19T21:14:27Z</Time>
            <AltitudeMeters>0.0</AltitudeMeters>
            <HeartRateBpm>
              <Value>0</Value>
            </HeartRateBpm>
            <Cadence>89</Cadence>
            <DistanceMeters>13679.06180</DistanceMeters>
            <Extensions>
              <TPX xmlns="http://www.garmin.com/xmlschemas/ActivityExtension/v2">
                <Watts>154</Watts>
              </TPX>
            </Extensions>
          </Trackpoint>
          <Trackpoint>
            <Time>2010-10-19T21:14:29Z</Time>
            <AltitudeMeters>0.0</AltitudeMeters>
            <HeartRateBpm>
              <Value>0</Value>
            </HeartRateBpm>
            <Cadence>94</Cadence>
            <DistanceMeters>13706.01507</DistanceMeters>
            <Extensions>
              <TPX xmlns="http://www.garmin.com/xmlschemas/ActivityExtension/v2">
                <Watts>172</Watts>
              </TPX>
            </Extensions>
          </Trackpoint>
          <Trackpoint>
            <Time>2010-10-19T21:14:31Z</Time>
            <AltitudeMeters>0.0</AltitudeMeters>
            <HeartRateBpm>
              <Value>0</Value>
            </HeartRateBpm>
            <Cadence>94</Cadence>
            <DistanceMeters>13733.14193</DistanceMeters>
            <Extensions>
              <TPX xmlns="http://www.garmin.com/xmlschemas/ActivityExtension/v2">
                <Watts>171</Watts>
              </TPX>
            </Extensions>
          </Trackpoint>
          <Trackpoint>
            <Time>2010-10-19T21:14:33Z</Time>
            <AltitudeMeters>0.0</AltitudeMeters>
            <HeartRateBpm>
              <Value>0</Value>
            </HeartRateBpm>
            <Cadence>92</Cadence>
            <DistanceMeters>13760.39108</DistanceMeters>
            <Extensions>
              <TPX xmlns="http://www.garmin.com/xmlschemas/ActivityExtension/v2">
                <Watts>170</Watts>
              </TPX>
            </Extensions>
          </Trackpoint>
          <Trackpoint>
            <Time>2010-10-19T21:14:35Z</Time>
            <AltitudeMeters>0.0</AltitudeMeters>
            <HeartRateBpm>
              <Value>0</Value>
            </HeartRateBpm>
            <Cadence>94</Cadence>
            <DistanceMeters>13787.73608</DistanceMeters>
            <Extensions>
              <TPX xmlns="http://www.garmin.com/xmlschemas/ActivityExtension/v2">
                <Watts>170</Watts>
              </TPX>
            </Extensions>
          </Trackpoint>
          <Trackpoint>
            <Time>2010-10-19T21:14:37Z</Time>
            <AltitudeMeters>0.0</AltitudeMeters>
            <HeartRateBpm>
              <Value>0</Value>
            </HeartRateBpm>
            <Cadence>94</Cadence>
            <DistanceMeters>13815.14258</DistanceMeters>
            <Extensions>
              <TPX xmlns="http://www.garmin.com/xmlschemas/ActivityExtension/v2">
                <Watts>169</Watts>
              </TPX>
            </Extensions>
          </Trackpoint>
          <Trackpoint>
            <Time>2010-10-19T21:14:39Z</Time>
            <AltitudeMeters>0.0</AltitudeMeters>
            <HeartRateBpm>
              <Value>0</Value>
            </HeartRateBpm>
            <Cadence>95</Cadence>
            <DistanceMeters>13842.62449</DistanceMeters>
            <Extensions>
              <TPX xmlns="http://www.garmin.com/xmlschemas/ActivityExtension/v2">
                <Watts>171</Watts>
              </TPX>
            </Extensions>
          </Trackpoint>
          <Trackpoint>
            <Time>2010-10-19T21:14:41Z</Time>
            <AltitudeMeters>0.0</AltitudeMeters>
            <HeartRateBpm>
              <Value>0</Value>
            </HeartRateBpm>
            <Cadence>93</Cadence>
            <DistanceMeters>13870.11118</DistanceMeters>
            <Extensions>
              <TPX xmlns="http://www.garmin.com/xmlschemas/ActivityExtension/v2">
                <Watts>167</Watts>
              </TPX>
            </Extensions>
          </Trackpoint>
          <Trackpoint>
            <Time>2010-10-19T21:14:43Z</Time>
            <AltitudeMeters>0.0</AltitudeMeters>
            <HeartRateBpm>
              <Value>0</Value>
            </HeartRateBpm>
            <Cadence>90</Cadence>
            <DistanceMeters>13897.47915</DistanceMeters>
            <Extensions>
              <TPX xmlns="http://www.garmin.com/xmlschemas/ActivityExtension/v2">
                <Watts>158</Watts>
              </TPX>
            </Extensions>
          </Trackpoint>
          <Trackpoint>
            <Time>2010-10-19T21:14:45Z</Time>
            <AltitudeMeters>0.0</AltitudeMeters>
            <HeartRateBpm>
              <Value>0</Value>
            </HeartRateBpm>
            <Cadence>88</Cadence>
            <DistanceMeters>13924.73981</DistanceMeters>
            <Extensions>
              <TPX xmlns="http://www.garmin.com/xmlschemas/ActivityExtension/v2">
                <Watts>157</Watts>
              </TPX>
            </Extensions>
          </Trackpoint>
          <Trackpoint>
            <Time>2010-10-19T21:14:47Z</Time>
            <AltitudeMeters>0.0</AltitudeMeters>
            <HeartRateBpm>
              <Value>0</Value>
            </HeartRateBpm>
            <Cadence>90</Cadence>
            <DistanceMeters>13951.84706</DistanceMeters>
            <Extensions>
              <TPX xmlns="http://www.garmin.com/xmlschemas/ActivityExtension/v2">
                <Watts>152</Watts>
              </TPX>
            </Extensions>
          </Trackpoint>
          <Trackpoint>
            <Time>2010-10-19T21:14:49Z</Time>
            <AltitudeMeters>0.0</AltitudeMeters>
            <HeartRateBpm>
              <Value>0</Value>
            </HeartRateBpm>
            <Cadence>93</Cadence>
            <DistanceMeters>13978.91585</DistanceMeters>
            <Extensions>
              <TPX xmlns="http://www.garmin.com/xmlschemas/ActivityExtension/v2">
                <Watts>158</Watts>
              </TPX>
            </Extensions>
          </Trackpoint>
          <Trackpoint>
            <Time>2010-10-19T21:14:51Z</Time>
            <AltitudeMeters>0.0</AltitudeMeters>
            <HeartRateBpm>
              <Value>0</Value>
            </HeartRateBpm>
            <Cadence>95</Cadence>
            <DistanceMeters>14006.32456</DistanceMeters>
            <Extensions>
              <TPX xmlns="http://www.garmin.com/xmlschemas/ActivityExtension/v2">
                <Watts>185</Watts>
              </TPX>
            </Extensions>
          </Trackpoint>
          <Trackpoint>
            <Time>2010-10-19T21:14:53Z</Time>
            <AltitudeMeters>0.0</AltitudeMeters>
            <HeartRateBpm>
              <Value>0</Value>
            </HeartRateBpm>
            <Cadence>92</Cadence>
            <DistanceMeters>14033.76741</DistanceMeters>
            <Extensions>
              <TPX xmlns="http://www.garmin.com/xmlschemas/ActivityExtension/v2">
                <Watts>168</Watts>
              </TPX>
            </Extensions>
          </Trackpoint>
          <Trackpoint>
            <Time>2010-10-19T21:14:55Z</Time>
            <AltitudeMeters>0.0</AltitudeMeters>
            <HeartRateBpm>
              <Value>0</Value>
            </HeartRateBpm>
            <Cadence>100</Cadence>
            <DistanceMeters>14061.46712</DistanceMeters>
            <Extensions>
              <TPX xmlns="http://www.garmin.com/xmlschemas/ActivityExtension/v2">
                <Watts>185</Watts>
              </TPX>
            </Extensions>
          </Trackpoint>
          <Trackpoint>
            <Time>2010-10-19T21:14:57Z</Time>
            <AltitudeMeters>0.0</AltitudeMeters>
            <HeartRateBpm>
              <Value>0</Value>
            </HeartRateBpm>
            <Cadence>98</Cadence>
            <DistanceMeters>14089.36665</DistanceMeters>
            <Extensions>
              <TPX xmlns="http://www.garmin.com/xmlschemas/ActivityExtension/v2">
                <Watts>185</Watts>
              </TPX>
            </Extensions>
          </Trackpoint>
          <Trackpoint>
            <Time>2010-10-19T21:14:59Z</Time>
            <AltitudeMeters>0.0</AltitudeMeters>
            <HeartRateBpm>
              <Value>0</Value>
            </HeartRateBpm>
            <Cadence>97</Cadence>
            <DistanceMeters>14117.35499</DistanceMeters>
            <Extensions>
              <TPX xmlns="http://www.garmin.com/xmlschemas/ActivityExtension/v2">
                <Watts>180</Watts>
              </TPX>
            </Extensions>
          </Trackpoint>
          <Trackpoint>
            <Time>2010-10-19T21:15:01Z</Time>
            <AltitudeMeters>0.0</AltitudeMeters>
            <HeartRateBpm>
              <Value>0</Value>
            </HeartRateBpm>
            <Cadence>94</Cadence>
            <DistanceMeters>14145.27921</DistanceMeters>
            <Extensions>
              <TPX xmlns="http://www.garmin.com/xmlschemas/ActivityExtension/v2">
                <Watts>170</Watts>
              </TPX>
            </Extensions>
          </Trackpoint>
          <Trackpoint>
            <Time>2010-10-19T21:15:03Z</Time>
            <AltitudeMeters>0.0</AltitudeMeters>
            <HeartRateBpm>
              <Value>0</Value>
            </HeartRateBpm>
            <Cadence>95</Cadence>
            <DistanceMeters>14173.24679</DistanceMeters>
            <Extensions>
              <TPX xmlns="http://www.garmin.com/xmlschemas/ActivityExtension/v2">
                <Watts>177</Watts>
              </TPX>
            </Extensions>
          </Trackpoint>
          <Trackpoint>
            <Time>2010-10-19T21:15:05Z</Time>
            <AltitudeMeters>0.0</AltitudeMeters>
            <HeartRateBpm>
              <Value>0</Value>
            </HeartRateBpm>
            <Cadence>97</Cadence>
            <DistanceMeters>14201.20820</DistanceMeters>
            <Extensions>
              <TPX xmlns="http://www.garmin.com/xmlschemas/ActivityExtension/v2">
                <Watts>174</Watts>
              </TPX>
            </Extensions>
          </Trackpoint>
          <Trackpoint>
            <Time>2010-10-19T21:15:07Z</Time>
            <AltitudeMeters>0.0</AltitudeMeters>
            <HeartRateBpm>
              <Value>0</Value>
            </HeartRateBpm>
            <Cadence>95</Cadence>
            <DistanceMeters>14229.13807</DistanceMeters>
            <Extensions>
              <TPX xmlns="http://www.garmin.com/xmlschemas/ActivityExtension/v2">
                <Watts>172</Watts>
              </TPX>
            </Extensions>
          </Trackpoint>
          <Trackpoint>
            <Time>2010-10-19T21:15:09Z</Time>
            <AltitudeMeters>0.0</AltitudeMeters>
            <HeartRateBpm>
              <Value>0</Value>
            </HeartRateBpm>
            <Cadence>93</Cadence>
            <DistanceMeters>14256.96286</DistanceMeters>
            <Extensions>
              <TPX xmlns="http://www.garmin.com/xmlschemas/ActivityExtension/v2">
                <Watts>166</Watts>
              </TPX>
            </Extensions>
          </Trackpoint>
          <Trackpoint>
            <Time>2010-10-19T21:15:11Z</Time>
            <AltitudeMeters>0.0</AltitudeMeters>
            <HeartRateBpm>
              <Value>0</Value>
            </HeartRateBpm>
            <Cadence>92</Cadence>
            <DistanceMeters>14284.70518</DistanceMeters>
            <Extensions>
              <TPX xmlns="http://www.garmin.com/xmlschemas/ActivityExtension/v2">
                <Watts>166</Watts>
              </TPX>
            </Extensions>
          </Trackpoint>
          <Trackpoint>
            <Time>2010-10-19T21:15:13Z</Time>
            <AltitudeMeters>0.0</AltitudeMeters>
            <HeartRateBpm>
              <Value>0</Value>
            </HeartRateBpm>
            <Cadence>94</Cadence>
            <DistanceMeters>14312.36926</DistanceMeters>
            <Extensions>
              <TPX xmlns="http://www.garmin.com/xmlschemas/ActivityExtension/v2">
                <Watts>165</Watts>
              </TPX>
            </Extensions>
          </Trackpoint>
          <Trackpoint>
            <Time>2010-10-19T21:15:15Z</Time>
            <AltitudeMeters>0.0</AltitudeMeters>
            <HeartRateBpm>
              <Value>0</Value>
            </HeartRateBpm>
            <Cadence>93</Cadence>
            <DistanceMeters>14340.01242</DistanceMeters>
            <Extensions>
              <TPX xmlns="http://www.garmin.com/xmlschemas/ActivityExtension/v2">
                <Watts>168</Watts>
              </TPX>
            </Extensions>
          </Trackpoint>
          <Trackpoint>
            <Time>2010-10-19T21:15:17Z</Time>
            <AltitudeMeters>0.0</AltitudeMeters>
            <HeartRateBpm>
              <Value>0</Value>
            </HeartRateBpm>
            <Cadence>96</Cadence>
            <DistanceMeters>14367.73362</DistanceMeters>
            <Extensions>
              <TPX xmlns="http://www.garmin.com/xmlschemas/ActivityExtension/v2">
                <Watts>175</Watts>
              </TPX>
            </Extensions>
          </Trackpoint>
          <Trackpoint>
            <Time>2010-10-19T21:15:19Z</Time>
            <AltitudeMeters>0.0</AltitudeMeters>
            <HeartRateBpm>
              <Value>0</Value>
            </HeartRateBpm>
            <Cadence>95</Cadence>
            <DistanceMeters>14395.48892</DistanceMeters>
            <Extensions>
              <TPX xmlns="http://www.garmin.com/xmlschemas/ActivityExtension/v2">
                <Watts>173</Watts>
              </TPX>
            </Extensions>
          </Trackpoint>
          <Trackpoint>
            <Time>2010-10-19T21:15:21Z</Time>
            <AltitudeMeters>0.0</AltitudeMeters>
            <HeartRateBpm>
              <Value>0</Value>
            </HeartRateBpm>
            <Cadence>94</Cadence>
            <DistanceMeters>14423.25747</DistanceMeters>
            <Extensions>
              <TPX xmlns="http://www.garmin.com/xmlschemas/ActivityExtension/v2">
                <Watts>172</Watts>
              </TPX>
            </Extensions>
          </Trackpoint>
          <Trackpoint>
            <Time>2010-10-19T21:15:23Z</Time>
            <AltitudeMeters>0.0</AltitudeMeters>
            <HeartRateBpm>
              <Value>0</Value>
            </HeartRateBpm>
            <Cadence>91</Cadence>
            <DistanceMeters>14450.90166</DistanceMeters>
            <Extensions>
              <TPX xmlns="http://www.garmin.com/xmlschemas/ActivityExtension/v2">
                <Watts>162</Watts>
              </TPX>
            </Extensions>
          </Trackpoint>
          <Trackpoint>
            <Time>2010-10-19T21:15:25Z</Time>
            <AltitudeMeters>0.0</AltitudeMeters>
            <HeartRateBpm>
              <Value>0</Value>
            </HeartRateBpm>
            <Cadence>89</Cadence>
            <DistanceMeters>14478.24399</DistanceMeters>
            <Extensions>
              <TPX xmlns="http://www.garmin.com/xmlschemas/ActivityExtension/v2">
                <Watts>147</Watts>
              </TPX>
            </Extensions>
          </Trackpoint>
          <Trackpoint>
            <Time>2010-10-19T21:15:27Z</Time>
            <AltitudeMeters>0.0</AltitudeMeters>
            <HeartRateBpm>
              <Value>0</Value>
            </HeartRateBpm>
            <Cadence>90</Cadence>
            <DistanceMeters>14505.26428</DistanceMeters>
            <Extensions>
              <TPX xmlns="http://www.garmin.com/xmlschemas/ActivityExtension/v2">
                <Watts>141</Watts>
              </TPX>
            </Extensions>
          </Trackpoint>
          <Trackpoint>
            <Time>2010-10-19T21:15:29Z</Time>
            <AltitudeMeters>0.0</AltitudeMeters>
            <HeartRateBpm>
              <Value>0</Value>
            </HeartRateBpm>
            <Cadence>89</Cadence>
            <DistanceMeters>14532.04234</DistanceMeters>
            <Extensions>
              <TPX xmlns="http://www.garmin.com/xmlschemas/ActivityExtension/v2">
                <Watts>142</Watts>
              </TPX>
            </Extensions>
          </Trackpoint>
          <Trackpoint>
            <Time>2010-10-19T21:15:31Z</Time>
            <AltitudeMeters>0.0</AltitudeMeters>
            <HeartRateBpm>
              <Value>0</Value>
            </HeartRateBpm>
            <Cadence>80</Cadence>
            <DistanceMeters>14558.55748</DistanceMeters>
            <Extensions>
              <TPX xmlns="http://www.garmin.com/xmlschemas/ActivityExtension/v2">
                <Watts>137</Watts>
              </TPX>
            </Extensions>
          </Trackpoint>
          <Trackpoint>
            <Time>2010-10-19T21:15:33Z</Time>
            <AltitudeMeters>0.0</AltitudeMeters>
            <HeartRateBpm>
              <Value>0</Value>
            </HeartRateBpm>
            <Cadence>87</Cadence>
            <DistanceMeters>14584.70633</DistanceMeters>
            <Extensions>
              <TPX xmlns="http://www.garmin.com/xmlschemas/ActivityExtension/v2">
                <Watts>126</Watts>
              </TPX>
            </Extensions>
          </Trackpoint>
          <Trackpoint>
            <Time>2010-10-19T21:15:35Z</Time>
            <AltitudeMeters>0.0</AltitudeMeters>
            <HeartRateBpm>
              <Value>0</Value>
            </HeartRateBpm>
            <Cadence>86</Cadence>
            <DistanceMeters>14610.69082</DistanceMeters>
            <Extensions>
              <TPX xmlns="http://www.garmin.com/xmlschemas/ActivityExtension/v2">
                <Watts>135</Watts>
              </TPX>
            </Extensions>
          </Trackpoint>
          <Trackpoint>
            <Time>2010-10-19T21:15:37Z</Time>
            <AltitudeMeters>0.0</AltitudeMeters>
            <HeartRateBpm>
              <Value>0</Value>
            </HeartRateBpm>
            <Cadence>84</Cadence>
            <DistanceMeters>14636.51510</DistanceMeters>
            <Extensions>
              <TPX xmlns="http://www.garmin.com/xmlschemas/ActivityExtension/v2">
                <Watts>133</Watts>
              </TPX>
            </Extensions>
          </Trackpoint>
          <Trackpoint>
            <Time>2010-10-19T21:15:39Z</Time>
            <AltitudeMeters>0.0</AltitudeMeters>
            <HeartRateBpm>
              <Value>0</Value>
            </HeartRateBpm>
            <Cadence>84</Cadence>
            <DistanceMeters>14662.13849</DistanceMeters>
            <Extensions>
              <TPX xmlns="http://www.garmin.com/xmlschemas/ActivityExtension/v2">
                <Watts>128</Watts>
              </TPX>
            </Extensions>
          </Trackpoint>
          <Trackpoint>
            <Time>2010-10-19T21:15:41Z</Time>
            <AltitudeMeters>0.0</AltitudeMeters>
            <HeartRateBpm>
              <Value>0</Value>
            </HeartRateBpm>
            <Cadence>86</Cadence>
            <DistanceMeters>14687.60073</DistanceMeters>
            <Extensions>
              <TPX xmlns="http://www.garmin.com/xmlschemas/ActivityExtension/v2">
                <Watts>128</Watts>
              </TPX>
            </Extensions>
          </Trackpoint>
          <Trackpoint>
            <Time>2010-10-19T21:15:43Z</Time>
            <AltitudeMeters>0.0</AltitudeMeters>
            <HeartRateBpm>
              <Value>0</Value>
            </HeartRateBpm>
            <Cadence>89</Cadence>
            <DistanceMeters>14713.08060</DistanceMeters>
            <Extensions>
              <TPX xmlns="http://www.garmin.com/xmlschemas/ActivityExtension/v2">
                <Watts>138</Watts>
              </TPX>
            </Extensions>
          </Trackpoint>
          <Trackpoint>
            <Time>2010-10-19T21:15:45Z</Time>
            <AltitudeMeters>0.0</AltitudeMeters>
            <HeartRateBpm>
              <Value>0</Value>
            </HeartRateBpm>
            <Cadence>86</Cadence>
            <DistanceMeters>14738.50122</DistanceMeters>
            <Extensions>
              <TPX xmlns="http://www.garmin.com/xmlschemas/ActivityExtension/v2">
                <Watts>133</Watts>
              </TPX>
            </Extensions>
          </Trackpoint>
          <Trackpoint>
            <Time>2010-10-19T21:15:47Z</Time>
            <AltitudeMeters>0.0</AltitudeMeters>
            <HeartRateBpm>
              <Value>0</Value>
            </HeartRateBpm>
            <Cadence>85</Cadence>
            <DistanceMeters>14763.88914</DistanceMeters>
            <Extensions>
              <TPX xmlns="http://www.garmin.com/xmlschemas/ActivityExtension/v2">
                <Watts>134</Watts>
              </TPX>
            </Extensions>
          </Trackpoint>
          <Trackpoint>
            <Time>2010-10-19T21:15:49Z</Time>
            <AltitudeMeters>0.0</AltitudeMeters>
            <HeartRateBpm>
              <Value>0</Value>
            </HeartRateBpm>
            <Cadence>87</Cadence>
            <DistanceMeters>14789.20671</DistanceMeters>
            <Extensions>
              <TPX xmlns="http://www.garmin.com/xmlschemas/ActivityExtension/v2">
                <Watts>131</Watts>
              </TPX>
            </Extensions>
          </Trackpoint>
          <Trackpoint>
            <Time>2010-10-19T21:15:51Z</Time>
            <AltitudeMeters>0.0</AltitudeMeters>
            <HeartRateBpm>
              <Value>0</Value>
            </HeartRateBpm>
            <Cadence>87</Cadence>
            <DistanceMeters>14814.52698</DistanceMeters>
            <Extensions>
              <TPX xmlns="http://www.garmin.com/xmlschemas/ActivityExtension/v2">
                <Watts>135</Watts>
              </TPX>
            </Extensions>
          </Trackpoint>
          <Trackpoint>
            <Time>2010-10-19T21:15:53Z</Time>
            <AltitudeMeters>0.0</AltitudeMeters>
            <HeartRateBpm>
              <Value>0</Value>
            </HeartRateBpm>
            <Cadence>90</Cadence>
            <DistanceMeters>14839.93771</DistanceMeters>
            <Extensions>
              <TPX xmlns="http://www.garmin.com/xmlschemas/ActivityExtension/v2">
                <Watts>141</Watts>
              </TPX>
            </Extensions>
          </Trackpoint>
          <Trackpoint>
            <Time>2010-10-19T21:15:55Z</Time>
            <AltitudeMeters>0.0</AltitudeMeters>
            <HeartRateBpm>
              <Value>0</Value>
            </HeartRateBpm>
            <Cadence>87</Cadence>
            <DistanceMeters>14865.36181</DistanceMeters>
            <Extensions>
              <TPX xmlns="http://www.garmin.com/xmlschemas/ActivityExtension/v2">
                <Watts>137</Watts>
              </TPX>
            </Extensions>
          </Trackpoint>
          <Trackpoint>
            <Time>2010-10-19T21:15:57Z</Time>
            <AltitudeMeters>0.0</AltitudeMeters>
            <HeartRateBpm>
              <Value>0</Value>
            </HeartRateBpm>
            <Cadence>83</Cadence>
            <DistanceMeters>14890.66415</DistanceMeters>
            <Extensions>
              <TPX xmlns="http://www.garmin.com/xmlschemas/ActivityExtension/v2">
                <Watts>128</Watts>
              </TPX>
            </Extensions>
          </Trackpoint>
          <Trackpoint>
            <Time>2010-10-19T21:15:59Z</Time>
            <AltitudeMeters>0.0</AltitudeMeters>
            <HeartRateBpm>
              <Value>0</Value>
            </HeartRateBpm>
            <Cadence>90</Cadence>
            <DistanceMeters>14916.06059</DistanceMeters>
            <Extensions>
              <TPX xmlns="http://www.garmin.com/xmlschemas/ActivityExtension/v2">
                <Watts>141</Watts>
              </TPX>
            </Extensions>
          </Trackpoint>
          <Trackpoint>
            <Time>2010-10-19T21:16:01Z</Time>
            <AltitudeMeters>0.0</AltitudeMeters>
            <HeartRateBpm>
              <Value>0</Value>
            </HeartRateBpm>
            <Cadence>91</Cadence>
            <DistanceMeters>14941.54663</DistanceMeters>
            <Extensions>
              <TPX xmlns="http://www.garmin.com/xmlschemas/ActivityExtension/v2">
                <Watts>142</Watts>
              </TPX>
            </Extensions>
          </Trackpoint>
          <Trackpoint>
            <Time>2010-10-19T21:16:03Z</Time>
            <AltitudeMeters>0.0</AltitudeMeters>
            <HeartRateBpm>
              <Value>0</Value>
            </HeartRateBpm>
            <Cadence>91</Cadence>
            <DistanceMeters>14967.14777</DistanceMeters>
            <Extensions>
              <TPX xmlns="http://www.garmin.com/xmlschemas/ActivityExtension/v2">
                <Watts>145</Watts>
              </TPX>
            </Extensions>
          </Trackpoint>
          <Trackpoint>
            <Time>2010-10-19T21:16:05Z</Time>
            <AltitudeMeters>0.0</AltitudeMeters>
            <HeartRateBpm>
              <Value>0</Value>
            </HeartRateBpm>
            <Cadence>86</Cadence>
            <DistanceMeters>14992.70926</DistanceMeters>
            <Extensions>
              <TPX xmlns="http://www.garmin.com/xmlschemas/ActivityExtension/v2">
                <Watts>136</Watts>
              </TPX>
            </Extensions>
          </Trackpoint>
          <Trackpoint>
            <Time>2010-10-19T21:16:07Z</Time>
            <AltitudeMeters>0.0</AltitudeMeters>
            <HeartRateBpm>
              <Value>0</Value>
            </HeartRateBpm>
            <Cadence>84</Cadence>
            <DistanceMeters>15018.16586</DistanceMeters>
            <Extensions>
              <TPX xmlns="http://www.garmin.com/xmlschemas/ActivityExtension/v2">
                <Watts>131</Watts>
              </TPX>
            </Extensions>
          </Trackpoint>
          <Trackpoint>
            <Time>2010-10-19T21:16:09Z</Time>
            <AltitudeMeters>0.0</AltitudeMeters>
            <HeartRateBpm>
              <Value>0</Value>
            </HeartRateBpm>
            <Cadence>94</Cadence>
            <DistanceMeters>15043.65589</DistanceMeters>
            <Extensions>
              <TPX xmlns="http://www.garmin.com/xmlschemas/ActivityExtension/v2">
                <Watts>139</Watts>
              </TPX>
            </Extensions>
          </Trackpoint>
          <Trackpoint>
            <Time>2010-10-19T21:16:11Z</Time>
            <AltitudeMeters>0.0</AltitudeMeters>
            <HeartRateBpm>
              <Value>0</Value>
            </HeartRateBpm>
            <Cadence>93</Cadence>
            <DistanceMeters>15069.36206</DistanceMeters>
            <Extensions>
              <TPX xmlns="http://www.garmin.com/xmlschemas/ActivityExtension/v2">
                <Watts>152</Watts>
              </TPX>
            </Extensions>
          </Trackpoint>
          <Trackpoint>
            <Time>2010-10-19T21:16:13Z</Time>
            <AltitudeMeters>0.0</AltitudeMeters>
            <HeartRateBpm>
              <Value>0</Value>
            </HeartRateBpm>
            <Cadence>93</Cadence>
            <DistanceMeters>15095.22486</DistanceMeters>
            <Extensions>
              <TPX xmlns="http://www.garmin.com/xmlschemas/ActivityExtension/v2">
                <Watts>151</Watts>
              </TPX>
            </Extensions>
          </Trackpoint>
          <Trackpoint>
            <Time>2010-10-19T21:16:15Z</Time>
            <AltitudeMeters>0.0</AltitudeMeters>
            <HeartRateBpm>
              <Value>0</Value>
            </HeartRateBpm>
            <Cadence>92</Cadence>
            <DistanceMeters>15121.18294</DistanceMeters>
            <Extensions>
              <TPX xmlns="http://www.garmin.com/xmlschemas/ActivityExtension/v2">
                <Watts>149</Watts>
              </TPX>
            </Extensions>
          </Trackpoint>
          <Trackpoint>
            <Time>2010-10-19T21:16:17Z</Time>
            <AltitudeMeters>0.0</AltitudeMeters>
            <HeartRateBpm>
              <Value>0</Value>
            </HeartRateBpm>
            <Cadence>91</Cadence>
            <DistanceMeters>15147.20222</DistanceMeters>
            <Extensions>
              <TPX xmlns="http://www.garmin.com/xmlschemas/ActivityExtension/v2">
                <Watts>148</Watts>
              </TPX>
            </Extensions>
          </Trackpoint>
          <Trackpoint>
            <Time>2010-10-19T21:16:19Z</Time>
            <AltitudeMeters>0.0</AltitudeMeters>
            <HeartRateBpm>
              <Value>0</Value>
            </HeartRateBpm>
            <Cadence>90</Cadence>
            <DistanceMeters>15173.22704</DistanceMeters>
            <Extensions>
              <TPX xmlns="http://www.garmin.com/xmlschemas/ActivityExtension/v2">
                <Watts>145</Watts>
              </TPX>
            </Extensions>
          </Trackpoint>
          <Trackpoint>
            <Time>2010-10-19T21:16:21Z</Time>
            <AltitudeMeters>0.0</AltitudeMeters>
            <HeartRateBpm>
              <Value>0</Value>
            </HeartRateBpm>
            <Cadence>91</Cadence>
            <DistanceMeters>15199.18445</DistanceMeters>
            <Extensions>
              <TPX xmlns="http://www.garmin.com/xmlschemas/ActivityExtension/v2">
                <Watts>140</Watts>
              </TPX>
            </Extensions>
          </Trackpoint>
          <Trackpoint>
            <Time>2010-10-19T21:16:23Z</Time>
            <AltitudeMeters>0.0</AltitudeMeters>
            <HeartRateBpm>
              <Value>0</Value>
            </HeartRateBpm>
            <Cadence>88</Cadence>
            <DistanceMeters>15225.08816</DistanceMeters>
            <Extensions>
              <TPX xmlns="http://www.garmin.com/xmlschemas/ActivityExtension/v2">
                <Watts>140</Watts>
              </TPX>
            </Extensions>
          </Trackpoint>
          <Trackpoint>
            <Time>2010-10-19T21:16:25Z</Time>
            <AltitudeMeters>0.0</AltitudeMeters>
            <HeartRateBpm>
              <Value>0</Value>
            </HeartRateBpm>
            <Cadence>103</Cadence>
            <DistanceMeters>15251.60480</DistanceMeters>
            <Extensions>
              <TPX xmlns="http://www.garmin.com/xmlschemas/ActivityExtension/v2">
                <Watts>186</Watts>
              </TPX>
            </Extensions>
          </Trackpoint>
          <Trackpoint>
            <Time>2010-10-19T21:16:27Z</Time>
            <AltitudeMeters>0.0</AltitudeMeters>
            <HeartRateBpm>
              <Value>0</Value>
            </HeartRateBpm>
            <Cadence>100</Cadence>
            <DistanceMeters>15279.18613</DistanceMeters>
            <Extensions>
              <TPX xmlns="http://www.garmin.com/xmlschemas/ActivityExtension/v2">
                <Watts>229</Watts>
              </TPX>
            </Extensions>
          </Trackpoint>
          <Trackpoint>
            <Time>2010-10-19T21:16:29Z</Time>
            <AltitudeMeters>0.0</AltitudeMeters>
            <HeartRateBpm>
              <Value>0</Value>
            </HeartRateBpm>
            <Cadence>97</Cadence>
            <DistanceMeters>15307.44634</DistanceMeters>
            <Extensions>
              <TPX xmlns="http://www.garmin.com/xmlschemas/ActivityExtension/v2">
                <Watts>219</Watts>
              </TPX>
            </Extensions>
          </Trackpoint>
          <Trackpoint>
            <Time>2010-10-19T21:16:31Z</Time>
            <AltitudeMeters>0.0</AltitudeMeters>
            <HeartRateBpm>
              <Value>0</Value>
            </HeartRateBpm>
            <Cadence>94</Cadence>
            <DistanceMeters>15335.97876</DistanceMeters>
            <Extensions>
              <TPX xmlns="http://www.garmin.com/xmlschemas/ActivityExtension/v2">
                <Watts>200</Watts>
              </TPX>
            </Extensions>
          </Trackpoint>
          <Trackpoint>
            <Time>2010-10-19T21:16:33Z</Time>
            <AltitudeMeters>0.0</AltitudeMeters>
            <HeartRateBpm>
              <Value>0</Value>
            </HeartRateBpm>
            <Cadence>95</Cadence>
            <DistanceMeters>15364.81219</DistanceMeters>
            <Extensions>
              <TPX xmlns="http://www.garmin.com/xmlschemas/ActivityExtension/v2">
                <Watts>207</Watts>
              </TPX>
            </Extensions>
          </Trackpoint>
          <Trackpoint>
            <Time>2010-10-19T21:16:35Z</Time>
            <AltitudeMeters>0.0</AltitudeMeters>
            <HeartRateBpm>
              <Value>0</Value>
            </HeartRateBpm>
            <Cadence>95</Cadence>
            <DistanceMeters>15393.80017</DistanceMeters>
            <Extensions>
              <TPX xmlns="http://www.garmin.com/xmlschemas/ActivityExtension/v2">
                <Watts>201</Watts>
              </TPX>
            </Extensions>
          </Trackpoint>
          <Trackpoint>
            <Time>2010-10-19T21:16:37Z</Time>
            <AltitudeMeters>0.0</AltitudeMeters>
            <HeartRateBpm>
              <Value>0</Value>
            </HeartRateBpm>
            <Cadence>96</Cadence>
            <DistanceMeters>15422.90741</DistanceMeters>
            <Extensions>
              <TPX xmlns="http://www.garmin.com/xmlschemas/ActivityExtension/v2">
                <Watts>201</Watts>
              </TPX>
            </Extensions>
          </Trackpoint>
          <Trackpoint>
            <Time>2010-10-19T21:16:39Z</Time>
            <AltitudeMeters>0.0</AltitudeMeters>
            <HeartRateBpm>
              <Value>0</Value>
            </HeartRateBpm>
            <Cadence>96</Cadence>
            <DistanceMeters>15452.10669</DistanceMeters>
            <Extensions>
              <TPX xmlns="http://www.garmin.com/xmlschemas/ActivityExtension/v2">
                <Watts>201</Watts>
              </TPX>
            </Extensions>
          </Trackpoint>
          <Trackpoint>
            <Time>2010-10-19T21:16:41Z</Time>
            <AltitudeMeters>0.0</AltitudeMeters>
            <HeartRateBpm>
              <Value>0</Value>
            </HeartRateBpm>
            <Cadence>95</Cadence>
            <DistanceMeters>15481.31315</DistanceMeters>
            <Extensions>
              <TPX xmlns="http://www.garmin.com/xmlschemas/ActivityExtension/v2">
                <Watts>196</Watts>
              </TPX>
            </Extensions>
          </Trackpoint>
          <Trackpoint>
            <Time>2010-10-19T21:16:43Z</Time>
            <AltitudeMeters>0.0</AltitudeMeters>
            <HeartRateBpm>
              <Value>0</Value>
            </HeartRateBpm>
            <Cadence>94</Cadence>
            <DistanceMeters>15510.52515</DistanceMeters>
            <Extensions>
              <TPX xmlns="http://www.garmin.com/xmlschemas/ActivityExtension/v2">
                <Watts>196</Watts>
              </TPX>
            </Extensions>
          </Trackpoint>
          <Trackpoint>
            <Time>2010-10-19T21:16:45Z</Time>
            <AltitudeMeters>0.0</AltitudeMeters>
            <HeartRateBpm>
              <Value>0</Value>
            </HeartRateBpm>
            <Cadence>89</Cadence>
            <DistanceMeters>15539.89439</DistanceMeters>
            <Extensions>
              <TPX xmlns="http://www.garmin.com/xmlschemas/ActivityExtension/v2">
                <Watts>208</Watts>
              </TPX>
            </Extensions>
          </Trackpoint>
          <Trackpoint>
            <Time>2010-10-19T21:16:47Z</Time>
            <AltitudeMeters>0.0</AltitudeMeters>
            <HeartRateBpm>
              <Value>0</Value>
            </HeartRateBpm>
            <Cadence>102</Cadence>
            <DistanceMeters>15569.58641</DistanceMeters>
            <Extensions>
              <TPX xmlns="http://www.garmin.com/xmlschemas/ActivityExtension/v2">
                <Watts>224</Watts>
              </TPX>
            </Extensions>
          </Trackpoint>
          <Trackpoint>
            <Time>2010-10-19T21:16:49Z</Time>
            <AltitudeMeters>0.0</AltitudeMeters>
            <HeartRateBpm>
              <Value>0</Value>
            </HeartRateBpm>
            <Cadence>101</Cadence>
            <DistanceMeters>15599.50006</DistanceMeters>
            <Extensions>
              <TPX xmlns="http://www.garmin.com/xmlschemas/ActivityExtension/v2">
                <Watts>222</Watts>
              </TPX>
            </Extensions>
          </Trackpoint>
          <Trackpoint>
            <Time>2010-10-19T21:16:51Z</Time>
            <AltitudeMeters>0.0</AltitudeMeters>
            <HeartRateBpm>
              <Value>0</Value>
            </HeartRateBpm>
            <Cadence>99</Cadence>
            <DistanceMeters>15629.45876</DistanceMeters>
            <Extensions>
              <TPX xmlns="http://www.garmin.com/xmlschemas/ActivityExtension/v2">
                <Watts>212</Watts>
              </TPX>
            </Extensions>
          </Trackpoint>
          <Trackpoint>
            <Time>2010-10-19T21:16:53Z</Time>
            <AltitudeMeters>0.0</AltitudeMeters>
            <HeartRateBpm>
              <Value>0</Value>
            </HeartRateBpm>
            <Cadence>97</Cadence>
            <DistanceMeters>15659.46447</DistanceMeters>
            <Extensions>
              <TPX xmlns="http://www.garmin.com/xmlschemas/ActivityExtension/v2">
                <Watts>213</Watts>
              </TPX>
            </Extensions>
          </Trackpoint>
          <Trackpoint>
            <Time>2010-10-19T21:16:55Z</Time>
            <AltitudeMeters>0.0</AltitudeMeters>
            <HeartRateBpm>
              <Value>0</Value>
            </HeartRateBpm>
            <Cadence>97</Cadence>
            <DistanceMeters>15689.59313</DistanceMeters>
            <Extensions>
              <TPX xmlns="http://www.garmin.com/xmlschemas/ActivityExtension/v2">
                <Watts>220</Watts>
              </TPX>
            </Extensions>
          </Trackpoint>
          <Trackpoint>
            <Time>2010-10-19T21:16:57Z</Time>
            <AltitudeMeters>0.0</AltitudeMeters>
            <HeartRateBpm>
              <Value>0</Value>
            </HeartRateBpm>
            <Cadence>49</Cadence>
            <DistanceMeters>15727.47863</DistanceMeters>
            <Extensions>
              <TPX xmlns="http://www.garmin.com/xmlschemas/ActivityExtension/v2">
                <Watts>919</Watts>
              </TPX>
            </Extensions>
          </Trackpoint>
          <Trackpoint>
            <Time>2010-10-19T21:16:59Z</Time>
            <AltitudeMeters>0.0</AltitudeMeters>
            <HeartRateBpm>
              <Value>0</Value>
            </HeartRateBpm>
            <Cadence>16</Cadence>
            <DistanceMeters>15761.62958</DistanceMeters>
            <Extensions>
              <TPX xmlns="http://www.garmin.com/xmlschemas/ActivityExtension/v2">
                <Watts>36</Watts>
              </TPX>
            </Extensions>
          </Trackpoint>
          <Trackpoint>
            <Time>2010-10-19T21:17:01Z</Time>
            <AltitudeMeters>0.0</AltitudeMeters>
            <HeartRateBpm>
              <Value>0</Value>
            </HeartRateBpm>
            <Cadence>20</Cadence>
            <DistanceMeters>15792.43754</DistanceMeters>
            <Extensions>
              <TPX xmlns="http://www.garmin.com/xmlschemas/ActivityExtension/v2">
                <Watts>7</Watts>
              </TPX>
            </Extensions>
          </Trackpoint>
          <Trackpoint>
            <Time>2010-10-19T21:17:03Z</Time>
            <AltitudeMeters>0.0</AltitudeMeters>
            <HeartRateBpm>
              <Value>0</Value>
            </HeartRateBpm>
            <Cadence>103</Cadence>
            <DistanceMeters>15822.96021</DistanceMeters>
            <Extensions>
              <TPX xmlns="http://www.garmin.com/xmlschemas/ActivityExtension/v2">
                <Watts>202</Watts>
              </TPX>
            </Extensions>
          </Trackpoint>
          <Trackpoint>
            <Time>2010-10-19T21:17:05Z</Time>
            <AltitudeMeters>0.0</AltitudeMeters>
            <HeartRateBpm>
              <Value>0</Value>
            </HeartRateBpm>
            <Cadence>99</Cadence>
            <DistanceMeters>15853.61842</DistanceMeters>
            <Extensions>
              <TPX xmlns="http://www.garmin.com/xmlschemas/ActivityExtension/v2">
                <Watts>231</Watts>
              </TPX>
            </Extensions>
          </Trackpoint>
          <Trackpoint>
            <Time>2010-10-19T21:17:07Z</Time>
            <AltitudeMeters>0.0</AltitudeMeters>
            <HeartRateBpm>
              <Value>0</Value>
            </HeartRateBpm>
            <Cadence>98</Cadence>
            <DistanceMeters>15884.14833</DistanceMeters>
            <Extensions>
              <TPX xmlns="http://www.garmin.com/xmlschemas/ActivityExtension/v2">
                <Watts>212</Watts>
              </TPX>
            </Extensions>
          </Trackpoint>
          <Trackpoint>
            <Time>2010-10-19T21:17:09Z</Time>
            <AltitudeMeters>0.0</AltitudeMeters>
            <HeartRateBpm>
              <Value>0</Value>
            </HeartRateBpm>
            <Cadence>96</Cadence>
            <DistanceMeters>15914.53075</DistanceMeters>
            <Extensions>
              <TPX xmlns="http://www.garmin.com/xmlschemas/ActivityExtension/v2">
                <Watts>208</Watts>
              </TPX>
            </Extensions>
          </Trackpoint>
          <Trackpoint>
            <Time>2010-10-19T21:17:11Z</Time>
            <AltitudeMeters>0.0</AltitudeMeters>
            <HeartRateBpm>
              <Value>0</Value>
            </HeartRateBpm>
            <Cadence>97</Cadence>
            <DistanceMeters>15944.79985</DistanceMeters>
            <Extensions>
              <TPX xmlns="http://www.garmin.com/xmlschemas/ActivityExtension/v2">
                <Watts>208</Watts>
              </TPX>
            </Extensions>
          </Trackpoint>
          <Trackpoint>
            <Time>2010-10-19T21:17:13Z</Time>
            <AltitudeMeters>0.0</AltitudeMeters>
            <HeartRateBpm>
              <Value>0</Value>
            </HeartRateBpm>
            <Cadence>94</Cadence>
            <DistanceMeters>15974.91996</DistanceMeters>
            <Extensions>
              <TPX xmlns="http://www.garmin.com/xmlschemas/ActivityExtension/v2">
                <Watts>203</Watts>
              </TPX>
            </Extensions>
          </Trackpoint>
          <Trackpoint>
            <Time>2010-10-19T21:17:15Z</Time>
            <AltitudeMeters>0.0</AltitudeMeters>
            <HeartRateBpm>
              <Value>0</Value>
            </HeartRateBpm>
            <Cadence>96</Cadence>
            <DistanceMeters>16004.92534</DistanceMeters>
            <Extensions>
              <TPX xmlns="http://www.garmin.com/xmlschemas/ActivityExtension/v2">
                <Watts>203</Watts>
              </TPX>
            </Extensions>
          </Trackpoint>
          <Trackpoint>
            <Time>2010-10-19T21:17:17Z</Time>
            <AltitudeMeters>0.0</AltitudeMeters>
            <HeartRateBpm>
              <Value>0</Value>
            </HeartRateBpm>
            <Cadence>95</Cadence>
            <DistanceMeters>16034.84234</DistanceMeters>
            <Extensions>
              <TPX xmlns="http://www.garmin.com/xmlschemas/ActivityExtension/v2">
                <Watts>203</Watts>
              </TPX>
            </Extensions>
          </Trackpoint>
          <Trackpoint>
            <Time>2010-10-19T21:17:19Z</Time>
            <AltitudeMeters>0.0</AltitudeMeters>
            <HeartRateBpm>
              <Value>0</Value>
            </HeartRateBpm>
            <Cadence>95</Cadence>
            <DistanceMeters>16064.69126</DistanceMeters>
            <Extensions>
              <TPX xmlns="http://www.garmin.com/xmlschemas/ActivityExtension/v2">
                <Watts>203</Watts>
              </TPX>
            </Extensions>
          </Trackpoint>
          <Trackpoint>
            <Time>2010-10-19T21:17:21Z</Time>
            <AltitudeMeters>0.0</AltitudeMeters>
            <HeartRateBpm>
              <Value>0</Value>
            </HeartRateBpm>
            <Cadence>93</Cadence>
            <DistanceMeters>16094.39990</DistanceMeters>
            <Extensions>
              <TPX xmlns="http://www.garmin.com/xmlschemas/ActivityExtension/v2">
                <Watts>196</Watts>
              </TPX>
            </Extensions>
          </Trackpoint>
          <Trackpoint>
            <Time>2010-10-19T21:17:23Z</Time>
            <AltitudeMeters>0.0</AltitudeMeters>
            <HeartRateBpm>
              <Value>0</Value>
            </HeartRateBpm>
            <Cadence>93</Cadence>
            <DistanceMeters>16124.00014</DistanceMeters>
            <Extensions>
              <TPX xmlns="http://www.garmin.com/xmlschemas/ActivityExtension/v2">
                <Watts>196</Watts>
              </TPX>
            </Extensions>
          </Trackpoint>
          <Trackpoint>
            <Time>2010-10-19T21:17:25Z</Time>
            <AltitudeMeters>0.0</AltitudeMeters>
            <HeartRateBpm>
              <Value>0</Value>
            </HeartRateBpm>
            <Cadence>95</Cadence>
            <DistanceMeters>16153.52922</DistanceMeters>
            <Extensions>
              <TPX xmlns="http://www.garmin.com/xmlschemas/ActivityExtension/v2">
                <Watts>197</Watts>
              </TPX>
            </Extensions>
          </Trackpoint>
          <Trackpoint>
            <Time>2010-10-19T21:17:27Z</Time>
            <AltitudeMeters>0.0</AltitudeMeters>
            <HeartRateBpm>
              <Value>0</Value>
            </HeartRateBpm>
            <Cadence>95</Cadence>
            <DistanceMeters>16183.07924</DistanceMeters>
            <Extensions>
              <TPX xmlns="http://www.garmin.com/xmlschemas/ActivityExtension/v2">
                <Watts>203</Watts>
              </TPX>
            </Extensions>
          </Trackpoint>
          <Trackpoint>
            <Time>2010-10-19T21:17:29Z</Time>
            <AltitudeMeters>0.0</AltitudeMeters>
            <HeartRateBpm>
              <Value>0</Value>
            </HeartRateBpm>
            <Cadence>95</Cadence>
            <DistanceMeters>16212.64538</DistanceMeters>
            <Extensions>
              <TPX xmlns="http://www.garmin.com/xmlschemas/ActivityExtension/v2">
                <Watts>203</Watts>
              </TPX>
            </Extensions>
          </Trackpoint>
          <Trackpoint>
            <Time>2010-10-19T21:17:31Z</Time>
            <AltitudeMeters>0.0</AltitudeMeters>
            <HeartRateBpm>
              <Value>0</Value>
            </HeartRateBpm>
            <Cadence>95</Cadence>
            <DistanceMeters>16242.22396</DistanceMeters>
            <Extensions>
              <TPX xmlns="http://www.garmin.com/xmlschemas/ActivityExtension/v2">
                <Watts>203</Watts>
              </TPX>
            </Extensions>
          </Trackpoint>
          <Trackpoint>
            <Time>2010-10-19T21:17:33Z</Time>
            <AltitudeMeters>0.0</AltitudeMeters>
            <HeartRateBpm>
              <Value>0</Value>
            </HeartRateBpm>
            <Cadence>95</Cadence>
            <DistanceMeters>16271.81211</DistanceMeters>
            <Extensions>
              <TPX xmlns="http://www.garmin.com/xmlschemas/ActivityExtension/v2">
                <Watts>203</Watts>
              </TPX>
            </Extensions>
          </Trackpoint>
          <Trackpoint>
            <Time>2010-10-19T21:17:35Z</Time>
            <AltitudeMeters>0.0</AltitudeMeters>
            <HeartRateBpm>
              <Value>0</Value>
            </HeartRateBpm>
            <Cadence>95</Cadence>
            <DistanceMeters>16301.36978</DistanceMeters>
            <Extensions>
              <TPX xmlns="http://www.garmin.com/xmlschemas/ActivityExtension/v2">
                <Watts>200</Watts>
              </TPX>
            </Extensions>
          </Trackpoint>
          <Trackpoint>
            <Time>2010-10-19T21:17:37Z</Time>
            <AltitudeMeters>0.0</AltitudeMeters>
            <HeartRateBpm>
              <Value>0</Value>
            </HeartRateBpm>
            <Cadence>95</Cadence>
            <DistanceMeters>16330.90393</DistanceMeters>
            <Extensions>
              <TPX xmlns="http://www.garmin.com/xmlschemas/ActivityExtension/v2">
                <Watts>200</Watts>
              </TPX>
            </Extensions>
          </Trackpoint>
          <Trackpoint>
            <Time>2010-10-19T21:17:39Z</Time>
            <AltitudeMeters>0.0</AltitudeMeters>
            <HeartRateBpm>
              <Value>0</Value>
            </HeartRateBpm>
            <Cadence>92</Cadence>
            <DistanceMeters>16360.34394</DistanceMeters>
            <Extensions>
              <TPX xmlns="http://www.garmin.com/xmlschemas/ActivityExtension/v2">
                <Watts>194</Watts>
              </TPX>
            </Extensions>
          </Trackpoint>
          <Trackpoint>
            <Time>2010-10-19T21:17:41Z</Time>
            <AltitudeMeters>0.0</AltitudeMeters>
            <HeartRateBpm>
              <Value>0</Value>
            </HeartRateBpm>
            <Cadence>90</Cadence>
            <DistanceMeters>16389.67295</DistanceMeters>
            <Extensions>
              <TPX xmlns="http://www.garmin.com/xmlschemas/ActivityExtension/v2">
                <Watts>191</Watts>
              </TPX>
            </Extensions>
          </Trackpoint>
          <Trackpoint>
            <Time>2010-10-19T21:17:43Z</Time>
            <AltitudeMeters>0.0</AltitudeMeters>
            <HeartRateBpm>
              <Value>0</Value>
            </HeartRateBpm>
            <Cadence>92</Cadence>
            <DistanceMeters>16418.85206</DistanceMeters>
            <Extensions>
              <TPX xmlns="http://www.garmin.com/xmlschemas/ActivityExtension/v2">
                <Watts>186</Watts>
              </TPX>
            </Extensions>
          </Trackpoint>
          <Trackpoint>
            <Time>2010-10-19T21:17:45Z</Time>
            <AltitudeMeters>0.0</AltitudeMeters>
            <HeartRateBpm>
              <Value>0</Value>
            </HeartRateBpm>
            <Cadence>91</Cadence>
            <DistanceMeters>16447.77310</DistanceMeters>
            <Extensions>
              <TPX xmlns="http://www.garmin.com/xmlschemas/ActivityExtension/v2">
                <Watts>175</Watts>
              </TPX>
            </Extensions>
          </Trackpoint>
          <Trackpoint>
            <Time>2010-10-19T21:17:47Z</Time>
            <AltitudeMeters>0.0</AltitudeMeters>
            <HeartRateBpm>
              <Value>0</Value>
            </HeartRateBpm>
            <Cadence>88</Cadence>
            <DistanceMeters>16476.38851</DistanceMeters>
            <Extensions>
              <TPX xmlns="http://www.garmin.com/xmlschemas/ActivityExtension/v2">
                <Watts>167</Watts>
              </TPX>
            </Extensions>
          </Trackpoint>
          <Trackpoint>
            <Time>2010-10-19T21:17:49Z</Time>
            <AltitudeMeters>0.0</AltitudeMeters>
            <HeartRateBpm>
              <Value>0</Value>
            </HeartRateBpm>
            <Cadence>94</Cadence>
            <DistanceMeters>16504.56633</DistanceMeters>
            <Extensions>
              <TPX xmlns="http://www.garmin.com/xmlschemas/ActivityExtension/v2">
                <Watts>152</Watts>
              </TPX>
            </Extensions>
          </Trackpoint>
          <Trackpoint>
            <Time>2010-10-19T21:17:51Z</Time>
            <AltitudeMeters>0.0</AltitudeMeters>
            <HeartRateBpm>
              <Value>0</Value>
            </HeartRateBpm>
            <Cadence>94</Cadence>
            <DistanceMeters>16532.61236</DistanceMeters>
            <Extensions>
              <TPX xmlns="http://www.garmin.com/xmlschemas/ActivityExtension/v2">
                <Watts>168</Watts>
              </TPX>
            </Extensions>
          </Trackpoint>
          <Trackpoint>
            <Time>2010-10-19T21:17:53Z</Time>
            <AltitudeMeters>0.0</AltitudeMeters>
            <HeartRateBpm>
              <Value>0</Value>
            </HeartRateBpm>
            <Cadence>92</Cadence>
            <DistanceMeters>16560.63511</DistanceMeters>
            <Extensions>
              <TPX xmlns="http://www.garmin.com/xmlschemas/ActivityExtension/v2">
                <Watts>174</Watts>
              </TPX>
            </Extensions>
          </Trackpoint>
          <Trackpoint>
            <Time>2010-10-19T21:17:55Z</Time>
            <AltitudeMeters>0.0</AltitudeMeters>
            <HeartRateBpm>
              <Value>0</Value>
            </HeartRateBpm>
            <Cadence>92</Cadence>
            <DistanceMeters>16588.55955</DistanceMeters>
            <Extensions>
              <TPX xmlns="http://www.garmin.com/xmlschemas/ActivityExtension/v2">
                <Watts>168</Watts>
              </TPX>
            </Extensions>
          </Trackpoint>
          <Trackpoint>
            <Time>2010-10-19T21:17:57Z</Time>
            <AltitudeMeters>0.0</AltitudeMeters>
            <HeartRateBpm>
              <Value>0</Value>
            </HeartRateBpm>
            <Cadence>93</Cadence>
            <DistanceMeters>16616.48724</DistanceMeters>
            <Extensions>
              <TPX xmlns="http://www.garmin.com/xmlschemas/ActivityExtension/v2">
                <Watts>174</Watts>
              </TPX>
            </Extensions>
          </Trackpoint>
          <Trackpoint>
            <Time>2010-10-19T21:17:59Z</Time>
            <AltitudeMeters>0.0</AltitudeMeters>
            <HeartRateBpm>
              <Value>0</Value>
            </HeartRateBpm>
            <Cadence>93</Cadence>
            <DistanceMeters>16644.44417</DistanceMeters>
            <Extensions>
              <TPX xmlns="http://www.garmin.com/xmlschemas/ActivityExtension/v2">
                <Watts>176</Watts>
              </TPX>
            </Extensions>
          </Trackpoint>
          <Trackpoint>
            <Time>2010-10-19T21:18:01Z</Time>
            <AltitudeMeters>0.0</AltitudeMeters>
            <HeartRateBpm>
              <Value>0</Value>
            </HeartRateBpm>
            <Cadence>92</Cadence>
            <DistanceMeters>16672.35716</DistanceMeters>
            <Extensions>
              <TPX xmlns="http://www.garmin.com/xmlschemas/ActivityExtension/v2">
                <Watts>171</Watts>
              </TPX>
            </Extensions>
          </Trackpoint>
          <Trackpoint>
            <Time>2010-10-19T21:18:03Z</Time>
            <AltitudeMeters>0.0</AltitudeMeters>
            <HeartRateBpm>
              <Value>0</Value>
            </HeartRateBpm>
            <Cadence>91</Cadence>
            <DistanceMeters>16700.22236</DistanceMeters>
            <Extensions>
              <TPX xmlns="http://www.garmin.com/xmlschemas/ActivityExtension/v2">
                <Watts>170</Watts>
              </TPX>
            </Extensions>
          </Trackpoint>
          <Trackpoint>
            <Time>2010-10-19T21:18:05Z</Time>
            <AltitudeMeters>0.0</AltitudeMeters>
            <HeartRateBpm>
              <Value>0</Value>
            </HeartRateBpm>
            <Cadence>91</Cadence>
            <DistanceMeters>16728.05010</DistanceMeters>
            <Extensions>
              <TPX xmlns="http://www.garmin.com/xmlschemas/ActivityExtension/v2">
                <Watts>170</Watts>
              </TPX>
            </Extensions>
          </Trackpoint>
          <Trackpoint>
            <Time>2010-10-19T21:18:07Z</Time>
            <AltitudeMeters>0.0</AltitudeMeters>
            <HeartRateBpm>
              <Value>0</Value>
            </HeartRateBpm>
            <Cadence>91</Cadence>
            <DistanceMeters>16755.84849</DistanceMeters>
            <Extensions>
              <TPX xmlns="http://www.garmin.com/xmlschemas/ActivityExtension/v2">
                <Watts>170</Watts>
              </TPX>
            </Extensions>
          </Trackpoint>
          <Trackpoint>
            <Time>2010-10-19T21:18:09Z</Time>
            <AltitudeMeters>0.0</AltitudeMeters>
            <HeartRateBpm>
              <Value>0</Value>
            </HeartRateBpm>
            <Cadence>92</Cadence>
            <DistanceMeters>16783.62390</DistanceMeters>
            <Extensions>
              <TPX xmlns="http://www.garmin.com/xmlschemas/ActivityExtension/v2">
                <Watts>170</Watts>
              </TPX>
            </Extensions>
          </Trackpoint>
          <Trackpoint>
            <Time>2010-10-19T21:18:11Z</Time>
            <AltitudeMeters>0.0</AltitudeMeters>
            <HeartRateBpm>
              <Value>0</Value>
            </HeartRateBpm>
            <Cadence>91</Cadence>
            <DistanceMeters>16811.38130</DistanceMeters>
            <Extensions>
              <TPX xmlns="http://www.garmin.com/xmlschemas/ActivityExtension/v2">
                <Watts>170</Watts>
              </TPX>
            </Extensions>
          </Trackpoint>
          <Trackpoint>
            <Time>2010-10-19T21:18:13Z</Time>
            <AltitudeMeters>0.0</AltitudeMeters>
            <HeartRateBpm>
              <Value>0</Value>
            </HeartRateBpm>
            <Cadence>89</Cadence>
            <DistanceMeters>16839.12459</DistanceMeters>
            <Extensions>
              <TPX xmlns="http://www.garmin.com/xmlschemas/ActivityExtension/v2">
                <Watts>170</Watts>
              </TPX>
            </Extensions>
          </Trackpoint>
          <Trackpoint>
            <Time>2010-10-19T21:18:15Z</Time>
            <AltitudeMeters>0.0</AltitudeMeters>
            <HeartRateBpm>
              <Value>0</Value>
            </HeartRateBpm>
            <Cadence>90</Cadence>
            <DistanceMeters>16866.73540</DistanceMeters>
            <Extensions>
              <TPX xmlns="http://www.garmin.com/xmlschemas/ActivityExtension/v2">
                <Watts>161</Watts>
              </TPX>
            </Extensions>
          </Trackpoint>
          <Trackpoint>
            <Time>2010-10-19T21:18:17Z</Time>
            <AltitudeMeters>0.0</AltitudeMeters>
            <HeartRateBpm>
              <Value>0</Value>
            </HeartRateBpm>
            <Cadence>89</Cadence>
            <DistanceMeters>16894.29618</DistanceMeters>
            <Extensions>
              <TPX xmlns="http://www.garmin.com/xmlschemas/ActivityExtension/v2">
                <Watts>165</Watts>
              </TPX>
            </Extensions>
          </Trackpoint>
          <Trackpoint>
            <Time>2010-10-19T21:18:19Z</Time>
            <AltitudeMeters>0.0</AltitudeMeters>
            <HeartRateBpm>
              <Value>0</Value>
            </HeartRateBpm>
            <Cadence>89</Cadence>
            <DistanceMeters>16921.80409</DistanceMeters>
            <Extensions>
              <TPX xmlns="http://www.garmin.com/xmlschemas/ActivityExtension/v2">
                <Watts>164</Watts>
              </TPX>
            </Extensions>
          </Trackpoint>
          <Trackpoint>
            <Time>2010-10-19T21:18:21Z</Time>
            <AltitudeMeters>0.0</AltitudeMeters>
            <HeartRateBpm>
              <Value>0</Value>
            </HeartRateBpm>
            <Cadence>90</Cadence>
            <DistanceMeters>16949.28404</DistanceMeters>
            <Extensions>
              <TPX xmlns="http://www.garmin.com/xmlschemas/ActivityExtension/v2">
                <Watts>165</Watts>
              </TPX>
            </Extensions>
          </Trackpoint>
          <Trackpoint>
            <Time>2010-10-19T21:18:23Z</Time>
            <AltitudeMeters>0.0</AltitudeMeters>
            <HeartRateBpm>
              <Value>0</Value>
            </HeartRateBpm>
            <Cadence>91</Cadence>
            <DistanceMeters>16976.75561</DistanceMeters>
            <Extensions>
              <TPX xmlns="http://www.garmin.com/xmlschemas/ActivityExtension/v2">
                <Watts>166</Watts>
              </TPX>
            </Extensions>
          </Trackpoint>
          <Trackpoint>
            <Time>2010-10-19T21:18:25Z</Time>
            <AltitudeMeters>0.0</AltitudeMeters>
            <HeartRateBpm>
              <Value>0</Value>
            </HeartRateBpm>
            <Cadence>91</Cadence>
            <DistanceMeters>17004.27493</DistanceMeters>
            <Extensions>
              <TPX xmlns="http://www.garmin.com/xmlschemas/ActivityExtension/v2">
                <Watts>170</Watts>
              </TPX>
            </Extensions>
          </Trackpoint>
          <Trackpoint>
            <Time>2010-10-19T21:18:27Z</Time>
            <AltitudeMeters>0.0</AltitudeMeters>
            <HeartRateBpm>
              <Value>0</Value>
            </HeartRateBpm>
            <Cadence>92</Cadence>
            <DistanceMeters>17031.91282</DistanceMeters>
            <Extensions>
              <TPX xmlns="http://www.garmin.com/xmlschemas/ActivityExtension/v2">
                <Watts>176</Watts>
              </TPX>
            </Extensions>
          </Trackpoint>
          <Trackpoint>
            <Time>2010-10-19T21:18:29Z</Time>
            <AltitudeMeters>0.0</AltitudeMeters>
            <HeartRateBpm>
              <Value>0</Value>
            </HeartRateBpm>
            <Cadence>74</Cadence>
            <DistanceMeters>17059.29109</DistanceMeters>
            <Extensions>
              <TPX xmlns="http://www.garmin.com/xmlschemas/ActivityExtension/v2">
                <Watts>150</Watts>
              </TPX>
            </Extensions>
          </Trackpoint>
          <Trackpoint>
            <Time>2010-10-19T21:18:31Z</Time>
            <AltitudeMeters>0.0</AltitudeMeters>
            <HeartRateBpm>
              <Value>0</Value>
            </HeartRateBpm>
            <Cadence>91</Cadence>
            <DistanceMeters>17086.07645</DistanceMeters>
            <Extensions>
              <TPX xmlns="http://www.garmin.com/xmlschemas/ActivityExtension/v2">
                <Watts>122</Watts>
              </TPX>
            </Extensions>
          </Trackpoint>
          <Trackpoint>
            <Time>2010-10-19T21:18:33Z</Time>
            <AltitudeMeters>0.0</AltitudeMeters>
            <HeartRateBpm>
              <Value>0</Value>
            </HeartRateBpm>
            <Cadence>91</Cadence>
            <DistanceMeters>17113.05792</DistanceMeters>
            <Extensions>
              <TPX xmlns="http://www.garmin.com/xmlschemas/ActivityExtension/v2">
                <Watts>170</Watts>
              </TPX>
            </Extensions>
          </Trackpoint>
          <Trackpoint>
            <Time>2010-10-19T21:18:35Z</Time>
            <AltitudeMeters>0.0</AltitudeMeters>
            <HeartRateBpm>
              <Value>0</Value>
            </HeartRateBpm>
            <Cadence>91</Cadence>
            <DistanceMeters>17140.19311</DistanceMeters>
            <Extensions>
              <TPX xmlns="http://www.garmin.com/xmlschemas/ActivityExtension/v2">
                <Watts>170</Watts>
              </TPX>
            </Extensions>
          </Trackpoint>
          <Trackpoint>
            <Time>2010-10-19T21:18:37Z</Time>
            <AltitudeMeters>0.0</AltitudeMeters>
            <HeartRateBpm>
              <Value>0</Value>
            </HeartRateBpm>
            <Cadence>91</Cadence>
            <DistanceMeters>17167.44879</DistanceMeters>
            <Extensions>
              <TPX xmlns="http://www.garmin.com/xmlschemas/ActivityExtension/v2">
                <Watts>170</Watts>
              </TPX>
            </Extensions>
          </Trackpoint>
          <Trackpoint>
            <Time>2010-10-19T21:18:39Z</Time>
            <AltitudeMeters>0.0</AltitudeMeters>
            <HeartRateBpm>
              <Value>0</Value>
            </HeartRateBpm>
            <Cadence>91</Cadence>
            <DistanceMeters>17194.79891</DistanceMeters>
            <Extensions>
              <TPX xmlns="http://www.garmin.com/xmlschemas/ActivityExtension/v2">
                <Watts>170</Watts>
              </TPX>
            </Extensions>
          </Trackpoint>
          <Trackpoint>
            <Time>2010-10-19T21:18:41Z</Time>
            <AltitudeMeters>0.0</AltitudeMeters>
            <HeartRateBpm>
              <Value>0</Value>
            </HeartRateBpm>
            <Cadence>90</Cadence>
            <DistanceMeters>17222.18217</DistanceMeters>
            <Extensions>
              <TPX xmlns="http://www.garmin.com/xmlschemas/ActivityExtension/v2">
                <Watts>167</Watts>
              </TPX>
            </Extensions>
          </Trackpoint>
          <Trackpoint>
            <Time>2010-10-19T21:18:43Z</Time>
            <AltitudeMeters>0.0</AltitudeMeters>
            <HeartRateBpm>
              <Value>0</Value>
            </HeartRateBpm>
            <Cadence>92</Cadence>
            <DistanceMeters>17249.67305</DistanceMeters>
            <Extensions>
              <TPX xmlns="http://www.garmin.com/xmlschemas/ActivityExtension/v2">
                <Watts>173</Watts>
              </TPX>
            </Extensions>
          </Trackpoint>
          <Trackpoint>
            <Time>2010-10-19T21:18:45Z</Time>
            <AltitudeMeters>0.0</AltitudeMeters>
            <HeartRateBpm>
              <Value>0</Value>
            </HeartRateBpm>
            <Cadence>94</Cadence>
            <DistanceMeters>17277.26167</DistanceMeters>
            <Extensions>
              <TPX xmlns="http://www.garmin.com/xmlschemas/ActivityExtension/v2">
                <Watts>174</Watts>
              </TPX>
            </Extensions>
          </Trackpoint>
          <Trackpoint>
            <Time>2010-10-19T21:18:47Z</Time>
            <AltitudeMeters>0.0</AltitudeMeters>
            <HeartRateBpm>
              <Value>0</Value>
            </HeartRateBpm>
            <Cadence>94</Cadence>
            <DistanceMeters>17305.00758</DistanceMeters>
            <Extensions>
              <TPX xmlns="http://www.garmin.com/xmlschemas/ActivityExtension/v2">
                <Watts>180</Watts>
              </TPX>
            </Extensions>
          </Trackpoint>
          <Trackpoint>
            <Time>2010-10-19T21:18:49Z</Time>
            <AltitudeMeters>0.0</AltitudeMeters>
            <HeartRateBpm>
              <Value>0</Value>
            </HeartRateBpm>
            <Cadence>95</Cadence>
            <DistanceMeters>17332.87615</DistanceMeters>
            <Extensions>
              <TPX xmlns="http://www.garmin.com/xmlschemas/ActivityExtension/v2">
                <Watts>180</Watts>
              </TPX>
            </Extensions>
          </Trackpoint>
          <Trackpoint>
            <Time>2010-10-19T21:18:51Z</Time>
            <AltitudeMeters>0.0</AltitudeMeters>
            <HeartRateBpm>
              <Value>0</Value>
            </HeartRateBpm>
            <Cadence>96</Cadence>
            <DistanceMeters>17361.09286</DistanceMeters>
            <Extensions>
              <TPX xmlns="http://www.garmin.com/xmlschemas/ActivityExtension/v2">
                <Watts>199</Watts>
              </TPX>
            </Extensions>
          </Trackpoint>
          <Trackpoint>
            <Time>2010-10-19T21:18:53Z</Time>
            <AltitudeMeters>0.0</AltitudeMeters>
            <HeartRateBpm>
              <Value>0</Value>
            </HeartRateBpm>
            <Cadence>95</Cadence>
            <DistanceMeters>17389.59170</DistanceMeters>
            <Extensions>
              <TPX xmlns="http://www.garmin.com/xmlschemas/ActivityExtension/v2">
                <Watts>200</Watts>
              </TPX>
            </Extensions>
          </Trackpoint>
          <Trackpoint>
            <Time>2010-10-19T21:18:55Z</Time>
            <AltitudeMeters>0.0</AltitudeMeters>
            <HeartRateBpm>
              <Value>0</Value>
            </HeartRateBpm>
            <Cadence>97</Cadence>
            <DistanceMeters>17418.38631</DistanceMeters>
            <Extensions>
              <TPX xmlns="http://www.garmin.com/xmlschemas/ActivityExtension/v2">
                <Watts>206</Watts>
              </TPX>
            </Extensions>
          </Trackpoint>
          <Trackpoint>
            <Time>2010-10-19T21:18:57Z</Time>
            <AltitudeMeters>0.0</AltitudeMeters>
            <HeartRateBpm>
              <Value>0</Value>
            </HeartRateBpm>
            <Cadence>94</Cadence>
            <DistanceMeters>17447.34432</DistanceMeters>
            <Extensions>
              <TPX xmlns="http://www.garmin.com/xmlschemas/ActivityExtension/v2">
                <Watts>201</Watts>
              </TPX>
            </Extensions>
          </Trackpoint>
          <Trackpoint>
            <Time>2010-10-19T21:18:59Z</Time>
            <AltitudeMeters>0.0</AltitudeMeters>
            <HeartRateBpm>
              <Value>0</Value>
            </HeartRateBpm>
            <Cadence>91</Cadence>
            <DistanceMeters>17476.29980</DistanceMeters>
            <Extensions>
              <TPX xmlns="http://www.garmin.com/xmlschemas/ActivityExtension/v2">
                <Watts>191</Watts>
              </TPX>
            </Extensions>
          </Trackpoint>
          <Trackpoint>
            <Time>2010-10-19T21:19:01Z</Time>
            <AltitudeMeters>0.0</AltitudeMeters>
            <HeartRateBpm>
              <Value>0</Value>
            </HeartRateBpm>
            <Cadence>91</Cadence>
            <DistanceMeters>17505.17585</DistanceMeters>
            <Extensions>
              <TPX xmlns="http://www.garmin.com/xmlschemas/ActivityExtension/v2">
                <Watts>185</Watts>
              </TPX>
            </Extensions>
          </Trackpoint>
          <Trackpoint>
            <Time>2010-10-19T21:19:03Z</Time>
            <AltitudeMeters>0.0</AltitudeMeters>
            <HeartRateBpm>
              <Value>0</Value>
            </HeartRateBpm>
            <Cadence>91</Cadence>
            <DistanceMeters>17534.00311</DistanceMeters>
            <Extensions>
              <TPX xmlns="http://www.garmin.com/xmlschemas/ActivityExtension/v2">
                <Watts>186</Watts>
              </TPX>
            </Extensions>
          </Trackpoint>
          <Trackpoint>
            <Time>2010-10-19T21:19:05Z</Time>
            <AltitudeMeters>0.0</AltitudeMeters>
            <HeartRateBpm>
              <Value>0</Value>
            </HeartRateBpm>
            <Cadence>89</Cadence>
            <DistanceMeters>17562.76651</DistanceMeters>
            <Extensions>
              <TPX xmlns="http://www.garmin.com/xmlschemas/ActivityExtension/v2">
                <Watts>184</Watts>
              </TPX>
            </Extensions>
          </Trackpoint>
          <Trackpoint>
            <Time>2010-10-19T21:19:07Z</Time>
            <AltitudeMeters>0.0</AltitudeMeters>
            <HeartRateBpm>
              <Value>0</Value>
            </HeartRateBpm>
            <Cadence>92</Cadence>
            <DistanceMeters>17591.49326</DistanceMeters>
            <Extensions>
              <TPX xmlns="http://www.garmin.com/xmlschemas/ActivityExtension/v2">
                <Watts>185</Watts>
              </TPX>
            </Extensions>
          </Trackpoint>
          <Trackpoint>
            <Time>2010-10-19T21:19:09Z</Time>
            <AltitudeMeters>0.0</AltitudeMeters>
            <HeartRateBpm>
              <Value>0</Value>
            </HeartRateBpm>
            <Cadence>93</Cadence>
            <DistanceMeters>17620.26946</DistanceMeters>
            <Extensions>
              <TPX xmlns="http://www.garmin.com/xmlschemas/ActivityExtension/v2">
                <Watts>191</Watts>
              </TPX>
            </Extensions>
          </Trackpoint>
          <Trackpoint>
            <Time>2010-10-19T21:19:11Z</Time>
            <AltitudeMeters>0.0</AltitudeMeters>
            <HeartRateBpm>
              <Value>0</Value>
            </HeartRateBpm>
            <Cadence>92</Cadence>
            <DistanceMeters>17649.05806</DistanceMeters>
            <Extensions>
              <TPX xmlns="http://www.garmin.com/xmlschemas/ActivityExtension/v2">
                <Watts>189</Watts>
              </TPX>
            </Extensions>
          </Trackpoint>
          <Trackpoint>
            <Time>2010-10-19T21:19:13Z</Time>
            <AltitudeMeters>0.0</AltitudeMeters>
            <HeartRateBpm>
              <Value>0</Value>
            </HeartRateBpm>
            <Cadence>90</Cadence>
            <DistanceMeters>17677.84333</DistanceMeters>
            <Extensions>
              <TPX xmlns="http://www.garmin.com/xmlschemas/ActivityExtension/v2">
                <Watts>188</Watts>
              </TPX>
            </Extensions>
          </Trackpoint>
          <Trackpoint>
            <Time>2010-10-19T21:19:15Z</Time>
            <AltitudeMeters>0.0</AltitudeMeters>
            <HeartRateBpm>
              <Value>0</Value>
            </HeartRateBpm>
            <Cadence>91</Cadence>
            <DistanceMeters>17706.53508</DistanceMeters>
            <Extensions>
              <TPX xmlns="http://www.garmin.com/xmlschemas/ActivityExtension/v2">
                <Watts>181</Watts>
              </TPX>
            </Extensions>
          </Trackpoint>
          <Trackpoint>
            <Time>2010-10-19T21:19:17Z</Time>
            <AltitudeMeters>0.0</AltitudeMeters>
            <HeartRateBpm>
              <Value>0</Value>
            </HeartRateBpm>
            <Cadence>91</Cadence>
            <DistanceMeters>17735.19309</DistanceMeters>
            <Extensions>
              <TPX xmlns="http://www.garmin.com/xmlschemas/ActivityExtension/v2">
                <Watts>184</Watts>
              </TPX>
            </Extensions>
          </Trackpoint>
          <Trackpoint>
            <Time>2010-10-19T21:19:19Z</Time>
            <AltitudeMeters>0.0</AltitudeMeters>
            <HeartRateBpm>
              <Value>0</Value>
            </HeartRateBpm>
            <Cadence>91</Cadence>
            <DistanceMeters>17763.88998</DistanceMeters>
            <Extensions>
              <TPX xmlns="http://www.garmin.com/xmlschemas/ActivityExtension/v2">
                <Watts>189</Watts>
              </TPX>
            </Extensions>
          </Trackpoint>
          <Trackpoint>
            <Time>2010-10-19T21:19:21Z</Time>
            <AltitudeMeters>0.0</AltitudeMeters>
            <HeartRateBpm>
              <Value>0</Value>
            </HeartRateBpm>
            <Cadence>91</Cadence>
            <DistanceMeters>17792.55200</DistanceMeters>
            <Extensions>
              <TPX xmlns="http://www.garmin.com/xmlschemas/ActivityExtension/v2">
                <Watts>184</Watts>
              </TPX>
            </Extensions>
          </Trackpoint>
          <Trackpoint>
            <Time>2010-10-19T21:19:23Z</Time>
            <AltitudeMeters>0.0</AltitudeMeters>
            <HeartRateBpm>
              <Value>0</Value>
            </HeartRateBpm>
            <Cadence>91</Cadence>
            <DistanceMeters>17821.18689</DistanceMeters>
            <Extensions>
              <TPX xmlns="http://www.garmin.com/xmlschemas/ActivityExtension/v2">
                <Watts>184</Watts>
              </TPX>
            </Extensions>
          </Trackpoint>
          <Trackpoint>
            <Time>2010-10-19T21:19:25Z</Time>
            <AltitudeMeters>0.0</AltitudeMeters>
            <HeartRateBpm>
              <Value>0</Value>
            </HeartRateBpm>
            <Cadence>93</Cadence>
            <DistanceMeters>17849.93085</DistanceMeters>
            <Extensions>
              <TPX xmlns="http://www.garmin.com/xmlschemas/ActivityExtension/v2">
                <Watts>194</Watts>
              </TPX>
            </Extensions>
          </Trackpoint>
          <Trackpoint>
            <Time>2010-10-19T21:19:27Z</Time>
            <AltitudeMeters>0.0</AltitudeMeters>
            <HeartRateBpm>
              <Value>0</Value>
            </HeartRateBpm>
            <Cadence>93</Cadence>
            <DistanceMeters>17878.72040</DistanceMeters>
            <Extensions>
              <TPX xmlns="http://www.garmin.com/xmlschemas/ActivityExtension/v2">
                <Watts>191</Watts>
              </TPX>
            </Extensions>
          </Trackpoint>
          <Trackpoint>
            <Time>2010-10-19T21:19:29Z</Time>
            <AltitudeMeters>0.0</AltitudeMeters>
            <HeartRateBpm>
              <Value>0</Value>
            </HeartRateBpm>
            <Cadence>91</Cadence>
            <DistanceMeters>17907.51936</DistanceMeters>
            <Extensions>
              <TPX xmlns="http://www.garmin.com/xmlschemas/ActivityExtension/v2">
                <Watts>189</Watts>
              </TPX>
            </Extensions>
          </Trackpoint>
          <Trackpoint>
            <Time>2010-10-19T21:19:31Z</Time>
            <AltitudeMeters>0.0</AltitudeMeters>
            <HeartRateBpm>
              <Value>0</Value>
            </HeartRateBpm>
            <Cadence>92</Cadence>
            <DistanceMeters>17936.31267</DistanceMeters>
            <Extensions>
              <TPX xmlns="http://www.garmin.com/xmlschemas/ActivityExtension/v2">
                <Watts>188</Watts>
              </TPX>
            </Extensions>
          </Trackpoint>
          <Trackpoint>
            <Time>2010-10-19T21:19:33Z</Time>
            <AltitudeMeters>0.0</AltitudeMeters>
            <HeartRateBpm>
              <Value>0</Value>
            </HeartRateBpm>
            <Cadence>93</Cadence>
            <DistanceMeters>17965.08862</DistanceMeters>
            <Extensions>
              <TPX xmlns="http://www.garmin.com/xmlschemas/ActivityExtension/v2">
                <Watts>187</Watts>
              </TPX>
            </Extensions>
          </Trackpoint>
          <Trackpoint>
            <Time>2010-10-19T21:19:35Z</Time>
            <AltitudeMeters>0.0</AltitudeMeters>
            <HeartRateBpm>
              <Value>0</Value>
            </HeartRateBpm>
            <Cadence>94</Cadence>
            <DistanceMeters>17993.90296</DistanceMeters>
            <Extensions>
              <TPX xmlns="http://www.garmin.com/xmlschemas/ActivityExtension/v2">
                <Watts>191</Watts>
              </TPX>
            </Extensions>
          </Trackpoint>
          <Trackpoint>
            <Time>2010-10-19T21:19:37Z</Time>
            <AltitudeMeters>0.0</AltitudeMeters>
            <HeartRateBpm>
              <Value>0</Value>
            </HeartRateBpm>
            <Cadence>92</Cadence>
            <DistanceMeters>18022.74706</DistanceMeters>
            <Extensions>
              <TPX xmlns="http://www.garmin.com/xmlschemas/ActivityExtension/v2">
                <Watts>191</Watts>
              </TPX>
            </Extensions>
          </Trackpoint>
          <Trackpoint>
            <Time>2010-10-19T21:19:39Z</Time>
            <AltitudeMeters>0.0</AltitudeMeters>
            <HeartRateBpm>
              <Value>0</Value>
            </HeartRateBpm>
            <Cadence>91</Cadence>
            <DistanceMeters>18051.52357</DistanceMeters>
            <Extensions>
              <TPX xmlns="http://www.garmin.com/xmlschemas/ActivityExtension/v2">
                <Watts>184</Watts>
              </TPX>
            </Extensions>
          </Trackpoint>
          <Trackpoint>
            <Time>2010-10-19T21:19:41Z</Time>
            <AltitudeMeters>0.0</AltitudeMeters>
            <HeartRateBpm>
              <Value>0</Value>
            </HeartRateBpm>
            <Cadence>93</Cadence>
            <DistanceMeters>18080.24750</DistanceMeters>
            <Extensions>
              <TPX xmlns="http://www.garmin.com/xmlschemas/ActivityExtension/v2">
                <Watts>184</Watts>
              </TPX>
            </Extensions>
          </Trackpoint>
          <Trackpoint>
            <Time>2010-10-19T21:19:43Z</Time>
            <AltitudeMeters>0.0</AltitudeMeters>
            <HeartRateBpm>
              <Value>0</Value>
            </HeartRateBpm>
            <Cadence>94</Cadence>
            <DistanceMeters>18109.02152</DistanceMeters>
            <Extensions>
              <TPX xmlns="http://www.garmin.com/xmlschemas/ActivityExtension/v2">
                <Watts>191</Watts>
              </TPX>
            </Extensions>
          </Trackpoint>
          <Trackpoint>
            <Time>2010-10-19T21:19:45Z</Time>
            <AltitudeMeters>0.0</AltitudeMeters>
            <HeartRateBpm>
              <Value>0</Value>
            </HeartRateBpm>
            <Cadence>95</Cadence>
            <DistanceMeters>18137.88614</DistanceMeters>
            <Extensions>
              <TPX xmlns="http://www.garmin.com/xmlschemas/ActivityExtension/v2">
                <Watts>195</Watts>
              </TPX>
            </Extensions>
          </Trackpoint>
          <Trackpoint>
            <Time>2010-10-19T21:19:47Z</Time>
            <AltitudeMeters>0.0</AltitudeMeters>
            <HeartRateBpm>
              <Value>0</Value>
            </HeartRateBpm>
            <Cadence>93</Cadence>
            <DistanceMeters>18166.76922</DistanceMeters>
            <Extensions>
              <TPX xmlns="http://www.garmin.com/xmlschemas/ActivityExtension/v2">
                <Watts>191</Watts>
              </TPX>
            </Extensions>
          </Trackpoint>
          <Trackpoint>
            <Time>2010-10-19T21:19:49Z</Time>
            <AltitudeMeters>0.0</AltitudeMeters>
            <HeartRateBpm>
              <Value>0</Value>
            </HeartRateBpm>
            <Cadence>91</Cadence>
            <DistanceMeters>18195.65369</DistanceMeters>
            <Extensions>
              <TPX xmlns="http://www.garmin.com/xmlschemas/ActivityExtension/v2">
                <Watts>190</Watts>
              </TPX>
            </Extensions>
          </Trackpoint>
          <Trackpoint>
            <Time>2010-10-19T21:19:51Z</Time>
            <AltitudeMeters>0.0</AltitudeMeters>
            <HeartRateBpm>
              <Value>0</Value>
            </HeartRateBpm>
            <Cadence>91</Cadence>
            <DistanceMeters>18224.42268</DistanceMeters>
            <Extensions>
              <TPX xmlns="http://www.garmin.com/xmlschemas/ActivityExtension/v2">
                <Watts>181</Watts>
              </TPX>
            </Extensions>
          </Trackpoint>
          <Trackpoint>
            <Time>2010-10-19T21:19:53Z</Time>
            <AltitudeMeters>0.0</AltitudeMeters>
            <HeartRateBpm>
              <Value>0</Value>
            </HeartRateBpm>
            <Cadence>90</Cadence>
            <DistanceMeters>18253.11476</DistanceMeters>
            <Extensions>
              <TPX xmlns="http://www.garmin.com/xmlschemas/ActivityExtension/v2">
                <Watts>182</Watts>
              </TPX>
            </Extensions>
          </Trackpoint>
          <Trackpoint>
            <Time>2010-10-19T21:19:55Z</Time>
            <AltitudeMeters>0.0</AltitudeMeters>
            <HeartRateBpm>
              <Value>0</Value>
            </HeartRateBpm>
            <Cadence>92</Cadence>
            <DistanceMeters>18281.82510</DistanceMeters>
            <Extensions>
              <TPX xmlns="http://www.garmin.com/xmlschemas/ActivityExtension/v2">
                <Watts>188</Watts>
              </TPX>
            </Extensions>
          </Trackpoint>
          <Trackpoint>
            <Time>2010-10-19T21:19:57Z</Time>
            <AltitudeMeters>0.0</AltitudeMeters>
            <HeartRateBpm>
              <Value>0</Value>
            </HeartRateBpm>
            <Cadence>92</Cadence>
            <DistanceMeters>18310.54961</DistanceMeters>
            <Extensions>
              <TPX xmlns="http://www.garmin.com/xmlschemas/ActivityExtension/v2">
                <Watts>188</Watts>
              </TPX>
            </Extensions>
          </Trackpoint>
          <Trackpoint>
            <Time>2010-10-19T21:19:59Z</Time>
            <AltitudeMeters>0.0</AltitudeMeters>
            <HeartRateBpm>
              <Value>0</Value>
            </HeartRateBpm>
            <Cadence>92</Cadence>
            <DistanceMeters>18339.28511</DistanceMeters>
            <Extensions>
              <TPX xmlns="http://www.garmin.com/xmlschemas/ActivityExtension/v2">
                <Watts>188</Watts>
              </TPX>
            </Extensions>
          </Trackpoint>
          <Trackpoint>
            <Time>2010-10-19T21:20:01Z</Time>
            <AltitudeMeters>0.0</AltitudeMeters>
            <HeartRateBpm>
              <Value>0</Value>
            </HeartRateBpm>
            <Cadence>91</Cadence>
            <DistanceMeters>18367.97716</DistanceMeters>
            <Extensions>
              <TPX xmlns="http://www.garmin.com/xmlschemas/ActivityExtension/v2">
                <Watts>184</Watts>
              </TPX>
            </Extensions>
          </Trackpoint>
          <Trackpoint>
            <Time>2010-10-19T21:20:03Z</Time>
            <AltitudeMeters>0.0</AltitudeMeters>
            <HeartRateBpm>
              <Value>0</Value>
            </HeartRateBpm>
            <Cadence>92</Cadence>
            <DistanceMeters>18396.63541</DistanceMeters>
            <Extensions>
              <TPX xmlns="http://www.garmin.com/xmlschemas/ActivityExtension/v2">
                <Watts>184</Watts>
              </TPX>
            </Extensions>
          </Trackpoint>
          <Trackpoint>
            <Time>2010-10-19T21:20:05Z</Time>
            <AltitudeMeters>0.0</AltitudeMeters>
            <HeartRateBpm>
              <Value>0</Value>
            </HeartRateBpm>
            <Cadence>93</Cadence>
            <DistanceMeters>18425.33249</DistanceMeters>
            <Extensions>
              <TPX xmlns="http://www.garmin.com/xmlschemas/ActivityExtension/v2">
                <Watts>189</Watts>
              </TPX>
            </Extensions>
          </Trackpoint>
          <Trackpoint>
            <Time>2010-10-19T21:20:07Z</Time>
            <AltitudeMeters>0.0</AltitudeMeters>
            <HeartRateBpm>
              <Value>0</Value>
            </HeartRateBpm>
            <Cadence>93</Cadence>
            <DistanceMeters>18454.07269</DistanceMeters>
            <Extensions>
              <TPX xmlns="http://www.garmin.com/xmlschemas/ActivityExtension/v2">
                <Watts>190</Watts>
              </TPX>
            </Extensions>
          </Trackpoint>
          <Trackpoint>
            <Time>2010-10-19T21:20:09Z</Time>
            <AltitudeMeters>0.0</AltitudeMeters>
            <HeartRateBpm>
              <Value>0</Value>
            </HeartRateBpm>
            <Cadence>90</Cadence>
            <DistanceMeters>18482.72934</DistanceMeters>
            <Extensions>
              <TPX xmlns="http://www.garmin.com/xmlschemas/ActivityExtension/v2">
                <Watts>181</Watts>
              </TPX>
            </Extensions>
          </Trackpoint>
          <Trackpoint>
            <Time>2010-10-19T21:20:11Z</Time>
            <AltitudeMeters>0.0</AltitudeMeters>
            <HeartRateBpm>
              <Value>0</Value>
            </HeartRateBpm>
            <Cadence>89</Cadence>
            <DistanceMeters>18511.30785</DistanceMeters>
            <Extensions>
              <TPX xmlns="http://www.garmin.com/xmlschemas/ActivityExtension/v2">
                <Watts>180</Watts>
              </TPX>
            </Extensions>
          </Trackpoint>
          <Trackpoint>
            <Time>2010-10-19T21:20:13Z</Time>
            <AltitudeMeters>0.0</AltitudeMeters>
            <HeartRateBpm>
              <Value>0</Value>
            </HeartRateBpm>
            <Cadence>91</Cadence>
            <DistanceMeters>18539.82547</DistanceMeters>
            <Extensions>
              <TPX xmlns="http://www.garmin.com/xmlschemas/ActivityExtension/v2">
                <Watts>180</Watts>
              </TPX>
            </Extensions>
          </Trackpoint>
          <Trackpoint>
            <Time>2010-10-19T21:20:15Z</Time>
            <AltitudeMeters>0.0</AltitudeMeters>
            <HeartRateBpm>
              <Value>0</Value>
            </HeartRateBpm>
            <Cadence>92</Cadence>
            <DistanceMeters>18568.40035</DistanceMeters>
            <Extensions>
              <TPX xmlns="http://www.garmin.com/xmlschemas/ActivityExtension/v2">
                <Watts>188</Watts>
              </TPX>
            </Extensions>
          </Trackpoint>
          <Trackpoint>
            <Time>2010-10-19T21:20:17Z</Time>
            <AltitudeMeters>0.0</AltitudeMeters>
            <HeartRateBpm>
              <Value>0</Value>
            </HeartRateBpm>
            <Cadence>94</Cadence>
            <DistanceMeters>18597.13684</DistanceMeters>
            <Extensions>
              <TPX xmlns="http://www.garmin.com/xmlschemas/ActivityExtension/v2">
                <Watts>197</Watts>
              </TPX>
            </Extensions>
          </Trackpoint>
          <Trackpoint>
            <Time>2010-10-19T21:20:19Z</Time>
            <AltitudeMeters>0.0</AltitudeMeters>
            <HeartRateBpm>
              <Value>0</Value>
            </HeartRateBpm>
            <Cadence>92</Cadence>
            <DistanceMeters>18625.95947</DistanceMeters>
            <Extensions>
              <TPX xmlns="http://www.garmin.com/xmlschemas/ActivityExtension/v2">
                <Watts>194</Watts>
              </TPX>
            </Extensions>
          </Trackpoint>
          <Trackpoint>
            <Time>2010-10-19T21:20:21Z</Time>
            <AltitudeMeters>0.0</AltitudeMeters>
            <HeartRateBpm>
              <Value>0</Value>
            </HeartRateBpm>
            <Cadence>91</Cadence>
            <DistanceMeters>18654.77115</DistanceMeters>
            <Extensions>
              <TPX xmlns="http://www.garmin.com/xmlschemas/ActivityExtension/v2">
                <Watts>188</Watts>
              </TPX>
            </Extensions>
          </Trackpoint>
          <Trackpoint>
            <Time>2010-10-19T21:20:23Z</Time>
            <AltitudeMeters>0.0</AltitudeMeters>
            <HeartRateBpm>
              <Value>0</Value>
            </HeartRateBpm>
            <Cadence>93</Cadence>
            <DistanceMeters>18683.52245</DistanceMeters>
            <Extensions>
              <TPX xmlns="http://www.garmin.com/xmlschemas/ActivityExtension/v2">
                <Watts>184</Watts>
              </TPX>
            </Extensions>
          </Trackpoint>
          <Trackpoint>
            <Time>2010-10-19T21:20:25Z</Time>
            <AltitudeMeters>0.0</AltitudeMeters>
            <HeartRateBpm>
              <Value>0</Value>
            </HeartRateBpm>
            <Cadence>91</Cadence>
            <DistanceMeters>18712.23978</DistanceMeters>
            <Extensions>
              <TPX xmlns="http://www.garmin.com/xmlschemas/ActivityExtension/v2">
                <Watts>185</Watts>
              </TPX>
            </Extensions>
          </Trackpoint>
          <Trackpoint>
            <Time>2010-10-19T21:20:27Z</Time>
            <AltitudeMeters>0.0</AltitudeMeters>
            <HeartRateBpm>
              <Value>0</Value>
            </HeartRateBpm>
            <Cadence>92</Cadence>
            <DistanceMeters>18740.93071</DistanceMeters>
            <Extensions>
              <TPX xmlns="http://www.garmin.com/xmlschemas/ActivityExtension/v2">
                <Watts>185</Watts>
              </TPX>
            </Extensions>
          </Trackpoint>
          <Trackpoint>
            <Time>2010-10-19T21:20:29Z</Time>
            <AltitudeMeters>0.0</AltitudeMeters>
            <HeartRateBpm>
              <Value>0</Value>
            </HeartRateBpm>
            <Cadence>94</Cadence>
            <DistanceMeters>18769.73103</DistanceMeters>
            <Extensions>
              <TPX xmlns="http://www.garmin.com/xmlschemas/ActivityExtension/v2">
                <Watts>195</Watts>
              </TPX>
            </Extensions>
          </Trackpoint>
          <Trackpoint>
            <Time>2010-10-19T21:20:31Z</Time>
            <AltitudeMeters>0.0</AltitudeMeters>
            <HeartRateBpm>
              <Value>0</Value>
            </HeartRateBpm>
            <Cadence>93</Cadence>
            <DistanceMeters>18798.60308</DistanceMeters>
            <Extensions>
              <TPX xmlns="http://www.garmin.com/xmlschemas/ActivityExtension/v2">
                <Watts>194</Watts>
              </TPX>
            </Extensions>
          </Trackpoint>
          <Trackpoint>
            <Time>2010-10-19T21:20:33Z</Time>
            <AltitudeMeters>0.0</AltitudeMeters>
            <HeartRateBpm>
              <Value>0</Value>
            </HeartRateBpm>
            <Cadence>90</Cadence>
            <DistanceMeters>18827.36240</DistanceMeters>
            <Extensions>
              <TPX xmlns="http://www.garmin.com/xmlschemas/ActivityExtension/v2">
                <Watts>181</Watts>
              </TPX>
            </Extensions>
          </Trackpoint>
          <Trackpoint>
            <Time>2010-10-19T21:20:35Z</Time>
            <AltitudeMeters>0.0</AltitudeMeters>
            <HeartRateBpm>
              <Value>0</Value>
            </HeartRateBpm>
            <Cadence>92</Cadence>
            <DistanceMeters>18856.18976</DistanceMeters>
            <Extensions>
              <TPX xmlns="http://www.garmin.com/xmlschemas/ActivityExtension/v2">
                <Watts>193</Watts>
              </TPX>
            </Extensions>
          </Trackpoint>
          <Trackpoint>
            <Time>2010-10-19T21:20:37Z</Time>
            <AltitudeMeters>0.0</AltitudeMeters>
            <HeartRateBpm>
              <Value>0</Value>
            </HeartRateBpm>
            <Cadence>91</Cadence>
            <DistanceMeters>18884.99216</DistanceMeters>
            <Extensions>
              <TPX xmlns="http://www.garmin.com/xmlschemas/ActivityExtension/v2">
                <Watts>187</Watts>
              </TPX>
            </Extensions>
          </Trackpoint>
          <Trackpoint>
            <Time>2010-10-19T21:20:39Z</Time>
            <AltitudeMeters>0.0</AltitudeMeters>
            <HeartRateBpm>
              <Value>0</Value>
            </HeartRateBpm>
            <Cadence>89</Cadence>
            <DistanceMeters>18913.64517</DistanceMeters>
            <Extensions>
              <TPX xmlns="http://www.garmin.com/xmlschemas/ActivityExtension/v2">
                <Watts>177</Watts>
              </TPX>
            </Extensions>
          </Trackpoint>
          <Trackpoint>
            <Time>2010-10-19T21:20:41Z</Time>
            <AltitudeMeters>0.0</AltitudeMeters>
            <HeartRateBpm>
              <Value>0</Value>
            </HeartRateBpm>
            <Cadence>90</Cadence>
            <DistanceMeters>18942.26001</DistanceMeters>
            <Extensions>
              <TPX xmlns="http://www.garmin.com/xmlschemas/ActivityExtension/v2">
                <Watts>183</Watts>
              </TPX>
            </Extensions>
          </Trackpoint>
          <Trackpoint>
            <Time>2010-10-19T21:20:43Z</Time>
            <AltitudeMeters>0.0</AltitudeMeters>
            <HeartRateBpm>
              <Value>0</Value>
            </HeartRateBpm>
            <Cadence>91</Cadence>
            <DistanceMeters>18970.83209</DistanceMeters>
            <Extensions>
              <TPX xmlns="http://www.garmin.com/xmlschemas/ActivityExtension/v2">
                <Watts>182</Watts>
              </TPX>
            </Extensions>
          </Trackpoint>
          <Trackpoint>
            <Time>2010-10-19T21:20:45Z</Time>
            <AltitudeMeters>0.0</AltitudeMeters>
            <HeartRateBpm>
              <Value>0</Value>
            </HeartRateBpm>
            <Cadence>89</Cadence>
            <DistanceMeters>18999.35779</DistanceMeters>
            <Extensions>
              <TPX xmlns="http://www.garmin.com/xmlschemas/ActivityExtension/v2">
                <Watts>181</Watts>
              </TPX>
            </Extensions>
          </Trackpoint>
          <Trackpoint>
            <Time>2010-10-19T21:20:47Z</Time>
            <AltitudeMeters>0.0</AltitudeMeters>
            <HeartRateBpm>
              <Value>0</Value>
            </HeartRateBpm>
            <Cadence>88</Cadence>
            <DistanceMeters>19027.79489</DistanceMeters>
            <Extensions>
              <TPX xmlns="http://www.garmin.com/xmlschemas/ActivityExtension/v2">
                <Watts>177</Watts>
              </TPX>
            </Extensions>
          </Trackpoint>
          <Trackpoint>
            <Time>2010-10-19T21:20:49Z</Time>
            <AltitudeMeters>0.0</AltitudeMeters>
            <HeartRateBpm>
              <Value>0</Value>
            </HeartRateBpm>
            <Cadence>88</Cadence>
            <DistanceMeters>19056.08379</DistanceMeters>
            <Extensions>
              <TPX xmlns="http://www.garmin.com/xmlschemas/ActivityExtension/v2">
                <Watts>171</Watts>
              </TPX>
            </Extensions>
          </Trackpoint>
          <Trackpoint>
            <Time>2010-10-19T21:20:51Z</Time>
            <AltitudeMeters>0.0</AltitudeMeters>
            <HeartRateBpm>
              <Value>0</Value>
            </HeartRateBpm>
            <Cadence>105</Cadence>
            <DistanceMeters>19085.15662</DistanceMeters>
            <Extensions>
              <TPX xmlns="http://www.garmin.com/xmlschemas/ActivityExtension/v2">
                <Watts>240</Watts>
              </TPX>
            </Extensions>
          </Trackpoint>
          <Trackpoint>
            <Time>2010-10-19T21:20:53Z</Time>
            <AltitudeMeters>0.0</AltitudeMeters>
            <HeartRateBpm>
              <Value>0</Value>
            </HeartRateBpm>
            <Cadence>92</Cadence>
            <DistanceMeters>19114.16252</DistanceMeters>
            <Extensions>
              <TPX xmlns="http://www.garmin.com/xmlschemas/ActivityExtension/v2">
                <Watts>188</Watts>
              </TPX>
            </Extensions>
          </Trackpoint>
          <Trackpoint>
            <Time>2010-10-19T21:20:55Z</Time>
            <AltitudeMeters>0.0</AltitudeMeters>
            <HeartRateBpm>
              <Value>0</Value>
            </HeartRateBpm>
            <Cadence>92</Cadence>
            <DistanceMeters>19143.11645</DistanceMeters>
            <Extensions>
              <TPX xmlns="http://www.garmin.com/xmlschemas/ActivityExtension/v2">
                <Watts>188</Watts>
              </TPX>
            </Extensions>
          </Trackpoint>
          <Trackpoint>
            <Time>2010-10-19T21:20:57Z</Time>
            <AltitudeMeters>0.0</AltitudeMeters>
            <HeartRateBpm>
              <Value>0</Value>
            </HeartRateBpm>
            <Cadence>92</Cadence>
            <DistanceMeters>19172.03006</DistanceMeters>
            <Extensions>
              <TPX xmlns="http://www.garmin.com/xmlschemas/ActivityExtension/v2">
                <Watts>188</Watts>
              </TPX>
            </Extensions>
          </Trackpoint>
          <Trackpoint>
            <Time>2010-10-19T21:20:59Z</Time>
            <AltitudeMeters>0.0</AltitudeMeters>
            <HeartRateBpm>
              <Value>0</Value>
            </HeartRateBpm>
            <Cadence>92</Cadence>
            <DistanceMeters>19200.88651</DistanceMeters>
            <Extensions>
              <TPX xmlns="http://www.garmin.com/xmlschemas/ActivityExtension/v2">
                <Watts>186</Watts>
              </TPX>
            </Extensions>
          </Trackpoint>
          <Trackpoint>
            <Time>2010-10-19T21:21:01Z</Time>
            <AltitudeMeters>0.0</AltitudeMeters>
            <HeartRateBpm>
              <Value>0</Value>
            </HeartRateBpm>
            <Cadence>90</Cadence>
            <DistanceMeters>19229.65964</DistanceMeters>
            <Extensions>
              <TPX xmlns="http://www.garmin.com/xmlschemas/ActivityExtension/v2">
                <Watts>183</Watts>
              </TPX>
            </Extensions>
          </Trackpoint>
          <Trackpoint>
            <Time>2010-10-19T21:21:03Z</Time>
            <AltitudeMeters>0.0</AltitudeMeters>
            <HeartRateBpm>
              <Value>0</Value>
            </HeartRateBpm>
            <Cadence>91</Cadence>
            <DistanceMeters>19258.35494</DistanceMeters>
            <Extensions>
              <TPX xmlns="http://www.garmin.com/xmlschemas/ActivityExtension/v2">
                <Watts>182</Watts>
              </TPX>
            </Extensions>
          </Trackpoint>
          <Trackpoint>
            <Time>2010-10-19T21:21:05Z</Time>
            <AltitudeMeters>0.0</AltitudeMeters>
            <HeartRateBpm>
              <Value>0</Value>
            </HeartRateBpm>
            <Cadence>92</Cadence>
            <DistanceMeters>19286.47661</DistanceMeters>
            <Extensions>
              <TPX xmlns="http://www.garmin.com/xmlschemas/ActivityExtension/v2">
                <Watts>143</Watts>
              </TPX>
            </Extensions>
          </Trackpoint>
          <Trackpoint>
            <Time>2010-10-19T21:21:07Z</Time>
            <AltitudeMeters>0.0</AltitudeMeters>
            <HeartRateBpm>
              <Value>0</Value>
            </HeartRateBpm>
            <Cadence>94</Cadence>
            <DistanceMeters>19314.14331</DistanceMeters>
            <Extensions>
              <TPX xmlns="http://www.garmin.com/xmlschemas/ActivityExtension/v2">
                <Watts>143</Watts>
              </TPX>
            </Extensions>
          </Trackpoint>
          <Trackpoint>
            <Time>2010-10-19T21:21:09Z</Time>
            <AltitudeMeters>0.0</AltitudeMeters>
            <HeartRateBpm>
              <Value>0</Value>
            </HeartRateBpm>
            <Cadence>92</Cadence>
            <DistanceMeters>19341.47618</DistanceMeters>
            <Extensions>
              <TPX xmlns="http://www.garmin.com/xmlschemas/ActivityExtension/v2">
                <Watts>145</Watts>
              </TPX>
            </Extensions>
          </Trackpoint>
          <Trackpoint>
            <Time>2010-10-19T21:21:11Z</Time>
            <AltitudeMeters>0.0</AltitudeMeters>
            <HeartRateBpm>
              <Value>0</Value>
            </HeartRateBpm>
            <Cadence>90</Cadence>
            <DistanceMeters>19368.65427</DistanceMeters>
            <Extensions>
              <TPX xmlns="http://www.garmin.com/xmlschemas/ActivityExtension/v2">
                <Watts>153</Watts>
              </TPX>
            </Extensions>
          </Trackpoint>
          <Trackpoint>
            <Time>2010-10-19T21:21:13Z</Time>
            <AltitudeMeters>0.0</AltitudeMeters>
            <HeartRateBpm>
              <Value>0</Value>
            </HeartRateBpm>
            <Cadence>90</Cadence>
            <DistanceMeters>19395.44657</DistanceMeters>
            <Extensions>
              <TPX xmlns="http://www.garmin.com/xmlschemas/ActivityExtension/v2">
                <Watts>134</Watts>
              </TPX>
            </Extensions>
          </Trackpoint>
          <Trackpoint>
            <Time>2010-10-19T21:21:15Z</Time>
            <AltitudeMeters>0.0</AltitudeMeters>
            <HeartRateBpm>
              <Value>0</Value>
            </HeartRateBpm>
            <Cadence>90</Cadence>
            <DistanceMeters>19422.09942</DistanceMeters>
            <Extensions>
              <TPX xmlns="http://www.garmin.com/xmlschemas/ActivityExtension/v2">
                <Watts>146</Watts>
              </TPX>
            </Extensions>
          </Trackpoint>
          <Trackpoint>
            <Time>2010-10-19T21:21:17Z</Time>
            <AltitudeMeters>0.0</AltitudeMeters>
            <HeartRateBpm>
              <Value>0</Value>
            </HeartRateBpm>
            <Cadence>90</Cadence>
            <DistanceMeters>19448.65564</DistanceMeters>
            <Extensions>
              <TPX xmlns="http://www.garmin.com/xmlschemas/ActivityExtension/v2">
                <Watts>147</Watts>
              </TPX>
            </Extensions>
          </Trackpoint>
          <Trackpoint>
            <Time>2010-10-19T21:21:19Z</Time>
            <AltitudeMeters>0.0</AltitudeMeters>
            <HeartRateBpm>
              <Value>0</Value>
            </HeartRateBpm>
            <Cadence>90</Cadence>
            <DistanceMeters>19475.16338</DistanceMeters>
            <Extensions>
              <TPX xmlns="http://www.garmin.com/xmlschemas/ActivityExtension/v2">
                <Watts>149</Watts>
              </TPX>
            </Extensions>
          </Trackpoint>
          <Trackpoint>
            <Time>2010-10-19T21:21:21Z</Time>
            <AltitudeMeters>0.0</AltitudeMeters>
            <HeartRateBpm>
              <Value>0</Value>
            </HeartRateBpm>
            <Cadence>90</Cadence>
            <DistanceMeters>19501.57623</DistanceMeters>
            <Extensions>
              <TPX xmlns="http://www.garmin.com/xmlschemas/ActivityExtension/v2">
                <Watts>145</Watts>
              </TPX>
            </Extensions>
          </Trackpoint>
          <Trackpoint>
            <Time>2010-10-19T21:21:23Z</Time>
            <AltitudeMeters>0.0</AltitudeMeters>
            <HeartRateBpm>
              <Value>0</Value>
            </HeartRateBpm>
            <Cadence>90</Cadence>
            <DistanceMeters>19527.94204</DistanceMeters>
            <Extensions>
              <TPX xmlns="http://www.garmin.com/xmlschemas/ActivityExtension/v2">
                <Watts>147</Watts>
              </TPX>
            </Extensions>
          </Trackpoint>
          <Trackpoint>
            <Time>2010-10-19T21:21:25Z</Time>
            <AltitudeMeters>0.0</AltitudeMeters>
            <HeartRateBpm>
              <Value>0</Value>
            </HeartRateBpm>
            <Cadence>89</Cadence>
            <DistanceMeters>19554.25633</DistanceMeters>
            <Extensions>
              <TPX xmlns="http://www.garmin.com/xmlschemas/ActivityExtension/v2">
                <Watts>146</Watts>
              </TPX>
            </Extensions>
          </Trackpoint>
          <Trackpoint>
            <Time>2010-10-19T21:21:27Z</Time>
            <AltitudeMeters>0.0</AltitudeMeters>
            <HeartRateBpm>
              <Value>0</Value>
            </HeartRateBpm>
            <Cadence>88</Cadence>
            <DistanceMeters>19580.50130</DistanceMeters>
            <Extensions>
              <TPX xmlns="http://www.garmin.com/xmlschemas/ActivityExtension/v2">
                <Watts>144</Watts>
              </TPX>
            </Extensions>
          </Trackpoint>
          <Trackpoint>
            <Time>2010-10-19T21:21:29Z</Time>
            <AltitudeMeters>0.0</AltitudeMeters>
            <HeartRateBpm>
              <Value>0</Value>
            </HeartRateBpm>
            <Cadence>77</Cadence>
            <DistanceMeters>19606.27447</DistanceMeters>
            <Extensions>
              <TPX xmlns="http://www.garmin.com/xmlschemas/ActivityExtension/v2">
                <Watts>115</Watts>
              </TPX>
            </Extensions>
          </Trackpoint>
          <Trackpoint>
            <Time>2010-10-19T21:21:31Z</Time>
            <AltitudeMeters>0.0</AltitudeMeters>
            <HeartRateBpm>
              <Value>0</Value>
            </HeartRateBpm>
            <Cadence>79</Cadence>
            <DistanceMeters>19631.65174</DistanceMeters>
            <Extensions>
              <TPX xmlns="http://www.garmin.com/xmlschemas/ActivityExtension/v2">
                <Watts>114</Watts>
              </TPX>
            </Extensions>
          </Trackpoint>
          <Trackpoint>
            <Time>2010-10-19T21:21:33Z</Time>
            <AltitudeMeters>0.0</AltitudeMeters>
            <HeartRateBpm>
              <Value>0</Value>
            </HeartRateBpm>
            <Cadence>82</Cadence>
            <DistanceMeters>19656.75344</DistanceMeters>
            <Extensions>
              <TPX xmlns="http://www.garmin.com/xmlschemas/ActivityExtension/v2">
                <Watts>117</Watts>
              </TPX>
            </Extensions>
          </Trackpoint>
          <Trackpoint>
            <Time>2010-10-19T21:21:35Z</Time>
            <AltitudeMeters>0.0</AltitudeMeters>
            <HeartRateBpm>
              <Value>0</Value>
            </HeartRateBpm>
            <Cadence>81</Cadence>
            <DistanceMeters>19681.90118</DistanceMeters>
            <Extensions>
              <TPX xmlns="http://www.garmin.com/xmlschemas/ActivityExtension/v2">
                <Watts>135</Watts>
              </TPX>
            </Extensions>
          </Trackpoint>
          <Trackpoint>
            <Time>2010-10-19T21:21:37Z</Time>
            <AltitudeMeters>0.0</AltitudeMeters>
            <HeartRateBpm>
              <Value>0</Value>
            </HeartRateBpm>
            <Cadence>90</Cadence>
            <DistanceMeters>19707.05605</DistanceMeters>
            <Extensions>
              <TPX xmlns="http://www.garmin.com/xmlschemas/ActivityExtension/v2">
                <Watts>133</Watts>
              </TPX>
            </Extensions>
          </Trackpoint>
          <Trackpoint>
            <Time>2010-10-19T21:21:39Z</Time>
            <AltitudeMeters>0.0</AltitudeMeters>
            <HeartRateBpm>
              <Value>0</Value>
            </HeartRateBpm>
            <Cadence>89</Cadence>
            <DistanceMeters>19732.42351</DistanceMeters>
            <Extensions>
              <TPX xmlns="http://www.garmin.com/xmlschemas/ActivityExtension/v2">
                <Watts>147</Watts>
              </TPX>
            </Extensions>
          </Trackpoint>
          <Trackpoint>
            <Time>2010-10-19T21:21:41Z</Time>
            <AltitudeMeters>0.0</AltitudeMeters>
            <HeartRateBpm>
              <Value>0</Value>
            </HeartRateBpm>
            <Cadence>87</Cadence>
            <DistanceMeters>19757.91579</DistanceMeters>
            <Extensions>
              <TPX xmlns="http://www.garmin.com/xmlschemas/ActivityExtension/v2">
                <Watts>144</Watts>
              </TPX>
            </Extensions>
          </Trackpoint>
          <Trackpoint>
            <Time>2010-10-19T21:21:43Z</Time>
            <AltitudeMeters>0.0</AltitudeMeters>
            <HeartRateBpm>
              <Value>0</Value>
            </HeartRateBpm>
            <Cadence>87</Cadence>
            <DistanceMeters>19783.43427</DistanceMeters>
            <Extensions>
              <TPX xmlns="http://www.garmin.com/xmlschemas/ActivityExtension/v2">
                <Watts>139</Watts>
              </TPX>
            </Extensions>
          </Trackpoint>
          <Trackpoint>
            <Time>2010-10-19T21:21:45Z</Time>
            <AltitudeMeters>0.0</AltitudeMeters>
            <HeartRateBpm>
              <Value>0</Value>
            </HeartRateBpm>
            <Cadence>89</Cadence>
            <DistanceMeters>19808.97362</DistanceMeters>
            <Extensions>
              <TPX xmlns="http://www.garmin.com/xmlschemas/ActivityExtension/v2">
                <Watts>139</Watts>
              </TPX>
            </Extensions>
          </Trackpoint>
          <Trackpoint>
            <Time>2010-10-19T21:21:47Z</Time>
            <AltitudeMeters>0.0</AltitudeMeters>
            <HeartRateBpm>
              <Value>0</Value>
            </HeartRateBpm>
            <Cadence>86</Cadence>
            <DistanceMeters>19834.60257</DistanceMeters>
            <Extensions>
              <TPX xmlns="http://www.garmin.com/xmlschemas/ActivityExtension/v2">
                <Watts>144</Watts>
              </TPX>
            </Extensions>
          </Trackpoint>
          <Trackpoint>
            <Time>2010-10-19T21:21:49Z</Time>
            <AltitudeMeters>0.0</AltitudeMeters>
            <HeartRateBpm>
              <Value>0</Value>
            </HeartRateBpm>
            <Cadence>84</Cadence>
            <DistanceMeters>19860.18626</DistanceMeters>
            <Extensions>
              <TPX xmlns="http://www.garmin.com/xmlschemas/ActivityExtension/v2">
                <Watts>136</Watts>
              </TPX>
            </Extensions>
          </Trackpoint>
          <Trackpoint>
            <Time>2010-10-19T21:21:51Z</Time>
            <AltitudeMeters>0.0</AltitudeMeters>
            <HeartRateBpm>
              <Value>0</Value>
            </HeartRateBpm>
            <Cadence>83</Cadence>
            <DistanceMeters>19885.63132</DistanceMeters>
            <Extensions>
              <TPX xmlns="http://www.garmin.com/xmlschemas/ActivityExtension/v2">
                <Watts>129</Watts>
              </TPX>
            </Extensions>
          </Trackpoint>
          <Trackpoint>
            <Time>2010-10-19T21:21:53Z</Time>
            <AltitudeMeters>0.0</AltitudeMeters>
            <HeartRateBpm>
              <Value>0</Value>
            </HeartRateBpm>
            <Cadence>86</Cadence>
            <DistanceMeters>19911.03878</DistanceMeters>
            <Extensions>
              <TPX xmlns="http://www.garmin.com/xmlschemas/ActivityExtension/v2">
                <Watts>134</Watts>
              </TPX>
            </Extensions>
          </Trackpoint>
          <Trackpoint>
            <Time>2010-10-19T21:21:55Z</Time>
            <AltitudeMeters>0.0</AltitudeMeters>
            <HeartRateBpm>
              <Value>0</Value>
            </HeartRateBpm>
            <Cadence>87</Cadence>
            <DistanceMeters>19936.46027</DistanceMeters>
            <Extensions>
              <TPX xmlns="http://www.garmin.com/xmlschemas/ActivityExtension/v2">
                <Watts>137</Watts>
              </TPX>
            </Extensions>
          </Trackpoint>
          <Trackpoint>
            <Time>2010-10-19T21:21:57Z</Time>
            <AltitudeMeters>0.0</AltitudeMeters>
            <HeartRateBpm>
              <Value>0</Value>
            </HeartRateBpm>
            <Cadence>85</Cadence>
            <DistanceMeters>19961.84889</DistanceMeters>
            <Extensions>
              <TPX xmlns="http://www.garmin.com/xmlschemas/ActivityExtension/v2">
                <Watts>134</Watts>
              </TPX>
            </Extensions>
          </Trackpoint>
          <Trackpoint>
            <Time>2010-10-19T21:21:59Z</Time>
            <AltitudeMeters>0.0</AltitudeMeters>
            <HeartRateBpm>
              <Value>0</Value>
            </HeartRateBpm>
            <Cadence>84</Cadence>
            <DistanceMeters>19987.18177</DistanceMeters>
            <Extensions>
              <TPX xmlns="http://www.garmin.com/xmlschemas/ActivityExtension/v2">
                <Watts>132</Watts>
              </TPX>
            </Extensions>
          </Trackpoint>
          <Trackpoint>
            <Time>2010-10-19T21:22:01Z</Time>
            <AltitudeMeters>0.0</AltitudeMeters>
            <HeartRateBpm>
              <Value>0</Value>
            </HeartRateBpm>
            <Cadence>87</Cadence>
            <DistanceMeters>20012.47002</DistanceMeters>
            <Extensions>
              <TPX xmlns="http://www.garmin.com/xmlschemas/ActivityExtension/v2">
                <Watts>132</Watts>
              </TPX>
            </Extensions>
          </Trackpoint>
          <Trackpoint>
            <Time>2010-10-19T21:22:03Z</Time>
            <AltitudeMeters>0.0</AltitudeMeters>
            <HeartRateBpm>
              <Value>0</Value>
            </HeartRateBpm>
            <Cadence>85</Cadence>
            <DistanceMeters>20037.81109</DistanceMeters>
            <Extensions>
              <TPX xmlns="http://www.garmin.com/xmlschemas/ActivityExtension/v2">
                <Watts>138</Watts>
              </TPX>
            </Extensions>
          </Trackpoint>
          <Trackpoint>
            <Time>2010-10-19T21:22:05Z</Time>
            <AltitudeMeters>0.0</AltitudeMeters>
            <HeartRateBpm>
              <Value>0</Value>
            </HeartRateBpm>
            <Cadence>85</Cadence>
            <DistanceMeters>20063.13540</DistanceMeters>
            <Extensions>
              <TPX xmlns="http://www.garmin.com/xmlschemas/ActivityExtension/v2">
                <Watts>134</Watts>
              </TPX>
            </Extensions>
          </Trackpoint>
          <Trackpoint>
            <Time>2010-10-19T21:22:07Z</Time>
            <AltitudeMeters>0.0</AltitudeMeters>
            <HeartRateBpm>
              <Value>0</Value>
            </HeartRateBpm>
            <Cadence>77</Cadence>
            <DistanceMeters>20090.70539</DistanceMeters>
            <Extensions>
              <TPX xmlns="http://www.garmin.com/xmlschemas/ActivityExtension/v2">
                <Watts>294</Watts>
              </TPX>
            </Extensions>
          </Trackpoint>
          <Trackpoint>
            <Time>2010-10-19T21:22:09Z</Time>
            <AltitudeMeters>0.0</AltitudeMeters>
            <HeartRateBpm>
              <Value>0</Value>
            </HeartRateBpm>
            <Cadence>76</Cadence>
            <DistanceMeters>20120.10947</DistanceMeters>
            <Extensions>
              <TPX xmlns="http://www.garmin.com/xmlschemas/ActivityExtension/v2">
                <Watts>308</Watts>
              </TPX>
            </Extensions>
          </Trackpoint>
          <Trackpoint>
            <Time>2010-10-19T21:22:11Z</Time>
            <AltitudeMeters>0.0</AltitudeMeters>
            <HeartRateBpm>
              <Value>0</Value>
            </HeartRateBpm>
            <Cadence>70</Cadence>
            <DistanceMeters>20151.04675</DistanceMeters>
            <Extensions>
              <TPX xmlns="http://www.garmin.com/xmlschemas/ActivityExtension/v2">
                <Watts>323</Watts>
              </TPX>
            </Extensions>
          </Trackpoint>
          <Trackpoint>
            <Time>2010-10-19T21:22:13Z</Time>
            <AltitudeMeters>0.0</AltitudeMeters>
            <HeartRateBpm>
              <Value>0</Value>
            </HeartRateBpm>
            <Cadence>61</Cadence>
            <DistanceMeters>20182.74717</DistanceMeters>
            <Extensions>
              <TPX xmlns="http://www.garmin.com/xmlschemas/ActivityExtension/v2">
                <Watts>292</Watts>
              </TPX>
            </Extensions>
          </Trackpoint>
          <Trackpoint>
            <Time>2010-10-19T21:22:15Z</Time>
            <AltitudeMeters>0.0</AltitudeMeters>
            <HeartRateBpm>
              <Value>0</Value>
            </HeartRateBpm>
            <Cadence>70</Cadence>
            <DistanceMeters>20215.30282</DistanceMeters>
            <Extensions>
              <TPX xmlns="http://www.garmin.com/xmlschemas/ActivityExtension/v2">
                <Watts>317</Watts>
              </TPX>
            </Extensions>
          </Trackpoint>
          <Trackpoint>
            <Time>2010-10-19T21:22:17Z</Time>
            <AltitudeMeters>0.0</AltitudeMeters>
            <HeartRateBpm>
              <Value>0</Value>
            </HeartRateBpm>
            <Cadence>68</Cadence>
            <DistanceMeters>20248.29664</DistanceMeters>
            <Extensions>
              <TPX xmlns="http://www.garmin.com/xmlschemas/ActivityExtension/v2">
                <Watts>300</Watts>
              </TPX>
            </Extensions>
          </Trackpoint>
          <Trackpoint>
            <Time>2010-10-19T21:22:19Z</Time>
            <AltitudeMeters>0.0</AltitudeMeters>
            <HeartRateBpm>
              <Value>0</Value>
            </HeartRateBpm>
            <Cadence>66</Cadence>
            <DistanceMeters>20281.44647</DistanceMeters>
            <Extensions>
              <TPX xmlns="http://www.garmin.com/xmlschemas/ActivityExtension/v2">
                <Watts>285</Watts>
              </TPX>
            </Extensions>
          </Trackpoint>
          <Trackpoint>
            <Time>2010-10-19T21:22:21Z</Time>
            <AltitudeMeters>0.0</AltitudeMeters>
            <HeartRateBpm>
              <Value>0</Value>
            </HeartRateBpm>
            <Cadence>68</Cadence>
            <DistanceMeters>20314.71238</DistanceMeters>
            <Extensions>
              <TPX xmlns="http://www.garmin.com/xmlschemas/ActivityExtension/v2">
                <Watts>285</Watts>
              </TPX>
            </Extensions>
          </Trackpoint>
          <Trackpoint>
            <Time>2010-10-19T21:22:23Z</Time>
            <AltitudeMeters>0.0</AltitudeMeters>
            <HeartRateBpm>
              <Value>0</Value>
            </HeartRateBpm>
            <Cadence>68</Cadence>
            <DistanceMeters>20348.23215</DistanceMeters>
            <Extensions>
              <TPX xmlns="http://www.garmin.com/xmlschemas/ActivityExtension/v2">
                <Watts>300</Watts>
              </TPX>
            </Extensions>
          </Trackpoint>
          <Trackpoint>
            <Time>2010-10-19T21:22:25Z</Time>
            <AltitudeMeters>0.0</AltitudeMeters>
            <HeartRateBpm>
              <Value>0</Value>
            </HeartRateBpm>
            <Cadence>69</Cadence>
            <DistanceMeters>20382.02828</DistanceMeters>
            <Extensions>
              <TPX xmlns="http://www.garmin.com/xmlschemas/ActivityExtension/v2">
                <Watts>308</Watts>
              </TPX>
            </Extensions>
          </Trackpoint>
          <Trackpoint>
            <Time>2010-10-19T21:22:27Z</Time>
            <AltitudeMeters>0.0</AltitudeMeters>
            <HeartRateBpm>
              <Value>0</Value>
            </HeartRateBpm>
            <Cadence>68</Cadence>
            <DistanceMeters>20415.88530</DistanceMeters>
            <Extensions>
              <TPX xmlns="http://www.garmin.com/xmlschemas/ActivityExtension/v2">
                <Watts>295</Watts>
              </TPX>
            </Extensions>
          </Trackpoint>
          <Trackpoint>
            <Time>2010-10-19T21:22:29Z</Time>
            <AltitudeMeters>0.0</AltitudeMeters>
            <HeartRateBpm>
              <Value>0</Value>
            </HeartRateBpm>
            <Cadence>69</Cadence>
            <DistanceMeters>20449.86442</DistanceMeters>
            <Extensions>
              <TPX xmlns="http://www.garmin.com/xmlschemas/ActivityExtension/v2">
                <Watts>302</Watts>
              </TPX>
            </Extensions>
          </Trackpoint>
          <Trackpoint>
            <Time>2010-10-19T21:22:31Z</Time>
            <AltitudeMeters>0.0</AltitudeMeters>
            <HeartRateBpm>
              <Value>0</Value>
            </HeartRateBpm>
            <Cadence>69</Cadence>
            <DistanceMeters>20483.99948</DistanceMeters>
            <Extensions>
              <TPX xmlns="http://www.garmin.com/xmlschemas/ActivityExtension/v2">
                <Watts>308</Watts>
              </TPX>
            </Extensions>
          </Trackpoint>
          <Trackpoint>
            <Time>2010-10-19T21:22:33Z</Time>
            <AltitudeMeters>0.0</AltitudeMeters>
            <HeartRateBpm>
              <Value>0</Value>
            </HeartRateBpm>
            <Cadence>81</Cadence>
            <DistanceMeters>20519.55445</DistanceMeters>
            <Extensions>
              <TPX xmlns="http://www.garmin.com/xmlschemas/ActivityExtension/v2">
                <Watts>430</Watts>
              </TPX>
            </Extensions>
          </Trackpoint>
          <Trackpoint>
            <Time>2010-10-19T21:22:35Z</Time>
            <AltitudeMeters>0.0</AltitudeMeters>
            <HeartRateBpm>
              <Value>0</Value>
            </HeartRateBpm>
            <Cadence>66</Cadence>
            <DistanceMeters>20554.67003</DistanceMeters>
            <Extensions>
              <TPX xmlns="http://www.garmin.com/xmlschemas/ActivityExtension/v2">
                <Watts>291</Watts>
              </TPX>
            </Extensions>
          </Trackpoint>
          <Trackpoint>
            <Time>2010-10-19T21:22:37Z</Time>
            <AltitudeMeters>0.0</AltitudeMeters>
            <HeartRateBpm>
              <Value>0</Value>
            </HeartRateBpm>
            <Cadence>69</Cadence>
            <DistanceMeters>20589.46062</DistanceMeters>
            <Extensions>
              <TPX xmlns="http://www.garmin.com/xmlschemas/ActivityExtension/v2">
                <Watts>291</Watts>
              </TPX>
            </Extensions>
          </Trackpoint>
          <Trackpoint>
            <Time>2010-10-19T21:22:39Z</Time>
            <AltitudeMeters>0.0</AltitudeMeters>
            <HeartRateBpm>
              <Value>0</Value>
            </HeartRateBpm>
            <Cadence>65</Cadence>
            <DistanceMeters>20623.79384</DistanceMeters>
            <Extensions>
              <TPX xmlns="http://www.garmin.com/xmlschemas/ActivityExtension/v2">
                <Watts>271</Watts>
              </TPX>
            </Extensions>
          </Trackpoint>
          <Trackpoint>
            <Time>2010-10-19T21:22:41Z</Time>
            <AltitudeMeters>0.0</AltitudeMeters>
            <HeartRateBpm>
              <Value>0</Value>
            </HeartRateBpm>
            <Cadence>85</Cadence>
            <DistanceMeters>20657.19891</DistanceMeters>
            <Extensions>
              <TPX xmlns="http://www.garmin.com/xmlschemas/ActivityExtension/v2">
                <Watts>218</Watts>
              </TPX>
            </Extensions>
          </Trackpoint>
          <Trackpoint>
            <Time>2010-10-19T21:22:43Z</Time>
            <AltitudeMeters>0.0</AltitudeMeters>
            <HeartRateBpm>
              <Value>0</Value>
            </HeartRateBpm>
            <Cadence>88</Cadence>
            <DistanceMeters>20690.37456</DistanceMeters>
            <Extensions>
              <TPX xmlns="http://www.garmin.com/xmlschemas/ActivityExtension/v2">
                <Watts>260</Watts>
              </TPX>
            </Extensions>
          </Trackpoint>
          <Trackpoint>
            <Time>2010-10-19T21:22:45Z</Time>
            <AltitudeMeters>0.0</AltitudeMeters>
            <HeartRateBpm>
              <Value>0</Value>
            </HeartRateBpm>
            <Cadence>88</Cadence>
            <DistanceMeters>20723.18526</DistanceMeters>
            <Extensions>
              <TPX xmlns="http://www.garmin.com/xmlschemas/ActivityExtension/v2">
                <Watts>243</Watts>
              </TPX>
            </Extensions>
          </Trackpoint>
          <Trackpoint>
            <Time>2010-10-19T21:22:47Z</Time>
            <AltitudeMeters>0.0</AltitudeMeters>
            <HeartRateBpm>
              <Value>0</Value>
            </HeartRateBpm>
            <Cadence>86</Cadence>
            <DistanceMeters>20755.67445</DistanceMeters>
            <Extensions>
              <TPX xmlns="http://www.garmin.com/xmlschemas/ActivityExtension/v2">
                <Watts>239</Watts>
              </TPX>
            </Extensions>
          </Trackpoint>
          <Trackpoint>
            <Time>2010-10-19T21:22:49Z</Time>
            <AltitudeMeters>0.0</AltitudeMeters>
            <HeartRateBpm>
              <Value>0</Value>
            </HeartRateBpm>
            <Cadence>87</Cadence>
            <DistanceMeters>20787.72297</DistanceMeters>
            <Extensions>
              <TPX xmlns="http://www.garmin.com/xmlschemas/ActivityExtension/v2">
                <Watts>222</Watts>
              </TPX>
            </Extensions>
          </Trackpoint>
          <Trackpoint>
            <Time>2010-10-19T21:22:51Z</Time>
            <AltitudeMeters>0.0</AltitudeMeters>
            <HeartRateBpm>
              <Value>0</Value>
            </HeartRateBpm>
            <Cadence>88</Cadence>
            <DistanceMeters>20819.40044</DistanceMeters>
            <Extensions>
              <TPX xmlns="http://www.garmin.com/xmlschemas/ActivityExtension/v2">
                <Watts>219</Watts>
              </TPX>
            </Extensions>
          </Trackpoint>
          <Trackpoint>
            <Time>2010-10-19T21:22:53Z</Time>
            <AltitudeMeters>0.0</AltitudeMeters>
            <HeartRateBpm>
              <Value>0</Value>
            </HeartRateBpm>
            <Cadence>99</Cadence>
            <DistanceMeters>20850.85409</DistanceMeters>
            <Extensions>
              <TPX xmlns="http://www.garmin.com/xmlschemas/ActivityExtension/v2">
                <Watts>224</Watts>
              </TPX>
            </Extensions>
          </Trackpoint>
          <Trackpoint>
            <Time>2010-10-19T21:22:55Z</Time>
            <AltitudeMeters>0.0</AltitudeMeters>
            <HeartRateBpm>
              <Value>0</Value>
            </HeartRateBpm>
            <Cadence>85</Cadence>
            <DistanceMeters>20881.59544</DistanceMeters>
            <Extensions>
              <TPX xmlns="http://www.garmin.com/xmlschemas/ActivityExtension/v2">
                <Watts>179</Watts>
              </TPX>
            </Extensions>
          </Trackpoint>
          <Trackpoint>
            <Time>2010-10-19T21:22:57Z</Time>
            <AltitudeMeters>0.0</AltitudeMeters>
            <HeartRateBpm>
              <Value>0</Value>
            </HeartRateBpm>
            <Cadence>84</Cadence>
            <DistanceMeters>20911.69705</DistanceMeters>
            <Extensions>
              <TPX xmlns="http://www.garmin.com/xmlschemas/ActivityExtension/v2">
                <Watts>172</Watts>
              </TPX>
            </Extensions>
          </Trackpoint>
          <Trackpoint>
            <Time>2010-10-19T21:22:59Z</Time>
            <AltitudeMeters>0.0</AltitudeMeters>
            <HeartRateBpm>
              <Value>0</Value>
            </HeartRateBpm>
            <Cadence>86</Cadence>
            <DistanceMeters>20941.36276</DistanceMeters>
            <Extensions>
              <TPX xmlns="http://www.garmin.com/xmlschemas/ActivityExtension/v2">
                <Watts>177</Watts>
              </TPX>
            </Extensions>
          </Trackpoint>
          <Trackpoint>
            <Time>2010-10-19T21:23:01Z</Time>
            <AltitudeMeters>0.0</AltitudeMeters>
            <HeartRateBpm>
              <Value>0</Value>
            </HeartRateBpm>
            <Cadence>87</Cadence>
            <DistanceMeters>20970.72711</DistanceMeters>
            <Extensions>
              <TPX xmlns="http://www.garmin.com/xmlschemas/ActivityExtension/v2">
                <Watts>180</Watts>
              </TPX>
            </Extensions>
          </Trackpoint>
          <Trackpoint>
            <Time>2010-10-19T21:23:03Z</Time>
            <AltitudeMeters>0.0</AltitudeMeters>
            <HeartRateBpm>
              <Value>0</Value>
            </HeartRateBpm>
            <Cadence>86</Cadence>
            <DistanceMeters>20999.88248</DistanceMeters>
            <Extensions>
              <TPX xmlns="http://www.garmin.com/xmlschemas/ActivityExtension/v2">
                <Watts>182</Watts>
              </TPX>
            </Extensions>
          </Trackpoint>
          <Trackpoint>
            <Time>2010-10-19T21:23:05Z</Time>
            <AltitudeMeters>0.0</AltitudeMeters>
            <HeartRateBpm>
              <Value>0</Value>
            </HeartRateBpm>
            <Cadence>85</Cadence>
            <DistanceMeters>21028.79791</DistanceMeters>
            <Extensions>
              <TPX xmlns="http://www.garmin.com/xmlschemas/ActivityExtension/v2">
                <Watts>176</Watts>
              </TPX>
            </Extensions>
          </Trackpoint>
          <Trackpoint>
            <Time>2010-10-19T21:23:07Z</Time>
            <AltitudeMeters>0.0</AltitudeMeters>
            <HeartRateBpm>
              <Value>0</Value>
            </HeartRateBpm>
            <Cadence>83</Cadence>
            <DistanceMeters>21057.51312</DistanceMeters>
            <Extensions>
              <TPX xmlns="http://www.garmin.com/xmlschemas/ActivityExtension/v2">
                <Watts>175</Watts>
              </TPX>
            </Extensions>
          </Trackpoint>
          <Trackpoint>
            <Time>2010-10-19T21:23:09Z</Time>
            <AltitudeMeters>0.0</AltitudeMeters>
            <HeartRateBpm>
              <Value>0</Value>
            </HeartRateBpm>
            <Cadence>83</Cadence>
            <DistanceMeters>21085.99343</DistanceMeters>
            <Extensions>
              <TPX xmlns="http://www.garmin.com/xmlschemas/ActivityExtension/v2">
                <Watts>169</Watts>
              </TPX>
            </Extensions>
          </Trackpoint>
          <Trackpoint>
            <Time>2010-10-19T21:23:11Z</Time>
            <AltitudeMeters>0.0</AltitudeMeters>
            <HeartRateBpm>
              <Value>0</Value>
            </HeartRateBpm>
            <Cadence>81</Cadence>
            <DistanceMeters>21114.19727</DistanceMeters>
            <Extensions>
              <TPX xmlns="http://www.garmin.com/xmlschemas/ActivityExtension/v2">
                <Watts>162</Watts>
              </TPX>
            </Extensions>
          </Trackpoint>
          <Trackpoint>
            <Time>2010-10-19T21:23:13Z</Time>
            <AltitudeMeters>0.0</AltitudeMeters>
            <HeartRateBpm>
              <Value>0</Value>
            </HeartRateBpm>
            <Cadence>83</Cadence>
            <DistanceMeters>21142.25038</DistanceMeters>
            <Extensions>
              <TPX xmlns="http://www.garmin.com/xmlschemas/ActivityExtension/v2">
                <Watts>167</Watts>
              </TPX>
            </Extensions>
          </Trackpoint>
          <Trackpoint>
            <Time>2010-10-19T21:23:15Z</Time>
            <AltitudeMeters>0.0</AltitudeMeters>
            <HeartRateBpm>
              <Value>0</Value>
            </HeartRateBpm>
            <Cadence>84</Cadence>
            <DistanceMeters>21170.23869</DistanceMeters>
            <Extensions>
              <TPX xmlns="http://www.garmin.com/xmlschemas/ActivityExtension/v2">
                <Watts>171</Watts>
              </TPX>
            </Extensions>
          </Trackpoint>
          <Trackpoint>
            <Time>2010-10-19T21:23:17Z</Time>
            <AltitudeMeters>0.0</AltitudeMeters>
            <HeartRateBpm>
              <Value>0</Value>
            </HeartRateBpm>
            <Cadence>85</Cadence>
            <DistanceMeters>21197.81309</DistanceMeters>
            <Extensions>
              <TPX xmlns="http://www.garmin.com/xmlschemas/ActivityExtension/v2">
                <Watts>144</Watts>
              </TPX>
            </Extensions>
          </Trackpoint>
          <Trackpoint>
            <Time>2010-10-19T21:23:19Z</Time>
            <AltitudeMeters>0.0</AltitudeMeters>
            <HeartRateBpm>
              <Value>0</Value>
            </HeartRateBpm>
            <Cadence>88</Cadence>
            <DistanceMeters>21225.14113</DistanceMeters>
            <Extensions>
              <TPX xmlns="http://www.garmin.com/xmlschemas/ActivityExtension/v2">
                <Watts>150</Watts>
              </TPX>
            </Extensions>
          </Trackpoint>
          <Trackpoint>
            <Time>2010-10-19T21:23:21Z</Time>
            <AltitudeMeters>0.0</AltitudeMeters>
            <HeartRateBpm>
              <Value>0</Value>
            </HeartRateBpm>
            <Cadence>89</Cadence>
            <DistanceMeters>21252.35658</DistanceMeters>
            <Extensions>
              <TPX xmlns="http://www.garmin.com/xmlschemas/ActivityExtension/v2">
                <Watts>156</Watts>
              </TPX>
            </Extensions>
          </Trackpoint>
          <Trackpoint>
            <Time>2010-10-19T21:23:23Z</Time>
            <AltitudeMeters>0.0</AltitudeMeters>
            <HeartRateBpm>
              <Value>0</Value>
            </HeartRateBpm>
            <Cadence>90</Cadence>
            <DistanceMeters>21279.51069</DistanceMeters>
            <Extensions>
              <TPX xmlns="http://www.garmin.com/xmlschemas/ActivityExtension/v2">
                <Watts>158</Watts>
              </TPX>
            </Extensions>
          </Trackpoint>
          <Trackpoint>
            <Time>2010-10-19T21:23:25Z</Time>
            <AltitudeMeters>0.0</AltitudeMeters>
            <HeartRateBpm>
              <Value>0</Value>
            </HeartRateBpm>
            <Cadence>92</Cadence>
            <DistanceMeters>21306.89050</DistanceMeters>
            <Extensions>
              <TPX xmlns="http://www.garmin.com/xmlschemas/ActivityExtension/v2">
                <Watts>178</Watts>
              </TPX>
            </Extensions>
          </Trackpoint>
          <Trackpoint>
            <Time>2010-10-19T21:23:27Z</Time>
            <AltitudeMeters>0.0</AltitudeMeters>
            <HeartRateBpm>
              <Value>0</Value>
            </HeartRateBpm>
            <Cadence>91</Cadence>
            <DistanceMeters>21334.46003</DistanceMeters>
            <Extensions>
              <TPX xmlns="http://www.garmin.com/xmlschemas/ActivityExtension/v2">
                <Watts>179</Watts>
              </TPX>
            </Extensions>
          </Trackpoint>
          <Trackpoint>
            <Time>2010-10-19T21:23:29Z</Time>
            <AltitudeMeters>0.0</AltitudeMeters>
            <HeartRateBpm>
              <Value>0</Value>
            </HeartRateBpm>
            <Cadence>91</Cadence>
            <DistanceMeters>21362.13717</DistanceMeters>
            <Extensions>
              <TPX xmlns="http://www.garmin.com/xmlschemas/ActivityExtension/v2">
                <Watts>176</Watts>
              </TPX>
            </Extensions>
          </Trackpoint>
          <Trackpoint>
            <Time>2010-10-19T21:23:31Z</Time>
            <AltitudeMeters>0.0</AltitudeMeters>
            <HeartRateBpm>
              <Value>0</Value>
            </HeartRateBpm>
            <Cadence>91</Cadence>
            <DistanceMeters>21389.70945</DistanceMeters>
            <Extensions>
              <TPX xmlns="http://www.garmin.com/xmlschemas/ActivityExtension/v2">
                <Watts>162</Watts>
              </TPX>
            </Extensions>
          </Trackpoint>
          <Trackpoint>
            <Time>2010-10-19T21:23:33Z</Time>
            <AltitudeMeters>0.0</AltitudeMeters>
            <HeartRateBpm>
              <Value>0</Value>
            </HeartRateBpm>
            <Cadence>90</Cadence>
            <DistanceMeters>21417.36175</DistanceMeters>
            <Extensions>
              <TPX xmlns="http://www.garmin.com/xmlschemas/ActivityExtension/v2">
                <Watts>174</Watts>
              </TPX>
            </Extensions>
          </Trackpoint>
          <Trackpoint>
            <Time>2010-10-19T21:23:35Z</Time>
            <AltitudeMeters>0.0</AltitudeMeters>
            <HeartRateBpm>
              <Value>0</Value>
            </HeartRateBpm>
            <Cadence>90</Cadence>
            <DistanceMeters>21445.04966</DistanceMeters>
            <Extensions>
              <TPX xmlns="http://www.garmin.com/xmlschemas/ActivityExtension/v2">
                <Watts>172</Watts>
              </TPX>
            </Extensions>
          </Trackpoint>
          <Trackpoint>
            <Time>2010-10-19T21:23:37Z</Time>
            <AltitudeMeters>0.0</AltitudeMeters>
            <HeartRateBpm>
              <Value>0</Value>
            </HeartRateBpm>
            <Cadence>90</Cadence>
            <DistanceMeters>21472.57623</DistanceMeters>
            <Extensions>
              <TPX xmlns="http://www.garmin.com/xmlschemas/ActivityExtension/v2">
                <Watts>158</Watts>
              </TPX>
            </Extensions>
          </Trackpoint>
          <Trackpoint>
            <Time>2010-10-19T21:23:39Z</Time>
            <AltitudeMeters>0.0</AltitudeMeters>
            <HeartRateBpm>
              <Value>0</Value>
            </HeartRateBpm>
            <Cadence>90</Cadence>
            <DistanceMeters>21500.16571</DistanceMeters>
            <Extensions>
              <TPX xmlns="http://www.garmin.com/xmlschemas/ActivityExtension/v2">
                <Watts>172</Watts>
              </TPX>
            </Extensions>
          </Trackpoint>
          <Trackpoint>
            <Time>2010-10-19T21:23:41Z</Time>
            <AltitudeMeters>0.0</AltitudeMeters>
            <HeartRateBpm>
              <Value>0</Value>
            </HeartRateBpm>
            <Cadence>90</Cadence>
            <DistanceMeters>21527.80446</DistanceMeters>
            <Extensions>
              <TPX xmlns="http://www.garmin.com/xmlschemas/ActivityExtension/v2">
                <Watts>172</Watts>
              </TPX>
            </Extensions>
          </Trackpoint>
          <Trackpoint>
            <Time>2010-10-19T21:23:43Z</Time>
            <AltitudeMeters>0.0</AltitudeMeters>
            <HeartRateBpm>
              <Value>0</Value>
            </HeartRateBpm>
            <Cadence>65</Cadence>
            <DistanceMeters>21559.09065</DistanceMeters>
            <Extensions>
              <TPX xmlns="http://www.garmin.com/xmlschemas/ActivityExtension/v2">
                <Watts>457</Watts>
              </TPX>
            </Extensions>
          </Trackpoint>
          <Trackpoint>
            <Time>2010-10-19T21:23:45Z</Time>
            <AltitudeMeters>0.0</AltitudeMeters>
            <HeartRateBpm>
              <Value>0</Value>
            </HeartRateBpm>
            <Cadence>77</Cadence>
            <DistanceMeters>21592.74593</DistanceMeters>
            <Extensions>
              <TPX xmlns="http://www.garmin.com/xmlschemas/ActivityExtension/v2">
                <Watts>441</Watts>
              </TPX>
            </Extensions>
          </Trackpoint>
          <Trackpoint>
            <Time>2010-10-19T21:23:47Z</Time>
            <AltitudeMeters>0.0</AltitudeMeters>
            <HeartRateBpm>
              <Value>0</Value>
            </HeartRateBpm>
            <Cadence>77</Cadence>
            <DistanceMeters>21628.26621</DistanceMeters>
            <Extensions>
              <TPX xmlns="http://www.garmin.com/xmlschemas/ActivityExtension/v2">
                <Watts>459</Watts>
              </TPX>
            </Extensions>
          </Trackpoint>
          <Trackpoint>
            <Time>2010-10-19T21:23:49Z</Time>
            <AltitudeMeters>0.0</AltitudeMeters>
            <HeartRateBpm>
              <Value>0</Value>
            </HeartRateBpm>
            <Cadence>78</Cadence>
            <DistanceMeters>21665.18114</DistanceMeters>
            <Extensions>
              <TPX xmlns="http://www.garmin.com/xmlschemas/ActivityExtension/v2">
                <Watts>467</Watts>
              </TPX>
            </Extensions>
          </Trackpoint>
          <Trackpoint>
            <Time>2010-10-19T21:23:51Z</Time>
            <AltitudeMeters>0.0</AltitudeMeters>
            <HeartRateBpm>
              <Value>0</Value>
            </HeartRateBpm>
            <Cadence>75</Cadence>
            <DistanceMeters>21702.94755</DistanceMeters>
            <Extensions>
              <TPX xmlns="http://www.garmin.com/xmlschemas/ActivityExtension/v2">
                <Watts>454</Watts>
              </TPX>
            </Extensions>
          </Trackpoint>
          <Trackpoint>
            <Time>2010-10-19T21:23:53Z</Time>
            <AltitudeMeters>0.0</AltitudeMeters>
            <HeartRateBpm>
              <Value>0</Value>
            </HeartRateBpm>
            <Cadence>79</Cadence>
            <DistanceMeters>21738.51616</DistanceMeters>
            <Extensions>
              <TPX xmlns="http://www.garmin.com/xmlschemas/ActivityExtension/v2">
                <Watts>177</Watts>
              </TPX>
            </Extensions>
          </Trackpoint>
          <Trackpoint>
            <Time>2010-10-19T21:23:55Z</Time>
            <AltitudeMeters>0.0</AltitudeMeters>
            <HeartRateBpm>
              <Value>0</Value>
            </HeartRateBpm>
            <Cadence>78</Cadence>
            <DistanceMeters>21771.94274</DistanceMeters>
            <Extensions>
              <TPX xmlns="http://www.garmin.com/xmlschemas/ActivityExtension/v2">
                <Watts>135</Watts>
              </TPX>
            </Extensions>
          </Trackpoint>
          <Trackpoint>
            <Time>2010-10-19T21:23:57Z</Time>
            <AltitudeMeters>0.0</AltitudeMeters>
            <HeartRateBpm>
              <Value>0</Value>
            </HeartRateBpm>
            <Cadence>80</Cadence>
            <DistanceMeters>21803.70927</DistanceMeters>
            <Extensions>
              <TPX xmlns="http://www.garmin.com/xmlschemas/ActivityExtension/v2">
                <Watts>136</Watts>
              </TPX>
            </Extensions>
          </Trackpoint>
          <Trackpoint>
            <Time>2010-10-19T21:23:59Z</Time>
            <AltitudeMeters>0.0</AltitudeMeters>
            <HeartRateBpm>
              <Value>0</Value>
            </HeartRateBpm>
            <Cadence>82</Cadence>
            <DistanceMeters>21834.29306</DistanceMeters>
            <Extensions>
              <TPX xmlns="http://www.garmin.com/xmlschemas/ActivityExtension/v2">
                <Watts>146</Watts>
              </TPX>
            </Extensions>
          </Trackpoint>
          <Trackpoint>
            <Time>2010-10-19T21:24:01Z</Time>
            <AltitudeMeters>0.0</AltitudeMeters>
            <HeartRateBpm>
              <Value>0</Value>
            </HeartRateBpm>
            <Cadence>82</Cadence>
            <DistanceMeters>21863.95891</DistanceMeters>
            <Extensions>
              <TPX xmlns="http://www.garmin.com/xmlschemas/ActivityExtension/v2">
                <Watts>147</Watts>
              </TPX>
            </Extensions>
          </Trackpoint>
          <Trackpoint>
            <Time>2010-10-19T21:24:03Z</Time>
            <AltitudeMeters>0.0</AltitudeMeters>
            <HeartRateBpm>
              <Value>0</Value>
            </HeartRateBpm>
            <Cadence>80</Cadence>
            <DistanceMeters>21892.86205</DistanceMeters>
            <Extensions>
              <TPX xmlns="http://www.garmin.com/xmlschemas/ActivityExtension/v2">
                <Watts>144</Watts>
              </TPX>
            </Extensions>
          </Trackpoint>
          <Trackpoint>
            <Time>2010-10-19T21:24:05Z</Time>
            <AltitudeMeters>0.0</AltitudeMeters>
            <HeartRateBpm>
              <Value>0</Value>
            </HeartRateBpm>
            <Cadence>81</Cadence>
            <DistanceMeters>21921.13523</DistanceMeters>
            <Extensions>
              <TPX xmlns="http://www.garmin.com/xmlschemas/ActivityExtension/v2">
                <Watts>142</Watts>
              </TPX>
            </Extensions>
          </Trackpoint>
          <Trackpoint>
            <Time>2010-10-19T21:24:07Z</Time>
            <AltitudeMeters>0.0</AltitudeMeters>
            <HeartRateBpm>
              <Value>0</Value>
            </HeartRateBpm>
            <Cadence>81</Cadence>
            <DistanceMeters>21948.63857</DistanceMeters>
            <Extensions>
              <TPX xmlns="http://www.garmin.com/xmlschemas/ActivityExtension/v2">
                <Watts>122</Watts>
              </TPX>
            </Extensions>
          </Trackpoint>
          <Trackpoint>
            <Time>2010-10-19T21:24:09Z</Time>
            <AltitudeMeters>0.0</AltitudeMeters>
            <HeartRateBpm>
              <Value>0</Value>
            </HeartRateBpm>
            <Cadence>82</Cadence>
            <DistanceMeters>21975.52433</DistanceMeters>
            <Extensions>
              <TPX xmlns="http://www.garmin.com/xmlschemas/ActivityExtension/v2">
                <Watts>122</Watts>
              </TPX>
            </Extensions>
          </Trackpoint>
          <Trackpoint>
            <Time>2010-10-19T21:24:11Z</Time>
            <AltitudeMeters>0.0</AltitudeMeters>
            <HeartRateBpm>
              <Value>0</Value>
            </HeartRateBpm>
            <Cadence>83</Cadence>
            <DistanceMeters>22001.94228</DistanceMeters>
            <Extensions>
              <TPX xmlns="http://www.garmin.com/xmlschemas/ActivityExtension/v2">
                <Watts>124</Watts>
              </TPX>
            </Extensions>
          </Trackpoint>
          <Trackpoint>
            <Time>2010-10-19T21:24:13Z</Time>
            <AltitudeMeters>0.0</AltitudeMeters>
            <HeartRateBpm>
              <Value>0</Value>
            </HeartRateBpm>
            <Cadence>83</Cadence>
            <DistanceMeters>22028.01314</DistanceMeters>
            <Extensions>
              <TPX xmlns="http://www.garmin.com/xmlschemas/ActivityExtension/v2">
                <Watts>126</Watts>
              </TPX>
            </Extensions>
          </Trackpoint>
          <Trackpoint>
            <Time>2010-10-19T21:24:15Z</Time>
            <AltitudeMeters>0.0</AltitudeMeters>
            <HeartRateBpm>
              <Value>0</Value>
            </HeartRateBpm>
            <Cadence>82</Cadence>
            <DistanceMeters>22053.79090</DistanceMeters>
            <Extensions>
              <TPX xmlns="http://www.garmin.com/xmlschemas/ActivityExtension/v2">
                <Watts>125</Watts>
              </TPX>
            </Extensions>
          </Trackpoint>
          <Trackpoint>
            <Time>2010-10-19T21:24:17Z</Time>
            <AltitudeMeters>0.0</AltitudeMeters>
            <HeartRateBpm>
              <Value>0</Value>
            </HeartRateBpm>
            <Cadence>82</Cadence>
            <DistanceMeters>22079.31854</DistanceMeters>
            <Extensions>
              <TPX xmlns="http://www.garmin.com/xmlschemas/ActivityExtension/v2">
                <Watts>124</Watts>
              </TPX>
            </Extensions>
          </Trackpoint>
          <Trackpoint>
            <Time>2010-10-19T21:24:19Z</Time>
            <AltitudeMeters>0.0</AltitudeMeters>
            <HeartRateBpm>
              <Value>0</Value>
            </HeartRateBpm>
            <Cadence>81</Cadence>
            <DistanceMeters>22104.63032</DistanceMeters>
            <Extensions>
              <TPX xmlns="http://www.garmin.com/xmlschemas/ActivityExtension/v2">
                <Watts>123</Watts>
              </TPX>
            </Extensions>
          </Trackpoint>
          <Trackpoint>
            <Time>2010-10-19T21:24:21Z</Time>
            <AltitudeMeters>0.0</AltitudeMeters>
            <HeartRateBpm>
              <Value>0</Value>
            </HeartRateBpm>
            <Cadence>80</Cadence>
            <DistanceMeters>22129.75352</DistanceMeters>
            <Extensions>
              <TPX xmlns="http://www.garmin.com/xmlschemas/ActivityExtension/v2">
                <Watts>122</Watts>
              </TPX>
            </Extensions>
          </Trackpoint>
          <Trackpoint>
            <Time>2010-10-19T21:24:23Z</Time>
            <AltitudeMeters>0.0</AltitudeMeters>
            <HeartRateBpm>
              <Value>0</Value>
            </HeartRateBpm>
            <Cadence>80</Cadence>
            <DistanceMeters>22154.67996</DistanceMeters>
            <Extensions>
              <TPX xmlns="http://www.garmin.com/xmlschemas/ActivityExtension/v2">
                <Watts>119</Watts>
              </TPX>
            </Extensions>
          </Trackpoint>
          <Trackpoint>
            <Time>2010-10-19T21:24:25Z</Time>
            <AltitudeMeters>0.0</AltitudeMeters>
            <HeartRateBpm>
              <Value>0</Value>
            </HeartRateBpm>
            <Cadence>81</Cadence>
            <DistanceMeters>22179.43256</DistanceMeters>
            <Extensions>
              <TPX xmlns="http://www.garmin.com/xmlschemas/ActivityExtension/v2">
                <Watts>118</Watts>
              </TPX>
            </Extensions>
          </Trackpoint>
          <Trackpoint>
            <Time>2010-10-19T21:24:27Z</Time>
            <AltitudeMeters>0.0</AltitudeMeters>
            <HeartRateBpm>
              <Value>0</Value>
            </HeartRateBpm>
            <Cadence>80</Cadence>
            <DistanceMeters>22204.02960</DistanceMeters>
            <Extensions>
              <TPX xmlns="http://www.garmin.com/xmlschemas/ActivityExtension/v2">
                <Watts>117</Watts>
              </TPX>
            </Extensions>
          </Trackpoint>
          <Trackpoint>
            <Time>2010-10-19T21:24:29Z</Time>
            <AltitudeMeters>0.0</AltitudeMeters>
            <HeartRateBpm>
              <Value>0</Value>
            </HeartRateBpm>
            <Cadence>80</Cadence>
            <DistanceMeters>22228.51620</DistanceMeters>
            <Extensions>
              <TPX xmlns="http://www.garmin.com/xmlschemas/ActivityExtension/v2">
                <Watts>118</Watts>
              </TPX>
            </Extensions>
          </Trackpoint>
          <Trackpoint>
            <Time>2010-10-19T21:24:31Z</Time>
            <AltitudeMeters>0.0</AltitudeMeters>
            <HeartRateBpm>
              <Value>0</Value>
            </HeartRateBpm>
            <Cadence>91</Cadence>
            <DistanceMeters>22252.95946</DistanceMeters>
            <Extensions>
              <TPX xmlns="http://www.garmin.com/xmlschemas/ActivityExtension/v2">
                <Watts>121</Watts>
              </TPX>
            </Extensions>
          </Trackpoint>
          <Trackpoint>
            <Time>2010-10-19T21:24:33Z</Time>
            <AltitudeMeters>0.0</AltitudeMeters>
            <HeartRateBpm>
              <Value>0</Value>
            </HeartRateBpm>
            <Cadence>90</Cadence>
            <DistanceMeters>22277.71707</DistanceMeters>
            <Extensions>
              <TPX xmlns="http://www.garmin.com/xmlschemas/ActivityExtension/v2">
                <Watts>144</Watts>
              </TPX>
            </Extensions>
          </Trackpoint>
          <Trackpoint>
            <Time>2010-10-19T21:24:35Z</Time>
            <AltitudeMeters>0.0</AltitudeMeters>
            <HeartRateBpm>
              <Value>0</Value>
            </HeartRateBpm>
            <Cadence>89</Cadence>
            <DistanceMeters>22302.70960</DistanceMeters>
            <Extensions>
              <TPX xmlns="http://www.garmin.com/xmlschemas/ActivityExtension/v2">
                <Watts>143</Watts>
              </TPX>
            </Extensions>
          </Trackpoint>
          <Trackpoint>
            <Time>2010-10-19T21:24:37Z</Time>
            <AltitudeMeters>0.0</AltitudeMeters>
            <HeartRateBpm>
              <Value>0</Value>
            </HeartRateBpm>
            <Cadence>89</Cadence>
            <DistanceMeters>22327.87416</DistanceMeters>
            <Extensions>
              <TPX xmlns="http://www.garmin.com/xmlschemas/ActivityExtension/v2">
                <Watts>142</Watts>
              </TPX>
            </Extensions>
          </Trackpoint>
          <Trackpoint>
            <Time>2010-10-19T21:24:39Z</Time>
            <AltitudeMeters>0.0</AltitudeMeters>
            <HeartRateBpm>
              <Value>0</Value>
            </HeartRateBpm>
            <Cadence>88</Cadence>
            <DistanceMeters>22353.16087</DistanceMeters>
            <Extensions>
              <TPX xmlns="http://www.garmin.com/xmlschemas/ActivityExtension/v2">
                <Watts>141</Watts>
              </TPX>
            </Extensions>
          </Trackpoint>
          <Trackpoint>
            <Time>2010-10-19T21:24:41Z</Time>
            <AltitudeMeters>0.0</AltitudeMeters>
            <HeartRateBpm>
              <Value>0</Value>
            </HeartRateBpm>
            <Cadence>90</Cadence>
            <DistanceMeters>22378.05482</DistanceMeters>
            <Extensions>
              <TPX xmlns="http://www.garmin.com/xmlschemas/ActivityExtension/v2">
                <Watts>108</Watts>
              </TPX>
            </Extensions>
          </Trackpoint>
          <Trackpoint>
            <Time>2010-10-19T21:24:43Z</Time>
            <AltitudeMeters>0.0</AltitudeMeters>
            <HeartRateBpm>
              <Value>0</Value>
            </HeartRateBpm>
            <Cadence>90</Cadence>
            <DistanceMeters>22403.17066</DistanceMeters>
            <Extensions>
              <TPX xmlns="http://www.garmin.com/xmlschemas/ActivityExtension/v2">
                <Watts>144</Watts>
              </TPX>
            </Extensions>
          </Trackpoint>
          <Trackpoint>
            <Time>2010-10-19T21:24:45Z</Time>
            <AltitudeMeters>0.0</AltitudeMeters>
            <HeartRateBpm>
              <Value>0</Value>
            </HeartRateBpm>
            <Cadence>88</Cadence>
            <DistanceMeters>22428.44813</DistanceMeters>
            <Extensions>
              <TPX xmlns="http://www.garmin.com/xmlschemas/ActivityExtension/v2">
                <Watts>143</Watts>
              </TPX>
            </Extensions>
          </Trackpoint>
          <Trackpoint>
            <Time>2010-10-19T21:24:47Z</Time>
            <AltitudeMeters>0.0</AltitudeMeters>
            <HeartRateBpm>
              <Value>0</Value>
            </HeartRateBpm>
            <Cadence>86</Cadence>
            <DistanceMeters>22453.73636</DistanceMeters>
            <Extensions>
              <TPX xmlns="http://www.garmin.com/xmlschemas/ActivityExtension/v2">
                <Watts>135</Watts>
              </TPX>
            </Extensions>
          </Trackpoint>
          <Trackpoint>
            <Time>2010-10-19T21:24:49Z</Time>
            <AltitudeMeters>0.0</AltitudeMeters>
            <HeartRateBpm>
              <Value>0</Value>
            </HeartRateBpm>
            <Cadence>91</Cadence>
            <DistanceMeters>22479.00364</DistanceMeters>
            <Extensions>
              <TPX xmlns="http://www.garmin.com/xmlschemas/ActivityExtension/v2">
                <Watts>133</Watts>
              </TPX>
            </Extensions>
          </Trackpoint>
          <Trackpoint>
            <Time>2010-10-19T21:24:51Z</Time>
            <AltitudeMeters>0.0</AltitudeMeters>
            <HeartRateBpm>
              <Value>0</Value>
            </HeartRateBpm>
            <Cadence>80</Cadence>
            <DistanceMeters>22504.25417</DistanceMeters>
            <Extensions>
              <TPX xmlns="http://www.garmin.com/xmlschemas/ActivityExtension/v2">
                <Watts>133</Watts>
              </TPX>
            </Extensions>
          </Trackpoint>
          <Trackpoint>
            <Time>2010-10-19T21:24:53Z</Time>
            <AltitudeMeters>0.0</AltitudeMeters>
            <HeartRateBpm>
              <Value>0</Value>
            </HeartRateBpm>
            <Cadence>84</Cadence>
            <DistanceMeters>22529.41722</DistanceMeters>
            <Extensions>
              <TPX xmlns="http://www.garmin.com/xmlschemas/ActivityExtension/v2">
                <Watts>128</Watts>
              </TPX>
            </Extensions>
          </Trackpoint>
          <Trackpoint>
            <Time>2010-10-19T21:24:55Z</Time>
            <AltitudeMeters>0.0</AltitudeMeters>
            <HeartRateBpm>
              <Value>0</Value>
            </HeartRateBpm>
            <Cadence>83</Cadence>
            <DistanceMeters>22554.49518</DistanceMeters>
            <Extensions>
              <TPX xmlns="http://www.garmin.com/xmlschemas/ActivityExtension/v2">
                <Watts>127</Watts>
              </TPX>
            </Extensions>
          </Trackpoint>
          <Trackpoint>
            <Time>2010-10-19T21:24:57Z</Time>
            <AltitudeMeters>0.0</AltitudeMeters>
            <HeartRateBpm>
              <Value>0</Value>
            </HeartRateBpm>
            <Cadence>85</Cadence>
            <DistanceMeters>22579.50483</DistanceMeters>
            <Extensions>
              <TPX xmlns="http://www.garmin.com/xmlschemas/ActivityExtension/v2">
                <Watts>127</Watts>
              </TPX>
            </Extensions>
          </Trackpoint>
          <Trackpoint>
            <Time>2010-10-19T21:24:59Z</Time>
            <AltitudeMeters>0.0</AltitudeMeters>
            <HeartRateBpm>
              <Value>0</Value>
            </HeartRateBpm>
            <Cadence>88</Cadence>
            <DistanceMeters>22604.59388</DistanceMeters>
            <Extensions>
              <TPX xmlns="http://www.garmin.com/xmlschemas/ActivityExtension/v2">
                <Watts>136</Watts>
              </TPX>
            </Extensions>
          </Trackpoint>
          <Trackpoint>
            <Time>2010-10-19T21:25:01Z</Time>
            <AltitudeMeters>0.0</AltitudeMeters>
            <HeartRateBpm>
              <Value>0</Value>
            </HeartRateBpm>
            <Cadence>89</Cadence>
            <DistanceMeters>22629.82048</DistanceMeters>
            <Extensions>
              <TPX xmlns="http://www.garmin.com/xmlschemas/ActivityExtension/v2">
                <Watts>141</Watts>
              </TPX>
            </Extensions>
          </Trackpoint>
          <Trackpoint>
            <Time>2010-10-19T21:25:03Z</Time>
            <AltitudeMeters>0.0</AltitudeMeters>
            <HeartRateBpm>
              <Value>0</Value>
            </HeartRateBpm>
            <Cadence>86</Cadence>
            <DistanceMeters>22655.06803</DistanceMeters>
            <Extensions>
              <TPX xmlns="http://www.garmin.com/xmlschemas/ActivityExtension/v2">
                <Watts>135</Watts>
              </TPX>
            </Extensions>
          </Trackpoint>
          <Trackpoint>
            <Time>2010-10-19T21:25:05Z</Time>
            <AltitudeMeters>0.0</AltitudeMeters>
            <HeartRateBpm>
              <Value>0</Value>
            </HeartRateBpm>
            <Cadence>83</Cadence>
            <DistanceMeters>22680.30278</DistanceMeters>
            <Extensions>
              <TPX xmlns="http://www.garmin.com/xmlschemas/ActivityExtension/v2">
                <Watts>133</Watts>
              </TPX>
            </Extensions>
          </Trackpoint>
          <Trackpoint>
            <Time>2010-10-19T21:25:07Z</Time>
            <AltitudeMeters>0.0</AltitudeMeters>
            <HeartRateBpm>
              <Value>0</Value>
            </HeartRateBpm>
            <Cadence>86</Cadence>
            <DistanceMeters>22705.42346</DistanceMeters>
            <Extensions>
              <TPX xmlns="http://www.garmin.com/xmlschemas/ActivityExtension/v2">
                <Watts>126</Watts>
              </TPX>
            </Extensions>
          </Trackpoint>
          <Trackpoint>
            <Time>2010-10-19T21:25:09Z</Time>
            <AltitudeMeters>0.0</AltitudeMeters>
            <HeartRateBpm>
              <Value>0</Value>
            </HeartRateBpm>
            <Cadence>88</Cadence>
            <DistanceMeters>22730.57153</DistanceMeters>
            <Extensions>
              <TPX xmlns="http://www.garmin.com/xmlschemas/ActivityExtension/v2">
                <Watts>134</Watts>
              </TPX>
            </Extensions>
          </Trackpoint>
          <Trackpoint>
            <Time>2010-10-19T21:25:11Z</Time>
            <AltitudeMeters>0.0</AltitudeMeters>
            <HeartRateBpm>
              <Value>0</Value>
            </HeartRateBpm>
            <Cadence>90</Cadence>
            <DistanceMeters>22755.88940</DistanceMeters>
            <Extensions>
              <TPX xmlns="http://www.garmin.com/xmlschemas/ActivityExtension/v2">
                <Watts>144</Watts>
              </TPX>
            </Extensions>
          </Trackpoint>
          <Trackpoint>
            <Time>2010-10-19T21:25:13Z</Time>
            <AltitudeMeters>0.0</AltitudeMeters>
            <HeartRateBpm>
              <Value>0</Value>
            </HeartRateBpm>
            <Cadence>75</Cadence>
            <DistanceMeters>22780.76365</DistanceMeters>
            <Extensions>
              <TPX xmlns="http://www.garmin.com/xmlschemas/ActivityExtension/v2">
                <Watts>105</Watts>
              </TPX>
            </Extensions>
          </Trackpoint>
          <Trackpoint>
            <Time>2010-10-19T21:25:15Z</Time>
            <AltitudeMeters>0.0</AltitudeMeters>
            <HeartRateBpm>
              <Value>0</Value>
            </HeartRateBpm>
            <Cadence>91</Cadence>
            <DistanceMeters>22805.30736</DistanceMeters>
            <Extensions>
              <TPX xmlns="http://www.garmin.com/xmlschemas/ActivityExtension/v2">
                <Watts>107</Watts>
              </TPX>
            </Extensions>
          </Trackpoint>
          <Trackpoint>
            <Time>2010-10-19T21:25:17Z</Time>
            <AltitudeMeters>0.0</AltitudeMeters>
            <HeartRateBpm>
              <Value>0</Value>
            </HeartRateBpm>
            <Cadence>90</Cadence>
            <DistanceMeters>22830.17485</DistanceMeters>
            <Extensions>
              <TPX xmlns="http://www.garmin.com/xmlschemas/ActivityExtension/v2">
                <Watts>146</Watts>
              </TPX>
            </Extensions>
          </Trackpoint>
          <Trackpoint>
            <Time>2010-10-19T21:25:19Z</Time>
            <AltitudeMeters>0.0</AltitudeMeters>
            <HeartRateBpm>
              <Value>0</Value>
            </HeartRateBpm>
            <Cadence>89</Cadence>
            <DistanceMeters>22855.63885</DistanceMeters>
            <Extensions>
              <TPX xmlns="http://www.garmin.com/xmlschemas/ActivityExtension/v2">
                <Watts>169</Watts>
              </TPX>
            </Extensions>
          </Trackpoint>
          <Trackpoint>
            <Time>2010-10-19T21:25:21Z</Time>
            <AltitudeMeters>0.0</AltitudeMeters>
            <HeartRateBpm>
              <Value>0</Value>
            </HeartRateBpm>
            <Cadence>79</Cadence>
            <DistanceMeters>22881.38249</DistanceMeters>
            <Extensions>
              <TPX xmlns="http://www.garmin.com/xmlschemas/ActivityExtension/v2">
                <Watts>156</Watts>
              </TPX>
            </Extensions>
          </Trackpoint>
          <Trackpoint>
            <Time>2010-10-19T21:25:23Z</Time>
            <AltitudeMeters>0.0</AltitudeMeters>
            <HeartRateBpm>
              <Value>0</Value>
            </HeartRateBpm>
            <Cadence>87</Cadence>
            <DistanceMeters>22907.39005</DistanceMeters>
            <Extensions>
              <TPX xmlns="http://www.garmin.com/xmlschemas/ActivityExtension/v2">
                <Watts>159</Watts>
              </TPX>
            </Extensions>
          </Trackpoint>
          <Trackpoint>
            <Time>2010-10-19T21:25:25Z</Time>
            <AltitudeMeters>0.0</AltitudeMeters>
            <HeartRateBpm>
              <Value>0</Value>
            </HeartRateBpm>
            <Cadence>90</Cadence>
            <DistanceMeters>22933.74771</DistanceMeters>
            <Extensions>
              <TPX xmlns="http://www.garmin.com/xmlschemas/ActivityExtension/v2">
                <Watts>169</Watts>
              </TPX>
            </Extensions>
          </Trackpoint>
          <Trackpoint>
            <Time>2010-10-19T21:25:27Z</Time>
            <AltitudeMeters>0.0</AltitudeMeters>
            <HeartRateBpm>
              <Value>0</Value>
            </HeartRateBpm>
            <Cadence>91</Cadence>
            <DistanceMeters>22960.42194</DistanceMeters>
            <Extensions>
              <TPX xmlns="http://www.garmin.com/xmlschemas/ActivityExtension/v2">
                <Watts>172</Watts>
              </TPX>
            </Extensions>
          </Trackpoint>
          <Trackpoint>
            <Time>2010-10-19T21:25:29Z</Time>
            <AltitudeMeters>0.0</AltitudeMeters>
            <HeartRateBpm>
              <Value>0</Value>
            </HeartRateBpm>
            <Cadence>90</Cadence>
            <DistanceMeters>22987.33018</DistanceMeters>
            <Extensions>
              <TPX xmlns="http://www.garmin.com/xmlschemas/ActivityExtension/v2">
                <Watts>171</Watts>
              </TPX>
            </Extensions>
          </Trackpoint>
          <Trackpoint>
            <Time>2010-10-19T21:25:31Z</Time>
            <AltitudeMeters>0.0</AltitudeMeters>
            <HeartRateBpm>
              <Value>0</Value>
            </HeartRateBpm>
            <Cadence>89</Cadence>
            <DistanceMeters>23014.15866</DistanceMeters>
            <Extensions>
              <TPX xmlns="http://www.garmin.com/xmlschemas/ActivityExtension/v2">
                <Watts>152</Watts>
              </TPX>
            </Extensions>
          </Trackpoint>
          <Trackpoint>
            <Time>2010-10-19T21:25:33Z</Time>
            <AltitudeMeters>0.0</AltitudeMeters>
            <HeartRateBpm>
              <Value>0</Value>
            </HeartRateBpm>
            <Cadence>87</Cadence>
            <DistanceMeters>23041.04928</DistanceMeters>
            <Extensions>
              <TPX xmlns="http://www.garmin.com/xmlschemas/ActivityExtension/v2">
                <Watts>161</Watts>
              </TPX>
            </Extensions>
          </Trackpoint>
          <Trackpoint>
            <Time>2010-10-19T21:25:35Z</Time>
            <AltitudeMeters>0.0</AltitudeMeters>
            <HeartRateBpm>
              <Value>0</Value>
            </HeartRateBpm>
            <Cadence>86</Cadence>
            <DistanceMeters>23067.96110</DistanceMeters>
            <Extensions>
              <TPX xmlns="http://www.garmin.com/xmlschemas/ActivityExtension/v2">
                <Watts>159</Watts>
              </TPX>
            </Extensions>
          </Trackpoint>
          <Trackpoint>
            <Time>2010-10-19T21:25:37Z</Time>
            <AltitudeMeters>0.0</AltitudeMeters>
            <HeartRateBpm>
              <Value>0</Value>
            </HeartRateBpm>
            <Cadence>88</Cadence>
            <DistanceMeters>23094.83412</DistanceMeters>
            <Extensions>
              <TPX xmlns="http://www.garmin.com/xmlschemas/ActivityExtension/v2">
                <Watts>155</Watts>
              </TPX>
            </Extensions>
          </Trackpoint>
          <Trackpoint>
            <Time>2010-10-19T21:25:39Z</Time>
            <AltitudeMeters>0.0</AltitudeMeters>
            <HeartRateBpm>
              <Value>0</Value>
            </HeartRateBpm>
            <Cadence>89</Cadence>
            <DistanceMeters>23121.77368</DistanceMeters>
            <Extensions>
              <TPX xmlns="http://www.garmin.com/xmlschemas/ActivityExtension/v2">
                <Watts>162</Watts>
              </TPX>
            </Extensions>
          </Trackpoint>
          <Trackpoint>
            <Time>2010-10-19T21:25:41Z</Time>
            <AltitudeMeters>0.0</AltitudeMeters>
            <HeartRateBpm>
              <Value>0</Value>
            </HeartRateBpm>
            <Cadence>87</Cadence>
            <DistanceMeters>23148.72407</DistanceMeters>
            <Extensions>
              <TPX xmlns="http://www.garmin.com/xmlschemas/ActivityExtension/v2">
                <Watts>159</Watts>
              </TPX>
            </Extensions>
          </Trackpoint>
          <Trackpoint>
            <Time>2010-10-19T21:25:43Z</Time>
            <AltitudeMeters>0.0</AltitudeMeters>
            <HeartRateBpm>
              <Value>0</Value>
            </HeartRateBpm>
            <Cadence>86</Cadence>
            <DistanceMeters>23175.66916</DistanceMeters>
            <Extensions>
              <TPX xmlns="http://www.garmin.com/xmlschemas/ActivityExtension/v2">
                <Watts>158</Watts>
              </TPX>
            </Extensions>
          </Trackpoint>
          <Trackpoint>
            <Time>2010-10-19T21:25:45Z</Time>
            <AltitudeMeters>0.0</AltitudeMeters>
            <HeartRateBpm>
              <Value>0</Value>
            </HeartRateBpm>
            <Cadence>86</Cadence>
            <DistanceMeters>23202.55458</DistanceMeters>
            <Extensions>
              <TPX xmlns="http://www.garmin.com/xmlschemas/ActivityExtension/v2">
                <Watts>154</Watts>
              </TPX>
            </Extensions>
          </Trackpoint>
          <Trackpoint>
            <Time>2010-10-19T21:25:47Z</Time>
            <AltitudeMeters>0.0</AltitudeMeters>
            <HeartRateBpm>
              <Value>0</Value>
            </HeartRateBpm>
            <Cadence>85</Cadence>
            <DistanceMeters>23229.39284</DistanceMeters>
            <Extensions>
              <TPX xmlns="http://www.garmin.com/xmlschemas/ActivityExtension/v2">
                <Watts>154</Watts>
              </TPX>
            </Extensions>
          </Trackpoint>
          <Trackpoint>
            <Time>2010-10-19T21:25:49Z</Time>
            <AltitudeMeters>0.0</AltitudeMeters>
            <HeartRateBpm>
              <Value>0</Value>
            </HeartRateBpm>
            <Cadence>83</Cadence>
            <DistanceMeters>23256.26339</DistanceMeters>
            <Extensions>
              <TPX xmlns="http://www.garmin.com/xmlschemas/ActivityExtension/v2">
                <Watts>159</Watts>
              </TPX>
            </Extensions>
          </Trackpoint>
          <Trackpoint>
            <Time>2010-10-19T21:25:51Z</Time>
            <AltitudeMeters>0.0</AltitudeMeters>
            <HeartRateBpm>
              <Value>0</Value>
            </HeartRateBpm>
            <Cadence>74</Cadence>
            <DistanceMeters>23285.02408</DistanceMeters>
            <Extensions>
              <TPX xmlns="http://www.garmin.com/xmlschemas/ActivityExtension/v2">
                <Watts>298</Watts>
              </TPX>
            </Extensions>
          </Trackpoint>
          <Trackpoint>
            <Time>2010-10-19T21:25:53Z</Time>
            <AltitudeMeters>0.0</AltitudeMeters>
            <HeartRateBpm>
              <Value>0</Value>
            </HeartRateBpm>
            <Cadence>70</Cadence>
            <DistanceMeters>23314.98287</DistanceMeters>
            <Extensions>
              <TPX xmlns="http://www.garmin.com/xmlschemas/ActivityExtension/v2">
                <Watts>282</Watts>
              </TPX>
            </Extensions>
          </Trackpoint>
          <Trackpoint>
            <Time>2010-10-19T21:25:55Z</Time>
            <AltitudeMeters>0.0</AltitudeMeters>
            <HeartRateBpm>
              <Value>0</Value>
            </HeartRateBpm>
            <Cadence>65</Cadence>
            <DistanceMeters>23345.65315</DistanceMeters>
            <Extensions>
              <TPX xmlns="http://www.garmin.com/xmlschemas/ActivityExtension/v2">
                <Watts>267</Watts>
              </TPX>
            </Extensions>
          </Trackpoint>
          <Trackpoint>
            <Time>2010-10-19T21:25:57Z</Time>
            <AltitudeMeters>0.0</AltitudeMeters>
            <HeartRateBpm>
              <Value>0</Value>
            </HeartRateBpm>
            <Cadence>66</Cadence>
            <DistanceMeters>23376.38729</DistanceMeters>
            <Extensions>
              <TPX xmlns="http://www.garmin.com/xmlschemas/ActivityExtension/v2">
                <Watts>228</Watts>
              </TPX>
            </Extensions>
          </Trackpoint>
          <Trackpoint>
            <Time>2010-10-19T21:25:59Z</Time>
            <AltitudeMeters>0.0</AltitudeMeters>
            <HeartRateBpm>
              <Value>0</Value>
            </HeartRateBpm>
            <Cadence>66</Cadence>
            <DistanceMeters>23407.45977</DistanceMeters>
            <Extensions>
              <TPX xmlns="http://www.garmin.com/xmlschemas/ActivityExtension/v2">
                <Watts>252</Watts>
              </TPX>
            </Extensions>
          </Trackpoint>
          <Trackpoint>
            <Time>2010-10-19T21:26:01Z</Time>
            <AltitudeMeters>0.0</AltitudeMeters>
            <HeartRateBpm>
              <Value>0</Value>
            </HeartRateBpm>
            <Cadence>67</Cadence>
            <DistanceMeters>23438.87093</DistanceMeters>
            <Extensions>
              <TPX xmlns="http://www.garmin.com/xmlschemas/ActivityExtension/v2">
                <Watts>259</Watts>
              </TPX>
            </Extensions>
          </Trackpoint>
          <Trackpoint>
            <Time>2010-10-19T21:26:03Z</Time>
            <AltitudeMeters>0.0</AltitudeMeters>
            <HeartRateBpm>
              <Value>0</Value>
            </HeartRateBpm>
            <Cadence>64</Cadence>
            <DistanceMeters>23470.28838</DistanceMeters>
            <Extensions>
              <TPX xmlns="http://www.garmin.com/xmlschemas/ActivityExtension/v2">
                <Watts>238</Watts>
              </TPX>
            </Extensions>
          </Trackpoint>
          <Trackpoint>
            <Time>2010-10-19T21:26:05Z</Time>
            <AltitudeMeters>0.0</AltitudeMeters>
            <HeartRateBpm>
              <Value>0</Value>
            </HeartRateBpm>
            <Cadence>67</Cadence>
            <DistanceMeters>23501.86468</DistanceMeters>
            <Extensions>
              <TPX xmlns="http://www.garmin.com/xmlschemas/ActivityExtension/v2">
                <Watts>251</Watts>
              </TPX>
            </Extensions>
          </Trackpoint>
          <Trackpoint>
            <Time>2010-10-19T21:26:07Z</Time>
            <AltitudeMeters>0.0</AltitudeMeters>
            <HeartRateBpm>
              <Value>0</Value>
            </HeartRateBpm>
            <Cadence>69</Cadence>
            <DistanceMeters>23533.59616</DistanceMeters>
            <Extensions>
              <TPX xmlns="http://www.garmin.com/xmlschemas/ActivityExtension/v2">
                <Watts>254</Watts>
              </TPX>
            </Extensions>
          </Trackpoint>
          <Trackpoint>
            <Time>2010-10-19T21:26:09Z</Time>
            <AltitudeMeters>0.0</AltitudeMeters>
            <HeartRateBpm>
              <Value>0</Value>
            </HeartRateBpm>
            <Cadence>66</Cadence>
            <DistanceMeters>23565.38592</DistanceMeters>
            <Extensions>
              <TPX xmlns="http://www.garmin.com/xmlschemas/ActivityExtension/v2">
                <Watts>249</Watts>
              </TPX>
            </Extensions>
          </Trackpoint>
          <Trackpoint>
            <Time>2010-10-19T21:26:11Z</Time>
            <AltitudeMeters>0.0</AltitudeMeters>
            <HeartRateBpm>
              <Value>0</Value>
            </HeartRateBpm>
            <Cadence>67</Cadence>
            <DistanceMeters>23596.63977</DistanceMeters>
            <Extensions>
              <TPX xmlns="http://www.garmin.com/xmlschemas/ActivityExtension/v2">
                <Watts>200</Watts>
              </TPX>
            </Extensions>
          </Trackpoint>
          <Trackpoint>
            <Time>2010-10-19T21:26:13Z</Time>
            <AltitudeMeters>0.0</AltitudeMeters>
            <HeartRateBpm>
              <Value>0</Value>
            </HeartRateBpm>
            <Cadence>67</Cadence>
            <DistanceMeters>23628.10447</DistanceMeters>
            <Extensions>
              <TPX xmlns="http://www.garmin.com/xmlschemas/ActivityExtension/v2">
                <Watts>252</Watts>
              </TPX>
            </Extensions>
          </Trackpoint>
          <Trackpoint>
            <Time>2010-10-19T21:26:15Z</Time>
            <AltitudeMeters>0.0</AltitudeMeters>
            <HeartRateBpm>
              <Value>0</Value>
            </HeartRateBpm>
            <Cadence>67</Cadence>
            <DistanceMeters>23659.78720</DistanceMeters>
            <Extensions>
              <TPX xmlns="http://www.garmin.com/xmlschemas/ActivityExtension/v2">
                <Watts>257</Watts>
              </TPX>
            </Extensions>
          </Trackpoint>
          <Trackpoint>
            <Time>2010-10-19T21:26:17Z</Time>
            <AltitudeMeters>0.0</AltitudeMeters>
            <HeartRateBpm>
              <Value>0</Value>
            </HeartRateBpm>
            <Cadence>64</Cadence>
            <DistanceMeters>23691.38695</DistanceMeters>
            <Extensions>
              <TPX xmlns="http://www.garmin.com/xmlschemas/ActivityExtension/v2">
                <Watts>236</Watts>
              </TPX>
            </Extensions>
          </Trackpoint>
          <Trackpoint>
            <Time>2010-10-19T21:26:19Z</Time>
            <AltitudeMeters>0.0</AltitudeMeters>
            <HeartRateBpm>
              <Value>0</Value>
            </HeartRateBpm>
            <Cadence>75</Cadence>
            <DistanceMeters>23722.30206</DistanceMeters>
            <Extensions>
              <TPX xmlns="http://www.garmin.com/xmlschemas/ActivityExtension/v2">
                <Watts>184</Watts>
              </TPX>
            </Extensions>
          </Trackpoint>
          <Trackpoint>
            <Time>2010-10-19T21:26:21Z</Time>
            <AltitudeMeters>0.0</AltitudeMeters>
            <HeartRateBpm>
              <Value>0</Value>
            </HeartRateBpm>
            <Cadence>73</Cadence>
            <DistanceMeters>23752.57606</DistanceMeters>
            <Extensions>
              <TPX xmlns="http://www.garmin.com/xmlschemas/ActivityExtension/v2">
                <Watts>175</Watts>
              </TPX>
            </Extensions>
          </Trackpoint>
          <Trackpoint>
            <Time>2010-10-19T21:26:23Z</Time>
            <AltitudeMeters>0.0</AltitudeMeters>
            <HeartRateBpm>
              <Value>0</Value>
            </HeartRateBpm>
            <Cadence>71</Cadence>
            <DistanceMeters>23782.30074</DistanceMeters>
            <Extensions>
              <TPX xmlns="http://www.garmin.com/xmlschemas/ActivityExtension/v2">
                <Watts>171</Watts>
              </TPX>
            </Extensions>
          </Trackpoint>
          <Trackpoint>
            <Time>2010-10-19T21:26:25Z</Time>
            <AltitudeMeters>0.0</AltitudeMeters>
            <HeartRateBpm>
              <Value>0</Value>
            </HeartRateBpm>
            <Cadence>71</Cadence>
            <DistanceMeters>23811.50716</DistanceMeters>
            <Extensions>
              <TPX xmlns="http://www.garmin.com/xmlschemas/ActivityExtension/v2">
                <Watts>164</Watts>
              </TPX>
            </Extensions>
          </Trackpoint>
          <Trackpoint>
            <Time>2010-10-19T21:26:27Z</Time>
            <AltitudeMeters>0.0</AltitudeMeters>
            <HeartRateBpm>
              <Value>0</Value>
            </HeartRateBpm>
            <Cadence>72</Cadence>
            <DistanceMeters>23839.82361</DistanceMeters>
            <Extensions>
              <TPX xmlns="http://www.garmin.com/xmlschemas/ActivityExtension/v2">
                <Watts>127</Watts>
              </TPX>
            </Extensions>
          </Trackpoint>
          <Trackpoint>
            <Time>2010-10-19T21:26:29Z</Time>
            <AltitudeMeters>0.0</AltitudeMeters>
            <HeartRateBpm>
              <Value>0</Value>
            </HeartRateBpm>
            <Cadence>77</Cadence>
            <DistanceMeters>23867.61801</DistanceMeters>
            <Extensions>
              <TPX xmlns="http://www.garmin.com/xmlschemas/ActivityExtension/v2">
                <Watts>141</Watts>
              </TPX>
            </Extensions>
          </Trackpoint>
          <Trackpoint>
            <Time>2010-10-19T21:26:31Z</Time>
            <AltitudeMeters>0.0</AltitudeMeters>
            <HeartRateBpm>
              <Value>0</Value>
            </HeartRateBpm>
            <Cadence>80</Cadence>
            <DistanceMeters>23895.17437</DistanceMeters>
            <Extensions>
              <TPX xmlns="http://www.garmin.com/xmlschemas/ActivityExtension/v2">
                <Watts>154</Watts>
              </TPX>
            </Extensions>
          </Trackpoint>
          <Trackpoint>
            <Time>2010-10-19T21:26:33Z</Time>
            <AltitudeMeters>0.0</AltitudeMeters>
            <HeartRateBpm>
              <Value>0</Value>
            </HeartRateBpm>
            <Cadence>82</Cadence>
            <DistanceMeters>23922.57000</DistanceMeters>
            <Extensions>
              <TPX xmlns="http://www.garmin.com/xmlschemas/ActivityExtension/v2">
                <Watts>156</Watts>
              </TPX>
            </Extensions>
          </Trackpoint>
          <Trackpoint>
            <Time>2010-10-19T21:26:35Z</Time>
            <AltitudeMeters>0.0</AltitudeMeters>
            <HeartRateBpm>
              <Value>0</Value>
            </HeartRateBpm>
            <Cadence>82</Cadence>
            <DistanceMeters>23949.90718</DistanceMeters>
            <Extensions>
              <TPX xmlns="http://www.garmin.com/xmlschemas/ActivityExtension/v2">
                <Watts>161</Watts>
              </TPX>
            </Extensions>
          </Trackpoint>
          <Trackpoint>
            <Time>2010-10-19T21:26:37Z</Time>
            <AltitudeMeters>0.0</AltitudeMeters>
            <HeartRateBpm>
              <Value>0</Value>
            </HeartRateBpm>
            <Cadence>79</Cadence>
            <DistanceMeters>23977.14356</DistanceMeters>
            <Extensions>
              <TPX xmlns="http://www.garmin.com/xmlschemas/ActivityExtension/v2">
                <Watts>157</Watts>
              </TPX>
            </Extensions>
          </Trackpoint>
          <Trackpoint>
            <Time>2010-10-19T21:26:39Z</Time>
            <AltitudeMeters>0.0</AltitudeMeters>
            <HeartRateBpm>
              <Value>0</Value>
            </HeartRateBpm>
            <Cadence>78</Cadence>
            <DistanceMeters>24004.14878</DistanceMeters>
            <Extensions>
              <TPX xmlns="http://www.garmin.com/xmlschemas/ActivityExtension/v2">
                <Watts>146</Watts>
              </TPX>
            </Extensions>
          </Trackpoint>
          <Trackpoint>
            <Time>2010-10-19T21:26:41Z</Time>
            <AltitudeMeters>0.0</AltitudeMeters>
            <HeartRateBpm>
              <Value>0</Value>
            </HeartRateBpm>
            <Cadence>80</Cadence>
            <DistanceMeters>24031.05399</DistanceMeters>
            <Extensions>
              <TPX xmlns="http://www.garmin.com/xmlschemas/ActivityExtension/v2">
                <Watts>152</Watts>
              </TPX>
            </Extensions>
          </Trackpoint>
          <Trackpoint>
            <Time>2010-10-19T21:26:43Z</Time>
            <AltitudeMeters>0.0</AltitudeMeters>
            <HeartRateBpm>
              <Value>0</Value>
            </HeartRateBpm>
            <Cadence>84</Cadence>
            <DistanceMeters>24058.03271</DistanceMeters>
            <Extensions>
              <TPX xmlns="http://www.garmin.com/xmlschemas/ActivityExtension/v2">
                <Watts>163</Watts>
              </TPX>
            </Extensions>
          </Trackpoint>
          <Trackpoint>
            <Time>2010-10-19T21:26:45Z</Time>
            <AltitudeMeters>0.0</AltitudeMeters>
            <HeartRateBpm>
              <Value>0</Value>
            </HeartRateBpm>
            <Cadence>85</Cadence>
            <DistanceMeters>24085.11067</DistanceMeters>
            <Extensions>
              <TPX xmlns="http://www.garmin.com/xmlschemas/ActivityExtension/v2">
                <Watts>166</Watts>
              </TPX>
            </Extensions>
          </Trackpoint>
          <Trackpoint>
            <Time>2010-10-19T21:26:47Z</Time>
            <AltitudeMeters>0.0</AltitudeMeters>
            <HeartRateBpm>
              <Value>0</Value>
            </HeartRateBpm>
            <Cadence>83</Cadence>
            <DistanceMeters>24112.30776</DistanceMeters>
            <Extensions>
              <TPX xmlns="http://www.garmin.com/xmlschemas/ActivityExtension/v2">
                <Watts>169</Watts>
              </TPX>
            </Extensions>
          </Trackpoint>
          <Trackpoint>
            <Time>2010-10-19T21:26:49Z</Time>
            <AltitudeMeters>0.0</AltitudeMeters>
            <HeartRateBpm>
              <Value>0</Value>
            </HeartRateBpm>
            <Cadence>80</Cadence>
            <DistanceMeters>24139.52980</DistanceMeters>
            <Extensions>
              <TPX xmlns="http://www.garmin.com/xmlschemas/ActivityExtension/v2">
                <Watts>164</Watts>
              </TPX>
            </Extensions>
          </Trackpoint>
          <Trackpoint>
            <Time>2010-10-19T21:26:51Z</Time>
            <AltitudeMeters>0.0</AltitudeMeters>
            <HeartRateBpm>
              <Value>0</Value>
            </HeartRateBpm>
            <Cadence>80</Cadence>
            <DistanceMeters>24166.66159</DistanceMeters>
            <Extensions>
              <TPX xmlns="http://www.garmin.com/xmlschemas/ActivityExtension/v2">
                <Watts>156</Watts>
              </TPX>
            </Extensions>
          </Trackpoint>
          <Trackpoint>
            <Time>2010-10-19T21:26:53Z</Time>
            <AltitudeMeters>0.0</AltitudeMeters>
            <HeartRateBpm>
              <Value>0</Value>
            </HeartRateBpm>
            <Cadence>81</Cadence>
            <DistanceMeters>24193.72216</DistanceMeters>
            <Extensions>
              <TPX xmlns="http://www.garmin.com/xmlschemas/ActivityExtension/v2">
                <Watts>156</Watts>
              </TPX>
            </Extensions>
          </Trackpoint>
          <Trackpoint>
            <Time>2010-10-19T21:26:55Z</Time>
            <AltitudeMeters>0.0</AltitudeMeters>
            <HeartRateBpm>
              <Value>0</Value>
            </HeartRateBpm>
            <Cadence>89</Cadence>
            <DistanceMeters>24221.01526</DistanceMeters>
            <Extensions>
              <TPX xmlns="http://www.garmin.com/xmlschemas/ActivityExtension/v2">
                <Watts>177</Watts>
              </TPX>
            </Extensions>
          </Trackpoint>
          <Trackpoint>
            <Time>2010-10-19T21:26:57Z</Time>
            <AltitudeMeters>0.0</AltitudeMeters>
            <HeartRateBpm>
              <Value>0</Value>
            </HeartRateBpm>
            <Cadence>89</Cadence>
            <DistanceMeters>24248.62553</DistanceMeters>
            <Extensions>
              <TPX xmlns="http://www.garmin.com/xmlschemas/ActivityExtension/v2">
                <Watts>187</Watts>
              </TPX>
            </Extensions>
          </Trackpoint>
          <Trackpoint>
            <Time>2010-10-19T21:26:59Z</Time>
            <AltitudeMeters>0.0</AltitudeMeters>
            <HeartRateBpm>
              <Value>0</Value>
            </HeartRateBpm>
            <Cadence>87</Cadence>
            <DistanceMeters>24276.46889</DistanceMeters>
            <Extensions>
              <TPX xmlns="http://www.garmin.com/xmlschemas/ActivityExtension/v2">
                <Watts>186</Watts>
              </TPX>
            </Extensions>
          </Trackpoint>
          <Trackpoint>
            <Time>2010-10-19T21:27:01Z</Time>
            <AltitudeMeters>0.0</AltitudeMeters>
            <HeartRateBpm>
              <Value>0</Value>
            </HeartRateBpm>
            <Cadence>87</Cadence>
            <DistanceMeters>24304.41344</DistanceMeters>
            <Extensions>
              <TPX xmlns="http://www.garmin.com/xmlschemas/ActivityExtension/v2">
                <Watts>180</Watts>
              </TPX>
            </Extensions>
          </Trackpoint>
          <Trackpoint>
            <Time>2010-10-19T21:27:03Z</Time>
            <AltitudeMeters>0.0</AltitudeMeters>
            <HeartRateBpm>
              <Value>0</Value>
            </HeartRateBpm>
            <Cadence>87</Cadence>
            <DistanceMeters>24332.42357</DistanceMeters>
            <Extensions>
              <TPX xmlns="http://www.garmin.com/xmlschemas/ActivityExtension/v2">
                <Watts>179</Watts>
              </TPX>
            </Extensions>
          </Trackpoint>
          <Trackpoint>
            <Time>2010-10-19T21:27:05Z</Time>
            <AltitudeMeters>0.0</AltitudeMeters>
            <HeartRateBpm>
              <Value>0</Value>
            </HeartRateBpm>
            <Cadence>92</Cadence>
            <DistanceMeters>24360.67048</DistanceMeters>
            <Extensions>
              <TPX xmlns="http://www.garmin.com/xmlschemas/ActivityExtension/v2">
                <Watts>193</Watts>
              </TPX>
            </Extensions>
          </Trackpoint>
          <Trackpoint>
            <Time>2010-10-19T21:27:07Z</Time>
            <AltitudeMeters>0.0</AltitudeMeters>
            <HeartRateBpm>
              <Value>0</Value>
            </HeartRateBpm>
            <Cadence>78</Cadence>
            <DistanceMeters>24388.38272</DistanceMeters>
            <Extensions>
              <TPX xmlns="http://www.garmin.com/xmlschemas/ActivityExtension/v2">
                <Watts>139</Watts>
              </TPX>
            </Extensions>
          </Trackpoint>
          <Trackpoint>
            <Time>2010-10-19T21:27:09Z</Time>
            <AltitudeMeters>0.0</AltitudeMeters>
            <HeartRateBpm>
              <Value>0</Value>
            </HeartRateBpm>
            <Cadence>78</Cadence>
            <DistanceMeters>24415.79261</DistanceMeters>
            <Extensions>
              <TPX xmlns="http://www.garmin.com/xmlschemas/ActivityExtension/v2">
                <Watts>148</Watts>
              </TPX>
            </Extensions>
          </Trackpoint>
          <Trackpoint>
            <Time>2010-10-19T21:27:11Z</Time>
            <AltitudeMeters>0.0</AltitudeMeters>
            <HeartRateBpm>
              <Value>0</Value>
            </HeartRateBpm>
            <Cadence>80</Cadence>
            <DistanceMeters>24442.94922</DistanceMeters>
            <Extensions>
              <TPX xmlns="http://www.garmin.com/xmlschemas/ActivityExtension/v2">
                <Watts>147</Watts>
              </TPX>
            </Extensions>
          </Trackpoint>
          <Trackpoint>
            <Time>2010-10-19T21:27:13Z</Time>
            <AltitudeMeters>0.0</AltitudeMeters>
            <HeartRateBpm>
              <Value>0</Value>
            </HeartRateBpm>
            <Cadence>82</Cadence>
            <DistanceMeters>24470.01558</DistanceMeters>
            <Extensions>
              <TPX xmlns="http://www.garmin.com/xmlschemas/ActivityExtension/v2">
                <Watts>155</Watts>
              </TPX>
            </Extensions>
          </Trackpoint>
          <Trackpoint>
            <Time>2010-10-19T21:27:15Z</Time>
            <AltitudeMeters>0.0</AltitudeMeters>
            <HeartRateBpm>
              <Value>0</Value>
            </HeartRateBpm>
            <Cadence>84</Cadence>
            <DistanceMeters>24497.09352</DistanceMeters>
            <Extensions>
              <TPX xmlns="http://www.garmin.com/xmlschemas/ActivityExtension/v2">
                <Watts>161</Watts>
              </TPX>
            </Extensions>
          </Trackpoint>
          <Trackpoint>
            <Time>2010-10-19T21:27:17Z</Time>
            <AltitudeMeters>0.0</AltitudeMeters>
            <HeartRateBpm>
              <Value>0</Value>
            </HeartRateBpm>
            <Cadence>83</Cadence>
            <DistanceMeters>24524.26313</DistanceMeters>
            <Extensions>
              <TPX xmlns="http://www.garmin.com/xmlschemas/ActivityExtension/v2">
                <Watts>167</Watts>
              </TPX>
            </Extensions>
          </Trackpoint>
          <Trackpoint>
            <Time>2010-10-19T21:27:19Z</Time>
            <AltitudeMeters>0.0</AltitudeMeters>
            <HeartRateBpm>
              <Value>0</Value>
            </HeartRateBpm>
            <Cadence>81</Cadence>
            <DistanceMeters>24551.40861</DistanceMeters>
            <Extensions>
              <TPX xmlns="http://www.garmin.com/xmlschemas/ActivityExtension/v2">
                <Watts>160</Watts>
              </TPX>
            </Extensions>
          </Trackpoint>
          <Trackpoint>
            <Time>2010-10-19T21:27:21Z</Time>
            <AltitudeMeters>0.0</AltitudeMeters>
            <HeartRateBpm>
              <Value>0</Value>
            </HeartRateBpm>
            <Cadence>80</Cadence>
            <DistanceMeters>24578.32786</DistanceMeters>
            <Extensions>
              <TPX xmlns="http://www.garmin.com/xmlschemas/ActivityExtension/v2">
                <Watts>145</Watts>
              </TPX>
            </Extensions>
          </Trackpoint>
          <Trackpoint>
            <Time>2010-10-19T21:27:23Z</Time>
            <AltitudeMeters>0.0</AltitudeMeters>
            <HeartRateBpm>
              <Value>0</Value>
            </HeartRateBpm>
            <Cadence>89</Cadence>
            <DistanceMeters>24605.08145</DistanceMeters>
            <Extensions>
              <TPX xmlns="http://www.garmin.com/xmlschemas/ActivityExtension/v2">
                <Watts>146</Watts>
              </TPX>
            </Extensions>
          </Trackpoint>
          <Trackpoint>
            <Time>2010-10-19T21:27:25Z</Time>
            <AltitudeMeters>0.0</AltitudeMeters>
            <HeartRateBpm>
              <Value>0</Value>
            </HeartRateBpm>
            <Cadence>89</Cadence>
            <DistanceMeters>24632.03803</DistanceMeters>
            <Extensions>
              <TPX xmlns="http://www.garmin.com/xmlschemas/ActivityExtension/v2">
                <Watts>170</Watts>
              </TPX>
            </Extensions>
          </Trackpoint>
          <Trackpoint>
            <Time>2010-10-19T21:27:27Z</Time>
            <AltitudeMeters>0.0</AltitudeMeters>
            <HeartRateBpm>
              <Value>0</Value>
            </HeartRateBpm>
            <Cadence>89</Cadence>
            <DistanceMeters>24659.15371</DistanceMeters>
            <Extensions>
              <TPX xmlns="http://www.garmin.com/xmlschemas/ActivityExtension/v2">
                <Watts>170</Watts>
              </TPX>
            </Extensions>
          </Trackpoint>
          <Trackpoint>
            <Time>2010-10-19T21:27:29Z</Time>
            <AltitudeMeters>0.0</AltitudeMeters>
            <HeartRateBpm>
              <Value>0</Value>
            </HeartRateBpm>
            <Cadence>89</Cadence>
            <DistanceMeters>24686.39410</DistanceMeters>
            <Extensions>
              <TPX xmlns="http://www.garmin.com/xmlschemas/ActivityExtension/v2">
                <Watts>170</Watts>
              </TPX>
            </Extensions>
          </Trackpoint>
          <Trackpoint>
            <Time>2010-10-19T21:27:31Z</Time>
            <AltitudeMeters>0.0</AltitudeMeters>
            <HeartRateBpm>
              <Value>0</Value>
            </HeartRateBpm>
            <Cadence>90</Cadence>
            <DistanceMeters>24713.73224</DistanceMeters>
            <Extensions>
              <TPX xmlns="http://www.garmin.com/xmlschemas/ActivityExtension/v2">
                <Watts>170</Watts>
              </TPX>
            </Extensions>
          </Trackpoint>
          <Trackpoint>
            <Time>2010-10-19T21:27:33Z</Time>
            <AltitudeMeters>0.0</AltitudeMeters>
            <HeartRateBpm>
              <Value>0</Value>
            </HeartRateBpm>
            <Cadence>81</Cadence>
            <DistanceMeters>24740.99677</DistanceMeters>
            <Extensions>
              <TPX xmlns="http://www.garmin.com/xmlschemas/ActivityExtension/v2">
                <Watts>159</Watts>
              </TPX>
            </Extensions>
          </Trackpoint>
          <Trackpoint>
            <Time>2010-10-19T21:27:35Z</Time>
            <AltitudeMeters>0.0</AltitudeMeters>
            <HeartRateBpm>
              <Value>0</Value>
            </HeartRateBpm>
            <Cadence>87</Cadence>
            <DistanceMeters>24768.12085</DistanceMeters>
            <Extensions>
              <TPX xmlns="http://www.garmin.com/xmlschemas/ActivityExtension/v2">
                <Watts>153</Watts>
              </TPX>
            </Extensions>
          </Trackpoint>
          <Trackpoint>
            <Time>2010-10-19T21:27:37Z</Time>
            <AltitudeMeters>0.0</AltitudeMeters>
            <HeartRateBpm>
              <Value>0</Value>
            </HeartRateBpm>
            <Cadence>88</Cadence>
            <DistanceMeters>24795.27174</DistanceMeters>
            <Extensions>
              <TPX xmlns="http://www.garmin.com/xmlschemas/ActivityExtension/v2">
                <Watts>163</Watts>
              </TPX>
            </Extensions>
          </Trackpoint>
          <Trackpoint>
            <Time>2010-10-19T21:27:39Z</Time>
            <AltitudeMeters>0.0</AltitudeMeters>
            <HeartRateBpm>
              <Value>0</Value>
            </HeartRateBpm>
            <Cadence>88</Cadence>
            <DistanceMeters>24822.49862</DistanceMeters>
            <Extensions>
              <TPX xmlns="http://www.garmin.com/xmlschemas/ActivityExtension/v2">
                <Watts>167</Watts>
              </TPX>
            </Extensions>
          </Trackpoint>
          <Trackpoint>
            <Time>2010-10-19T21:27:41Z</Time>
            <AltitudeMeters>0.0</AltitudeMeters>
            <HeartRateBpm>
              <Value>0</Value>
            </HeartRateBpm>
            <Cadence>76</Cadence>
            <DistanceMeters>24849.74408</DistanceMeters>
            <Extensions>
              <TPX xmlns="http://www.garmin.com/xmlschemas/ActivityExtension/v2">
                <Watts>164</Watts>
              </TPX>
            </Extensions>
          </Trackpoint>
          <Trackpoint>
            <Time>2010-10-19T21:27:43Z</Time>
            <AltitudeMeters>0.0</AltitudeMeters>
            <HeartRateBpm>
              <Value>0</Value>
            </HeartRateBpm>
            <Cadence>91</Cadence>
            <DistanceMeters>24877.16798</DistanceMeters>
            <Extensions>
              <TPX xmlns="http://www.garmin.com/xmlschemas/ActivityExtension/v2">
                <Watts>176</Watts>
              </TPX>
            </Extensions>
          </Trackpoint>
          <Trackpoint>
            <Time>2010-10-19T21:27:45Z</Time>
            <AltitudeMeters>0.0</AltitudeMeters>
            <HeartRateBpm>
              <Value>0</Value>
            </HeartRateBpm>
            <Cadence>91</Cadence>
            <DistanceMeters>24904.73132</DistanceMeters>
            <Extensions>
              <TPX xmlns="http://www.garmin.com/xmlschemas/ActivityExtension/v2">
                <Watts>176</Watts>
              </TPX>
            </Extensions>
          </Trackpoint>
          <Trackpoint>
            <Time>2010-10-19T21:27:47Z</Time>
            <AltitudeMeters>0.0</AltitudeMeters>
            <HeartRateBpm>
              <Value>0</Value>
            </HeartRateBpm>
            <Cadence>90</Cadence>
            <DistanceMeters>24932.36311</DistanceMeters>
            <Extensions>
              <TPX xmlns="http://www.garmin.com/xmlschemas/ActivityExtension/v2">
                <Watts>173</Watts>
              </TPX>
            </Extensions>
          </Trackpoint>
          <Trackpoint>
            <Time>2010-10-19T21:27:49Z</Time>
            <AltitudeMeters>0.0</AltitudeMeters>
            <HeartRateBpm>
              <Value>0</Value>
            </HeartRateBpm>
            <Cadence>89</Cadence>
            <DistanceMeters>24960.02148</DistanceMeters>
            <Extensions>
              <TPX xmlns="http://www.garmin.com/xmlschemas/ActivityExtension/v2">
                <Watts>171</Watts>
              </TPX>
            </Extensions>
          </Trackpoint>
          <Trackpoint>
            <Time>2010-10-19T21:27:51Z</Time>
            <AltitudeMeters>0.0</AltitudeMeters>
            <HeartRateBpm>
              <Value>0</Value>
            </HeartRateBpm>
            <Cadence>86</Cadence>
            <DistanceMeters>24987.55190</DistanceMeters>
            <Extensions>
              <TPX xmlns="http://www.garmin.com/xmlschemas/ActivityExtension/v2">
                <Watts>160</Watts>
              </TPX>
            </Extensions>
          </Trackpoint>
          <Trackpoint>
            <Time>2010-10-19T21:27:53Z</Time>
            <AltitudeMeters>0.0</AltitudeMeters>
            <HeartRateBpm>
              <Value>0</Value>
            </HeartRateBpm>
            <Cadence>85</Cadence>
            <DistanceMeters>25014.96794</DistanceMeters>
            <Extensions>
              <TPX xmlns="http://www.garmin.com/xmlschemas/ActivityExtension/v2">
                <Watts>159</Watts>
              </TPX>
            </Extensions>
          </Trackpoint>
          <Trackpoint>
            <Time>2010-10-19T21:27:55Z</Time>
            <AltitudeMeters>0.0</AltitudeMeters>
            <HeartRateBpm>
              <Value>0</Value>
            </HeartRateBpm>
            <Cadence>87</Cadence>
            <DistanceMeters>25042.28021</DistanceMeters>
            <Extensions>
              <TPX xmlns="http://www.garmin.com/xmlschemas/ActivityExtension/v2">
                <Watts>158</Watts>
              </TPX>
            </Extensions>
          </Trackpoint>
          <Trackpoint>
            <Time>2010-10-19T21:27:57Z</Time>
            <AltitudeMeters>0.0</AltitudeMeters>
            <HeartRateBpm>
              <Value>0</Value>
            </HeartRateBpm>
            <Cadence>85</Cadence>
            <DistanceMeters>25069.51066</DistanceMeters>
            <Extensions>
              <TPX xmlns="http://www.garmin.com/xmlschemas/ActivityExtension/v2">
                <Watts>158</Watts>
              </TPX>
            </Extensions>
          </Trackpoint>
          <Trackpoint>
            <Time>2010-10-19T21:27:59Z</Time>
            <AltitudeMeters>0.0</AltitudeMeters>
            <HeartRateBpm>
              <Value>0</Value>
            </HeartRateBpm>
            <Cadence>86</Cadence>
            <DistanceMeters>25096.69032</DistanceMeters>
            <Extensions>
              <TPX xmlns="http://www.garmin.com/xmlschemas/ActivityExtension/v2">
                <Watts>159</Watts>
              </TPX>
            </Extensions>
          </Trackpoint>
          <Trackpoint>
            <Time>2010-10-19T21:28:01Z</Time>
            <AltitudeMeters>0.0</AltitudeMeters>
            <HeartRateBpm>
              <Value>0</Value>
            </HeartRateBpm>
            <Cadence>88</Cadence>
            <DistanceMeters>25123.96718</DistanceMeters>
            <Extensions>
              <TPX xmlns="http://www.garmin.com/xmlschemas/ActivityExtension/v2">
                <Watts>169</Watts>
              </TPX>
            </Extensions>
          </Trackpoint>
          <Trackpoint>
            <Time>2010-10-19T21:28:03Z</Time>
            <AltitudeMeters>0.0</AltitudeMeters>
            <HeartRateBpm>
              <Value>0</Value>
            </HeartRateBpm>
            <Cadence>91</Cadence>
            <DistanceMeters>25151.38840</DistanceMeters>
            <Extensions>
              <TPX xmlns="http://www.garmin.com/xmlschemas/ActivityExtension/v2">
                <Watts>174</Watts>
              </TPX>
            </Extensions>
          </Trackpoint>
          <Trackpoint>
            <Time>2010-10-19T21:28:05Z</Time>
            <AltitudeMeters>0.0</AltitudeMeters>
            <HeartRateBpm>
              <Value>0</Value>
            </HeartRateBpm>
            <Cadence>90</Cadence>
            <DistanceMeters>25178.92255</DistanceMeters>
            <Extensions>
              <TPX xmlns="http://www.garmin.com/xmlschemas/ActivityExtension/v2">
                <Watts>174</Watts>
              </TPX>
            </Extensions>
          </Trackpoint>
          <Trackpoint>
            <Time>2010-10-19T21:28:07Z</Time>
            <AltitudeMeters>0.0</AltitudeMeters>
            <HeartRateBpm>
              <Value>0</Value>
            </HeartRateBpm>
            <Cadence>91</Cadence>
            <DistanceMeters>25206.55852</DistanceMeters>
            <Extensions>
              <TPX xmlns="http://www.garmin.com/xmlschemas/ActivityExtension/v2">
                <Watts>175</Watts>
              </TPX>
            </Extensions>
          </Trackpoint>
          <Trackpoint>
            <Time>2010-10-19T21:28:09Z</Time>
            <AltitudeMeters>0.0</AltitudeMeters>
            <HeartRateBpm>
              <Value>0</Value>
            </HeartRateBpm>
            <Cadence>94</Cadence>
            <DistanceMeters>25234.28756</DistanceMeters>
            <Extensions>
              <TPX xmlns="http://www.garmin.com/xmlschemas/ActivityExtension/v2">
                <Watts>176</Watts>
              </TPX>
            </Extensions>
          </Trackpoint>
          <Trackpoint>
            <Time>2010-10-19T21:28:11Z</Time>
            <AltitudeMeters>0.0</AltitudeMeters>
            <HeartRateBpm>
              <Value>0</Value>
            </HeartRateBpm>
            <Cadence>95</Cadence>
            <DistanceMeters>25262.19653</DistanceMeters>
            <Extensions>
              <TPX xmlns="http://www.garmin.com/xmlschemas/ActivityExtension/v2">
                <Watts>184</Watts>
              </TPX>
            </Extensions>
          </Trackpoint>
          <Trackpoint>
            <Time>2010-10-19T21:28:13Z</Time>
            <AltitudeMeters>0.0</AltitudeMeters>
            <HeartRateBpm>
              <Value>0</Value>
            </HeartRateBpm>
            <Cadence>93</Cadence>
            <DistanceMeters>25290.25883</DistanceMeters>
            <Extensions>
              <TPX xmlns="http://www.garmin.com/xmlschemas/ActivityExtension/v2">
                <Watts>185</Watts>
              </TPX>
            </Extensions>
          </Trackpoint>
          <Trackpoint>
            <Time>2010-10-19T21:28:15Z</Time>
            <AltitudeMeters>0.0</AltitudeMeters>
            <HeartRateBpm>
              <Value>0</Value>
            </HeartRateBpm>
            <Cadence>90</Cadence>
            <DistanceMeters>25318.33422</DistanceMeters>
            <Extensions>
              <TPX xmlns="http://www.garmin.com/xmlschemas/ActivityExtension/v2">
                <Watts>177</Watts>
              </TPX>
            </Extensions>
          </Trackpoint>
          <Trackpoint>
            <Time>2010-10-19T21:28:17Z</Time>
            <AltitudeMeters>0.0</AltitudeMeters>
            <HeartRateBpm>
              <Value>0</Value>
            </HeartRateBpm>
            <Cadence>89</Cadence>
            <DistanceMeters>25346.33996</DistanceMeters>
            <Extensions>
              <TPX xmlns="http://www.garmin.com/xmlschemas/ActivityExtension/v2">
                <Watts>171</Watts>
              </TPX>
            </Extensions>
          </Trackpoint>
          <Trackpoint>
            <Time>2010-10-19T21:28:19Z</Time>
            <AltitudeMeters>0.0</AltitudeMeters>
            <HeartRateBpm>
              <Value>0</Value>
            </HeartRateBpm>
            <Cadence>89</Cadence>
            <DistanceMeters>25374.26444</DistanceMeters>
            <Extensions>
              <TPX xmlns="http://www.garmin.com/xmlschemas/ActivityExtension/v2">
                <Watts>169</Watts>
              </TPX>
            </Extensions>
          </Trackpoint>
          <Trackpoint>
            <Time>2010-10-19T21:28:21Z</Time>
            <AltitudeMeters>0.0</AltitudeMeters>
            <HeartRateBpm>
              <Value>0</Value>
            </HeartRateBpm>
            <Cadence>88</Cadence>
            <DistanceMeters>25402.11183</DistanceMeters>
            <Extensions>
              <TPX xmlns="http://www.garmin.com/xmlschemas/ActivityExtension/v2">
                <Watts>168</Watts>
              </TPX>
            </Extensions>
          </Trackpoint>
          <Trackpoint>
            <Time>2010-10-19T21:28:23Z</Time>
            <AltitudeMeters>0.0</AltitudeMeters>
            <HeartRateBpm>
              <Value>0</Value>
            </HeartRateBpm>
            <Cadence>90</Cadence>
            <DistanceMeters>25429.38346</DistanceMeters>
            <Extensions>
              <TPX xmlns="http://www.garmin.com/xmlschemas/ActivityExtension/v2">
                <Watts>130</Watts>
              </TPX>
            </Extensions>
          </Trackpoint>
          <Trackpoint>
            <Time>2010-10-19T21:28:25Z</Time>
            <AltitudeMeters>0.0</AltitudeMeters>
            <HeartRateBpm>
              <Value>0</Value>
            </HeartRateBpm>
            <Cadence>90</Cadence>
            <DistanceMeters>25456.40283</DistanceMeters>
            <Extensions>
              <TPX xmlns="http://www.garmin.com/xmlschemas/ActivityExtension/v2">
                <Watts>145</Watts>
              </TPX>
            </Extensions>
          </Trackpoint>
          <Trackpoint>
            <Time>2010-10-19T21:28:27Z</Time>
            <AltitudeMeters>0.0</AltitudeMeters>
            <HeartRateBpm>
              <Value>0</Value>
            </HeartRateBpm>
            <Cadence>79</Cadence>
            <DistanceMeters>25482.84346</DistanceMeters>
            <Extensions>
              <TPX xmlns="http://www.garmin.com/xmlschemas/ActivityExtension/v2">
                <Watts>118</Watts>
              </TPX>
            </Extensions>
          </Trackpoint>
          <Trackpoint>
            <Time>2010-10-19T21:28:29Z</Time>
            <AltitudeMeters>0.0</AltitudeMeters>
            <HeartRateBpm>
              <Value>0</Value>
            </HeartRateBpm>
            <Cadence>91</Cadence>
            <DistanceMeters>25508.81779</DistanceMeters>
            <Extensions>
              <TPX xmlns="http://www.garmin.com/xmlschemas/ActivityExtension/v2">
                <Watts>118</Watts>
              </TPX>
            </Extensions>
          </Trackpoint>
          <Trackpoint>
            <Time>2010-10-19T21:28:31Z</Time>
            <AltitudeMeters>0.0</AltitudeMeters>
            <HeartRateBpm>
              <Value>0</Value>
            </HeartRateBpm>
            <Cadence>91</Cadence>
            <DistanceMeters>25534.84996</DistanceMeters>
            <Extensions>
              <TPX xmlns="http://www.garmin.com/xmlschemas/ActivityExtension/v2">
                <Watts>148</Watts>
              </TPX>
            </Extensions>
          </Trackpoint>
          <Trackpoint>
            <Time>2010-10-19T21:28:33Z</Time>
            <AltitudeMeters>0.0</AltitudeMeters>
            <HeartRateBpm>
              <Value>0</Value>
            </HeartRateBpm>
            <Cadence>89</Cadence>
            <DistanceMeters>25560.84197</DistanceMeters>
            <Extensions>
              <TPX xmlns="http://www.garmin.com/xmlschemas/ActivityExtension/v2">
                <Watts>142</Watts>
              </TPX>
            </Extensions>
          </Trackpoint>
          <Trackpoint>
            <Time>2010-10-19T21:28:35Z</Time>
            <AltitudeMeters>0.0</AltitudeMeters>
            <HeartRateBpm>
              <Value>0</Value>
            </HeartRateBpm>
            <Cadence>88</Cadence>
            <DistanceMeters>25586.80201</DistanceMeters>
            <Extensions>
              <TPX xmlns="http://www.garmin.com/xmlschemas/ActivityExtension/v2">
                <Watts>142</Watts>
              </TPX>
            </Extensions>
          </Trackpoint>
          <Trackpoint>
            <Time>2010-10-19T21:28:37Z</Time>
            <AltitudeMeters>0.0</AltitudeMeters>
            <HeartRateBpm>
              <Value>0</Value>
            </HeartRateBpm>
            <Cadence>88</Cadence>
            <DistanceMeters>25612.67898</DistanceMeters>
            <Extensions>
              <TPX xmlns="http://www.garmin.com/xmlschemas/ActivityExtension/v2">
                <Watts>138</Watts>
              </TPX>
            </Extensions>
          </Trackpoint>
          <Trackpoint>
            <Time>2010-10-19T21:28:39Z</Time>
            <AltitudeMeters>0.0</AltitudeMeters>
            <HeartRateBpm>
              <Value>0</Value>
            </HeartRateBpm>
            <Cadence>88</Cadence>
            <DistanceMeters>25638.50414</DistanceMeters>
            <Extensions>
              <TPX xmlns="http://www.garmin.com/xmlschemas/ActivityExtension/v2">
                <Watts>139</Watts>
              </TPX>
            </Extensions>
          </Trackpoint>
          <Trackpoint>
            <Time>2010-10-19T21:28:41Z</Time>
            <AltitudeMeters>0.0</AltitudeMeters>
            <HeartRateBpm>
              <Value>0</Value>
            </HeartRateBpm>
            <Cadence>90</Cadence>
            <DistanceMeters>25664.30248</DistanceMeters>
            <Extensions>
              <TPX xmlns="http://www.garmin.com/xmlschemas/ActivityExtension/v2">
                <Watts>140</Watts>
              </TPX>
            </Extensions>
          </Trackpoint>
          <Trackpoint>
            <Time>2010-10-19T21:28:43Z</Time>
            <AltitudeMeters>0.0</AltitudeMeters>
            <HeartRateBpm>
              <Value>0</Value>
            </HeartRateBpm>
            <Cadence>90</Cadence>
            <DistanceMeters>25690.15175</DistanceMeters>
            <Extensions>
              <TPX xmlns="http://www.garmin.com/xmlschemas/ActivityExtension/v2">
                <Watts>145</Watts>
              </TPX>
            </Extensions>
          </Trackpoint>
          <Trackpoint>
            <Time>2010-10-19T21:28:45Z</Time>
            <AltitudeMeters>0.0</AltitudeMeters>
            <HeartRateBpm>
              <Value>0</Value>
            </HeartRateBpm>
            <Cadence>91</Cadence>
            <DistanceMeters>25716.05592</DistanceMeters>
            <Extensions>
              <TPX xmlns="http://www.garmin.com/xmlschemas/ActivityExtension/v2">
                <Watts>146</Watts>
              </TPX>
            </Extensions>
          </Trackpoint>
          <Trackpoint>
            <Time>2010-10-19T21:28:47Z</Time>
            <AltitudeMeters>0.0</AltitudeMeters>
            <HeartRateBpm>
              <Value>0</Value>
            </HeartRateBpm>
            <Cadence>89</Cadence>
            <DistanceMeters>25742.00368</DistanceMeters>
            <Extensions>
              <TPX xmlns="http://www.garmin.com/xmlschemas/ActivityExtension/v2">
                <Watts>146</Watts>
              </TPX>
            </Extensions>
          </Trackpoint>
          <Trackpoint>
            <Time>2010-10-19T21:28:49Z</Time>
            <AltitudeMeters>0.0</AltitudeMeters>
            <HeartRateBpm>
              <Value>0</Value>
            </HeartRateBpm>
            <Cadence>89</Cadence>
            <DistanceMeters>25767.79858</DistanceMeters>
            <Extensions>
              <TPX xmlns="http://www.garmin.com/xmlschemas/ActivityExtension/v2">
                <Watts>133</Watts>
              </TPX>
            </Extensions>
          </Trackpoint>
          <Trackpoint>
            <Time>2010-10-19T21:28:51Z</Time>
            <AltitudeMeters>0.0</AltitudeMeters>
            <HeartRateBpm>
              <Value>0</Value>
            </HeartRateBpm>
            <Cadence>76</Cadence>
            <DistanceMeters>25793.22281</DistanceMeters>
            <Extensions>
              <TPX xmlns="http://www.garmin.com/xmlschemas/ActivityExtension/v2">
                <Watts>116</Watts>
              </TPX>
            </Extensions>
          </Trackpoint>
          <Trackpoint>
            <Time>2010-10-19T21:28:53Z</Time>
            <AltitudeMeters>0.0</AltitudeMeters>
            <HeartRateBpm>
              <Value>0</Value>
            </HeartRateBpm>
            <Cadence>90</Cadence>
            <DistanceMeters>25818.76023</DistanceMeters>
            <Extensions>
              <TPX xmlns="http://www.garmin.com/xmlschemas/ActivityExtension/v2">
                <Watts>144</Watts>
              </TPX>
            </Extensions>
          </Trackpoint>
          <Trackpoint>
            <Time>2010-10-19T21:28:55Z</Time>
            <AltitudeMeters>0.0</AltitudeMeters>
            <HeartRateBpm>
              <Value>0</Value>
            </HeartRateBpm>
            <Cadence>88</Cadence>
            <DistanceMeters>25844.30007</DistanceMeters>
            <Extensions>
              <TPX xmlns="http://www.garmin.com/xmlschemas/ActivityExtension/v2">
                <Watts>138</Watts>
              </TPX>
            </Extensions>
          </Trackpoint>
          <Trackpoint>
            <Time>2010-10-19T21:28:57Z</Time>
            <AltitudeMeters>0.0</AltitudeMeters>
            <HeartRateBpm>
              <Value>0</Value>
            </HeartRateBpm>
            <Cadence>88</Cadence>
            <DistanceMeters>25869.84186</DistanceMeters>
            <Extensions>
              <TPX xmlns="http://www.garmin.com/xmlschemas/ActivityExtension/v2">
                <Watts>138</Watts>
              </TPX>
            </Extensions>
          </Trackpoint>
          <Trackpoint>
            <Time>2010-10-19T21:28:59Z</Time>
            <AltitudeMeters>0.0</AltitudeMeters>
            <HeartRateBpm>
              <Value>0</Value>
            </HeartRateBpm>
            <Cadence>91</Cadence>
            <DistanceMeters>25895.39980</DistanceMeters>
            <Extensions>
              <TPX xmlns="http://www.garmin.com/xmlschemas/ActivityExtension/v2">
                <Watts>139</Watts>
              </TPX>
            </Extensions>
          </Trackpoint>
          <Trackpoint>
            <Time>2010-10-19T21:29:01Z</Time>
            <AltitudeMeters>0.0</AltitudeMeters>
            <HeartRateBpm>
              <Value>0</Value>
            </HeartRateBpm>
            <Cadence>89</Cadence>
            <DistanceMeters>25921.05807</DistanceMeters>
            <Extensions>
              <TPX xmlns="http://www.garmin.com/xmlschemas/ActivityExtension/v2">
                <Watts>145</Watts>
              </TPX>
            </Extensions>
          </Trackpoint>
          <Trackpoint>
            <Time>2010-10-19T21:29:03Z</Time>
            <AltitudeMeters>0.0</AltitudeMeters>
            <HeartRateBpm>
              <Value>0</Value>
            </HeartRateBpm>
            <Cadence>88</Cadence>
            <DistanceMeters>25946.72343</DistanceMeters>
            <Extensions>
              <TPX xmlns="http://www.garmin.com/xmlschemas/ActivityExtension/v2">
                <Watts>140</Watts>
              </TPX>
            </Extensions>
          </Trackpoint>
          <Trackpoint>
            <Time>2010-10-19T21:29:05Z</Time>
            <AltitudeMeters>0.0</AltitudeMeters>
            <HeartRateBpm>
              <Value>0</Value>
            </HeartRateBpm>
            <Cadence>90</Cadence>
            <DistanceMeters>25972.37990</DistanceMeters>
            <Extensions>
              <TPX xmlns="http://www.garmin.com/xmlschemas/ActivityExtension/v2">
                <Watts>139</Watts>
              </TPX>
            </Extensions>
          </Trackpoint>
          <Trackpoint>
            <Time>2010-10-19T21:29:07Z</Time>
            <AltitudeMeters>0.0</AltitudeMeters>
            <HeartRateBpm>
              <Value>0</Value>
            </HeartRateBpm>
            <Cadence>86</Cadence>
            <DistanceMeters>25997.67755</DistanceMeters>
            <Extensions>
              <TPX xmlns="http://www.garmin.com/xmlschemas/ActivityExtension/v2">
                <Watts>115</Watts>
              </TPX>
            </Extensions>
          </Trackpoint>
          <Trackpoint>
            <Time>2010-10-19T21:29:09Z</Time>
            <AltitudeMeters>0.0</AltitudeMeters>
            <HeartRateBpm>
              <Value>0</Value>
            </HeartRateBpm>
            <Cadence>85</Cadence>
            <DistanceMeters>26021.83465</DistanceMeters>
            <Extensions>
              <TPX xmlns="http://www.garmin.com/xmlschemas/ActivityExtension/v2">
                <Watts>59</Watts>
              </TPX>
            </Extensions>
          </Trackpoint>
          <Trackpoint>
            <Time>2010-10-19T21:29:11Z</Time>
            <AltitudeMeters>0.0</AltitudeMeters>
            <HeartRateBpm>
              <Value>0</Value>
            </HeartRateBpm>
            <Cadence>86</Cadence>
            <DistanceMeters>26045.01913</DistanceMeters>
            <Extensions>
              <TPX xmlns="http://www.garmin.com/xmlschemas/ActivityExtension/v2">
                <Watts>58</Watts>
              </TPX>
            </Extensions>
          </Trackpoint>
          <Trackpoint>
            <Time>2010-10-19T21:29:13Z</Time>
            <AltitudeMeters>0.0</AltitudeMeters>
            <HeartRateBpm>
              <Value>0</Value>
            </HeartRateBpm>
            <Cadence>86</Cadence>
            <DistanceMeters>26067.53458</DistanceMeters>
            <Extensions>
              <TPX xmlns="http://www.garmin.com/xmlschemas/ActivityExtension/v2">
                <Watts>67</Watts>
              </TPX>
            </Extensions>
          </Trackpoint>
          <Trackpoint>
            <Time>2010-10-19T21:29:15Z</Time>
            <AltitudeMeters>0.0</AltitudeMeters>
            <HeartRateBpm>
              <Value>0</Value>
            </HeartRateBpm>
            <Cadence>86</Cadence>
            <DistanceMeters>26089.48953</DistanceMeters>
            <Extensions>
              <TPX xmlns="http://www.garmin.com/xmlschemas/ActivityExtension/v2">
                <Watts>67</Watts>
              </TPX>
            </Extensions>
          </Trackpoint>
          <Trackpoint>
            <Time>2010-10-19T21:29:17Z</Time>
            <AltitudeMeters>0.0</AltitudeMeters>
            <HeartRateBpm>
              <Value>0</Value>
            </HeartRateBpm>
            <Cadence>83</Cadence>
            <DistanceMeters>26110.86993</DistanceMeters>
            <Extensions>
              <TPX xmlns="http://www.garmin.com/xmlschemas/ActivityExtension/v2">
                <Watts>61</Watts>
              </TPX>
            </Extensions>
          </Trackpoint>
          <Trackpoint>
            <Time>2010-10-19T21:29:19Z</Time>
            <AltitudeMeters>0.0</AltitudeMeters>
            <HeartRateBpm>
              <Value>0</Value>
            </HeartRateBpm>
            <Cadence>82</Cadence>
            <DistanceMeters>26131.73004</DistanceMeters>
            <Extensions>
              <TPX xmlns="http://www.garmin.com/xmlschemas/ActivityExtension/v2">
                <Watts>59</Watts>
              </TPX>
            </Extensions>
          </Trackpoint>
          <Trackpoint>
            <Time>2010-10-19T21:29:21Z</Time>
            <AltitudeMeters>0.0</AltitudeMeters>
            <HeartRateBpm>
              <Value>0</Value>
            </HeartRateBpm>
            <Cadence>84</Cadence>
            <DistanceMeters>26152.05866</DistanceMeters>
            <Extensions>
              <TPX xmlns="http://www.garmin.com/xmlschemas/ActivityExtension/v2">
                <Watts>54</Watts>
              </TPX>
            </Extensions>
          </Trackpoint>
          <Trackpoint>
            <Time>2010-10-19T21:29:23Z</Time>
            <AltitudeMeters>0.0</AltitudeMeters>
            <HeartRateBpm>
              <Value>0</Value>
            </HeartRateBpm>
            <Cadence>85</Cadence>
            <DistanceMeters>26171.95443</DistanceMeters>
            <Extensions>
              <TPX xmlns="http://www.garmin.com/xmlschemas/ActivityExtension/v2">
                <Watts>55</Watts>
              </TPX>
            </Extensions>
          </Trackpoint>
          <Trackpoint>
            <Time>2010-10-19T21:29:25Z</Time>
            <AltitudeMeters>0.0</AltitudeMeters>
            <HeartRateBpm>
              <Value>0</Value>
            </HeartRateBpm>
            <Cadence>84</Cadence>
            <DistanceMeters>26192.48895</DistanceMeters>
            <Extensions>
              <TPX xmlns="http://www.garmin.com/xmlschemas/ActivityExtension/v2">
                <Watts>109</Watts>
              </TPX>
            </Extensions>
          </Trackpoint>
          <Trackpoint>
            <Time>2010-10-19T21:29:27Z</Time>
            <AltitudeMeters>0.0</AltitudeMeters>
            <HeartRateBpm>
              <Value>0</Value>
            </HeartRateBpm>
            <Cadence>84</Cadence>
            <DistanceMeters>26213.52227</DistanceMeters>
            <Extensions>
              <TPX xmlns="http://www.garmin.com/xmlschemas/ActivityExtension/v2">
                <Watts>108</Watts>
              </TPX>
            </Extensions>
          </Trackpoint>
          <Trackpoint>
            <Time>2010-10-19T21:29:29Z</Time>
            <AltitudeMeters>0.0</AltitudeMeters>
            <HeartRateBpm>
              <Value>0</Value>
            </HeartRateBpm>
            <Cadence>84</Cadence>
            <DistanceMeters>26234.95997</DistanceMeters>
            <Extensions>
              <TPX xmlns="http://www.garmin.com/xmlschemas/ActivityExtension/v2">
                <Watts>108</Watts>
              </TPX>
            </Extensions>
          </Trackpoint>
          <Trackpoint>
            <Time>2010-10-19T21:29:31Z</Time>
            <AltitudeMeters>0.0</AltitudeMeters>
            <HeartRateBpm>
              <Value>0</Value>
            </HeartRateBpm>
            <Cadence>84</Cadence>
            <DistanceMeters>26256.72581</DistanceMeters>
            <Extensions>
              <TPX xmlns="http://www.garmin.com/xmlschemas/ActivityExtension/v2">
                <Watts>108</Watts>
              </TPX>
            </Extensions>
          </Trackpoint>
          <Trackpoint>
            <Time>2010-10-19T21:29:33Z</Time>
            <AltitudeMeters>0.0</AltitudeMeters>
            <HeartRateBpm>
              <Value>0</Value>
            </HeartRateBpm>
            <Cadence>85</Cadence>
            <DistanceMeters>26278.75808</DistanceMeters>
            <Extensions>
              <TPX xmlns="http://www.garmin.com/xmlschemas/ActivityExtension/v2">
                <Watts>108</Watts>
              </TPX>
            </Extensions>
          </Trackpoint>
          <Trackpoint>
            <Time>2010-10-19T21:29:35Z</Time>
            <AltitudeMeters>0.0</AltitudeMeters>
            <HeartRateBpm>
              <Value>0</Value>
            </HeartRateBpm>
            <Cadence>84</Cadence>
            <DistanceMeters>26301.00680</DistanceMeters>
            <Extensions>
              <TPX xmlns="http://www.garmin.com/xmlschemas/ActivityExtension/v2">
                <Watts>108</Watts>
              </TPX>
            </Extensions>
          </Trackpoint>
          <Trackpoint>
            <Time>2010-10-19T21:29:37Z</Time>
            <AltitudeMeters>0.0</AltitudeMeters>
            <HeartRateBpm>
              <Value>0</Value>
            </HeartRateBpm>
            <Cadence>83</Cadence>
            <DistanceMeters>26323.43140</DistanceMeters>
            <Extensions>
              <TPX xmlns="http://www.garmin.com/xmlschemas/ActivityExtension/v2">
                <Watts>108</Watts>
              </TPX>
            </Extensions>
          </Trackpoint>
          <Trackpoint>
            <Time>2010-10-19T21:29:39Z</Time>
            <AltitudeMeters>0.0</AltitudeMeters>
            <HeartRateBpm>
              <Value>0</Value>
            </HeartRateBpm>
            <Cadence>84</Cadence>
            <DistanceMeters>26345.94925</DistanceMeters>
            <Extensions>
              <TPX xmlns="http://www.garmin.com/xmlschemas/ActivityExtension/v2">
                <Watts>105</Watts>
              </TPX>
            </Extensions>
          </Trackpoint>
          <Trackpoint>
            <Time>2010-10-19T21:29:41Z</Time>
            <AltitudeMeters>0.0</AltitudeMeters>
            <HeartRateBpm>
              <Value>0</Value>
            </HeartRateBpm>
            <Cadence>82</Cadence>
            <DistanceMeters>26368.57609</DistanceMeters>
            <Extensions>
              <TPX xmlns="http://www.garmin.com/xmlschemas/ActivityExtension/v2">
                <Watts>107</Watts>
              </TPX>
            </Extensions>
          </Trackpoint>
          <Trackpoint>
            <Time>2010-10-19T21:29:43Z</Time>
            <AltitudeMeters>0.0</AltitudeMeters>
            <HeartRateBpm>
              <Value>0</Value>
            </HeartRateBpm>
            <Cadence>87</Cadence>
            <DistanceMeters>26391.38998</DistanceMeters>
            <Extensions>
              <TPX xmlns="http://www.garmin.com/xmlschemas/ActivityExtension/v2">
                <Watts>113</Watts>
              </TPX>
            </Extensions>
          </Trackpoint>
          <Trackpoint>
            <Time>2010-10-19T21:29:45Z</Time>
            <AltitudeMeters>0.0</AltitudeMeters>
            <HeartRateBpm>
              <Value>0</Value>
            </HeartRateBpm>
            <Cadence>89</Cadence>
            <DistanceMeters>26414.37164</DistanceMeters>
            <Extensions>
              <TPX xmlns="http://www.garmin.com/xmlschemas/ActivityExtension/v2">
                <Watts>114</Watts>
              </TPX>
            </Extensions>
          </Trackpoint>
          <Trackpoint>
            <Time>2010-10-19T21:29:47Z</Time>
            <AltitudeMeters>0.0</AltitudeMeters>
            <HeartRateBpm>
              <Value>0</Value>
            </HeartRateBpm>
            <Cadence>89</Cadence>
            <DistanceMeters>26437.87349</DistanceMeters>
            <Extensions>
              <TPX xmlns="http://www.garmin.com/xmlschemas/ActivityExtension/v2">
                <Watts>138</Watts>
              </TPX>
            </Extensions>
          </Trackpoint>
          <Trackpoint>
            <Time>2010-10-19T21:29:49Z</Time>
            <AltitudeMeters>0.0</AltitudeMeters>
            <HeartRateBpm>
              <Value>0</Value>
            </HeartRateBpm>
            <Cadence>89</Cadence>
            <DistanceMeters>26461.78980</DistanceMeters>
            <Extensions>
              <TPX xmlns="http://www.garmin.com/xmlschemas/ActivityExtension/v2">
                <Watts>138</Watts>
              </TPX>
            </Extensions>
          </Trackpoint>
          <Trackpoint>
            <Time>2010-10-19T21:29:51Z</Time>
            <AltitudeMeters>0.0</AltitudeMeters>
            <HeartRateBpm>
              <Value>0</Value>
            </HeartRateBpm>
            <Cadence>88</Cadence>
            <DistanceMeters>26486.03650</DistanceMeters>
            <Extensions>
              <TPX xmlns="http://www.garmin.com/xmlschemas/ActivityExtension/v2">
                <Watts>138</Watts>
              </TPX>
            </Extensions>
          </Trackpoint>
          <Trackpoint>
            <Time>2010-10-19T21:29:53Z</Time>
            <AltitudeMeters>0.0</AltitudeMeters>
            <HeartRateBpm>
              <Value>0</Value>
            </HeartRateBpm>
            <Cadence>87</Cadence>
            <DistanceMeters>26510.51621</DistanceMeters>
            <Extensions>
              <TPX xmlns="http://www.garmin.com/xmlschemas/ActivityExtension/v2">
                <Watts>136</Watts>
              </TPX>
            </Extensions>
          </Trackpoint>
          <Trackpoint>
            <Time>2010-10-19T21:29:55Z</Time>
            <AltitudeMeters>0.0</AltitudeMeters>
            <HeartRateBpm>
              <Value>0</Value>
            </HeartRateBpm>
            <Cadence>84</Cadence>
            <DistanceMeters>26535.03018</DistanceMeters>
            <Extensions>
              <TPX xmlns="http://www.garmin.com/xmlschemas/ActivityExtension/v2">
                <Watts>126</Watts>
              </TPX>
            </Extensions>
          </Trackpoint>
          <Trackpoint>
            <Time>2010-10-19T21:29:57Z</Time>
            <AltitudeMeters>0.0</AltitudeMeters>
            <HeartRateBpm>
              <Value>0</Value>
            </HeartRateBpm>
            <Cadence>83</Cadence>
            <DistanceMeters>26559.49551</DistanceMeters>
            <Extensions>
              <TPX xmlns="http://www.garmin.com/xmlschemas/ActivityExtension/v2">
                <Watts>121</Watts>
              </TPX>
            </Extensions>
          </Trackpoint>
          <Trackpoint>
            <Time>2010-10-19T21:29:59Z</Time>
            <AltitudeMeters>0.0</AltitudeMeters>
            <HeartRateBpm>
              <Value>0</Value>
            </HeartRateBpm>
            <Cadence>86</Cadence>
            <DistanceMeters>26584.05879</DistanceMeters>
            <Extensions>
              <TPX xmlns="http://www.garmin.com/xmlschemas/ActivityExtension/v2">
                <Watts>130</Watts>
              </TPX>
            </Extensions>
          </Trackpoint>
          <Trackpoint>
            <Time>2010-10-19T21:30:01Z</Time>
            <AltitudeMeters>0.0</AltitudeMeters>
            <HeartRateBpm>
              <Value>0</Value>
            </HeartRateBpm>
            <Cadence>88</Cadence>
            <DistanceMeters>26608.71574</DistanceMeters>
            <Extensions>
              <TPX xmlns="http://www.garmin.com/xmlschemas/ActivityExtension/v2">
                <Watts>131</Watts>
              </TPX>
            </Extensions>
          </Trackpoint>
          <Trackpoint>
            <Time>2010-10-19T21:30:03Z</Time>
            <AltitudeMeters>0.0</AltitudeMeters>
            <HeartRateBpm>
              <Value>0</Value>
            </HeartRateBpm>
            <Cadence>89</Cadence>
            <DistanceMeters>26633.49298</DistanceMeters>
            <Extensions>
              <TPX xmlns="http://www.garmin.com/xmlschemas/ActivityExtension/v2">
                <Watts>134</Watts>
              </TPX>
            </Extensions>
          </Trackpoint>
          <Trackpoint>
            <Time>2010-10-19T21:30:05Z</Time>
            <AltitudeMeters>0.0</AltitudeMeters>
            <HeartRateBpm>
              <Value>0</Value>
            </HeartRateBpm>
            <Cadence>92</Cadence>
            <DistanceMeters>26658.51604</DistanceMeters>
            <Extensions>
              <TPX xmlns="http://www.garmin.com/xmlschemas/ActivityExtension/v2">
                <Watts>144</Watts>
              </TPX>
            </Extensions>
          </Trackpoint>
          <Trackpoint>
            <Time>2010-10-19T21:30:07Z</Time>
            <AltitudeMeters>0.0</AltitudeMeters>
            <HeartRateBpm>
              <Value>0</Value>
            </HeartRateBpm>
            <Cadence>93</Cadence>
            <DistanceMeters>26683.79367</DistanceMeters>
            <Extensions>
              <TPX xmlns="http://www.garmin.com/xmlschemas/ActivityExtension/v2">
                <Watts>148</Watts>
              </TPX>
            </Extensions>
          </Trackpoint>
          <Trackpoint>
            <Time>2010-10-19T21:30:09Z</Time>
            <AltitudeMeters>0.0</AltitudeMeters>
            <HeartRateBpm>
              <Value>0</Value>
            </HeartRateBpm>
            <Cadence>90</Cadence>
            <DistanceMeters>26709.15572</DistanceMeters>
            <Extensions>
              <TPX xmlns="http://www.garmin.com/xmlschemas/ActivityExtension/v2">
                <Watts>140</Watts>
              </TPX>
            </Extensions>
          </Trackpoint>
          <Trackpoint>
            <Time>2010-10-19T21:30:11Z</Time>
            <AltitudeMeters>0.0</AltitudeMeters>
            <HeartRateBpm>
              <Value>0</Value>
            </HeartRateBpm>
            <Cadence>91</Cadence>
            <DistanceMeters>26734.58505</DistanceMeters>
            <Extensions>
              <TPX xmlns="http://www.garmin.com/xmlschemas/ActivityExtension/v2">
                <Watts>140</Watts>
              </TPX>
            </Extensions>
          </Trackpoint>
          <Trackpoint>
            <Time>2010-10-19T21:30:13Z</Time>
            <AltitudeMeters>0.0</AltitudeMeters>
            <HeartRateBpm>
              <Value>0</Value>
            </HeartRateBpm>
            <Cadence>91</Cadence>
            <DistanceMeters>26760.08262</DistanceMeters>
            <Extensions>
              <TPX xmlns="http://www.garmin.com/xmlschemas/ActivityExtension/v2">
                <Watts>141</Watts>
              </TPX>
            </Extensions>
          </Trackpoint>
          <Trackpoint>
            <Time>2010-10-19T21:30:15Z</Time>
            <AltitudeMeters>0.0</AltitudeMeters>
            <HeartRateBpm>
              <Value>0</Value>
            </HeartRateBpm>
            <Cadence>90</Cadence>
            <DistanceMeters>26785.64916</DistanceMeters>
            <Extensions>
              <TPX xmlns="http://www.garmin.com/xmlschemas/ActivityExtension/v2">
                <Watts>142</Watts>
              </TPX>
            </Extensions>
          </Trackpoint>
          <Trackpoint>
            <Time>2010-10-19T21:30:17Z</Time>
            <AltitudeMeters>0.0</AltitudeMeters>
            <HeartRateBpm>
              <Value>0</Value>
            </HeartRateBpm>
            <Cadence>90</Cadence>
            <DistanceMeters>26811.18302</DistanceMeters>
            <Extensions>
              <TPX xmlns="http://www.garmin.com/xmlschemas/ActivityExtension/v2">
                <Watts>136</Watts>
              </TPX>
            </Extensions>
          </Trackpoint>
          <Trackpoint>
            <Time>2010-10-19T21:30:19Z</Time>
            <AltitudeMeters>0.0</AltitudeMeters>
            <HeartRateBpm>
              <Value>0</Value>
            </HeartRateBpm>
            <Cadence>87</Cadence>
            <DistanceMeters>26836.73464</DistanceMeters>
            <Extensions>
              <TPX xmlns="http://www.garmin.com/xmlschemas/ActivityExtension/v2">
                <Watts>139</Watts>
              </TPX>
            </Extensions>
          </Trackpoint>
          <Trackpoint>
            <Time>2010-10-19T21:30:21Z</Time>
            <AltitudeMeters>0.0</AltitudeMeters>
            <HeartRateBpm>
              <Value>0</Value>
            </HeartRateBpm>
            <Cadence>90</Cadence>
            <DistanceMeters>26862.22731</DistanceMeters>
            <Extensions>
              <TPX xmlns="http://www.garmin.com/xmlschemas/ActivityExtension/v2">
                <Watts>134</Watts>
              </TPX>
            </Extensions>
          </Trackpoint>
          <Trackpoint>
            <Time>2010-10-19T21:30:23Z</Time>
            <AltitudeMeters>0.0</AltitudeMeters>
            <HeartRateBpm>
              <Value>0</Value>
            </HeartRateBpm>
            <Cadence>91</Cadence>
            <DistanceMeters>26887.77533</DistanceMeters>
            <Extensions>
              <TPX xmlns="http://www.garmin.com/xmlschemas/ActivityExtension/v2">
                <Watts>141</Watts>
              </TPX>
            </Extensions>
          </Trackpoint>
          <Trackpoint>
            <Time>2010-10-19T21:30:25Z</Time>
            <AltitudeMeters>0.0</AltitudeMeters>
            <HeartRateBpm>
              <Value>0</Value>
            </HeartRateBpm>
            <Cadence>93</Cadence>
            <DistanceMeters>26913.62868</DistanceMeters>
            <Extensions>
              <TPX xmlns="http://www.garmin.com/xmlschemas/ActivityExtension/v2">
                <Watts>159</Watts>
              </TPX>
            </Extensions>
          </Trackpoint>
          <Trackpoint>
            <Time>2010-10-19T21:30:27Z</Time>
            <AltitudeMeters>0.0</AltitudeMeters>
            <HeartRateBpm>
              <Value>0</Value>
            </HeartRateBpm>
            <Cadence>90</Cadence>
            <DistanceMeters>26939.63675</DistanceMeters>
            <Extensions>
              <TPX xmlns="http://www.garmin.com/xmlschemas/ActivityExtension/v2">
                <Watts>153</Watts>
              </TPX>
            </Extensions>
          </Trackpoint>
          <Trackpoint>
            <Time>2010-10-19T21:30:29Z</Time>
            <AltitudeMeters>0.0</AltitudeMeters>
            <HeartRateBpm>
              <Value>0</Value>
            </HeartRateBpm>
            <Cadence>90</Cadence>
            <DistanceMeters>26965.69567</DistanceMeters>
            <Extensions>
              <TPX xmlns="http://www.garmin.com/xmlschemas/ActivityExtension/v2">
                <Watts>148</Watts>
              </TPX>
            </Extensions>
          </Trackpoint>
          <Trackpoint>
            <Time>2010-10-19T21:30:31Z</Time>
            <AltitudeMeters>0.0</AltitudeMeters>
            <HeartRateBpm>
              <Value>0</Value>
            </HeartRateBpm>
            <Cadence>90</Cadence>
            <DistanceMeters>26991.86636</DistanceMeters>
            <Extensions>
              <TPX xmlns="http://www.garmin.com/xmlschemas/ActivityExtension/v2">
                <Watts>153</Watts>
              </TPX>
            </Extensions>
          </Trackpoint>
          <Trackpoint>
            <Time>2010-10-19T21:30:33Z</Time>
            <AltitudeMeters>0.0</AltitudeMeters>
            <HeartRateBpm>
              <Value>0</Value>
            </HeartRateBpm>
            <Cadence>91</Cadence>
            <DistanceMeters>27018.30962</DistanceMeters>
            <Extensions>
              <TPX xmlns="http://www.garmin.com/xmlschemas/ActivityExtension/v2">
                <Watts>166</Watts>
              </TPX>
            </Extensions>
          </Trackpoint>
          <Trackpoint>
            <Time>2010-10-19T21:30:35Z</Time>
            <AltitudeMeters>0.0</AltitudeMeters>
            <HeartRateBpm>
              <Value>0</Value>
            </HeartRateBpm>
            <Cadence>91</Cadence>
            <DistanceMeters>27044.75608</DistanceMeters>
            <Extensions>
              <TPX xmlns="http://www.garmin.com/xmlschemas/ActivityExtension/v2">
                <Watts>151</Watts>
              </TPX>
            </Extensions>
          </Trackpoint>
          <Trackpoint>
            <Time>2010-10-19T21:30:37Z</Time>
            <AltitudeMeters>0.0</AltitudeMeters>
            <HeartRateBpm>
              <Value>0</Value>
            </HeartRateBpm>
            <Cadence>90</Cadence>
            <DistanceMeters>27071.33180</DistanceMeters>
            <Extensions>
              <TPX xmlns="http://www.garmin.com/xmlschemas/ActivityExtension/v2">
                <Watts>160</Watts>
              </TPX>
            </Extensions>
          </Trackpoint>
          <Trackpoint>
            <Time>2010-10-19T21:30:39Z</Time>
            <AltitudeMeters>0.0</AltitudeMeters>
            <HeartRateBpm>
              <Value>0</Value>
            </HeartRateBpm>
            <Cadence>90</Cadence>
            <DistanceMeters>27098.02337</DistanceMeters>
            <Extensions>
              <TPX xmlns="http://www.garmin.com/xmlschemas/ActivityExtension/v2">
                <Watts>161</Watts>
              </TPX>
            </Extensions>
          </Trackpoint>
          <Trackpoint>
            <Time>2010-10-19T21:30:41Z</Time>
            <AltitudeMeters>0.0</AltitudeMeters>
            <HeartRateBpm>
              <Value>0</Value>
            </HeartRateBpm>
            <Cadence>90</Cadence>
            <DistanceMeters>27124.79223</DistanceMeters>
            <Extensions>
              <TPX xmlns="http://www.garmin.com/xmlschemas/ActivityExtension/v2">
                <Watts>160</Watts>
              </TPX>
            </Extensions>
          </Trackpoint>
          <Trackpoint>
            <Time>2010-10-19T21:30:43Z</Time>
            <AltitudeMeters>0.0</AltitudeMeters>
            <HeartRateBpm>
              <Value>0</Value>
            </HeartRateBpm>
            <Cadence>89</Cadence>
            <DistanceMeters>27151.62199</DistanceMeters>
            <Extensions>
              <TPX xmlns="http://www.garmin.com/xmlschemas/ActivityExtension/v2">
                <Watts>160</Watts>
              </TPX>
            </Extensions>
          </Trackpoint>
          <Trackpoint>
            <Time>2010-10-19T21:30:45Z</Time>
            <AltitudeMeters>0.0</AltitudeMeters>
            <HeartRateBpm>
              <Value>0</Value>
            </HeartRateBpm>
            <Cadence>89</Cadence>
            <DistanceMeters>27178.47193</DistanceMeters>
            <Extensions>
              <TPX xmlns="http://www.garmin.com/xmlschemas/ActivityExtension/v2">
                <Watts>158</Watts>
              </TPX>
            </Extensions>
          </Trackpoint>
          <Trackpoint>
            <Time>2010-10-19T21:30:47Z</Time>
            <AltitudeMeters>0.0</AltitudeMeters>
            <HeartRateBpm>
              <Value>0</Value>
            </HeartRateBpm>
            <Cadence>90</Cadence>
            <DistanceMeters>27205.32390</DistanceMeters>
            <Extensions>
              <TPX xmlns="http://www.garmin.com/xmlschemas/ActivityExtension/v2">
                <Watts>157</Watts>
              </TPX>
            </Extensions>
          </Trackpoint>
          <Trackpoint>
            <Time>2010-10-19T21:30:49Z</Time>
            <AltitudeMeters>0.0</AltitudeMeters>
            <HeartRateBpm>
              <Value>0</Value>
            </HeartRateBpm>
            <Cadence>91</Cadence>
            <DistanceMeters>27232.26074</DistanceMeters>
            <Extensions>
              <TPX xmlns="http://www.garmin.com/xmlschemas/ActivityExtension/v2">
                <Watts>163</Watts>
              </TPX>
            </Extensions>
          </Trackpoint>
          <Trackpoint>
            <Time>2010-10-19T21:30:51Z</Time>
            <AltitudeMeters>0.0</AltitudeMeters>
            <HeartRateBpm>
              <Value>0</Value>
            </HeartRateBpm>
            <Cadence>92</Cadence>
            <DistanceMeters>27259.30580</DistanceMeters>
            <Extensions>
              <TPX xmlns="http://www.garmin.com/xmlschemas/ActivityExtension/v2">
                <Watts>166</Watts>
              </TPX>
            </Extensions>
          </Trackpoint>
          <Trackpoint>
            <Time>2010-10-19T21:30:53Z</Time>
            <AltitudeMeters>0.0</AltitudeMeters>
            <HeartRateBpm>
              <Value>0</Value>
            </HeartRateBpm>
            <Cadence>93</Cadence>
            <DistanceMeters>27286.44960</DistanceMeters>
            <Extensions>
              <TPX xmlns="http://www.garmin.com/xmlschemas/ActivityExtension/v2">
                <Watts>167</Watts>
              </TPX>
            </Extensions>
          </Trackpoint>
          <Trackpoint>
            <Time>2010-10-19T21:30:55Z</Time>
            <AltitudeMeters>0.0</AltitudeMeters>
            <HeartRateBpm>
              <Value>0</Value>
            </HeartRateBpm>
            <Cadence>94</Cadence>
            <DistanceMeters>27313.68463</DistanceMeters>
            <Extensions>
              <TPX xmlns="http://www.garmin.com/xmlschemas/ActivityExtension/v2">
                <Watts>168</Watts>
              </TPX>
            </Extensions>
          </Trackpoint>
          <Trackpoint>
            <Time>2010-10-19T21:30:57Z</Time>
            <AltitudeMeters>0.0</AltitudeMeters>
            <HeartRateBpm>
              <Value>0</Value>
            </HeartRateBpm>
            <Cadence>95</Cadence>
            <DistanceMeters>27341.01857</DistanceMeters>
            <Extensions>
              <TPX xmlns="http://www.garmin.com/xmlschemas/ActivityExtension/v2">
                <Watts>170</Watts>
              </TPX>
            </Extensions>
          </Trackpoint>
          <Trackpoint>
            <Time>2010-10-19T21:30:59Z</Time>
            <AltitudeMeters>0.0</AltitudeMeters>
            <HeartRateBpm>
              <Value>0</Value>
            </HeartRateBpm>
            <Cadence>97</Cadence>
            <DistanceMeters>27368.49802</DistanceMeters>
            <Extensions>
              <TPX xmlns="http://www.garmin.com/xmlschemas/ActivityExtension/v2">
                <Watts>175</Watts>
              </TPX>
            </Extensions>
          </Trackpoint>
          <Trackpoint>
            <Time>2010-10-19T21:31:01Z</Time>
            <AltitudeMeters>0.0</AltitudeMeters>
            <HeartRateBpm>
              <Value>0</Value>
            </HeartRateBpm>
            <Cadence>98</Cadence>
            <DistanceMeters>27396.11829</DistanceMeters>
            <Extensions>
              <TPX xmlns="http://www.garmin.com/xmlschemas/ActivityExtension/v2">
                <Watts>177</Watts>
              </TPX>
            </Extensions>
          </Trackpoint>
          <Trackpoint>
            <Time>2010-10-19T21:31:03Z</Time>
            <AltitudeMeters>0.0</AltitudeMeters>
            <HeartRateBpm>
              <Value>0</Value>
            </HeartRateBpm>
            <Cadence>97</Cadence>
            <DistanceMeters>27423.88888</DistanceMeters>
            <Extensions>
              <TPX xmlns="http://www.garmin.com/xmlschemas/ActivityExtension/v2">
                <Watts>180</Watts>
              </TPX>
            </Extensions>
          </Trackpoint>
          <Trackpoint>
            <Time>2010-10-19T21:31:05Z</Time>
            <AltitudeMeters>0.0</AltitudeMeters>
            <HeartRateBpm>
              <Value>0</Value>
            </HeartRateBpm>
            <Cadence>96</Cadence>
            <DistanceMeters>27451.73651</DistanceMeters>
            <Extensions>
              <TPX xmlns="http://www.garmin.com/xmlschemas/ActivityExtension/v2">
                <Watts>177</Watts>
              </TPX>
            </Extensions>
          </Trackpoint>
          <Trackpoint>
            <Time>2010-10-19T21:31:07Z</Time>
            <AltitudeMeters>0.0</AltitudeMeters>
            <HeartRateBpm>
              <Value>0</Value>
            </HeartRateBpm>
            <Cadence>95</Cadence>
            <DistanceMeters>27479.61751</DistanceMeters>
            <Extensions>
              <TPX xmlns="http://www.garmin.com/xmlschemas/ActivityExtension/v2">
                <Watts>175</Watts>
              </TPX>
            </Extensions>
          </Trackpoint>
          <Trackpoint>
            <Time>2010-10-19T21:31:09Z</Time>
            <AltitudeMeters>0.0</AltitudeMeters>
            <HeartRateBpm>
              <Value>0</Value>
            </HeartRateBpm>
            <Cadence>95</Cadence>
            <DistanceMeters>27507.51123</DistanceMeters>
            <Extensions>
              <TPX xmlns="http://www.garmin.com/xmlschemas/ActivityExtension/v2">
                <Watts>174</Watts>
              </TPX>
            </Extensions>
          </Trackpoint>
          <Trackpoint>
            <Time>2010-10-19T21:31:11Z</Time>
            <AltitudeMeters>0.0</AltitudeMeters>
            <HeartRateBpm>
              <Value>0</Value>
            </HeartRateBpm>
            <Cadence>96</Cadence>
            <DistanceMeters>27535.41488</DistanceMeters>
            <Extensions>
              <TPX xmlns="http://www.garmin.com/xmlschemas/ActivityExtension/v2">
                <Watts>174</Watts>
              </TPX>
            </Extensions>
          </Trackpoint>
          <Trackpoint>
            <Time>2010-10-19T21:31:13Z</Time>
            <AltitudeMeters>0.0</AltitudeMeters>
            <HeartRateBpm>
              <Value>0</Value>
            </HeartRateBpm>
            <Cadence>97</Cadence>
            <DistanceMeters>27563.36641</DistanceMeters>
            <Extensions>
              <TPX xmlns="http://www.garmin.com/xmlschemas/ActivityExtension/v2">
                <Watts>177</Watts>
              </TPX>
            </Extensions>
          </Trackpoint>
          <Trackpoint>
            <Time>2010-10-19T21:31:15Z</Time>
            <AltitudeMeters>0.0</AltitudeMeters>
            <HeartRateBpm>
              <Value>0</Value>
            </HeartRateBpm>
            <Cadence>95</Cadence>
            <DistanceMeters>27591.31526</DistanceMeters>
            <Extensions>
              <TPX xmlns="http://www.garmin.com/xmlschemas/ActivityExtension/v2">
                <Watts>174</Watts>
              </TPX>
            </Extensions>
          </Trackpoint>
          <Trackpoint>
            <Time>2010-10-19T21:31:17Z</Time>
            <AltitudeMeters>0.0</AltitudeMeters>
            <HeartRateBpm>
              <Value>0</Value>
            </HeartRateBpm>
            <Cadence>91</Cadence>
            <DistanceMeters>27619.12813</DistanceMeters>
            <Extensions>
              <TPX xmlns="http://www.garmin.com/xmlschemas/ActivityExtension/v2">
                <Watts>164</Watts>
              </TPX>
            </Extensions>
          </Trackpoint>
          <Trackpoint>
            <Time>2010-10-19T21:31:19Z</Time>
            <AltitudeMeters>0.0</AltitudeMeters>
            <HeartRateBpm>
              <Value>0</Value>
            </HeartRateBpm>
            <Cadence>93</Cadence>
            <DistanceMeters>27646.83415</DistanceMeters>
            <Extensions>
              <TPX xmlns="http://www.garmin.com/xmlschemas/ActivityExtension/v2">
                <Watts>164</Watts>
              </TPX>
            </Extensions>
          </Trackpoint>
          <Trackpoint>
            <Time>2010-10-19T21:31:21Z</Time>
            <AltitudeMeters>0.0</AltitudeMeters>
            <HeartRateBpm>
              <Value>0</Value>
            </HeartRateBpm>
            <Cadence>93</Cadence>
            <DistanceMeters>27674.49672</DistanceMeters>
            <Extensions>
              <TPX xmlns="http://www.garmin.com/xmlschemas/ActivityExtension/v2">
                <Watts>167</Watts>
              </TPX>
            </Extensions>
          </Trackpoint>
          <Trackpoint>
            <Time>2010-10-19T21:31:23Z</Time>
            <AltitudeMeters>0.0</AltitudeMeters>
            <HeartRateBpm>
              <Value>0</Value>
            </HeartRateBpm>
            <Cadence>94</Cadence>
            <DistanceMeters>27702.13871</DistanceMeters>
            <Extensions>
              <TPX xmlns="http://www.garmin.com/xmlschemas/ActivityExtension/v2">
                <Watts>168</Watts>
              </TPX>
            </Extensions>
          </Trackpoint>
          <Trackpoint>
            <Time>2010-10-19T21:31:25Z</Time>
            <AltitudeMeters>0.0</AltitudeMeters>
            <HeartRateBpm>
              <Value>0</Value>
            </HeartRateBpm>
            <Cadence>92</Cadence>
            <DistanceMeters>27729.72398</DistanceMeters>
            <Extensions>
              <TPX xmlns="http://www.garmin.com/xmlschemas/ActivityExtension/v2">
                <Watts>165</Watts>
              </TPX>
            </Extensions>
          </Trackpoint>
          <Trackpoint>
            <Time>2010-10-19T21:31:27Z</Time>
            <AltitudeMeters>0.0</AltitudeMeters>
            <HeartRateBpm>
              <Value>0</Value>
            </HeartRateBpm>
            <Cadence>92</Cadence>
            <DistanceMeters>27757.39991</DistanceMeters>
            <Extensions>
              <TPX xmlns="http://www.garmin.com/xmlschemas/ActivityExtension/v2">
                <Watts>175</Watts>
              </TPX>
            </Extensions>
          </Trackpoint>
          <Trackpoint>
            <Time>2010-10-19T21:31:29Z</Time>
            <AltitudeMeters>0.0</AltitudeMeters>
            <HeartRateBpm>
              <Value>0</Value>
            </HeartRateBpm>
            <Cadence>94</Cadence>
            <DistanceMeters>27784.99833</DistanceMeters>
            <Extensions>
              <TPX xmlns="http://www.garmin.com/xmlschemas/ActivityExtension/v2">
                <Watts>164</Watts>
              </TPX>
            </Extensions>
          </Trackpoint>
          <Trackpoint>
            <Time>2010-10-19T21:31:31Z</Time>
            <AltitudeMeters>0.0</AltitudeMeters>
            <HeartRateBpm>
              <Value>0</Value>
            </HeartRateBpm>
            <Cadence>92</Cadence>
            <DistanceMeters>27812.52226</DistanceMeters>
            <Extensions>
              <TPX xmlns="http://www.garmin.com/xmlschemas/ActivityExtension/v2">
                <Watts>163</Watts>
              </TPX>
            </Extensions>
          </Trackpoint>
          <Trackpoint>
            <Time>2010-10-19T21:31:33Z</Time>
            <AltitudeMeters>0.0</AltitudeMeters>
            <HeartRateBpm>
              <Value>0</Value>
            </HeartRateBpm>
            <Cadence>92</Cadence>
            <DistanceMeters>27840.05550</DistanceMeters>
            <Extensions>
              <TPX xmlns="http://www.garmin.com/xmlschemas/ActivityExtension/v2">
                <Watts>168</Watts>
              </TPX>
            </Extensions>
          </Trackpoint>
          <Trackpoint>
            <Time>2010-10-19T21:31:35Z</Time>
            <AltitudeMeters>0.0</AltitudeMeters>
            <HeartRateBpm>
              <Value>0</Value>
            </HeartRateBpm>
            <Cadence>91</Cadence>
            <DistanceMeters>27867.51459</DistanceMeters>
            <Extensions>
              <TPX xmlns="http://www.garmin.com/xmlschemas/ActivityExtension/v2">
                <Watts>162</Watts>
              </TPX>
            </Extensions>
          </Trackpoint>
          <Trackpoint>
            <Time>2010-10-19T21:31:37Z</Time>
            <AltitudeMeters>0.0</AltitudeMeters>
            <HeartRateBpm>
              <Value>0</Value>
            </HeartRateBpm>
            <Cadence>88</Cadence>
            <DistanceMeters>27894.90172</DistanceMeters>
            <Extensions>
              <TPX xmlns="http://www.garmin.com/xmlschemas/ActivityExtension/v2">
                <Watts>161</Watts>
              </TPX>
            </Extensions>
          </Trackpoint>
          <Trackpoint>
            <Time>2010-10-19T21:31:39Z</Time>
            <AltitudeMeters>0.0</AltitudeMeters>
            <HeartRateBpm>
              <Value>0</Value>
            </HeartRateBpm>
            <Cadence>88</Cadence>
            <DistanceMeters>27922.16381</DistanceMeters>
            <Extensions>
              <TPX xmlns="http://www.garmin.com/xmlschemas/ActivityExtension/v2">
                <Watts>156</Watts>
              </TPX>
            </Extensions>
          </Trackpoint>
          <Trackpoint>
            <Time>2010-10-19T21:31:41Z</Time>
            <AltitudeMeters>0.0</AltitudeMeters>
            <HeartRateBpm>
              <Value>0</Value>
            </HeartRateBpm>
            <Cadence>88</Cadence>
            <DistanceMeters>27949.28595</DistanceMeters>
            <Extensions>
              <TPX xmlns="http://www.garmin.com/xmlschemas/ActivityExtension/v2">
                <Watts>153</Watts>
              </TPX>
            </Extensions>
          </Trackpoint>
          <Trackpoint>
            <Time>2010-10-19T21:31:43Z</Time>
            <AltitudeMeters>0.0</AltitudeMeters>
            <HeartRateBpm>
              <Value>0</Value>
            </HeartRateBpm>
            <Cadence>92</Cadence>
            <DistanceMeters>27976.38026</DistanceMeters>
            <Extensions>
              <TPX xmlns="http://www.garmin.com/xmlschemas/ActivityExtension/v2">
                <Watts>159</Watts>
              </TPX>
            </Extensions>
          </Trackpoint>
          <Trackpoint>
            <Time>2010-10-19T21:31:45Z</Time>
            <AltitudeMeters>0.0</AltitudeMeters>
            <HeartRateBpm>
              <Value>0</Value>
            </HeartRateBpm>
            <Cadence>93</Cadence>
            <DistanceMeters>28003.48021</DistanceMeters>
            <Extensions>
              <TPX xmlns="http://www.garmin.com/xmlschemas/ActivityExtension/v2">
                <Watts>161</Watts>
              </TPX>
            </Extensions>
          </Trackpoint>
          <Trackpoint>
            <Time>2010-10-19T21:31:47Z</Time>
            <AltitudeMeters>0.0</AltitudeMeters>
            <HeartRateBpm>
              <Value>0</Value>
            </HeartRateBpm>
            <Cadence>93</Cadence>
            <DistanceMeters>28030.63962</DistanceMeters>
            <Extensions>
              <TPX xmlns="http://www.garmin.com/xmlschemas/ActivityExtension/v2">
                <Watts>165</Watts>
              </TPX>
            </Extensions>
          </Trackpoint>
          <Trackpoint>
            <Time>2010-10-19T21:31:49Z</Time>
            <AltitudeMeters>0.0</AltitudeMeters>
            <HeartRateBpm>
              <Value>0</Value>
            </HeartRateBpm>
            <Cadence>93</Cadence>
            <DistanceMeters>28057.84576</DistanceMeters>
            <Extensions>
              <TPX xmlns="http://www.garmin.com/xmlschemas/ActivityExtension/v2">
                <Watts>165</Watts>
              </TPX>
            </Extensions>
          </Trackpoint>
          <Trackpoint>
            <Time>2010-10-19T21:31:51Z</Time>
            <AltitudeMeters>0.0</AltitudeMeters>
            <HeartRateBpm>
              <Value>0</Value>
            </HeartRateBpm>
            <Cadence>91</Cadence>
            <DistanceMeters>28085.07491</DistanceMeters>
            <Extensions>
              <TPX xmlns="http://www.garmin.com/xmlschemas/ActivityExtension/v2">
                <Watts>164</Watts>
              </TPX>
            </Extensions>
          </Trackpoint>
          <Trackpoint>
            <Time>2010-10-19T21:31:53Z</Time>
            <AltitudeMeters>0.0</AltitudeMeters>
            <HeartRateBpm>
              <Value>0</Value>
            </HeartRateBpm>
            <Cadence>91</Cadence>
            <DistanceMeters>28112.26729</DistanceMeters>
            <Extensions>
              <TPX xmlns="http://www.garmin.com/xmlschemas/ActivityExtension/v2">
                <Watts>160</Watts>
              </TPX>
            </Extensions>
          </Trackpoint>
          <Trackpoint>
            <Time>2010-10-19T21:31:55Z</Time>
            <AltitudeMeters>0.0</AltitudeMeters>
            <HeartRateBpm>
              <Value>0</Value>
            </HeartRateBpm>
            <Cadence>90</Cadence>
            <DistanceMeters>28139.41696</DistanceMeters>
            <Extensions>
              <TPX xmlns="http://www.garmin.com/xmlschemas/ActivityExtension/v2">
                <Watts>159</Watts>
              </TPX>
            </Extensions>
          </Trackpoint>
          <Trackpoint>
            <Time>2010-10-19T21:31:57Z</Time>
            <AltitudeMeters>0.0</AltitudeMeters>
            <HeartRateBpm>
              <Value>0</Value>
            </HeartRateBpm>
            <Cadence>92</Cadence>
            <DistanceMeters>28166.57424</DistanceMeters>
            <Extensions>
              <TPX xmlns="http://www.garmin.com/xmlschemas/ActivityExtension/v2">
                <Watts>162</Watts>
              </TPX>
            </Extensions>
          </Trackpoint>
          <Trackpoint>
            <Time>2010-10-19T21:31:59Z</Time>
            <AltitudeMeters>0.0</AltitudeMeters>
            <HeartRateBpm>
              <Value>0</Value>
            </HeartRateBpm>
            <Cadence>91</Cadence>
            <DistanceMeters>28193.62734</DistanceMeters>
            <Extensions>
              <TPX xmlns="http://www.garmin.com/xmlschemas/ActivityExtension/v2">
                <Watts>154</Watts>
              </TPX>
            </Extensions>
          </Trackpoint>
          <Trackpoint>
            <Time>2010-10-19T21:32:01Z</Time>
            <AltitudeMeters>0.0</AltitudeMeters>
            <HeartRateBpm>
              <Value>0</Value>
            </HeartRateBpm>
            <Cadence>92</Cadence>
            <DistanceMeters>28220.74993</DistanceMeters>
            <Extensions>
              <TPX xmlns="http://www.garmin.com/xmlschemas/ActivityExtension/v2">
                <Watts>165</Watts>
              </TPX>
            </Extensions>
          </Trackpoint>
          <Trackpoint>
            <Time>2010-10-19T21:32:03Z</Time>
            <AltitudeMeters>0.0</AltitudeMeters>
            <HeartRateBpm>
              <Value>0</Value>
            </HeartRateBpm>
            <Cadence>94</Cadence>
            <DistanceMeters>28247.91341</DistanceMeters>
            <Extensions>
              <TPX xmlns="http://www.garmin.com/xmlschemas/ActivityExtension/v2">
                <Watts>164</Watts>
              </TPX>
            </Extensions>
          </Trackpoint>
          <Trackpoint>
            <Time>2010-10-19T21:32:05Z</Time>
            <AltitudeMeters>0.0</AltitudeMeters>
            <HeartRateBpm>
              <Value>0</Value>
            </HeartRateBpm>
            <Cadence>88</Cadence>
            <DistanceMeters>28274.98519</DistanceMeters>
            <Extensions>
              <TPX xmlns="http://www.garmin.com/xmlschemas/ActivityExtension/v2">
                <Watts>155</Watts>
              </TPX>
            </Extensions>
          </Trackpoint>
          <Trackpoint>
            <Time>2010-10-19T21:32:07Z</Time>
            <AltitudeMeters>0.0</AltitudeMeters>
            <HeartRateBpm>
              <Value>0</Value>
            </HeartRateBpm>
            <Cadence>88</Cadence>
            <DistanceMeters>28301.90147</DistanceMeters>
            <Extensions>
              <TPX xmlns="http://www.garmin.com/xmlschemas/ActivityExtension/v2">
                <Watts>149</Watts>
              </TPX>
            </Extensions>
          </Trackpoint>
          <Trackpoint>
            <Time>2010-10-19T21:32:09Z</Time>
            <AltitudeMeters>0.0</AltitudeMeters>
            <HeartRateBpm>
              <Value>0</Value>
            </HeartRateBpm>
            <Cadence>88</Cadence>
            <DistanceMeters>28328.70848</DistanceMeters>
            <Extensions>
              <TPX xmlns="http://www.garmin.com/xmlschemas/ActivityExtension/v2">
                <Watts>150</Watts>
              </TPX>
            </Extensions>
          </Trackpoint>
          <Trackpoint>
            <Time>2010-10-19T21:32:11Z</Time>
            <AltitudeMeters>0.0</AltitudeMeters>
            <HeartRateBpm>
              <Value>0</Value>
            </HeartRateBpm>
            <Cadence>91</Cadence>
            <DistanceMeters>28355.56828</DistanceMeters>
            <Extensions>
              <TPX xmlns="http://www.garmin.com/xmlschemas/ActivityExtension/v2">
                <Watts>160</Watts>
              </TPX>
            </Extensions>
          </Trackpoint>
          <Trackpoint>
            <Time>2010-10-19T21:32:13Z</Time>
            <AltitudeMeters>0.0</AltitudeMeters>
            <HeartRateBpm>
              <Value>0</Value>
            </HeartRateBpm>
            <Cadence>90</Cadence>
            <DistanceMeters>28382.45582</DistanceMeters>
            <Extensions>
              <TPX xmlns="http://www.garmin.com/xmlschemas/ActivityExtension/v2">
                <Watts>159</Watts>
              </TPX>
            </Extensions>
          </Trackpoint>
          <Trackpoint>
            <Time>2010-10-19T21:32:15Z</Time>
            <AltitudeMeters>0.0</AltitudeMeters>
            <HeartRateBpm>
              <Value>0</Value>
            </HeartRateBpm>
            <Cadence>90</Cadence>
            <DistanceMeters>28409.35133</DistanceMeters>
            <Extensions>
              <TPX xmlns="http://www.garmin.com/xmlschemas/ActivityExtension/v2">
                <Watts>158</Watts>
              </TPX>
            </Extensions>
          </Trackpoint>
          <Trackpoint>
            <Time>2010-10-19T21:32:17Z</Time>
            <AltitudeMeters>0.0</AltitudeMeters>
            <HeartRateBpm>
              <Value>0</Value>
            </HeartRateBpm>
            <Cadence>88</Cadence>
            <DistanceMeters>28436.22537</DistanceMeters>
            <Extensions>
              <TPX xmlns="http://www.garmin.com/xmlschemas/ActivityExtension/v2">
                <Watts>156</Watts>
              </TPX>
            </Extensions>
          </Trackpoint>
          <Trackpoint>
            <Time>2010-10-19T21:32:19Z</Time>
            <AltitudeMeters>0.0</AltitudeMeters>
            <HeartRateBpm>
              <Value>0</Value>
            </HeartRateBpm>
            <Cadence>88</Cadence>
            <DistanceMeters>28463.06854</DistanceMeters>
            <Extensions>
              <TPX xmlns="http://www.garmin.com/xmlschemas/ActivityExtension/v2">
                <Watts>155</Watts>
              </TPX>
            </Extensions>
          </Trackpoint>
          <Trackpoint>
            <Time>2010-10-19T21:32:21Z</Time>
            <AltitudeMeters>0.0</AltitudeMeters>
            <HeartRateBpm>
              <Value>0</Value>
            </HeartRateBpm>
            <Cadence>88</Cadence>
            <DistanceMeters>28489.81765</DistanceMeters>
            <Extensions>
              <TPX xmlns="http://www.garmin.com/xmlschemas/ActivityExtension/v2">
                <Watts>150</Watts>
              </TPX>
            </Extensions>
          </Trackpoint>
          <Trackpoint>
            <Time>2010-10-19T21:32:23Z</Time>
            <AltitudeMeters>0.0</AltitudeMeters>
            <HeartRateBpm>
              <Value>0</Value>
            </HeartRateBpm>
            <Cadence>90</Cadence>
            <DistanceMeters>28516.57610</DistanceMeters>
            <Extensions>
              <TPX xmlns="http://www.garmin.com/xmlschemas/ActivityExtension/v2">
                <Watts>156</Watts>
              </TPX>
            </Extensions>
          </Trackpoint>
          <Trackpoint>
            <Time>2010-10-19T21:32:25Z</Time>
            <AltitudeMeters>0.0</AltitudeMeters>
            <HeartRateBpm>
              <Value>0</Value>
            </HeartRateBpm>
            <Cadence>89</Cadence>
            <DistanceMeters>28543.32797</DistanceMeters>
            <Extensions>
              <TPX xmlns="http://www.garmin.com/xmlschemas/ActivityExtension/v2">
                <Watts>155</Watts>
              </TPX>
            </Extensions>
          </Trackpoint>
          <Trackpoint>
            <Time>2010-10-19T21:32:27Z</Time>
            <AltitudeMeters>0.0</AltitudeMeters>
            <HeartRateBpm>
              <Value>0</Value>
            </HeartRateBpm>
            <Cadence>86</Cadence>
            <DistanceMeters>28570.04671</DistanceMeters>
            <Extensions>
              <TPX xmlns="http://www.garmin.com/xmlschemas/ActivityExtension/v2">
                <Watts>153</Watts>
              </TPX>
            </Extensions>
          </Trackpoint>
          <Trackpoint>
            <Time>2010-10-19T21:32:29Z</Time>
            <AltitudeMeters>0.0</AltitudeMeters>
            <HeartRateBpm>
              <Value>0</Value>
            </HeartRateBpm>
            <Cadence>86</Cadence>
            <DistanceMeters>28596.61309</DistanceMeters>
            <Extensions>
              <TPX xmlns="http://www.garmin.com/xmlschemas/ActivityExtension/v2">
                <Watts>144</Watts>
              </TPX>
            </Extensions>
          </Trackpoint>
          <Trackpoint>
            <Time>2010-10-19T21:32:31Z</Time>
            <AltitudeMeters>0.0</AltitudeMeters>
            <HeartRateBpm>
              <Value>0</Value>
            </HeartRateBpm>
            <Cadence>86</Cadence>
            <DistanceMeters>28623.05839</DistanceMeters>
            <Extensions>
              <TPX xmlns="http://www.garmin.com/xmlschemas/ActivityExtension/v2">
                <Watts>144</Watts>
              </TPX>
            </Extensions>
          </Trackpoint>
          <Trackpoint>
            <Time>2010-10-19T21:32:33Z</Time>
            <AltitudeMeters>0.0</AltitudeMeters>
            <HeartRateBpm>
              <Value>0</Value>
            </HeartRateBpm>
            <Cadence>85</Cadence>
            <DistanceMeters>28654.42669</DistanceMeters>
            <Extensions>
              <TPX xmlns="http://www.garmin.com/xmlschemas/ActivityExtension/v2">
                <Watts>532</Watts>
              </TPX>
            </Extensions>
          </Trackpoint>
          <Trackpoint>
            <Time>2010-10-19T21:32:35Z</Time>
            <AltitudeMeters>0.0</AltitudeMeters>
            <HeartRateBpm>
              <Value>0</Value>
            </HeartRateBpm>
            <Cadence>82</Cadence>
            <DistanceMeters>28689.13300</DistanceMeters>
            <Extensions>
              <TPX xmlns="http://www.garmin.com/xmlschemas/ActivityExtension/v2">
                <Watts>532</Watts>
              </TPX>
            </Extensions>
          </Trackpoint>
          <Trackpoint>
            <Time>2010-10-19T21:32:37Z</Time>
            <AltitudeMeters>0.0</AltitudeMeters>
            <HeartRateBpm>
              <Value>0</Value>
            </HeartRateBpm>
            <Cadence>51</Cadence>
            <DistanceMeters>28722.98693</DistanceMeters>
            <Extensions>
              <TPX xmlns="http://www.garmin.com/xmlschemas/ActivityExtension/v2">
                <Watts>233</Watts>
              </TPX>
            </Extensions>
          </Trackpoint>
          <Trackpoint>
            <Time>2010-10-19T21:32:39Z</Time>
            <AltitudeMeters>0.0</AltitudeMeters>
            <HeartRateBpm>
              <Value>0</Value>
            </HeartRateBpm>
            <Cadence>56</Cadence>
            <DistanceMeters>28754.39443</DistanceMeters>
            <Extensions>
              <TPX xmlns="http://www.garmin.com/xmlschemas/ActivityExtension/v2">
                <Watts>77</Watts>
              </TPX>
            </Extensions>
          </Trackpoint>
          <Trackpoint>
            <Time>2010-10-19T21:32:41Z</Time>
            <AltitudeMeters>0.0</AltitudeMeters>
            <HeartRateBpm>
              <Value>0</Value>
            </HeartRateBpm>
            <Cadence>43</Cadence>
            <DistanceMeters>28783.42513</DistanceMeters>
            <Extensions>
              <TPX xmlns="http://www.garmin.com/xmlschemas/ActivityExtension/v2">
                <Watts>45</Watts>
              </TPX>
            </Extensions>
          </Trackpoint>
          <Trackpoint>
            <Time>2010-10-19T21:32:43Z</Time>
            <AltitudeMeters>0.0</AltitudeMeters>
            <HeartRateBpm>
              <Value>0</Value>
            </HeartRateBpm>
            <Cadence>25</Cadence>
            <DistanceMeters>28810.28544</DistanceMeters>
            <Extensions>
              <TPX xmlns="http://www.garmin.com/xmlschemas/ActivityExtension/v2">
                <Watts>30</Watts>
              </TPX>
            </Extensions>
          </Trackpoint>
          <Trackpoint>
            <Time>2010-10-19T21:32:45Z</Time>
            <AltitudeMeters>0.0</AltitudeMeters>
            <HeartRateBpm>
              <Value>0</Value>
            </HeartRateBpm>
            <Cadence>25</Cadence>
            <DistanceMeters>28835.09359</DistanceMeters>
            <Extensions>
              <TPX xmlns="http://www.garmin.com/xmlschemas/ActivityExtension/v2">
                <Watts>15</Watts>
              </TPX>
            </Extensions>
          </Trackpoint>
          <Trackpoint>
            <Time>2010-10-19T21:32:47Z</Time>
            <AltitudeMeters>0.0</AltitudeMeters>
            <HeartRateBpm>
              <Value>0</Value>
            </HeartRateBpm>
            <Cadence>52</Cadence>
            <DistanceMeters>28858.13850</DistanceMeters>
            <Extensions>
              <TPX xmlns="http://www.garmin.com/xmlschemas/ActivityExtension/v2">
                <Watts>15</Watts>
              </TPX>
            </Extensions>
          </Trackpoint>
          <Trackpoint>
            <Time>2010-10-19T21:32:49Z</Time>
            <AltitudeMeters>0.0</AltitudeMeters>
            <HeartRateBpm>
              <Value>0</Value>
            </HeartRateBpm>
            <Cadence>48</Cadence>
            <DistanceMeters>28880.50371</DistanceMeters>
            <Extensions>
              <TPX xmlns="http://www.garmin.com/xmlschemas/ActivityExtension/v2">
                <Watts>65</Watts>
              </TPX>
            </Extensions>
          </Trackpoint>
          <Trackpoint>
            <Time>2010-10-19T21:32:51Z</Time>
            <AltitudeMeters>0.0</AltitudeMeters>
            <HeartRateBpm>
              <Value>0</Value>
            </HeartRateBpm>
            <Cadence>50</Cadence>
            <DistanceMeters>28902.07466</DistanceMeters>
            <Extensions>
              <TPX xmlns="http://www.garmin.com/xmlschemas/ActivityExtension/v2">
                <Watts>52</Watts>
              </TPX>
            </Extensions>
          </Trackpoint>
          <Trackpoint>
            <Time>2010-10-19T21:32:53Z</Time>
            <AltitudeMeters>0.0</AltitudeMeters>
            <HeartRateBpm>
              <Value>0</Value>
            </HeartRateBpm>
            <Cadence>52</Cadence>
            <DistanceMeters>28923.13126</DistanceMeters>
            <Extensions>
              <TPX xmlns="http://www.garmin.com/xmlschemas/ActivityExtension/v2">
                <Watts>61</Watts>
              </TPX>
            </Extensions>
          </Trackpoint>
          <Trackpoint>
            <Time>2010-10-19T21:32:55Z</Time>
            <AltitudeMeters>0.0</AltitudeMeters>
            <HeartRateBpm>
              <Value>0</Value>
            </HeartRateBpm>
            <Cadence>54</Cadence>
            <DistanceMeters>28943.80812</DistanceMeters>
            <Extensions>
              <TPX xmlns="http://www.garmin.com/xmlschemas/ActivityExtension/v2">
                <Watts>64</Watts>
              </TPX>
            </Extensions>
          </Trackpoint>
          <Trackpoint>
            <Time>2010-10-19T21:32:57Z</Time>
            <AltitudeMeters>0.0</AltitudeMeters>
            <HeartRateBpm>
              <Value>0</Value>
            </HeartRateBpm>
            <Cadence>53</Cadence>
            <DistanceMeters>28964.25676</DistanceMeters>
            <Extensions>
              <TPX xmlns="http://www.garmin.com/xmlschemas/ActivityExtension/v2">
                <Watts>69</Watts>
              </TPX>
            </Extensions>
          </Trackpoint>
          <Trackpoint>
            <Time>2010-10-19T21:32:59Z</Time>
            <AltitudeMeters>0.0</AltitudeMeters>
            <HeartRateBpm>
              <Value>0</Value>
            </HeartRateBpm>
            <Cadence>52</Cadence>
            <DistanceMeters>28984.47723</DistanceMeters>
            <Extensions>
              <TPX xmlns="http://www.garmin.com/xmlschemas/ActivityExtension/v2">
                <Watts>67</Watts>
              </TPX>
            </Extensions>
          </Trackpoint>
          <Trackpoint>
            <Time>2010-10-19T21:33:01Z</Time>
            <AltitudeMeters>0.0</AltitudeMeters>
            <HeartRateBpm>
              <Value>0</Value>
            </HeartRateBpm>
            <Cadence>51</Cadence>
            <DistanceMeters>29004.46877</DistanceMeters>
            <Extensions>
              <TPX xmlns="http://www.garmin.com/xmlschemas/ActivityExtension/v2">
                <Watts>65</Watts>
              </TPX>
            </Extensions>
          </Trackpoint>
          <Trackpoint>
            <Time>2010-10-19T21:33:03Z</Time>
            <AltitudeMeters>0.0</AltitudeMeters>
            <HeartRateBpm>
              <Value>0</Value>
            </HeartRateBpm>
            <Cadence>53</Cadence>
            <DistanceMeters>29024.21107</DistanceMeters>
            <Extensions>
              <TPX xmlns="http://www.garmin.com/xmlschemas/ActivityExtension/v2">
                <Watts>62</Watts>
              </TPX>
            </Extensions>
          </Trackpoint>
          <Trackpoint>
            <Time>2010-10-19T21:33:05Z</Time>
            <AltitudeMeters>0.0</AltitudeMeters>
            <HeartRateBpm>
              <Value>0</Value>
            </HeartRateBpm>
            <Cadence>55</Cadence>
            <DistanceMeters>29043.97111</DistanceMeters>
            <Extensions>
              <TPX xmlns="http://www.garmin.com/xmlschemas/ActivityExtension/v2">
                <Watts>74</Watts>
              </TPX>
            </Extensions>
          </Trackpoint>
          <Trackpoint>
            <Time>2010-10-19T21:33:07Z</Time>
            <AltitudeMeters>0.0</AltitudeMeters>
            <HeartRateBpm>
              <Value>0</Value>
            </HeartRateBpm>
            <Cadence>54</Cadence>
            <DistanceMeters>29063.67028</DistanceMeters>
            <Extensions>
              <TPX xmlns="http://www.garmin.com/xmlschemas/ActivityExtension/v2">
                <Watts>70</Watts>
              </TPX>
            </Extensions>
          </Trackpoint>
          <Trackpoint>
            <Time>2010-10-19T21:33:09Z</Time>
            <AltitudeMeters>0.0</AltitudeMeters>
            <HeartRateBpm>
              <Value>0</Value>
            </HeartRateBpm>
            <Cadence>55</Cadence>
            <DistanceMeters>29083.31849</DistanceMeters>
            <Extensions>
              <TPX xmlns="http://www.garmin.com/xmlschemas/ActivityExtension/v2">
                <Watts>70</Watts>
              </TPX>
            </Extensions>
          </Trackpoint>
          <Trackpoint>
            <Time>2010-10-19T21:33:11Z</Time>
            <AltitudeMeters>0.0</AltitudeMeters>
            <HeartRateBpm>
              <Value>0</Value>
            </HeartRateBpm>
            <Cadence>59</Cadence>
            <DistanceMeters>29102.98109</DistanceMeters>
            <Extensions>
              <TPX xmlns="http://www.garmin.com/xmlschemas/ActivityExtension/v2">
                <Watts>73</Watts>
              </TPX>
            </Extensions>
          </Trackpoint>
          <Trackpoint>
            <Time>2010-10-19T21:33:13Z</Time>
            <AltitudeMeters>0.0</AltitudeMeters>
            <HeartRateBpm>
              <Value>0</Value>
            </HeartRateBpm>
            <Cadence>59</Cadence>
            <DistanceMeters>29122.82574</DistanceMeters>
            <Extensions>
              <TPX xmlns="http://www.garmin.com/xmlschemas/ActivityExtension/v2">
                <Watts>82</Watts>
              </TPX>
            </Extensions>
          </Trackpoint>
          <Trackpoint>
            <Time>2010-10-19T21:33:15Z</Time>
            <AltitudeMeters>0.0</AltitudeMeters>
            <HeartRateBpm>
              <Value>0</Value>
            </HeartRateBpm>
            <Cadence>58</Cadence>
            <DistanceMeters>29142.80239</DistanceMeters>
            <Extensions>
              <TPX xmlns="http://www.garmin.com/xmlschemas/ActivityExtension/v2">
                <Watts>81</Watts>
              </TPX>
            </Extensions>
          </Trackpoint>
          <Trackpoint>
            <Time>2010-10-19T21:33:17Z</Time>
            <AltitudeMeters>0.0</AltitudeMeters>
            <HeartRateBpm>
              <Value>0</Value>
            </HeartRateBpm>
            <Cadence>59</Cadence>
            <DistanceMeters>29162.86982</DistanceMeters>
            <Extensions>
              <TPX xmlns="http://www.garmin.com/xmlschemas/ActivityExtension/v2">
                <Watts>80</Watts>
              </TPX>
            </Extensions>
          </Trackpoint>
          <Trackpoint>
            <Time>2010-10-19T21:33:19Z</Time>
            <AltitudeMeters>0.0</AltitudeMeters>
            <HeartRateBpm>
              <Value>0</Value>
            </HeartRateBpm>
            <Cadence>60</Cadence>
            <DistanceMeters>29183.01256</DistanceMeters>
            <Extensions>
              <TPX xmlns="http://www.garmin.com/xmlschemas/ActivityExtension/v2">
                <Watts>80</Watts>
              </TPX>
            </Extensions>
          </Trackpoint>
          <Trackpoint>
            <Time>2010-10-19T21:33:21Z</Time>
            <AltitudeMeters>0.0</AltitudeMeters>
            <HeartRateBpm>
              <Value>0</Value>
            </HeartRateBpm>
            <Cadence>56</Cadence>
            <DistanceMeters>29203.18079</DistanceMeters>
            <Extensions>
              <TPX xmlns="http://www.garmin.com/xmlschemas/ActivityExtension/v2">
                <Watts>78</Watts>
              </TPX>
            </Extensions>
          </Trackpoint>
          <Trackpoint>
            <Time>2010-10-19T21:33:23Z</Time>
            <AltitudeMeters>0.0</AltitudeMeters>
            <HeartRateBpm>
              <Value>0</Value>
            </HeartRateBpm>
            <Cadence>56</Cadence>
            <DistanceMeters>29223.29612</DistanceMeters>
            <Extensions>
              <TPX xmlns="http://www.garmin.com/xmlschemas/ActivityExtension/v2">
                <Watts>74</Watts>
              </TPX>
            </Extensions>
          </Trackpoint>
          <Trackpoint>
            <Time>2010-10-19T21:33:25Z</Time>
            <AltitudeMeters>0.0</AltitudeMeters>
            <HeartRateBpm>
              <Value>0</Value>
            </HeartRateBpm>
            <Cadence>57</Cadence>
            <DistanceMeters>29243.36731</DistanceMeters>
            <Extensions>
              <TPX xmlns="http://www.garmin.com/xmlschemas/ActivityExtension/v2">
                <Watts>74</Watts>
              </TPX>
            </Extensions>
          </Trackpoint>
          <Trackpoint>
            <Time>2010-10-19T21:33:27Z</Time>
            <AltitudeMeters>0.0</AltitudeMeters>
            <HeartRateBpm>
              <Value>0</Value>
            </HeartRateBpm>
            <Cadence>56</Cadence>
            <DistanceMeters>29263.43891</DistanceMeters>
            <Extensions>
              <TPX xmlns="http://www.garmin.com/xmlschemas/ActivityExtension/v2">
                <Watts>76</Watts>
              </TPX>
            </Extensions>
          </Trackpoint>
          <Trackpoint>
            <Time>2010-10-19T21:33:29Z</Time>
            <AltitudeMeters>0.0</AltitudeMeters>
            <HeartRateBpm>
              <Value>0</Value>
            </HeartRateBpm>
            <Cadence>55</Cadence>
            <DistanceMeters>29283.47362</DistanceMeters>
            <Extensions>
              <TPX xmlns="http://www.garmin.com/xmlschemas/ActivityExtension/v2">
                <Watts>74</Watts>
              </TPX>
            </Extensions>
          </Trackpoint>
          <Trackpoint>
            <Time>2010-10-19T21:33:31Z</Time>
            <AltitudeMeters>0.0</AltitudeMeters>
            <HeartRateBpm>
              <Value>0</Value>
            </HeartRateBpm>
            <Cadence>55</Cadence>
            <DistanceMeters>29303.44019</DistanceMeters>
            <Extensions>
              <TPX xmlns="http://www.garmin.com/xmlschemas/ActivityExtension/v2">
                <Watts>72</Watts>
              </TPX>
            </Extensions>
          </Trackpoint>
          <Trackpoint>
            <Time>2010-10-19T21:33:33Z</Time>
            <AltitudeMeters>0.0</AltitudeMeters>
            <HeartRateBpm>
              <Value>0</Value>
            </HeartRateBpm>
            <Cadence>57</Cadence>
            <DistanceMeters>29323.34983</DistanceMeters>
            <Extensions>
              <TPX xmlns="http://www.garmin.com/xmlschemas/ActivityExtension/v2">
                <Watts>72</Watts>
              </TPX>
            </Extensions>
          </Trackpoint>
          <Trackpoint>
            <Time>2010-10-19T21:33:35Z</Time>
            <AltitudeMeters>0.0</AltitudeMeters>
            <HeartRateBpm>
              <Value>0</Value>
            </HeartRateBpm>
            <Cadence>58</Cadence>
            <DistanceMeters>29343.26818</DistanceMeters>
            <Extensions>
              <TPX xmlns="http://www.garmin.com/xmlschemas/ActivityExtension/v2">
                <Watts>75</Watts>
              </TPX>
            </Extensions>
          </Trackpoint>
          <Trackpoint>
            <Time>2010-10-19T21:33:37Z</Time>
            <AltitudeMeters>0.0</AltitudeMeters>
            <HeartRateBpm>
              <Value>0</Value>
            </HeartRateBpm>
            <Cadence>58</Cadence>
            <DistanceMeters>29363.24992</DistanceMeters>
            <Extensions>
              <TPX xmlns="http://www.garmin.com/xmlschemas/ActivityExtension/v2">
                <Watts>78</Watts>
              </TPX>
            </Extensions>
          </Trackpoint>
          <Trackpoint>
            <Time>2010-10-19T21:33:39Z</Time>
            <AltitudeMeters>0.0</AltitudeMeters>
            <HeartRateBpm>
              <Value>0</Value>
            </HeartRateBpm>
            <Cadence>57</Cadence>
            <DistanceMeters>29383.22837</DistanceMeters>
            <Extensions>
              <TPX xmlns="http://www.garmin.com/xmlschemas/ActivityExtension/v2">
                <Watts>75</Watts>
              </TPX>
            </Extensions>
          </Trackpoint>
          <Trackpoint>
            <Time>2010-10-19T21:33:41Z</Time>
            <AltitudeMeters>0.0</AltitudeMeters>
            <HeartRateBpm>
              <Value>0</Value>
            </HeartRateBpm>
            <Cadence>58</Cadence>
            <DistanceMeters>29402.92174</DistanceMeters>
            <Extensions>
              <TPX xmlns="http://www.garmin.com/xmlschemas/ActivityExtension/v2">
                <Watts>60</Watts>
              </TPX>
            </Extensions>
          </Trackpoint>
          <Trackpoint>
            <Time>2010-10-19T21:33:43Z</Time>
            <AltitudeMeters>0.0</AltitudeMeters>
            <HeartRateBpm>
              <Value>0</Value>
            </HeartRateBpm>
            <Cadence>60</Cadence>
            <DistanceMeters>29422.41247</DistanceMeters>
            <Extensions>
              <TPX xmlns="http://www.garmin.com/xmlschemas/ActivityExtension/v2">
                <Watts>62</Watts>
              </TPX>
            </Extensions>
          </Trackpoint>
          <Trackpoint>
            <Time>2010-10-19T21:33:45Z</Time>
            <AltitudeMeters>0.0</AltitudeMeters>
            <HeartRateBpm>
              <Value>0</Value>
            </HeartRateBpm>
            <Cadence>61</Cadence>
            <DistanceMeters>29441.77085</DistanceMeters>
            <Extensions>
              <TPX xmlns="http://www.garmin.com/xmlschemas/ActivityExtension/v2">
                <Watts>64</Watts>
              </TPX>
            </Extensions>
          </Trackpoint>
          <Trackpoint>
            <Time>2010-10-19T21:33:47Z</Time>
            <AltitudeMeters>0.0</AltitudeMeters>
            <HeartRateBpm>
              <Value>0</Value>
            </HeartRateBpm>
            <Cadence>57</Cadence>
            <DistanceMeters>29461.03717</DistanceMeters>
            <Extensions>
              <TPX xmlns="http://www.garmin.com/xmlschemas/ActivityExtension/v2">
                <Watts>65</Watts>
              </TPX>
            </Extensions>
          </Trackpoint>
          <Trackpoint>
            <Time>2010-10-19T21:33:49Z</Time>
            <AltitudeMeters>0.0</AltitudeMeters>
            <HeartRateBpm>
              <Value>0</Value>
            </HeartRateBpm>
            <Cadence>57</Cadence>
            <DistanceMeters>29480.10899</DistanceMeters>
            <Extensions>
              <TPX xmlns="http://www.garmin.com/xmlschemas/ActivityExtension/v2">
                <Watts>59</Watts>
              </TPX>
            </Extensions>
          </Trackpoint>
          <Trackpoint>
            <Time>2010-10-19T21:33:51Z</Time>
            <AltitudeMeters>0.0</AltitudeMeters>
            <HeartRateBpm>
              <Value>0</Value>
            </HeartRateBpm>
            <Cadence>56</Cadence>
            <DistanceMeters>29498.99649</DistanceMeters>
            <Extensions>
              <TPX xmlns="http://www.garmin.com/xmlschemas/ActivityExtension/v2">
                <Watts>58</Watts>
              </TPX>
            </Extensions>
          </Trackpoint>
          <Trackpoint>
            <Time>2010-10-19T21:33:53Z</Time>
            <AltitudeMeters>0.0</AltitudeMeters>
            <HeartRateBpm>
              <Value>0</Value>
            </HeartRateBpm>
            <Cadence>55</Cadence>
            <DistanceMeters>29517.70793</DistanceMeters>
            <Extensions>
              <TPX xmlns="http://www.garmin.com/xmlschemas/ActivityExtension/v2">
                <Watts>57</Watts>
              </TPX>
            </Extensions>
          </Trackpoint>
          <Trackpoint>
            <Time>2010-10-19T21:33:55Z</Time>
            <AltitudeMeters>0.0</AltitudeMeters>
            <HeartRateBpm>
              <Value>0</Value>
            </HeartRateBpm>
            <Cadence>54</Cadence>
            <DistanceMeters>29536.22985</DistanceMeters>
            <Extensions>
              <TPX xmlns="http://www.garmin.com/xmlschemas/ActivityExtension/v2">
                <Watts>55</Watts>
              </TPX>
            </Extensions>
          </Trackpoint>
          <Trackpoint>
            <Time>2010-10-19T21:33:57Z</Time>
            <AltitudeMeters>0.0</AltitudeMeters>
            <HeartRateBpm>
              <Value>0</Value>
            </HeartRateBpm>
            <Cadence>52</Cadence>
            <DistanceMeters>29554.52968</DistanceMeters>
            <Extensions>
              <TPX xmlns="http://www.garmin.com/xmlschemas/ActivityExtension/v2">
                <Watts>52</Watts>
              </TPX>
            </Extensions>
          </Trackpoint>
          <Trackpoint>
            <Time>2010-10-19T21:33:59Z</Time>
            <AltitudeMeters>0.0</AltitudeMeters>
            <HeartRateBpm>
              <Value>0</Value>
            </HeartRateBpm>
            <Cadence>51</Cadence>
            <DistanceMeters>29572.59895</DistanceMeters>
            <Extensions>
              <TPX xmlns="http://www.garmin.com/xmlschemas/ActivityExtension/v2">
                <Watts>50</Watts>
              </TPX>
            </Extensions>
          </Trackpoint>
          <Trackpoint>
            <Time>2010-10-19T21:34:01Z</Time>
            <AltitudeMeters>0.0</AltitudeMeters>
            <HeartRateBpm>
              <Value>0</Value>
            </HeartRateBpm>
            <Cadence>59</Cadence>
            <DistanceMeters>29590.74080</DistanceMeters>
            <Extensions>
              <TPX xmlns="http://www.garmin.com/xmlschemas/ActivityExtension/v2">
                <Watts>63</Watts>
              </TPX>
            </Extensions>
          </Trackpoint>
          <Trackpoint>
            <Time>2010-10-19T21:34:03Z</Time>
            <AltitudeMeters>0.0</AltitudeMeters>
            <HeartRateBpm>
              <Value>0</Value>
            </HeartRateBpm>
            <Cadence>58</Cadence>
            <DistanceMeters>29608.92322</DistanceMeters>
            <Extensions>
              <TPX xmlns="http://www.garmin.com/xmlschemas/ActivityExtension/v2">
                <Watts>62</Watts>
              </TPX>
            </Extensions>
          </Trackpoint>
          <Trackpoint>
            <Time>2010-10-19T21:34:05Z</Time>
            <AltitudeMeters>0.0</AltitudeMeters>
            <HeartRateBpm>
              <Value>0</Value>
            </HeartRateBpm>
            <Cadence>58</Cadence>
            <DistanceMeters>29627.11930</DistanceMeters>
            <Extensions>
              <TPX xmlns="http://www.garmin.com/xmlschemas/ActivityExtension/v2">
                <Watts>61</Watts>
              </TPX>
            </Extensions>
          </Trackpoint>
          <Trackpoint>
            <Time>2010-10-19T21:34:07Z</Time>
            <AltitudeMeters>0.0</AltitudeMeters>
            <HeartRateBpm>
              <Value>0</Value>
            </HeartRateBpm>
            <Cadence>59</Cadence>
            <DistanceMeters>29645.32690</DistanceMeters>
            <Extensions>
              <TPX xmlns="http://www.garmin.com/xmlschemas/ActivityExtension/v2">
                <Watts>61</Watts>
              </TPX>
            </Extensions>
          </Trackpoint>
          <Trackpoint>
            <Time>2010-10-19T21:34:09Z</Time>
            <AltitudeMeters>0.0</AltitudeMeters>
            <HeartRateBpm>
              <Value>0</Value>
            </HeartRateBpm>
            <Cadence>56</Cadence>
            <DistanceMeters>29663.56471</DistanceMeters>
            <Extensions>
              <TPX xmlns="http://www.garmin.com/xmlschemas/ActivityExtension/v2">
                <Watts>62</Watts>
              </TPX>
            </Extensions>
          </Trackpoint>
          <Trackpoint>
            <Time>2010-10-19T21:34:11Z</Time>
            <AltitudeMeters>0.0</AltitudeMeters>
            <HeartRateBpm>
              <Value>0</Value>
            </HeartRateBpm>
            <Cadence>53</Cadence>
            <DistanceMeters>29681.76655</DistanceMeters>
            <Extensions>
              <TPX xmlns="http://www.garmin.com/xmlschemas/ActivityExtension/v2">
                <Watts>59</Watts>
              </TPX>
            </Extensions>
          </Trackpoint>
          <Trackpoint>
            <Time>2010-10-19T21:34:13Z</Time>
            <AltitudeMeters>0.0</AltitudeMeters>
            <HeartRateBpm>
              <Value>0</Value>
            </HeartRateBpm>
            <Cadence>52</Cadence>
            <DistanceMeters>29699.83495</DistanceMeters>
            <Extensions>
              <TPX xmlns="http://www.garmin.com/xmlschemas/ActivityExtension/v2">
                <Watts>54</Watts>
              </TPX>
            </Extensions>
          </Trackpoint>
          <Trackpoint>
            <Time>2010-10-19T21:34:15Z</Time>
            <AltitudeMeters>0.0</AltitudeMeters>
            <HeartRateBpm>
              <Value>0</Value>
            </HeartRateBpm>
            <Cadence>52</Cadence>
            <DistanceMeters>29717.76911</DistanceMeters>
            <Extensions>
              <TPX xmlns="http://www.garmin.com/xmlschemas/ActivityExtension/v2">
                <Watts>53</Watts>
              </TPX>
            </Extensions>
          </Trackpoint>
          <Trackpoint>
            <Time>2010-10-19T21:34:17Z</Time>
            <AltitudeMeters>0.0</AltitudeMeters>
            <HeartRateBpm>
              <Value>0</Value>
            </HeartRateBpm>
            <Cadence>52</Cadence>
            <DistanceMeters>29735.58902</DistanceMeters>
            <Extensions>
              <TPX xmlns="http://www.garmin.com/xmlschemas/ActivityExtension/v2">
                <Watts>53</Watts>
              </TPX>
            </Extensions>
          </Trackpoint>
          <Trackpoint>
            <Time>2010-10-19T21:34:19Z</Time>
            <AltitudeMeters>0.0</AltitudeMeters>
            <HeartRateBpm>
              <Value>0</Value>
            </HeartRateBpm>
            <Cadence>53</Cadence>
            <DistanceMeters>29753.29065</DistanceMeters>
            <Extensions>
              <TPX xmlns="http://www.garmin.com/xmlschemas/ActivityExtension/v2">
                <Watts>52</Watts>
              </TPX>
            </Extensions>
          </Trackpoint>
          <Trackpoint>
            <Time>2010-10-19T21:34:21Z</Time>
            <AltitudeMeters>0.0</AltitudeMeters>
            <HeartRateBpm>
              <Value>0</Value>
            </HeartRateBpm>
            <Cadence>54</Cadence>
            <DistanceMeters>29770.95503</DistanceMeters>
            <Extensions>
              <TPX xmlns="http://www.garmin.com/xmlschemas/ActivityExtension/v2">
                <Watts>55</Watts>
              </TPX>
            </Extensions>
          </Trackpoint>
          <Trackpoint>
            <Time>2010-10-19T21:34:23Z</Time>
            <AltitudeMeters>0.0</AltitudeMeters>
            <HeartRateBpm>
              <Value>0</Value>
            </HeartRateBpm>
            <Cadence>56</Cadence>
            <DistanceMeters>29788.60896</DistanceMeters>
            <Extensions>
              <TPX xmlns="http://www.garmin.com/xmlschemas/ActivityExtension/v2">
                <Watts>56</Watts>
              </TPX>
            </Extensions>
          </Trackpoint>
          <Trackpoint>
            <Time>2010-10-19T21:34:25Z</Time>
            <AltitudeMeters>0.0</AltitudeMeters>
            <HeartRateBpm>
              <Value>0</Value>
            </HeartRateBpm>
            <Cadence>59</Cadence>
            <DistanceMeters>29806.40152</DistanceMeters>
            <Extensions>
              <TPX xmlns="http://www.garmin.com/xmlschemas/ActivityExtension/v2">
                <Watts>63</Watts>
              </TPX>
            </Extensions>
          </Trackpoint>
          <Trackpoint>
            <Time>2010-10-19T21:34:27Z</Time>
            <AltitudeMeters>0.0</AltitudeMeters>
            <HeartRateBpm>
              <Value>0</Value>
            </HeartRateBpm>
            <Cadence>62</Cadence>
            <DistanceMeters>29824.43526</DistanceMeters>
            <Extensions>
              <TPX xmlns="http://www.garmin.com/xmlschemas/ActivityExtension/v2">
                <Watts>69</Watts>
              </TPX>
            </Extensions>
          </Trackpoint>
          <Trackpoint>
            <Time>2010-10-19T21:34:29Z</Time>
            <AltitudeMeters>0.0</AltitudeMeters>
            <HeartRateBpm>
              <Value>0</Value>
            </HeartRateBpm>
            <Cadence>60</Cadence>
            <DistanceMeters>29842.69094</DistanceMeters>
            <Extensions>
              <TPX xmlns="http://www.garmin.com/xmlschemas/ActivityExtension/v2">
                <Watts>70</Watts>
              </TPX>
            </Extensions>
          </Trackpoint>
          <Trackpoint>
            <Time>2010-10-19T21:34:31Z</Time>
            <AltitudeMeters>0.0</AltitudeMeters>
            <HeartRateBpm>
              <Value>0</Value>
            </HeartRateBpm>
            <Cadence>59</Cadence>
            <DistanceMeters>29861.03042</DistanceMeters>
            <Extensions>
              <TPX xmlns="http://www.garmin.com/xmlschemas/ActivityExtension/v2">
                <Watts>65</Watts>
              </TPX>
            </Extensions>
          </Trackpoint>
          <Trackpoint>
            <Time>2010-10-19T21:34:33Z</Time>
            <AltitudeMeters>0.0</AltitudeMeters>
            <HeartRateBpm>
              <Value>0</Value>
            </HeartRateBpm>
            <Cadence>68</Cadence>
            <DistanceMeters>29879.94046</DistanceMeters>
            <Extensions>
              <TPX xmlns="http://www.garmin.com/xmlschemas/ActivityExtension/v2">
                <Watts>90</Watts>
              </TPX>
            </Extensions>
          </Trackpoint>
          <Trackpoint>
            <Time>2010-10-19T21:34:35Z</Time>
            <AltitudeMeters>0.0</AltitudeMeters>
            <HeartRateBpm>
              <Value>0</Value>
            </HeartRateBpm>
            <Cadence>59</Cadence>
            <DistanceMeters>29898.82978</DistanceMeters>
            <Extensions>
              <TPX xmlns="http://www.garmin.com/xmlschemas/ActivityExtension/v2">
                <Watts>65</Watts>
              </TPX>
            </Extensions>
          </Trackpoint>
          <Trackpoint>
            <Time>2010-10-19T21:34:37Z</Time>
            <AltitudeMeters>0.0</AltitudeMeters>
            <HeartRateBpm>
              <Value>0</Value>
            </HeartRateBpm>
            <Cadence>61</Cadence>
            <DistanceMeters>29917.74122</DistanceMeters>
            <Extensions>
              <TPX xmlns="http://www.garmin.com/xmlschemas/ActivityExtension/v2">
                <Watts>67</Watts>
              </TPX>
            </Extensions>
          </Trackpoint>
          <Trackpoint>
            <Time>2010-10-19T21:34:39Z</Time>
            <AltitudeMeters>0.0</AltitudeMeters>
            <HeartRateBpm>
              <Value>0</Value>
            </HeartRateBpm>
            <Cadence>61</Cadence>
            <DistanceMeters>29936.73028</DistanceMeters>
            <Extensions>
              <TPX xmlns="http://www.garmin.com/xmlschemas/ActivityExtension/v2">
                <Watts>70</Watts>
              </TPX>
            </Extensions>
          </Trackpoint>
          <Trackpoint>
            <Time>2010-10-19T21:34:41Z</Time>
            <AltitudeMeters>0.0</AltitudeMeters>
            <HeartRateBpm>
              <Value>0</Value>
            </HeartRateBpm>
            <Cadence>60</Cadence>
            <DistanceMeters>29955.80384</DistanceMeters>
            <Extensions>
              <TPX xmlns="http://www.garmin.com/xmlschemas/ActivityExtension/v2">
                <Watts>71</Watts>
              </TPX>
            </Extensions>
          </Trackpoint>
          <Trackpoint>
            <Time>2010-10-19T21:34:43Z</Time>
            <AltitudeMeters>0.0</AltitudeMeters>
            <HeartRateBpm>
              <Value>0</Value>
            </HeartRateBpm>
            <Cadence>59</Cadence>
            <DistanceMeters>29974.90898</DistanceMeters>
            <Extensions>
              <TPX xmlns="http://www.garmin.com/xmlschemas/ActivityExtension/v2">
                <Watts>69</Watts>
              </TPX>
            </Extensions>
          </Trackpoint>
          <Trackpoint>
            <Time>2010-10-19T21:34:45Z</Time>
            <AltitudeMeters>0.0</AltitudeMeters>
            <HeartRateBpm>
              <Value>0</Value>
            </HeartRateBpm>
            <Cadence>60</Cadence>
            <DistanceMeters>29994.00148</DistanceMeters>
            <Extensions>
              <TPX xmlns="http://www.garmin.com/xmlschemas/ActivityExtension/v2">
                <Watts>67</Watts>
              </TPX>
            </Extensions>
          </Trackpoint>
          <Trackpoint>
            <Time>2010-10-19T21:34:47Z</Time>
            <AltitudeMeters>0.0</AltitudeMeters>
            <HeartRateBpm>
              <Value>0</Value>
            </HeartRateBpm>
            <Cadence>61</Cadence>
            <DistanceMeters>30013.10295</DistanceMeters>
            <Extensions>
              <TPX xmlns="http://www.garmin.com/xmlschemas/ActivityExtension/v2">
                <Watts>68</Watts>
              </TPX>
            </Extensions>
          </Trackpoint>
          <Trackpoint>
            <Time>2010-10-19T21:34:49Z</Time>
            <AltitudeMeters>0.0</AltitudeMeters>
            <HeartRateBpm>
              <Value>0</Value>
            </HeartRateBpm>
            <Cadence>60</Cadence>
            <DistanceMeters>30032.23145</DistanceMeters>
            <Extensions>
              <TPX xmlns="http://www.garmin.com/xmlschemas/ActivityExtension/v2">
                <Watts>69</Watts>
              </TPX>
            </Extensions>
          </Trackpoint>
          <Trackpoint>
            <Time>2010-10-19T21:34:51Z</Time>
            <AltitudeMeters>0.0</AltitudeMeters>
            <HeartRateBpm>
              <Value>0</Value>
            </HeartRateBpm>
            <Cadence>60</Cadence>
            <DistanceMeters>30051.36309</DistanceMeters>
            <Extensions>
              <TPX xmlns="http://www.garmin.com/xmlschemas/ActivityExtension/v2">
                <Watts>68</Watts>
              </TPX>
            </Extensions>
          </Trackpoint>
          <Trackpoint>
            <Time>2010-10-19T21:34:53Z</Time>
            <AltitudeMeters>0.0</AltitudeMeters>
            <HeartRateBpm>
              <Value>0</Value>
            </HeartRateBpm>
            <Cadence>59</Cadence>
            <DistanceMeters>30070.49736</DistanceMeters>
            <Extensions>
              <TPX xmlns="http://www.garmin.com/xmlschemas/ActivityExtension/v2">
                <Watts>68</Watts>
              </TPX>
            </Extensions>
          </Trackpoint>
          <Trackpoint>
            <Time>2010-10-19T21:34:55Z</Time>
            <AltitudeMeters>0.0</AltitudeMeters>
            <HeartRateBpm>
              <Value>0</Value>
            </HeartRateBpm>
            <Cadence>60</Cadence>
            <DistanceMeters>30089.61431</DistanceMeters>
            <Extensions>
              <TPX xmlns="http://www.garmin.com/xmlschemas/ActivityExtension/v2">
                <Watts>67</Watts>
              </TPX>
            </Extensions>
          </Trackpoint>
          <Trackpoint>
            <Time>2010-10-19T21:34:57Z</Time>
            <AltitudeMeters>0.0</AltitudeMeters>
            <HeartRateBpm>
              <Value>0</Value>
            </HeartRateBpm>
            <Cadence>63</Cadence>
            <DistanceMeters>30108.75578</DistanceMeters>
            <Extensions>
              <TPX xmlns="http://www.garmin.com/xmlschemas/ActivityExtension/v2">
                <Watts>69</Watts>
              </TPX>
            </Extensions>
          </Trackpoint>
          <Trackpoint>
            <Time>2010-10-19T21:34:59Z</Time>
            <AltitudeMeters>0.0</AltitudeMeters>
            <HeartRateBpm>
              <Value>0</Value>
            </HeartRateBpm>
            <Cadence>63</Cadence>
            <DistanceMeters>30128.03433</DistanceMeters>
            <Extensions>
              <TPX xmlns="http://www.garmin.com/xmlschemas/ActivityExtension/v2">
                <Watts>75</Watts>
              </TPX>
            </Extensions>
          </Trackpoint>
          <Trackpoint>
            <Time>2010-10-19T21:35:01Z</Time>
            <AltitudeMeters>0.0</AltitudeMeters>
            <HeartRateBpm>
              <Value>0</Value>
            </HeartRateBpm>
            <Cadence>63</Cadence>
            <DistanceMeters>30147.40772</DistanceMeters>
            <Extensions>
              <TPX xmlns="http://www.garmin.com/xmlschemas/ActivityExtension/v2">
                <Watts>74</Watts>
              </TPX>
            </Extensions>
          </Trackpoint>
          <Trackpoint>
            <Time>2010-10-19T21:35:03Z</Time>
            <AltitudeMeters>0.0</AltitudeMeters>
            <HeartRateBpm>
              <Value>0</Value>
            </HeartRateBpm>
            <Cadence>62</Cadence>
            <DistanceMeters>30166.84098</DistanceMeters>
            <Extensions>
              <TPX xmlns="http://www.garmin.com/xmlschemas/ActivityExtension/v2">
                <Watts>73</Watts>
              </TPX>
            </Extensions>
          </Trackpoint>
          <Trackpoint>
            <Time>2010-10-19T21:35:05Z</Time>
            <AltitudeMeters>0.0</AltitudeMeters>
            <HeartRateBpm>
              <Value>0</Value>
            </HeartRateBpm>
            <Cadence>61</Cadence>
            <DistanceMeters>30186.30501</DistanceMeters>
            <Extensions>
              <TPX xmlns="http://www.garmin.com/xmlschemas/ActivityExtension/v2">
                <Watts>72</Watts>
              </TPX>
            </Extensions>
          </Trackpoint>
          <Trackpoint>
            <Time>2010-10-19T21:35:07Z</Time>
            <AltitudeMeters>0.0</AltitudeMeters>
            <HeartRateBpm>
              <Value>0</Value>
            </HeartRateBpm>
            <Cadence>54</Cadence>
            <DistanceMeters>30205.73720</DistanceMeters>
            <Extensions>
              <TPX xmlns="http://www.garmin.com/xmlschemas/ActivityExtension/v2">
                <Watts>69</Watts>
              </TPX>
            </Extensions>
          </Trackpoint>
          <Trackpoint>
            <Time>2010-10-19T21:35:09Z</Time>
            <AltitudeMeters>0.0</AltitudeMeters>
            <HeartRateBpm>
              <Value>0</Value>
            </HeartRateBpm>
            <Cadence>56</Cadence>
            <DistanceMeters>30224.91047</DistanceMeters>
            <Extensions>
              <TPX xmlns="http://www.garmin.com/xmlschemas/ActivityExtension/v2">
                <Watts>57</Watts>
              </TPX>
            </Extensions>
          </Trackpoint>
          <Trackpoint>
            <Time>2010-10-19T21:35:11Z</Time>
            <AltitudeMeters>0.0</AltitudeMeters>
            <HeartRateBpm>
              <Value>0</Value>
            </HeartRateBpm>
            <Cadence>59</Cadence>
            <DistanceMeters>30244.04065</DistanceMeters>
            <Extensions>
              <TPX xmlns="http://www.garmin.com/xmlschemas/ActivityExtension/v2">
                <Watts>66</Watts>
              </TPX>
            </Extensions>
          </Trackpoint>
          <Trackpoint>
            <Time>2010-10-19T21:35:13Z</Time>
            <AltitudeMeters>0.0</AltitudeMeters>
            <HeartRateBpm>
              <Value>0</Value>
            </HeartRateBpm>
            <Cadence>59</Cadence>
            <DistanceMeters>30263.13464</DistanceMeters>
            <Extensions>
              <TPX xmlns="http://www.garmin.com/xmlschemas/ActivityExtension/v2">
                <Watts>66</Watts>
              </TPX>
            </Extensions>
          </Trackpoint>
          <Trackpoint>
            <Time>2010-10-19T21:35:15Z</Time>
            <AltitudeMeters>0.0</AltitudeMeters>
            <HeartRateBpm>
              <Value>0</Value>
            </HeartRateBpm>
            <Cadence>59</Cadence>
            <DistanceMeters>30282.19822</DistanceMeters>
            <Extensions>
              <TPX xmlns="http://www.garmin.com/xmlschemas/ActivityExtension/v2">
                <Watts>66</Watts>
              </TPX>
            </Extensions>
          </Trackpoint>
          <Trackpoint>
            <Time>2010-10-19T21:35:17Z</Time>
            <AltitudeMeters>0.0</AltitudeMeters>
            <HeartRateBpm>
              <Value>0</Value>
            </HeartRateBpm>
            <Cadence>60</Cadence>
            <DistanceMeters>30301.27543</DistanceMeters>
            <Extensions>
              <TPX xmlns="http://www.garmin.com/xmlschemas/ActivityExtension/v2">
                <Watts>68</Watts>
              </TPX>
            </Extensions>
          </Trackpoint>
          <Trackpoint>
            <Time>2010-10-19T21:35:19Z</Time>
            <AltitudeMeters>0.0</AltitudeMeters>
            <HeartRateBpm>
              <Value>0</Value>
            </HeartRateBpm>
            <Cadence>86</Cadence>
            <DistanceMeters>30324.42934</DistanceMeters>
            <Extensions>
              <TPX xmlns="http://www.garmin.com/xmlschemas/ActivityExtension/v2">
                <Watts>298</Watts>
              </TPX>
            </Extensions>
          </Trackpoint>
          <Trackpoint>
            <Time>2010-10-19T21:35:21Z</Time>
            <AltitudeMeters>0.0</AltitudeMeters>
            <HeartRateBpm>
              <Value>0</Value>
            </HeartRateBpm>
            <Cadence>80</Cadence>
            <DistanceMeters>30353.11933</DistanceMeters>
            <Extensions>
              <TPX xmlns="http://www.garmin.com/xmlschemas/ActivityExtension/v2">
                <Watts>492</Watts>
              </TPX>
            </Extensions>
          </Trackpoint>
          <Trackpoint>
            <Time>2010-10-19T21:35:23Z</Time>
            <AltitudeMeters>0.0</AltitudeMeters>
            <HeartRateBpm>
              <Value>0</Value>
            </HeartRateBpm>
            <Cadence>80</Cadence>
            <DistanceMeters>30385.42571</DistanceMeters>
            <Extensions>
              <TPX xmlns="http://www.garmin.com/xmlschemas/ActivityExtension/v2">
                <Watts>482</Watts>
              </TPX>
            </Extensions>
          </Trackpoint>
          <Trackpoint>
            <Time>2010-10-19T21:35:25Z</Time>
            <AltitudeMeters>0.0</AltitudeMeters>
            <HeartRateBpm>
              <Value>0</Value>
            </HeartRateBpm>
            <Cadence>78</Cadence>
            <DistanceMeters>30419.92106</DistanceMeters>
            <Extensions>
              <TPX xmlns="http://www.garmin.com/xmlschemas/ActivityExtension/v2">
                <Watts>452</Watts>
              </TPX>
            </Extensions>
          </Trackpoint>
          <Trackpoint>
            <Time>2010-10-19T21:35:27Z</Time>
            <AltitudeMeters>0.0</AltitudeMeters>
            <HeartRateBpm>
              <Value>0</Value>
            </HeartRateBpm>
            <Cadence>77</Cadence>
            <DistanceMeters>30455.78406</DistanceMeters>
            <Extensions>
              <TPX xmlns="http://www.garmin.com/xmlschemas/ActivityExtension/v2">
                <Watts>435</Watts>
              </TPX>
            </Extensions>
          </Trackpoint>
          <Trackpoint>
            <Time>2010-10-19T21:35:29Z</Time>
            <AltitudeMeters>0.0</AltitudeMeters>
            <HeartRateBpm>
              <Value>0</Value>
            </HeartRateBpm>
            <Cadence>77</Cadence>
            <DistanceMeters>30492.79891</DistanceMeters>
            <Extensions>
              <TPX xmlns="http://www.garmin.com/xmlschemas/ActivityExtension/v2">
                <Watts>453</Watts>
              </TPX>
            </Extensions>
          </Trackpoint>
          <Trackpoint>
            <Time>2010-10-19T21:35:31Z</Time>
            <AltitudeMeters>0.0</AltitudeMeters>
            <HeartRateBpm>
              <Value>0</Value>
            </HeartRateBpm>
            <Cadence>78</Cadence>
            <DistanceMeters>30530.73424</DistanceMeters>
            <Extensions>
              <TPX xmlns="http://www.garmin.com/xmlschemas/ActivityExtension/v2">
                <Watts>464</Watts>
              </TPX>
            </Extensions>
          </Trackpoint>
          <Trackpoint>
            <Time>2010-10-19T21:35:33Z</Time>
            <AltitudeMeters>0.0</AltitudeMeters>
            <HeartRateBpm>
              <Value>0</Value>
            </HeartRateBpm>
            <Cadence>77</Cadence>
            <DistanceMeters>30569.20933</DistanceMeters>
            <Extensions>
              <TPX xmlns="http://www.garmin.com/xmlschemas/ActivityExtension/v2">
                <Watts>453</Watts>
              </TPX>
            </Extensions>
          </Trackpoint>
          <Trackpoint>
            <Time>2010-10-19T21:35:35Z</Time>
            <AltitudeMeters>0.0</AltitudeMeters>
            <HeartRateBpm>
              <Value>0</Value>
            </HeartRateBpm>
            <Cadence>76</Cadence>
            <DistanceMeters>30608.04484</DistanceMeters>
            <Extensions>
              <TPX xmlns="http://www.garmin.com/xmlschemas/ActivityExtension/v2">
                <Watts>451</Watts>
              </TPX>
            </Extensions>
          </Trackpoint>
          <Trackpoint>
            <Time>2010-10-19T21:35:37Z</Time>
            <AltitudeMeters>0.0</AltitudeMeters>
            <HeartRateBpm>
              <Value>0</Value>
            </HeartRateBpm>
            <Cadence>76</Cadence>
            <DistanceMeters>30647.04770</DistanceMeters>
            <Extensions>
              <TPX xmlns="http://www.garmin.com/xmlschemas/ActivityExtension/v2">
                <Watts>442</Watts>
              </TPX>
            </Extensions>
          </Trackpoint>
          <Trackpoint>
            <Time>2010-10-19T21:35:39Z</Time>
            <AltitudeMeters>0.0</AltitudeMeters>
            <HeartRateBpm>
              <Value>0</Value>
            </HeartRateBpm>
            <Cadence>76</Cadence>
            <DistanceMeters>30686.16844</DistanceMeters>
            <Extensions>
              <TPX xmlns="http://www.garmin.com/xmlschemas/ActivityExtension/v2">
                <Watts>442</Watts>
              </TPX>
            </Extensions>
          </Trackpoint>
          <Trackpoint>
            <Time>2010-10-19T21:35:41Z</Time>
            <AltitudeMeters>0.0</AltitudeMeters>
            <HeartRateBpm>
              <Value>0</Value>
            </HeartRateBpm>
            <Cadence>74</Cadence>
            <DistanceMeters>30725.36264</DistanceMeters>
            <Extensions>
              <TPX xmlns="http://www.garmin.com/xmlschemas/ActivityExtension/v2">
                <Watts>441</Watts>
              </TPX>
            </Extensions>
          </Trackpoint>
          <Trackpoint>
            <Time>2010-10-19T21:35:43Z</Time>
            <AltitudeMeters>0.0</AltitudeMeters>
            <HeartRateBpm>
              <Value>0</Value>
            </HeartRateBpm>
            <Cadence>74</Cadence>
            <DistanceMeters>30761.65309</DistanceMeters>
            <Extensions>
              <TPX xmlns="http://www.garmin.com/xmlschemas/ActivityExtension/v2">
                <Watts>142</Watts>
              </TPX>
            </Extensions>
          </Trackpoint>
          <Trackpoint>
            <Time>2010-10-19T21:35:45Z</Time>
            <AltitudeMeters>0.0</AltitudeMeters>
            <HeartRateBpm>
              <Value>0</Value>
            </HeartRateBpm>
            <Cadence>75</Cadence>
            <DistanceMeters>30795.71630</DistanceMeters>
            <Extensions>
              <TPX xmlns="http://www.garmin.com/xmlschemas/ActivityExtension/v2">
                <Watts>142</Watts>
              </TPX>
            </Extensions>
          </Trackpoint>
          <Trackpoint>
            <Time>2010-10-19T21:35:47Z</Time>
            <AltitudeMeters>0.0</AltitudeMeters>
            <HeartRateBpm>
              <Value>0</Value>
            </HeartRateBpm>
            <Cadence>78</Cadence>
            <DistanceMeters>30828.08506</DistanceMeters>
            <Extensions>
              <TPX xmlns="http://www.garmin.com/xmlschemas/ActivityExtension/v2">
                <Watts>145</Watts>
              </TPX>
            </Extensions>
          </Trackpoint>
          <Trackpoint>
            <Time>2010-10-19T21:35:49Z</Time>
            <AltitudeMeters>0.0</AltitudeMeters>
            <HeartRateBpm>
              <Value>0</Value>
            </HeartRateBpm>
            <Cadence>84</Cadence>
            <DistanceMeters>30859.34503</DistanceMeters>
            <Extensions>
              <TPX xmlns="http://www.garmin.com/xmlschemas/ActivityExtension/v2">
                <Watts>163</Watts>
              </TPX>
            </Extensions>
          </Trackpoint>
          <Trackpoint>
            <Time>2010-10-19T21:35:51Z</Time>
            <AltitudeMeters>0.0</AltitudeMeters>
            <HeartRateBpm>
              <Value>0</Value>
            </HeartRateBpm>
            <Cadence>82</Cadence>
            <DistanceMeters>30889.77703</DistanceMeters>
            <Extensions>
              <TPX xmlns="http://www.garmin.com/xmlschemas/ActivityExtension/v2">
                <Watts>166</Watts>
              </TPX>
            </Extensions>
          </Trackpoint>
          <Trackpoint>
            <Time>2010-10-19T21:35:53Z</Time>
            <AltitudeMeters>0.0</AltitudeMeters>
            <HeartRateBpm>
              <Value>0</Value>
            </HeartRateBpm>
            <Cadence>81</Cadence>
            <DistanceMeters>30919.54984</DistanceMeters>
            <Extensions>
              <TPX xmlns="http://www.garmin.com/xmlschemas/ActivityExtension/v2">
                <Watts>165</Watts>
              </TPX>
            </Extensions>
          </Trackpoint>
          <Trackpoint>
            <Time>2010-10-19T21:35:55Z</Time>
            <AltitudeMeters>0.0</AltitudeMeters>
            <HeartRateBpm>
              <Value>0</Value>
            </HeartRateBpm>
            <Cadence>81</Cadence>
            <DistanceMeters>30948.62756</DistanceMeters>
            <Extensions>
              <TPX xmlns="http://www.garmin.com/xmlschemas/ActivityExtension/v2">
                <Watts>151</Watts>
              </TPX>
            </Extensions>
          </Trackpoint>
          <Trackpoint>
            <Time>2010-10-19T21:35:57Z</Time>
            <AltitudeMeters>0.0</AltitudeMeters>
            <HeartRateBpm>
              <Value>0</Value>
            </HeartRateBpm>
            <Cadence>81</Cadence>
            <DistanceMeters>30977.18327</DistanceMeters>
            <Extensions>
              <TPX xmlns="http://www.garmin.com/xmlschemas/ActivityExtension/v2">
                <Watts>153</Watts>
              </TPX>
            </Extensions>
          </Trackpoint>
          <Trackpoint>
            <Time>2010-10-19T21:35:59Z</Time>
            <AltitudeMeters>0.0</AltitudeMeters>
            <HeartRateBpm>
              <Value>0</Value>
            </HeartRateBpm>
            <Cadence>80</Cadence>
            <DistanceMeters>31005.44637</DistanceMeters>
            <Extensions>
              <TPX xmlns="http://www.garmin.com/xmlschemas/ActivityExtension/v2">
                <Watts>162</Watts>
              </TPX>
            </Extensions>
          </Trackpoint>
          <Trackpoint>
            <Time>2010-10-19T21:36:01Z</Time>
            <AltitudeMeters>0.0</AltitudeMeters>
            <HeartRateBpm>
              <Value>0</Value>
            </HeartRateBpm>
            <Cadence>82</Cadence>
            <DistanceMeters>31033.35934</DistanceMeters>
            <Extensions>
              <TPX xmlns="http://www.garmin.com/xmlschemas/ActivityExtension/v2">
                <Watts>153</Watts>
              </TPX>
            </Extensions>
          </Trackpoint>
          <Trackpoint>
            <Time>2010-10-19T21:36:03Z</Time>
            <AltitudeMeters>0.0</AltitudeMeters>
            <HeartRateBpm>
              <Value>0</Value>
            </HeartRateBpm>
            <Cadence>82</Cadence>
            <DistanceMeters>31060.99583</DistanceMeters>
            <Extensions>
              <TPX xmlns="http://www.garmin.com/xmlschemas/ActivityExtension/v2">
                <Watts>153</Watts>
              </TPX>
            </Extensions>
          </Trackpoint>
          <Trackpoint>
            <Time>2010-10-19T21:36:05Z</Time>
            <AltitudeMeters>0.0</AltitudeMeters>
            <HeartRateBpm>
              <Value>0</Value>
            </HeartRateBpm>
            <Cadence>82</Cadence>
            <DistanceMeters>31088.56324</DistanceMeters>
            <Extensions>
              <TPX xmlns="http://www.garmin.com/xmlschemas/ActivityExtension/v2">
                <Watts>164</Watts>
              </TPX>
            </Extensions>
          </Trackpoint>
          <Trackpoint>
            <Time>2010-10-19T21:36:07Z</Time>
            <AltitudeMeters>0.0</AltitudeMeters>
            <HeartRateBpm>
              <Value>0</Value>
            </HeartRateBpm>
            <Cadence>82</Cadence>
            <DistanceMeters>31116.07636</DistanceMeters>
            <Extensions>
              <TPX xmlns="http://www.garmin.com/xmlschemas/ActivityExtension/v2">
                <Watts>164</Watts>
              </TPX>
            </Extensions>
          </Trackpoint>
          <Trackpoint>
            <Time>2010-10-19T21:36:09Z</Time>
            <AltitudeMeters>0.0</AltitudeMeters>
            <HeartRateBpm>
              <Value>0</Value>
            </HeartRateBpm>
            <Cadence>83</Cadence>
            <DistanceMeters>31143.56041</DistanceMeters>
            <Extensions>
              <TPX xmlns="http://www.garmin.com/xmlschemas/ActivityExtension/v2">
                <Watts>165</Watts>
              </TPX>
            </Extensions>
          </Trackpoint>
          <Trackpoint>
            <Time>2010-10-19T21:36:11Z</Time>
            <AltitudeMeters>0.0</AltitudeMeters>
            <HeartRateBpm>
              <Value>0</Value>
            </HeartRateBpm>
            <Cadence>81</Cadence>
            <DistanceMeters>31170.98079</DistanceMeters>
            <Extensions>
              <TPX xmlns="http://www.garmin.com/xmlschemas/ActivityExtension/v2">
                <Watts>162</Watts>
              </TPX>
            </Extensions>
          </Trackpoint>
          <Trackpoint>
            <Time>2010-10-19T21:36:13Z</Time>
            <AltitudeMeters>0.0</AltitudeMeters>
            <HeartRateBpm>
              <Value>0</Value>
            </HeartRateBpm>
            <Cadence>103</Cadence>
            <DistanceMeters>31198.73037</DistanceMeters>
            <Extensions>
              <TPX xmlns="http://www.garmin.com/xmlschemas/ActivityExtension/v2">
                <Watts>190</Watts>
              </TPX>
            </Extensions>
          </Trackpoint>
          <Trackpoint>
            <Time>2010-10-19T21:36:15Z</Time>
            <AltitudeMeters>0.0</AltitudeMeters>
            <HeartRateBpm>
              <Value>0</Value>
            </HeartRateBpm>
            <Cadence>100</Cadence>
            <DistanceMeters>31227.39419</DistanceMeters>
            <Extensions>
              <TPX xmlns="http://www.garmin.com/xmlschemas/ActivityExtension/v2">
                <Watts>240</Watts>
              </TPX>
            </Extensions>
          </Trackpoint>
          <Trackpoint>
            <Time>2010-10-19T21:36:17Z</Time>
            <AltitudeMeters>0.0</AltitudeMeters>
            <HeartRateBpm>
              <Value>0</Value>
            </HeartRateBpm>
            <Cadence>106</Cadence>
            <DistanceMeters>31256.38034</DistanceMeters>
            <Extensions>
              <TPX xmlns="http://www.garmin.com/xmlschemas/ActivityExtension/v2">
                <Watts>211</Watts>
              </TPX>
            </Extensions>
          </Trackpoint>
          <Trackpoint>
            <Time>2010-10-19T21:36:19Z</Time>
            <AltitudeMeters>0.0</AltitudeMeters>
            <HeartRateBpm>
              <Value>0</Value>
            </HeartRateBpm>
            <Cadence>105</Cadence>
            <DistanceMeters>31286.09546</DistanceMeters>
            <Extensions>
              <TPX xmlns="http://www.garmin.com/xmlschemas/ActivityExtension/v2">
                <Watts>249</Watts>
              </TPX>
            </Extensions>
          </Trackpoint>
          <Trackpoint>
            <Time>2010-10-19T21:36:21Z</Time>
            <AltitudeMeters>0.0</AltitudeMeters>
            <HeartRateBpm>
              <Value>0</Value>
            </HeartRateBpm>
            <Cadence>103</Cadence>
            <DistanceMeters>31316.33696</DistanceMeters>
            <Extensions>
              <TPX xmlns="http://www.garmin.com/xmlschemas/ActivityExtension/v2">
                <Watts>247</Watts>
              </TPX>
            </Extensions>
          </Trackpoint>
          <Trackpoint>
            <Time>2010-10-19T21:36:23Z</Time>
            <AltitudeMeters>0.0</AltitudeMeters>
            <HeartRateBpm>
              <Value>0</Value>
            </HeartRateBpm>
            <Cadence>102</Cadence>
            <DistanceMeters>31346.89130</DistanceMeters>
            <Extensions>
              <TPX xmlns="http://www.garmin.com/xmlschemas/ActivityExtension/v2">
                <Watts>240</Watts>
              </TPX>
            </Extensions>
          </Trackpoint>
          <Trackpoint>
            <Time>2010-10-19T21:36:25Z</Time>
            <AltitudeMeters>0.0</AltitudeMeters>
            <HeartRateBpm>
              <Value>0</Value>
            </HeartRateBpm>
            <Cadence>102</Cadence>
            <DistanceMeters>31377.65866</DistanceMeters>
            <Extensions>
              <TPX xmlns="http://www.garmin.com/xmlschemas/ActivityExtension/v2">
                <Watts>238</Watts>
              </TPX>
            </Extensions>
          </Trackpoint>
          <Trackpoint>
            <Time>2010-10-19T21:36:27Z</Time>
            <AltitudeMeters>0.0</AltitudeMeters>
            <HeartRateBpm>
              <Value>0</Value>
            </HeartRateBpm>
            <Cadence>113</Cadence>
            <DistanceMeters>31409.07869</DistanceMeters>
            <Extensions>
              <TPX xmlns="http://www.garmin.com/xmlschemas/ActivityExtension/v2">
                <Watts>279</Watts>
              </TPX>
            </Extensions>
          </Trackpoint>
          <Trackpoint>
            <Time>2010-10-19T21:36:29Z</Time>
            <AltitudeMeters>0.0</AltitudeMeters>
            <HeartRateBpm>
              <Value>0</Value>
            </HeartRateBpm>
            <Cadence>110</Cadence>
            <DistanceMeters>31440.77494</DistanceMeters>
            <Extensions>
              <TPX xmlns="http://www.garmin.com/xmlschemas/ActivityExtension/v2">
                <Watts>261</Watts>
              </TPX>
            </Extensions>
          </Trackpoint>
          <Trackpoint>
            <Time>2010-10-19T21:36:31Z</Time>
            <AltitudeMeters>0.0</AltitudeMeters>
            <HeartRateBpm>
              <Value>0</Value>
            </HeartRateBpm>
            <Cadence>111</Cadence>
            <DistanceMeters>31472.74896</DistanceMeters>
            <Extensions>
              <TPX xmlns="http://www.garmin.com/xmlschemas/ActivityExtension/v2">
                <Watts>267</Watts>
              </TPX>
            </Extensions>
          </Trackpoint>
          <Trackpoint>
            <Time>2010-10-19T21:36:33Z</Time>
            <AltitudeMeters>0.0</AltitudeMeters>
            <HeartRateBpm>
              <Value>0</Value>
            </HeartRateBpm>
            <Cadence>112</Cadence>
            <DistanceMeters>31504.93129</DistanceMeters>
            <Extensions>
              <TPX xmlns="http://www.garmin.com/xmlschemas/ActivityExtension/v2">
                <Watts>267</Watts>
              </TPX>
            </Extensions>
          </Trackpoint>
          <Trackpoint>
            <Time>2010-10-19T21:36:35Z</Time>
            <AltitudeMeters>0.0</AltitudeMeters>
            <HeartRateBpm>
              <Value>0</Value>
            </HeartRateBpm>
            <Cadence>105</Cadence>
            <DistanceMeters>31537.18887</DistanceMeters>
            <Extensions>
              <TPX xmlns="http://www.garmin.com/xmlschemas/ActivityExtension/v2">
                <Watts>260</Watts>
              </TPX>
            </Extensions>
          </Trackpoint>
          <Trackpoint>
            <Time>2010-10-19T21:36:37Z</Time>
            <AltitudeMeters>0.0</AltitudeMeters>
            <HeartRateBpm>
              <Value>0</Value>
            </HeartRateBpm>
            <Cadence>102</Cadence>
            <DistanceMeters>31569.22455</DistanceMeters>
            <Extensions>
              <TPX xmlns="http://www.garmin.com/xmlschemas/ActivityExtension/v2">
                <Watts>236</Watts>
              </TPX>
            </Extensions>
          </Trackpoint>
          <Trackpoint>
            <Time>2010-10-19T21:36:39Z</Time>
            <AltitudeMeters>0.0</AltitudeMeters>
            <HeartRateBpm>
              <Value>0</Value>
            </HeartRateBpm>
            <Cadence>97</Cadence>
            <DistanceMeters>31600.04386</DistanceMeters>
            <Extensions>
              <TPX xmlns="http://www.garmin.com/xmlschemas/ActivityExtension/v2">
                <Watts>148</Watts>
              </TPX>
            </Extensions>
          </Trackpoint>
          <Trackpoint>
            <Time>2010-10-19T21:36:41Z</Time>
            <AltitudeMeters>0.0</AltitudeMeters>
            <HeartRateBpm>
              <Value>0</Value>
            </HeartRateBpm>
            <Cadence>94</Cadence>
            <DistanceMeters>31629.80751</DistanceMeters>
            <Extensions>
              <TPX xmlns="http://www.garmin.com/xmlschemas/ActivityExtension/v2">
                <Watts>140</Watts>
              </TPX>
            </Extensions>
          </Trackpoint>
          <Trackpoint>
            <Time>2010-10-19T21:36:43Z</Time>
            <AltitudeMeters>0.0</AltitudeMeters>
            <HeartRateBpm>
              <Value>0</Value>
            </HeartRateBpm>
            <Cadence>93</Cadence>
            <DistanceMeters>31658.64592</DistanceMeters>
            <Extensions>
              <TPX xmlns="http://www.garmin.com/xmlschemas/ActivityExtension/v2">
                <Watts>133</Watts>
              </TPX>
            </Extensions>
          </Trackpoint>
          <Trackpoint>
            <Time>2010-10-19T21:36:45Z</Time>
            <AltitudeMeters>0.0</AltitudeMeters>
            <HeartRateBpm>
              <Value>0</Value>
            </HeartRateBpm>
            <Cadence>95</Cadence>
            <DistanceMeters>31686.74849</DistanceMeters>
            <Extensions>
              <TPX xmlns="http://www.garmin.com/xmlschemas/ActivityExtension/v2">
                <Watts>133</Watts>
              </TPX>
            </Extensions>
          </Trackpoint>
          <Trackpoint>
            <Time>2010-10-19T21:36:47Z</Time>
            <AltitudeMeters>0.0</AltitudeMeters>
            <HeartRateBpm>
              <Value>0</Value>
            </HeartRateBpm>
            <Cadence>95</Cadence>
            <DistanceMeters>31714.27825</DistanceMeters>
            <Extensions>
              <TPX xmlns="http://www.garmin.com/xmlschemas/ActivityExtension/v2">
                <Watts>134</Watts>
              </TPX>
            </Extensions>
          </Trackpoint>
          <Trackpoint>
            <Time>2010-10-19T21:36:49Z</Time>
            <AltitudeMeters>0.0</AltitudeMeters>
            <HeartRateBpm>
              <Value>0</Value>
            </HeartRateBpm>
            <Cadence>95</Cadence>
            <DistanceMeters>31741.37878</DistanceMeters>
            <Extensions>
              <TPX xmlns="http://www.garmin.com/xmlschemas/ActivityExtension/v2">
                <Watts>136</Watts>
              </TPX>
            </Extensions>
          </Trackpoint>
          <Trackpoint>
            <Time>2010-10-19T21:36:51Z</Time>
            <AltitudeMeters>0.0</AltitudeMeters>
            <HeartRateBpm>
              <Value>0</Value>
            </HeartRateBpm>
            <Cadence>84</Cadence>
            <DistanceMeters>31768.33169</DistanceMeters>
            <Extensions>
              <TPX xmlns="http://www.garmin.com/xmlschemas/ActivityExtension/v2">
                <Watts>150</Watts>
              </TPX>
            </Extensions>
          </Trackpoint>
          <Trackpoint>
            <Time>2010-10-19T21:36:53Z</Time>
            <AltitudeMeters>0.0</AltitudeMeters>
            <HeartRateBpm>
              <Value>0</Value>
            </HeartRateBpm>
            <Cadence>92</Cadence>
            <DistanceMeters>31795.16770</DistanceMeters>
            <Extensions>
              <TPX xmlns="http://www.garmin.com/xmlschemas/ActivityExtension/v2">
                <Watts>150</Watts>
              </TPX>
            </Extensions>
          </Trackpoint>
          <Trackpoint>
            <Time>2010-10-19T21:36:55Z</Time>
            <AltitudeMeters>0.0</AltitudeMeters>
            <HeartRateBpm>
              <Value>0</Value>
            </HeartRateBpm>
            <Cadence>90</Cadence>
            <DistanceMeters>31821.89717</DistanceMeters>
            <Extensions>
              <TPX xmlns="http://www.garmin.com/xmlschemas/ActivityExtension/v2">
                <Watts>149</Watts>
              </TPX>
            </Extensions>
          </Trackpoint>
          <Trackpoint>
            <Time>2010-10-19T21:36:57Z</Time>
            <AltitudeMeters>0.0</AltitudeMeters>
            <HeartRateBpm>
              <Value>0</Value>
            </HeartRateBpm>
            <Cadence>91</Cadence>
            <DistanceMeters>31848.48612</DistanceMeters>
            <Extensions>
              <TPX xmlns="http://www.garmin.com/xmlschemas/ActivityExtension/v2">
                <Watts>145</Watts>
              </TPX>
            </Extensions>
          </Trackpoint>
          <Trackpoint>
            <Time>2010-10-19T21:36:59Z</Time>
            <AltitudeMeters>0.0</AltitudeMeters>
            <HeartRateBpm>
              <Value>0</Value>
            </HeartRateBpm>
            <Cadence>92</Cadence>
            <DistanceMeters>31874.96346</DistanceMeters>
            <Extensions>
              <TPX xmlns="http://www.garmin.com/xmlschemas/ActivityExtension/v2">
                <Watts>145</Watts>
              </TPX>
            </Extensions>
          </Trackpoint>
          <Trackpoint>
            <Time>2010-10-19T21:37:01Z</Time>
            <AltitudeMeters>0.0</AltitudeMeters>
            <HeartRateBpm>
              <Value>0</Value>
            </HeartRateBpm>
            <Cadence>90</Cadence>
            <DistanceMeters>31901.39456</DistanceMeters>
            <Extensions>
              <TPX xmlns="http://www.garmin.com/xmlschemas/ActivityExtension/v2">
                <Watts>148</Watts>
              </TPX>
            </Extensions>
          </Trackpoint>
          <Trackpoint>
            <Time>2010-10-19T21:37:03Z</Time>
            <AltitudeMeters>0.0</AltitudeMeters>
            <HeartRateBpm>
              <Value>0</Value>
            </HeartRateBpm>
            <Cadence>89</Cadence>
            <DistanceMeters>31927.73236</DistanceMeters>
            <Extensions>
              <TPX xmlns="http://www.garmin.com/xmlschemas/ActivityExtension/v2">
                <Watts>144</Watts>
              </TPX>
            </Extensions>
          </Trackpoint>
          <Trackpoint>
            <Time>2010-10-19T21:37:05Z</Time>
            <AltitudeMeters>0.0</AltitudeMeters>
            <HeartRateBpm>
              <Value>0</Value>
            </HeartRateBpm>
            <Cadence>90</Cadence>
            <DistanceMeters>31953.96757</DistanceMeters>
            <Extensions>
              <TPX xmlns="http://www.garmin.com/xmlschemas/ActivityExtension/v2">
                <Watts>142</Watts>
              </TPX>
            </Extensions>
          </Trackpoint>
          <Trackpoint>
            <Time>2010-10-19T21:37:07Z</Time>
            <AltitudeMeters>0.0</AltitudeMeters>
            <HeartRateBpm>
              <Value>0</Value>
            </HeartRateBpm>
            <Cadence>89</Cadence>
            <DistanceMeters>31980.12114</DistanceMeters>
            <Extensions>
              <TPX xmlns="http://www.garmin.com/xmlschemas/ActivityExtension/v2">
                <Watts>142</Watts>
              </TPX>
            </Extensions>
          </Trackpoint>
          <Trackpoint>
            <Time>2010-10-19T21:37:09Z</Time>
            <AltitudeMeters>0.0</AltitudeMeters>
            <HeartRateBpm>
              <Value>0</Value>
            </HeartRateBpm>
            <Cadence>92</Cadence>
            <DistanceMeters>32006.22407</DistanceMeters>
            <Extensions>
              <TPX xmlns="http://www.garmin.com/xmlschemas/ActivityExtension/v2">
                <Watts>143</Watts>
              </TPX>
            </Extensions>
          </Trackpoint>
          <Trackpoint>
            <Time>2010-10-19T21:37:11Z</Time>
            <AltitudeMeters>0.0</AltitudeMeters>
            <HeartRateBpm>
              <Value>0</Value>
            </HeartRateBpm>
            <Cadence>94</Cadence>
            <DistanceMeters>32032.38678</DistanceMeters>
            <Extensions>
              <TPX xmlns="http://www.garmin.com/xmlschemas/ActivityExtension/v2">
                <Watts>150</Watts>
              </TPX>
            </Extensions>
          </Trackpoint>
          <Trackpoint>
            <Time>2010-10-19T21:37:13Z</Time>
            <AltitudeMeters>0.0</AltitudeMeters>
            <HeartRateBpm>
              <Value>0</Value>
            </HeartRateBpm>
            <Cadence>93</Cadence>
            <DistanceMeters>32058.62533</DistanceMeters>
            <Extensions>
              <TPX xmlns="http://www.garmin.com/xmlschemas/ActivityExtension/v2">
                <Watts>152</Watts>
              </TPX>
            </Extensions>
          </Trackpoint>
          <Trackpoint>
            <Time>2010-10-19T21:37:15Z</Time>
            <AltitudeMeters>0.0</AltitudeMeters>
            <HeartRateBpm>
              <Value>0</Value>
            </HeartRateBpm>
            <Cadence>88</Cadence>
            <DistanceMeters>32084.79584</DistanceMeters>
            <Extensions>
              <TPX xmlns="http://www.garmin.com/xmlschemas/ActivityExtension/v2">
                <Watts>143</Watts>
              </TPX>
            </Extensions>
          </Trackpoint>
          <Trackpoint>
            <Time>2010-10-19T21:37:17Z</Time>
            <AltitudeMeters>0.0</AltitudeMeters>
            <HeartRateBpm>
              <Value>0</Value>
            </HeartRateBpm>
            <Cadence>89</Cadence>
            <DistanceMeters>32110.85499</DistanceMeters>
            <Extensions>
              <TPX xmlns="http://www.garmin.com/xmlschemas/ActivityExtension/v2">
                <Watts>139</Watts>
              </TPX>
            </Extensions>
          </Trackpoint>
          <Trackpoint>
            <Time>2010-10-19T21:37:19Z</Time>
            <AltitudeMeters>0.0</AltitudeMeters>
            <HeartRateBpm>
              <Value>0</Value>
            </HeartRateBpm>
            <Cadence>87</Cadence>
            <DistanceMeters>32136.82538</DistanceMeters>
            <Extensions>
              <TPX xmlns="http://www.garmin.com/xmlschemas/ActivityExtension/v2">
                <Watts>139</Watts>
              </TPX>
            </Extensions>
          </Trackpoint>
          <Trackpoint>
            <Time>2010-10-19T21:37:21Z</Time>
            <AltitudeMeters>0.0</AltitudeMeters>
            <HeartRateBpm>
              <Value>0</Value>
            </HeartRateBpm>
            <Cadence>88</Cadence>
            <DistanceMeters>32162.69617</DistanceMeters>
            <Extensions>
              <TPX xmlns="http://www.garmin.com/xmlschemas/ActivityExtension/v2">
                <Watts>137</Watts>
              </TPX>
            </Extensions>
          </Trackpoint>
          <Trackpoint>
            <Time>2010-10-19T21:37:23Z</Time>
            <AltitudeMeters>0.0</AltitudeMeters>
            <HeartRateBpm>
              <Value>0</Value>
            </HeartRateBpm>
            <Cadence>88</Cadence>
            <DistanceMeters>32188.50194</DistanceMeters>
            <Extensions>
              <TPX xmlns="http://www.garmin.com/xmlschemas/ActivityExtension/v2">
                <Watts>138</Watts>
              </TPX>
            </Extensions>
          </Trackpoint>
          <Trackpoint>
            <Time>2010-10-19T21:37:25Z</Time>
            <AltitudeMeters>0.0</AltitudeMeters>
            <HeartRateBpm>
              <Value>0</Value>
            </HeartRateBpm>
            <Cadence>76</Cadence>
            <DistanceMeters>32213.83200</DistanceMeters>
            <Extensions>
              <TPX xmlns="http://www.garmin.com/xmlschemas/ActivityExtension/v2">
                <Watts>109</Watts>
              </TPX>
            </Extensions>
          </Trackpoint>
          <Trackpoint>
            <Time>2010-10-19T21:37:27Z</Time>
            <AltitudeMeters>0.0</AltitudeMeters>
            <HeartRateBpm>
              <Value>0</Value>
            </HeartRateBpm>
            <Cadence>78</Cadence>
            <DistanceMeters>32238.82097</DistanceMeters>
            <Extensions>
              <TPX xmlns="http://www.garmin.com/xmlschemas/ActivityExtension/v2">
                <Watts>112</Watts>
              </TPX>
            </Extensions>
          </Trackpoint>
          <Trackpoint>
            <Time>2010-10-19T21:37:29Z</Time>
            <AltitudeMeters>0.0</AltitudeMeters>
            <HeartRateBpm>
              <Value>0</Value>
            </HeartRateBpm>
            <Cadence>87</Cadence>
            <DistanceMeters>32263.89351</DistanceMeters>
            <Extensions>
              <TPX xmlns="http://www.garmin.com/xmlschemas/ActivityExtension/v2">
                <Watts>136</Watts>
              </TPX>
            </Extensions>
          </Trackpoint>
          <Trackpoint>
            <Time>2010-10-19T21:37:31Z</Time>
            <AltitudeMeters>0.0</AltitudeMeters>
            <HeartRateBpm>
              <Value>0</Value>
            </HeartRateBpm>
            <Cadence>77</Cadence>
            <DistanceMeters>32288.89880</DistanceMeters>
            <Extensions>
              <TPX xmlns="http://www.garmin.com/xmlschemas/ActivityExtension/v2">
                <Watts>127</Watts>
              </TPX>
            </Extensions>
          </Trackpoint>
          <Trackpoint>
            <Time>2010-10-19T21:37:33Z</Time>
            <AltitudeMeters>0.0</AltitudeMeters>
            <HeartRateBpm>
              <Value>0</Value>
            </HeartRateBpm>
            <Cadence>85</Cadence>
            <DistanceMeters>32313.71506</DistanceMeters>
            <Extensions>
              <TPX xmlns="http://www.garmin.com/xmlschemas/ActivityExtension/v2">
                <Watts>118</Watts>
              </TPX>
            </Extensions>
          </Trackpoint>
          <Trackpoint>
            <Time>2010-10-19T21:37:35Z</Time>
            <AltitudeMeters>0.0</AltitudeMeters>
            <HeartRateBpm>
              <Value>0</Value>
            </HeartRateBpm>
            <Cadence>85</Cadence>
            <DistanceMeters>32338.55967</DistanceMeters>
            <Extensions>
              <TPX xmlns="http://www.garmin.com/xmlschemas/ActivityExtension/v2">
                <Watts>130</Watts>
              </TPX>
            </Extensions>
          </Trackpoint>
          <Trackpoint>
            <Time>2010-10-19T21:37:37Z</Time>
            <AltitudeMeters>0.0</AltitudeMeters>
            <HeartRateBpm>
              <Value>0</Value>
            </HeartRateBpm>
            <Cadence>86</Cadence>
            <DistanceMeters>32363.42698</DistanceMeters>
            <Extensions>
              <TPX xmlns="http://www.garmin.com/xmlschemas/ActivityExtension/v2">
                <Watts>130</Watts>
              </TPX>
            </Extensions>
          </Trackpoint>
          <Trackpoint>
            <Time>2010-10-19T21:37:39Z</Time>
            <AltitudeMeters>0.0</AltitudeMeters>
            <HeartRateBpm>
              <Value>0</Value>
            </HeartRateBpm>
            <Cadence>85</Cadence>
            <DistanceMeters>32388.34250</DistanceMeters>
            <Extensions>
              <TPX xmlns="http://www.garmin.com/xmlschemas/ActivityExtension/v2">
                <Watts>132</Watts>
              </TPX>
            </Extensions>
          </Trackpoint>
          <Trackpoint>
            <Time>2010-10-19T21:37:41Z</Time>
            <AltitudeMeters>0.0</AltitudeMeters>
            <HeartRateBpm>
              <Value>0</Value>
            </HeartRateBpm>
            <Cadence>83</Cadence>
            <DistanceMeters>32413.26666</DistanceMeters>
            <Extensions>
              <TPX xmlns="http://www.garmin.com/xmlschemas/ActivityExtension/v2">
                <Watts>130</Watts>
              </TPX>
            </Extensions>
          </Trackpoint>
          <Trackpoint>
            <Time>2010-10-19T21:37:43Z</Time>
            <AltitudeMeters>0.0</AltitudeMeters>
            <HeartRateBpm>
              <Value>0</Value>
            </HeartRateBpm>
            <Cadence>83</Cadence>
            <DistanceMeters>32438.15280</DistanceMeters>
            <Extensions>
              <TPX xmlns="http://www.garmin.com/xmlschemas/ActivityExtension/v2">
                <Watts>127</Watts>
              </TPX>
            </Extensions>
          </Trackpoint>
          <Trackpoint>
            <Time>2010-10-19T21:37:45Z</Time>
            <AltitudeMeters>0.0</AltitudeMeters>
            <HeartRateBpm>
              <Value>0</Value>
            </HeartRateBpm>
            <Cadence>85</Cadence>
            <DistanceMeters>32462.97834</DistanceMeters>
            <Extensions>
              <TPX xmlns="http://www.garmin.com/xmlschemas/ActivityExtension/v2">
                <Watts>125</Watts>
              </TPX>
            </Extensions>
          </Trackpoint>
          <Trackpoint>
            <Time>2010-10-19T21:37:47Z</Time>
            <AltitudeMeters>0.0</AltitudeMeters>
            <HeartRateBpm>
              <Value>0</Value>
            </HeartRateBpm>
            <Cadence>84</Cadence>
            <DistanceMeters>32487.80032</DistanceMeters>
            <Extensions>
              <TPX xmlns="http://www.garmin.com/xmlschemas/ActivityExtension/v2">
                <Watts>128</Watts>
              </TPX>
            </Extensions>
          </Trackpoint>
          <Trackpoint>
            <Time>2010-10-19T21:37:49Z</Time>
            <AltitudeMeters>0.0</AltitudeMeters>
            <HeartRateBpm>
              <Value>0</Value>
            </HeartRateBpm>
            <Cadence>85</Cadence>
            <DistanceMeters>32512.67953</DistanceMeters>
            <Extensions>
              <TPX xmlns="http://www.garmin.com/xmlschemas/ActivityExtension/v2">
                <Watts>132</Watts>
              </TPX>
            </Extensions>
          </Trackpoint>
          <Trackpoint>
            <Time>2010-10-19T21:37:51Z</Time>
            <AltitudeMeters>0.0</AltitudeMeters>
            <HeartRateBpm>
              <Value>0</Value>
            </HeartRateBpm>
            <Cadence>84</Cadence>
            <DistanceMeters>32537.57459</DistanceMeters>
            <Extensions>
              <TPX xmlns="http://www.garmin.com/xmlschemas/ActivityExtension/v2">
                <Watts>130</Watts>
              </TPX>
            </Extensions>
          </Trackpoint>
          <Trackpoint>
            <Time>2010-10-19T21:37:53Z</Time>
            <AltitudeMeters>0.0</AltitudeMeters>
            <HeartRateBpm>
              <Value>0</Value>
            </HeartRateBpm>
            <Cadence>84</Cadence>
            <DistanceMeters>32562.43736</DistanceMeters>
            <Extensions>
              <TPX xmlns="http://www.garmin.com/xmlschemas/ActivityExtension/v2">
                <Watts>127</Watts>
              </TPX>
            </Extensions>
          </Trackpoint>
          <Trackpoint>
            <Time>2010-10-19T21:37:55Z</Time>
            <AltitudeMeters>0.0</AltitudeMeters>
            <HeartRateBpm>
              <Value>0</Value>
            </HeartRateBpm>
            <Cadence>83</Cadence>
            <DistanceMeters>32587.25915</DistanceMeters>
            <Extensions>
              <TPX xmlns="http://www.garmin.com/xmlschemas/ActivityExtension/v2">
                <Watts>126</Watts>
              </TPX>
            </Extensions>
          </Trackpoint>
          <Trackpoint>
            <Time>2010-10-19T21:37:57Z</Time>
            <AltitudeMeters>0.0</AltitudeMeters>
            <HeartRateBpm>
              <Value>0</Value>
            </HeartRateBpm>
            <Cadence>83</Cadence>
            <DistanceMeters>32612.03295</DistanceMeters>
            <Extensions>
              <TPX xmlns="http://www.garmin.com/xmlschemas/ActivityExtension/v2">
                <Watts>125</Watts>
              </TPX>
            </Extensions>
          </Trackpoint>
          <Trackpoint>
            <Time>2010-10-19T21:37:59Z</Time>
            <AltitudeMeters>0.0</AltitudeMeters>
            <HeartRateBpm>
              <Value>0</Value>
            </HeartRateBpm>
            <Cadence>83</Cadence>
            <DistanceMeters>32636.73797</DistanceMeters>
            <Extensions>
              <TPX xmlns="http://www.garmin.com/xmlschemas/ActivityExtension/v2">
                <Watts>123</Watts>
              </TPX>
            </Extensions>
          </Trackpoint>
          <Trackpoint>
            <Time>2010-10-19T21:38:01Z</Time>
            <AltitudeMeters>0.0</AltitudeMeters>
            <HeartRateBpm>
              <Value>0</Value>
            </HeartRateBpm>
            <Cadence>82</Cadence>
            <DistanceMeters>32661.35729</DistanceMeters>
            <Extensions>
              <TPX xmlns="http://www.garmin.com/xmlschemas/ActivityExtension/v2">
                <Watts>121</Watts>
              </TPX>
            </Extensions>
          </Trackpoint>
          <Trackpoint>
            <Time>2010-10-19T21:38:03Z</Time>
            <AltitudeMeters>0.0</AltitudeMeters>
            <HeartRateBpm>
              <Value>0</Value>
            </HeartRateBpm>
            <Cadence>84</Cadence>
            <DistanceMeters>32685.93794</DistanceMeters>
            <Extensions>
              <TPX xmlns="http://www.garmin.com/xmlschemas/ActivityExtension/v2">
                <Watts>123</Watts>
              </TPX>
            </Extensions>
          </Trackpoint>
          <Trackpoint>
            <Time>2010-10-19T21:38:05Z</Time>
            <AltitudeMeters>0.0</AltitudeMeters>
            <HeartRateBpm>
              <Value>0</Value>
            </HeartRateBpm>
            <Cadence>82</Cadence>
            <DistanceMeters>32710.47224</DistanceMeters>
            <Extensions>
              <TPX xmlns="http://www.garmin.com/xmlschemas/ActivityExtension/v2">
                <Watts>122</Watts>
              </TPX>
            </Extensions>
          </Trackpoint>
          <Trackpoint>
            <Time>2010-10-19T21:38:07Z</Time>
            <AltitudeMeters>0.0</AltitudeMeters>
            <HeartRateBpm>
              <Value>0</Value>
            </HeartRateBpm>
            <Cadence>85</Cadence>
            <DistanceMeters>32735.28716</DistanceMeters>
            <Extensions>
              <TPX xmlns="http://www.garmin.com/xmlschemas/ActivityExtension/v2">
                <Watts>143</Watts>
              </TPX>
            </Extensions>
          </Trackpoint>
          <Trackpoint>
            <Time>2010-10-19T21:38:09Z</Time>
            <AltitudeMeters>0.0</AltitudeMeters>
            <HeartRateBpm>
              <Value>0</Value>
            </HeartRateBpm>
            <Cadence>88</Cadence>
            <DistanceMeters>32760.32528</DistanceMeters>
            <Extensions>
              <TPX xmlns="http://www.garmin.com/xmlschemas/ActivityExtension/v2">
                <Watts>143</Watts>
              </TPX>
            </Extensions>
          </Trackpoint>
          <Trackpoint>
            <Time>2010-10-19T21:38:11Z</Time>
            <AltitudeMeters>0.0</AltitudeMeters>
            <HeartRateBpm>
              <Value>0</Value>
            </HeartRateBpm>
            <Cadence>86</Cadence>
            <DistanceMeters>32785.60007</DistanceMeters>
            <Extensions>
              <TPX xmlns="http://www.garmin.com/xmlschemas/ActivityExtension/v2">
                <Watts>147</Watts>
              </TPX>
            </Extensions>
          </Trackpoint>
          <Trackpoint>
            <Time>2010-10-19T21:38:13Z</Time>
            <AltitudeMeters>0.0</AltitudeMeters>
            <HeartRateBpm>
              <Value>0</Value>
            </HeartRateBpm>
            <Cadence>85</Cadence>
            <DistanceMeters>32810.97459</DistanceMeters>
            <Extensions>
              <TPX xmlns="http://www.garmin.com/xmlschemas/ActivityExtension/v2">
                <Watts>141</Watts>
              </TPX>
            </Extensions>
          </Trackpoint>
          <Trackpoint>
            <Time>2010-10-19T21:38:15Z</Time>
            <AltitudeMeters>0.0</AltitudeMeters>
            <HeartRateBpm>
              <Value>0</Value>
            </HeartRateBpm>
            <Cadence>86</Cadence>
            <DistanceMeters>32836.42852</DistanceMeters>
            <Extensions>
              <TPX xmlns="http://www.garmin.com/xmlschemas/ActivityExtension/v2">
                <Watts>141</Watts>
              </TPX>
            </Extensions>
          </Trackpoint>
          <Trackpoint>
            <Time>2010-10-19T21:38:17Z</Time>
            <AltitudeMeters>0.0</AltitudeMeters>
            <HeartRateBpm>
              <Value>0</Value>
            </HeartRateBpm>
            <Cadence>86</Cadence>
            <DistanceMeters>32861.94569</DistanceMeters>
            <Extensions>
              <TPX xmlns="http://www.garmin.com/xmlschemas/ActivityExtension/v2">
                <Watts>141</Watts>
              </TPX>
            </Extensions>
          </Trackpoint>
          <Trackpoint>
            <Time>2010-10-19T21:38:19Z</Time>
            <AltitudeMeters>0.0</AltitudeMeters>
            <HeartRateBpm>
              <Value>0</Value>
            </HeartRateBpm>
            <Cadence>84</Cadence>
            <DistanceMeters>32887.51322</DistanceMeters>
            <Extensions>
              <TPX xmlns="http://www.garmin.com/xmlschemas/ActivityExtension/v2">
                <Watts>141</Watts>
              </TPX>
            </Extensions>
          </Trackpoint>
          <Trackpoint>
            <Time>2010-10-19T21:38:21Z</Time>
            <AltitudeMeters>0.0</AltitudeMeters>
            <HeartRateBpm>
              <Value>0</Value>
            </HeartRateBpm>
            <Cadence>83</Cadence>
            <DistanceMeters>32913.04788</DistanceMeters>
            <Extensions>
              <TPX xmlns="http://www.garmin.com/xmlschemas/ActivityExtension/v2">
                <Watts>136</Watts>
              </TPX>
            </Extensions>
          </Trackpoint>
          <Trackpoint>
            <Time>2010-10-19T21:38:23Z</Time>
            <AltitudeMeters>0.0</AltitudeMeters>
            <HeartRateBpm>
              <Value>0</Value>
            </HeartRateBpm>
            <Cadence>82</Cadence>
            <DistanceMeters>32938.54162</DistanceMeters>
            <Extensions>
              <TPX xmlns="http://www.garmin.com/xmlschemas/ActivityExtension/v2">
                <Watts>135</Watts>
              </TPX>
            </Extensions>
          </Trackpoint>
          <Trackpoint>
            <Time>2010-10-19T21:38:25Z</Time>
            <AltitudeMeters>0.0</AltitudeMeters>
            <HeartRateBpm>
              <Value>0</Value>
            </HeartRateBpm>
            <Cadence>82</Cadence>
            <DistanceMeters>32963.95866</DistanceMeters>
            <Extensions>
              <TPX xmlns="http://www.garmin.com/xmlschemas/ActivityExtension/v2">
                <Watts>132</Watts>
              </TPX>
            </Extensions>
          </Trackpoint>
          <Trackpoint>
            <Time>2010-10-19T21:38:27Z</Time>
            <AltitudeMeters>0.0</AltitudeMeters>
            <HeartRateBpm>
              <Value>0</Value>
            </HeartRateBpm>
            <Cadence>83</Cadence>
            <DistanceMeters>32989.31428</DistanceMeters>
            <Extensions>
              <TPX xmlns="http://www.garmin.com/xmlschemas/ActivityExtension/v2">
                <Watts>132</Watts>
              </TPX>
            </Extensions>
          </Trackpoint>
          <Trackpoint>
            <Time>2010-10-19T21:38:29Z</Time>
            <AltitudeMeters>0.0</AltitudeMeters>
            <HeartRateBpm>
              <Value>0</Value>
            </HeartRateBpm>
            <Cadence>84</Cadence>
            <DistanceMeters>33014.65023</DistanceMeters>
            <Extensions>
              <TPX xmlns="http://www.garmin.com/xmlschemas/ActivityExtension/v2">
                <Watts>134</Watts>
              </TPX>
            </Extensions>
          </Trackpoint>
          <Trackpoint>
            <Time>2010-10-19T21:38:31Z</Time>
            <AltitudeMeters>0.0</AltitudeMeters>
            <HeartRateBpm>
              <Value>0</Value>
            </HeartRateBpm>
            <Cadence>84</Cadence>
            <DistanceMeters>33039.99992</DistanceMeters>
            <Extensions>
              <TPX xmlns="http://www.garmin.com/xmlschemas/ActivityExtension/v2">
                <Watts>136</Watts>
              </TPX>
            </Extensions>
          </Trackpoint>
          <Trackpoint>
            <Time>2010-10-19T21:38:33Z</Time>
            <AltitudeMeters>0.0</AltitudeMeters>
            <HeartRateBpm>
              <Value>0</Value>
            </HeartRateBpm>
            <Cadence>84</Cadence>
            <DistanceMeters>33065.37530</DistanceMeters>
            <Extensions>
              <TPX xmlns="http://www.garmin.com/xmlschemas/ActivityExtension/v2">
                <Watts>137</Watts>
              </TPX>
            </Extensions>
          </Trackpoint>
          <Trackpoint>
            <Time>2010-10-19T21:38:35Z</Time>
            <AltitudeMeters>0.0</AltitudeMeters>
            <HeartRateBpm>
              <Value>0</Value>
            </HeartRateBpm>
            <Cadence>83</Cadence>
            <DistanceMeters>33090.74176</DistanceMeters>
            <Extensions>
              <TPX xmlns="http://www.garmin.com/xmlschemas/ActivityExtension/v2">
                <Watts>135</Watts>
              </TPX>
            </Extensions>
          </Trackpoint>
          <Trackpoint>
            <Time>2010-10-19T21:38:37Z</Time>
            <AltitudeMeters>0.0</AltitudeMeters>
            <HeartRateBpm>
              <Value>0</Value>
            </HeartRateBpm>
            <Cadence>83</Cadence>
            <DistanceMeters>33116.08638</DistanceMeters>
            <Extensions>
              <TPX xmlns="http://www.garmin.com/xmlschemas/ActivityExtension/v2">
                <Watts>134</Watts>
              </TPX>
            </Extensions>
          </Trackpoint>
          <Trackpoint>
            <Time>2010-10-19T21:38:39Z</Time>
            <AltitudeMeters>0.0</AltitudeMeters>
            <HeartRateBpm>
              <Value>0</Value>
            </HeartRateBpm>
            <Cadence>85</Cadence>
            <DistanceMeters>33141.41352</DistanceMeters>
            <Extensions>
              <TPX xmlns="http://www.garmin.com/xmlschemas/ActivityExtension/v2">
                <Watts>134</Watts>
              </TPX>
            </Extensions>
          </Trackpoint>
          <Trackpoint>
            <Time>2010-10-19T21:38:41Z</Time>
            <AltitudeMeters>0.0</AltitudeMeters>
            <HeartRateBpm>
              <Value>0</Value>
            </HeartRateBpm>
            <Cadence>85</Cadence>
            <DistanceMeters>33166.81503</DistanceMeters>
            <Extensions>
              <TPX xmlns="http://www.garmin.com/xmlschemas/ActivityExtension/v2">
                <Watts>140</Watts>
              </TPX>
            </Extensions>
          </Trackpoint>
          <Trackpoint>
            <Time>2010-10-19T21:38:43Z</Time>
            <AltitudeMeters>0.0</AltitudeMeters>
            <HeartRateBpm>
              <Value>0</Value>
            </HeartRateBpm>
            <Cadence>86</Cadence>
            <DistanceMeters>33192.27580</DistanceMeters>
            <Extensions>
              <TPX xmlns="http://www.garmin.com/xmlschemas/ActivityExtension/v2">
                <Watts>140</Watts>
              </TPX>
            </Extensions>
          </Trackpoint>
          <Trackpoint>
            <Time>2010-10-19T21:38:45Z</Time>
            <AltitudeMeters>0.0</AltitudeMeters>
            <HeartRateBpm>
              <Value>0</Value>
            </HeartRateBpm>
            <Cadence>86</Cadence>
            <DistanceMeters>33217.79842</DistanceMeters>
            <Extensions>
              <TPX xmlns="http://www.garmin.com/xmlschemas/ActivityExtension/v2">
                <Watts>141</Watts>
              </TPX>
            </Extensions>
          </Trackpoint>
          <Trackpoint>
            <Time>2010-10-19T21:38:47Z</Time>
            <AltitudeMeters>0.0</AltitudeMeters>
            <HeartRateBpm>
              <Value>0</Value>
            </HeartRateBpm>
            <Cadence>87</Cadence>
            <DistanceMeters>33243.37030</DistanceMeters>
            <Extensions>
              <TPX xmlns="http://www.garmin.com/xmlschemas/ActivityExtension/v2">
                <Watts>141</Watts>
              </TPX>
            </Extensions>
          </Trackpoint>
          <Trackpoint>
            <Time>2010-10-19T21:38:49Z</Time>
            <AltitudeMeters>0.0</AltitudeMeters>
            <HeartRateBpm>
              <Value>0</Value>
            </HeartRateBpm>
            <Cadence>92</Cadence>
            <DistanceMeters>33269.34326</DistanceMeters>
            <Extensions>
              <TPX xmlns="http://www.garmin.com/xmlschemas/ActivityExtension/v2">
                <Watts>166</Watts>
              </TPX>
            </Extensions>
          </Trackpoint>
          <Trackpoint>
            <Time>2010-10-19T21:38:51Z</Time>
            <AltitudeMeters>0.0</AltitudeMeters>
            <HeartRateBpm>
              <Value>0</Value>
            </HeartRateBpm>
            <Cadence>90</Cadence>
            <DistanceMeters>33295.53162</DistanceMeters>
            <Extensions>
              <TPX xmlns="http://www.garmin.com/xmlschemas/ActivityExtension/v2">
                <Watts>159</Watts>
              </TPX>
            </Extensions>
          </Trackpoint>
          <Trackpoint>
            <Time>2010-10-19T21:38:53Z</Time>
            <AltitudeMeters>0.0</AltitudeMeters>
            <HeartRateBpm>
              <Value>0</Value>
            </HeartRateBpm>
            <Cadence>88</Cadence>
            <DistanceMeters>33321.80468</DistanceMeters>
            <Extensions>
              <TPX xmlns="http://www.garmin.com/xmlschemas/ActivityExtension/v2">
                <Watts>153</Watts>
              </TPX>
            </Extensions>
          </Trackpoint>
          <Trackpoint>
            <Time>2010-10-19T21:38:55Z</Time>
            <AltitudeMeters>0.0</AltitudeMeters>
            <HeartRateBpm>
              <Value>0</Value>
            </HeartRateBpm>
            <Cadence>89</Cadence>
            <DistanceMeters>33348.07378</DistanceMeters>
            <Extensions>
              <TPX xmlns="http://www.garmin.com/xmlschemas/ActivityExtension/v2">
                <Watts>148</Watts>
              </TPX>
            </Extensions>
          </Trackpoint>
          <Trackpoint>
            <Time>2010-10-19T21:38:57Z</Time>
            <AltitudeMeters>0.0</AltitudeMeters>
            <HeartRateBpm>
              <Value>0</Value>
            </HeartRateBpm>
            <Cadence>87</Cadence>
            <DistanceMeters>33374.29707</DistanceMeters>
            <Extensions>
              <TPX xmlns="http://www.garmin.com/xmlschemas/ActivityExtension/v2">
                <Watts>145</Watts>
              </TPX>
            </Extensions>
          </Trackpoint>
          <Trackpoint>
            <Time>2010-10-19T21:38:59Z</Time>
            <AltitudeMeters>0.0</AltitudeMeters>
            <HeartRateBpm>
              <Value>0</Value>
            </HeartRateBpm>
            <Cadence>89</Cadence>
            <DistanceMeters>33400.56936</DistanceMeters>
            <Extensions>
              <TPX xmlns="http://www.garmin.com/xmlschemas/ActivityExtension/v2">
                <Watts>151</Watts>
              </TPX>
            </Extensions>
          </Trackpoint>
          <Trackpoint>
            <Time>2010-10-19T21:39:01Z</Time>
            <AltitudeMeters>0.0</AltitudeMeters>
            <HeartRateBpm>
              <Value>0</Value>
            </HeartRateBpm>
            <Cadence>89</Cadence>
            <DistanceMeters>33426.86625</DistanceMeters>
            <Extensions>
              <TPX xmlns="http://www.garmin.com/xmlschemas/ActivityExtension/v2">
                <Watts>150</Watts>
              </TPX>
            </Extensions>
          </Trackpoint>
          <Trackpoint>
            <Time>2010-10-19T21:39:03Z</Time>
            <AltitudeMeters>0.0</AltitudeMeters>
            <HeartRateBpm>
              <Value>0</Value>
            </HeartRateBpm>
            <Cadence>90</Cadence>
            <DistanceMeters>33453.19683</DistanceMeters>
            <Extensions>
              <TPX xmlns="http://www.garmin.com/xmlschemas/ActivityExtension/v2">
                <Watts>151</Watts>
              </TPX>
            </Extensions>
          </Trackpoint>
          <Trackpoint>
            <Time>2010-10-19T21:39:05Z</Time>
            <AltitudeMeters>0.0</AltitudeMeters>
            <HeartRateBpm>
              <Value>0</Value>
            </HeartRateBpm>
            <Cadence>93</Cadence>
            <DistanceMeters>33479.69533</DistanceMeters>
            <Extensions>
              <TPX xmlns="http://www.garmin.com/xmlschemas/ActivityExtension/v2">
                <Watts>161</Watts>
              </TPX>
            </Extensions>
          </Trackpoint>
          <Trackpoint>
            <Time>2010-10-19T21:39:07Z</Time>
            <AltitudeMeters>0.0</AltitudeMeters>
            <HeartRateBpm>
              <Value>0</Value>
            </HeartRateBpm>
            <Cadence>94</Cadence>
            <DistanceMeters>33507.07261</DistanceMeters>
            <Extensions>
              <TPX xmlns="http://www.garmin.com/xmlschemas/ActivityExtension/v2">
                <Watts>215</Watts>
              </TPX>
            </Extensions>
          </Trackpoint>
          <Trackpoint>
            <Time>2010-10-19T21:39:09Z</Time>
            <AltitudeMeters>0.0</AltitudeMeters>
            <HeartRateBpm>
              <Value>0</Value>
            </HeartRateBpm>
            <Cadence>94</Cadence>
            <DistanceMeters>33535.16334</DistanceMeters>
            <Extensions>
              <TPX xmlns="http://www.garmin.com/xmlschemas/ActivityExtension/v2">
                <Watts>218</Watts>
              </TPX>
            </Extensions>
          </Trackpoint>
          <Trackpoint>
            <Time>2010-10-19T21:39:11Z</Time>
            <AltitudeMeters>0.0</AltitudeMeters>
            <HeartRateBpm>
              <Value>0</Value>
            </HeartRateBpm>
            <Cadence>93</Cadence>
            <DistanceMeters>33563.78746</DistanceMeters>
            <Extensions>
              <TPX xmlns="http://www.garmin.com/xmlschemas/ActivityExtension/v2">
                <Watts>217</Watts>
              </TPX>
            </Extensions>
          </Trackpoint>
          <Trackpoint>
            <Time>2010-10-19T21:39:13Z</Time>
            <AltitudeMeters>0.0</AltitudeMeters>
            <HeartRateBpm>
              <Value>0</Value>
            </HeartRateBpm>
            <Cadence>91</Cadence>
            <DistanceMeters>33592.71731</DistanceMeters>
            <Extensions>
              <TPX xmlns="http://www.garmin.com/xmlschemas/ActivityExtension/v2">
                <Watts>209</Watts>
              </TPX>
            </Extensions>
          </Trackpoint>
          <Trackpoint>
            <Time>2010-10-19T21:39:15Z</Time>
            <AltitudeMeters>0.0</AltitudeMeters>
            <HeartRateBpm>
              <Value>0</Value>
            </HeartRateBpm>
            <Cadence>90</Cadence>
            <DistanceMeters>33621.86946</DistanceMeters>
            <Extensions>
              <TPX xmlns="http://www.garmin.com/xmlschemas/ActivityExtension/v2">
                <Watts>208</Watts>
              </TPX>
            </Extensions>
          </Trackpoint>
          <Trackpoint>
            <Time>2010-10-19T21:39:17Z</Time>
            <AltitudeMeters>0.0</AltitudeMeters>
            <HeartRateBpm>
              <Value>0</Value>
            </HeartRateBpm>
            <Cadence>88</Cadence>
            <DistanceMeters>33651.11617</DistanceMeters>
            <Extensions>
              <TPX xmlns="http://www.garmin.com/xmlschemas/ActivityExtension/v2">
                <Watts>202</Watts>
              </TPX>
            </Extensions>
          </Trackpoint>
          <Trackpoint>
            <Time>2010-10-19T21:39:19Z</Time>
            <AltitudeMeters>0.0</AltitudeMeters>
            <HeartRateBpm>
              <Value>0</Value>
            </HeartRateBpm>
            <Cadence>88</Cadence>
            <DistanceMeters>33680.41032</DistanceMeters>
            <Extensions>
              <TPX xmlns="http://www.garmin.com/xmlschemas/ActivityExtension/v2">
                <Watts>200</Watts>
              </TPX>
            </Extensions>
          </Trackpoint>
          <Trackpoint>
            <Time>2010-10-19T21:39:21Z</Time>
            <AltitudeMeters>0.0</AltitudeMeters>
            <HeartRateBpm>
              <Value>0</Value>
            </HeartRateBpm>
            <Cadence>89</Cadence>
            <DistanceMeters>33709.72836</DistanceMeters>
            <Extensions>
              <TPX xmlns="http://www.garmin.com/xmlschemas/ActivityExtension/v2">
                <Watts>199</Watts>
              </TPX>
            </Extensions>
          </Trackpoint>
          <Trackpoint>
            <Time>2010-10-19T21:39:23Z</Time>
            <AltitudeMeters>0.0</AltitudeMeters>
            <HeartRateBpm>
              <Value>0</Value>
            </HeartRateBpm>
            <Cadence>88</Cadence>
            <DistanceMeters>33739.07757</DistanceMeters>
            <Extensions>
              <TPX xmlns="http://www.garmin.com/xmlschemas/ActivityExtension/v2">
                <Watts>200</Watts>
              </TPX>
            </Extensions>
          </Trackpoint>
          <Trackpoint>
            <Time>2010-10-19T21:39:25Z</Time>
            <AltitudeMeters>0.0</AltitudeMeters>
            <HeartRateBpm>
              <Value>0</Value>
            </HeartRateBpm>
            <Cadence>91</Cadence>
            <DistanceMeters>33768.42541</DistanceMeters>
            <Extensions>
              <TPX xmlns="http://www.garmin.com/xmlschemas/ActivityExtension/v2">
                <Watts>198</Watts>
              </TPX>
            </Extensions>
          </Trackpoint>
          <Trackpoint>
            <Time>2010-10-19T21:39:27Z</Time>
            <AltitudeMeters>0.0</AltitudeMeters>
            <HeartRateBpm>
              <Value>0</Value>
            </HeartRateBpm>
            <Cadence>93</Cadence>
            <DistanceMeters>33797.88645</DistanceMeters>
            <Extensions>
              <TPX xmlns="http://www.garmin.com/xmlschemas/ActivityExtension/v2">
                <Watts>207</Watts>
              </TPX>
            </Extensions>
          </Trackpoint>
          <Trackpoint>
            <Time>2010-10-19T21:39:29Z</Time>
            <AltitudeMeters>0.0</AltitudeMeters>
            <HeartRateBpm>
              <Value>0</Value>
            </HeartRateBpm>
            <Cadence>94</Cadence>
            <DistanceMeters>33827.59840</DistanceMeters>
            <Extensions>
              <TPX xmlns="http://www.garmin.com/xmlschemas/ActivityExtension/v2">
                <Watts>220</Watts>
              </TPX>
            </Extensions>
          </Trackpoint>
          <Trackpoint>
            <Time>2010-10-19T21:39:31Z</Time>
            <AltitudeMeters>0.0</AltitudeMeters>
            <HeartRateBpm>
              <Value>0</Value>
            </HeartRateBpm>
            <Cadence>91</Cadence>
            <DistanceMeters>33857.35213</DistanceMeters>
            <Extensions>
              <TPX xmlns="http://www.garmin.com/xmlschemas/ActivityExtension/v2">
                <Watts>208</Watts>
              </TPX>
            </Extensions>
          </Trackpoint>
          <Trackpoint>
            <Time>2010-10-19T21:39:33Z</Time>
            <AltitudeMeters>0.0</AltitudeMeters>
            <HeartRateBpm>
              <Value>0</Value>
            </HeartRateBpm>
            <Cadence>90</Cadence>
            <DistanceMeters>33887.06270</DistanceMeters>
            <Extensions>
              <TPX xmlns="http://www.garmin.com/xmlschemas/ActivityExtension/v2">
                <Watts>202</Watts>
              </TPX>
            </Extensions>
          </Trackpoint>
          <Trackpoint>
            <Time>2010-10-19T21:39:35Z</Time>
            <AltitudeMeters>0.0</AltitudeMeters>
            <HeartRateBpm>
              <Value>0</Value>
            </HeartRateBpm>
            <Cadence>91</Cadence>
            <DistanceMeters>33916.75257</DistanceMeters>
            <Extensions>
              <TPX xmlns="http://www.garmin.com/xmlschemas/ActivityExtension/v2">
                <Watts>203</Watts>
              </TPX>
            </Extensions>
          </Trackpoint>
          <Trackpoint>
            <Time>2010-10-19T21:39:37Z</Time>
            <AltitudeMeters>0.0</AltitudeMeters>
            <HeartRateBpm>
              <Value>0</Value>
            </HeartRateBpm>
            <Cadence>90</Cadence>
            <DistanceMeters>33944.36728</DistanceMeters>
            <Extensions>
              <TPX xmlns="http://www.garmin.com/xmlschemas/ActivityExtension/v2">
                <Watts>45</Watts>
              </TPX>
            </Extensions>
          </Trackpoint>
          <Trackpoint>
            <Time>2010-10-19T21:39:39Z</Time>
            <AltitudeMeters>0.0</AltitudeMeters>
            <HeartRateBpm>
              <Value>0</Value>
            </HeartRateBpm>
            <Cadence>87</Cadence>
            <DistanceMeters>33970.24048</DistanceMeters>
            <Extensions>
              <TPX xmlns="http://www.garmin.com/xmlschemas/ActivityExtension/v2">
                <Watts>44</Watts>
              </TPX>
            </Extensions>
          </Trackpoint>
          <Trackpoint>
            <Time>2010-10-19T21:39:41Z</Time>
            <AltitudeMeters>0.0</AltitudeMeters>
            <HeartRateBpm>
              <Value>0</Value>
            </HeartRateBpm>
            <Cadence>87</Cadence>
            <DistanceMeters>33994.65058</DistanceMeters>
            <Extensions>
              <TPX xmlns="http://www.garmin.com/xmlschemas/ActivityExtension/v2">
                <Watts>44</Watts>
              </TPX>
            </Extensions>
          </Trackpoint>
          <Trackpoint>
            <Time>2010-10-19T21:39:43Z</Time>
            <AltitudeMeters>0.0</AltitudeMeters>
            <HeartRateBpm>
              <Value>0</Value>
            </HeartRateBpm>
            <Cadence>82</Cadence>
            <DistanceMeters>34018.86316</DistanceMeters>
            <Extensions>
              <TPX xmlns="http://www.garmin.com/xmlschemas/ActivityExtension/v2">
                <Watts>110</Watts>
              </TPX>
            </Extensions>
          </Trackpoint>
          <Trackpoint>
            <Time>2010-10-19T21:39:45Z</Time>
            <AltitudeMeters>0.0</AltitudeMeters>
            <HeartRateBpm>
              <Value>0</Value>
            </HeartRateBpm>
            <Cadence>74</Cadence>
            <DistanceMeters>34042.63438</DistanceMeters>
            <Extensions>
              <TPX xmlns="http://www.garmin.com/xmlschemas/ActivityExtension/v2">
                <Watts>92</Watts>
              </TPX>
            </Extensions>
          </Trackpoint>
          <Trackpoint>
            <Time>2010-10-19T21:39:47Z</Time>
            <AltitudeMeters>0.0</AltitudeMeters>
            <HeartRateBpm>
              <Value>0</Value>
            </HeartRateBpm>
            <Cadence>71</Cadence>
            <DistanceMeters>34065.93104</DistanceMeters>
            <Extensions>
              <TPX xmlns="http://www.garmin.com/xmlschemas/ActivityExtension/v2">
                <Watts>85</Watts>
              </TPX>
            </Extensions>
          </Trackpoint>
          <Trackpoint>
            <Time>2010-10-19T21:39:49Z</Time>
            <AltitudeMeters>0.0</AltitudeMeters>
            <HeartRateBpm>
              <Value>0</Value>
            </HeartRateBpm>
            <Cadence>67</Cadence>
            <DistanceMeters>34088.70491</DistanceMeters>
            <Extensions>
              <TPX xmlns="http://www.garmin.com/xmlschemas/ActivityExtension/v2">
                <Watts>77</Watts>
              </TPX>
            </Extensions>
          </Trackpoint>
          <Trackpoint>
            <Time>2010-10-19T21:39:51Z</Time>
            <AltitudeMeters>0.0</AltitudeMeters>
            <HeartRateBpm>
              <Value>0</Value>
            </HeartRateBpm>
            <Cadence>63</Cadence>
            <DistanceMeters>34110.89328</DistanceMeters>
            <Extensions>
              <TPX xmlns="http://www.garmin.com/xmlschemas/ActivityExtension/v2">
                <Watts>68</Watts>
              </TPX>
            </Extensions>
          </Trackpoint>
          <Trackpoint>
            <Time>2010-10-19T21:39:53Z</Time>
            <AltitudeMeters>0.0</AltitudeMeters>
            <HeartRateBpm>
              <Value>0</Value>
            </HeartRateBpm>
            <Cadence>66</Cadence>
            <DistanceMeters>34132.64275</DistanceMeters>
            <Extensions>
              <TPX xmlns="http://www.garmin.com/xmlschemas/ActivityExtension/v2">
                <Watts>71</Watts>
              </TPX>
            </Extensions>
          </Trackpoint>
          <Trackpoint>
            <Time>2010-10-19T21:39:55Z</Time>
            <AltitudeMeters>0.0</AltitudeMeters>
            <HeartRateBpm>
              <Value>0</Value>
            </HeartRateBpm>
            <Cadence>65</Cadence>
            <DistanceMeters>34154.02522</DistanceMeters>
            <Extensions>
              <TPX xmlns="http://www.garmin.com/xmlschemas/ActivityExtension/v2">
                <Watts>71</Watts>
              </TPX>
            </Extensions>
          </Trackpoint>
          <Trackpoint>
            <Time>2010-10-19T21:39:57Z</Time>
            <AltitudeMeters>0.0</AltitudeMeters>
            <HeartRateBpm>
              <Value>0</Value>
            </HeartRateBpm>
            <Cadence>64</Cadence>
            <DistanceMeters>34175.10072</DistanceMeters>
            <Extensions>
              <TPX xmlns="http://www.garmin.com/xmlschemas/ActivityExtension/v2">
                <Watts>71</Watts>
              </TPX>
            </Extensions>
          </Trackpoint>
          <Trackpoint>
            <Time>2010-10-19T21:39:59Z</Time>
            <AltitudeMeters>0.0</AltitudeMeters>
            <HeartRateBpm>
              <Value>0</Value>
            </HeartRateBpm>
            <Cadence>61</Cadence>
            <DistanceMeters>34195.77543</DistanceMeters>
            <Extensions>
              <TPX xmlns="http://www.garmin.com/xmlschemas/ActivityExtension/v2">
                <Watts>63</Watts>
              </TPX>
            </Extensions>
          </Trackpoint>
          <Trackpoint>
            <Time>2010-10-19T21:40:01Z</Time>
            <AltitudeMeters>0.0</AltitudeMeters>
            <HeartRateBpm>
              <Value>0</Value>
            </HeartRateBpm>
            <Cadence>69</Cadence>
            <DistanceMeters>34216.13078</DistanceMeters>
            <Extensions>
              <TPX xmlns="http://www.garmin.com/xmlschemas/ActivityExtension/v2">
                <Watts>64</Watts>
              </TPX>
            </Extensions>
          </Trackpoint>
          <Trackpoint>
            <Time>2010-10-19T21:40:03Z</Time>
            <AltitudeMeters>0.0</AltitudeMeters>
            <HeartRateBpm>
              <Value>0</Value>
            </HeartRateBpm>
            <Cadence>61</Cadence>
            <DistanceMeters>34236.19863</DistanceMeters>
            <Extensions>
              <TPX xmlns="http://www.garmin.com/xmlschemas/ActivityExtension/v2">
                <Watts>63</Watts>
              </TPX>
            </Extensions>
          </Trackpoint>
          <Trackpoint>
            <Time>2010-10-19T21:40:05Z</Time>
            <AltitudeMeters>0.0</AltitudeMeters>
            <HeartRateBpm>
              <Value>0</Value>
            </HeartRateBpm>
            <Cadence>62</Cadence>
            <DistanceMeters>34256.02415</DistanceMeters>
            <Extensions>
              <TPX xmlns="http://www.garmin.com/xmlschemas/ActivityExtension/v2">
                <Watts>63</Watts>
              </TPX>
            </Extensions>
          </Trackpoint>
          <Trackpoint>
            <Time>2010-10-19T21:40:07Z</Time>
            <AltitudeMeters>0.0</AltitudeMeters>
            <HeartRateBpm>
              <Value>0</Value>
            </HeartRateBpm>
            <Cadence>64</Cadence>
            <DistanceMeters>34275.68343</DistanceMeters>
            <Extensions>
              <TPX xmlns="http://www.garmin.com/xmlschemas/ActivityExtension/v2">
                <Watts>65</Watts>
              </TPX>
            </Extensions>
          </Trackpoint>
          <Trackpoint>
            <Time>2010-10-19T21:40:09Z</Time>
            <AltitudeMeters>0.0</AltitudeMeters>
            <HeartRateBpm>
              <Value>0</Value>
            </HeartRateBpm>
            <Cadence>65</Cadence>
            <DistanceMeters>34295.26014</DistanceMeters>
            <Extensions>
              <TPX xmlns="http://www.garmin.com/xmlschemas/ActivityExtension/v2">
                <Watts>68</Watts>
              </TPX>
            </Extensions>
          </Trackpoint>
          <Trackpoint>
            <Time>2010-10-19T21:40:11Z</Time>
            <AltitudeMeters>0.0</AltitudeMeters>
            <HeartRateBpm>
              <Value>0</Value>
            </HeartRateBpm>
            <Cadence>64</Cadence>
            <DistanceMeters>34314.78674</DistanceMeters>
            <Extensions>
              <TPX xmlns="http://www.garmin.com/xmlschemas/ActivityExtension/v2">
                <Watts>69</Watts>
              </TPX>
            </Extensions>
          </Trackpoint>
          <Trackpoint>
            <Time>2010-10-19T21:40:13Z</Time>
            <AltitudeMeters>0.0</AltitudeMeters>
            <HeartRateBpm>
              <Value>0</Value>
            </HeartRateBpm>
            <Cadence>63</Cadence>
            <DistanceMeters>34334.21379</DistanceMeters>
            <Extensions>
              <TPX xmlns="http://www.garmin.com/xmlschemas/ActivityExtension/v2">
                <Watts>66</Watts>
              </TPX>
            </Extensions>
          </Trackpoint>
          <Trackpoint>
            <Time>2010-10-19T21:40:15Z</Time>
            <AltitudeMeters>0.0</AltitudeMeters>
            <HeartRateBpm>
              <Value>0</Value>
            </HeartRateBpm>
            <Cadence>63</Cadence>
            <DistanceMeters>34353.57647</DistanceMeters>
            <Extensions>
              <TPX xmlns="http://www.garmin.com/xmlschemas/ActivityExtension/v2">
                <Watts>67</Watts>
              </TPX>
            </Extensions>
          </Trackpoint>
          <Trackpoint>
            <Time>2010-10-19T21:40:17Z</Time>
            <AltitudeMeters>0.0</AltitudeMeters>
            <HeartRateBpm>
              <Value>0</Value>
            </HeartRateBpm>
            <Cadence>61</Cadence>
            <DistanceMeters>34372.84642</DistanceMeters>
            <Extensions>
              <TPX xmlns="http://www.garmin.com/xmlschemas/ActivityExtension/v2">
                <Watts>65</Watts>
              </TPX>
            </Extensions>
          </Trackpoint>
          <Trackpoint>
            <Time>2010-10-19T21:40:19Z</Time>
            <AltitudeMeters>0.0</AltitudeMeters>
            <HeartRateBpm>
              <Value>0</Value>
            </HeartRateBpm>
            <Cadence>63</Cadence>
            <DistanceMeters>34392.01892</DistanceMeters>
            <Extensions>
              <TPX xmlns="http://www.garmin.com/xmlschemas/ActivityExtension/v2">
                <Watts>64</Watts>
              </TPX>
            </Extensions>
          </Trackpoint>
          <Trackpoint>
            <Time>2010-10-19T21:40:21Z</Time>
            <AltitudeMeters>0.0</AltitudeMeters>
            <HeartRateBpm>
              <Value>0</Value>
            </HeartRateBpm>
            <Cadence>73</Cadence>
            <DistanceMeters>34411.61122</DistanceMeters>
            <Extensions>
              <TPX xmlns="http://www.garmin.com/xmlschemas/ActivityExtension/v2">
                <Watts>90</Watts>
              </TPX>
            </Extensions>
          </Trackpoint>
          <Trackpoint>
            <Time>2010-10-19T21:40:23Z</Time>
            <AltitudeMeters>0.0</AltitudeMeters>
            <HeartRateBpm>
              <Value>0</Value>
            </HeartRateBpm>
            <Cadence>63</Cadence>
            <DistanceMeters>34433.04598</DistanceMeters>
            <Extensions>
              <TPX xmlns="http://www.garmin.com/xmlschemas/ActivityExtension/v2">
                <Watts>173</Watts>
              </TPX>
            </Extensions>
          </Trackpoint>
          <Trackpoint>
            <Time>2010-10-19T21:40:25Z</Time>
            <AltitudeMeters>0.0</AltitudeMeters>
            <HeartRateBpm>
              <Value>0</Value>
            </HeartRateBpm>
            <Cadence>77</Cadence>
            <DistanceMeters>34461.90393</DistanceMeters>
            <Extensions>
              <TPX xmlns="http://www.garmin.com/xmlschemas/ActivityExtension/v2">
                <Watts>589</Watts>
              </TPX>
            </Extensions>
          </Trackpoint>
          <Trackpoint>
            <Time>2010-10-19T21:40:27Z</Time>
            <AltitudeMeters>0.0</AltitudeMeters>
            <HeartRateBpm>
              <Value>0</Value>
            </HeartRateBpm>
            <Cadence>76</Cadence>
            <DistanceMeters>34495.52461</DistanceMeters>
            <Extensions>
              <TPX xmlns="http://www.garmin.com/xmlschemas/ActivityExtension/v2">
                <Watts>588</Watts>
              </TPX>
            </Extensions>
          </Trackpoint>
          <Trackpoint>
            <Time>2010-10-19T21:40:29Z</Time>
            <AltitudeMeters>0.0</AltitudeMeters>
            <HeartRateBpm>
              <Value>0</Value>
            </HeartRateBpm>
            <Cadence>81</Cadence>
            <DistanceMeters>34533.01533</DistanceMeters>
            <Extensions>
              <TPX xmlns="http://www.garmin.com/xmlschemas/ActivityExtension/v2">
                <Watts>654</Watts>
              </TPX>
            </Extensions>
          </Trackpoint>
          <Trackpoint>
            <Time>2010-10-19T21:40:31Z</Time>
            <AltitudeMeters>0.0</AltitudeMeters>
            <HeartRateBpm>
              <Value>0</Value>
            </HeartRateBpm>
            <Cadence>83</Cadence>
            <DistanceMeters>34573.59539</DistanceMeters>
            <Extensions>
              <TPX xmlns="http://www.garmin.com/xmlschemas/ActivityExtension/v2">
                <Watts>708</Watts>
              </TPX>
            </Extensions>
          </Trackpoint>
          <Trackpoint>
            <Time>2010-10-19T21:40:33Z</Time>
            <AltitudeMeters>0.0</AltitudeMeters>
            <HeartRateBpm>
              <Value>0</Value>
            </HeartRateBpm>
            <Cadence>82</Cadence>
            <DistanceMeters>34615.88750</DistanceMeters>
            <Extensions>
              <TPX xmlns="http://www.garmin.com/xmlschemas/ActivityExtension/v2">
                <Watts>670</Watts>
              </TPX>
            </Extensions>
          </Trackpoint>
          <Trackpoint>
            <Time>2010-10-19T21:40:35Z</Time>
            <AltitudeMeters>0.0</AltitudeMeters>
            <HeartRateBpm>
              <Value>0</Value>
            </HeartRateBpm>
            <Cadence>76</Cadence>
            <DistanceMeters>34658.58355</DistanceMeters>
            <Extensions>
              <TPX xmlns="http://www.garmin.com/xmlschemas/ActivityExtension/v2">
                <Watts>585</Watts>
              </TPX>
            </Extensions>
          </Trackpoint>
          <Trackpoint>
            <Time>2010-10-19T21:40:37Z</Time>
            <AltitudeMeters>0.0</AltitudeMeters>
            <HeartRateBpm>
              <Value>0</Value>
            </HeartRateBpm>
            <Cadence>76</Cadence>
            <DistanceMeters>34701.50072</DistanceMeters>
            <Extensions>
              <TPX xmlns="http://www.garmin.com/xmlschemas/ActivityExtension/v2">
                <Watts>579</Watts>
              </TPX>
            </Extensions>
          </Trackpoint>
          <Trackpoint>
            <Time>2010-10-19T21:40:39Z</Time>
            <AltitudeMeters>0.0</AltitudeMeters>
            <HeartRateBpm>
              <Value>0</Value>
            </HeartRateBpm>
            <Cadence>73</Cadence>
            <DistanceMeters>34744.44601</DistanceMeters>
            <Extensions>
              <TPX xmlns="http://www.garmin.com/xmlschemas/ActivityExtension/v2">
                <Watts>565</Watts>
              </TPX>
            </Extensions>
          </Trackpoint>
          <Trackpoint>
            <Time>2010-10-19T21:40:41Z</Time>
            <AltitudeMeters>0.0</AltitudeMeters>
            <HeartRateBpm>
              <Value>0</Value>
            </HeartRateBpm>
            <Cadence>71</Cadence>
            <DistanceMeters>34784.11230</DistanceMeters>
            <Extensions>
              <TPX xmlns="http://www.garmin.com/xmlschemas/ActivityExtension/v2">
                <Watts>200</Watts>
              </TPX>
            </Extensions>
          </Trackpoint>
          <Trackpoint>
            <Time>2010-10-19T21:40:43Z</Time>
            <AltitudeMeters>0.0</AltitudeMeters>
            <HeartRateBpm>
              <Value>0</Value>
            </HeartRateBpm>
            <Cadence>86</Cadence>
            <DistanceMeters>34821.37790</DistanceMeters>
            <Extensions>
              <TPX xmlns="http://www.garmin.com/xmlschemas/ActivityExtension/v2">
                <Watts>203</Watts>
              </TPX>
            </Extensions>
          </Trackpoint>
          <Trackpoint>
            <Time>2010-10-19T21:40:45Z</Time>
            <AltitudeMeters>0.0</AltitudeMeters>
            <HeartRateBpm>
              <Value>0</Value>
            </HeartRateBpm>
            <Cadence>84</Cadence>
            <DistanceMeters>34857.51851</DistanceMeters>
            <Extensions>
              <TPX xmlns="http://www.garmin.com/xmlschemas/ActivityExtension/v2">
                <Watts>268</Watts>
              </TPX>
            </Extensions>
          </Trackpoint>
          <Trackpoint>
            <Time>2010-10-19T21:40:47Z</Time>
            <AltitudeMeters>0.0</AltitudeMeters>
            <HeartRateBpm>
              <Value>0</Value>
            </HeartRateBpm>
            <Cadence>82</Cadence>
            <DistanceMeters>34892.60161</DistanceMeters>
            <Extensions>
              <TPX xmlns="http://www.garmin.com/xmlschemas/ActivityExtension/v2">
                <Watts>247</Watts>
              </TPX>
            </Extensions>
          </Trackpoint>
          <Trackpoint>
            <Time>2010-10-19T21:40:49Z</Time>
            <AltitudeMeters>0.0</AltitudeMeters>
            <HeartRateBpm>
              <Value>0</Value>
            </HeartRateBpm>
            <Cadence>82</Cadence>
            <DistanceMeters>34926.32157</DistanceMeters>
            <Extensions>
              <TPX xmlns="http://www.garmin.com/xmlschemas/ActivityExtension/v2">
                <Watts>195</Watts>
              </TPX>
            </Extensions>
          </Trackpoint>
          <Trackpoint>
            <Time>2010-10-19T21:40:51Z</Time>
            <AltitudeMeters>0.0</AltitudeMeters>
            <HeartRateBpm>
              <Value>0</Value>
            </HeartRateBpm>
            <Cadence>84</Cadence>
            <DistanceMeters>34959.03327</DistanceMeters>
            <Extensions>
              <TPX xmlns="http://www.garmin.com/xmlschemas/ActivityExtension/v2">
                <Watts>198</Watts>
              </TPX>
            </Extensions>
          </Trackpoint>
          <Trackpoint>
            <Time>2010-10-19T21:40:53Z</Time>
            <AltitudeMeters>0.0</AltitudeMeters>
            <HeartRateBpm>
              <Value>0</Value>
            </HeartRateBpm>
            <Cadence>74</Cadence>
            <DistanceMeters>34990.31047</DistanceMeters>
            <Extensions>
              <TPX xmlns="http://www.garmin.com/xmlschemas/ActivityExtension/v2">
                <Watts>142</Watts>
              </TPX>
            </Extensions>
          </Trackpoint>
          <Trackpoint>
            <Time>2010-10-19T21:40:55Z</Time>
            <AltitudeMeters>0.0</AltitudeMeters>
            <HeartRateBpm>
              <Value>0</Value>
            </HeartRateBpm>
            <Cadence>85</Cadence>
            <DistanceMeters>35020.63304</DistanceMeters>
            <Extensions>
              <TPX xmlns="http://www.garmin.com/xmlschemas/ActivityExtension/v2">
                <Watts>156</Watts>
              </TPX>
            </Extensions>
          </Trackpoint>
          <Trackpoint>
            <Time>2010-10-19T21:40:57Z</Time>
            <AltitudeMeters>0.0</AltitudeMeters>
            <HeartRateBpm>
              <Value>0</Value>
            </HeartRateBpm>
            <Cadence>83</Cadence>
            <DistanceMeters>35050.42069</DistanceMeters>
            <Extensions>
              <TPX xmlns="http://www.garmin.com/xmlschemas/ActivityExtension/v2">
                <Watts>173</Watts>
              </TPX>
            </Extensions>
          </Trackpoint>
          <Trackpoint>
            <Time>2010-10-19T21:40:59Z</Time>
            <AltitudeMeters>0.0</AltitudeMeters>
            <HeartRateBpm>
              <Value>0</Value>
            </HeartRateBpm>
            <Cadence>79</Cadence>
            <DistanceMeters>35079.25228</DistanceMeters>
            <Extensions>
              <TPX xmlns="http://www.garmin.com/xmlschemas/ActivityExtension/v2">
                <Watts>131</Watts>
              </TPX>
            </Extensions>
          </Trackpoint>
          <Trackpoint>
            <Time>2010-10-19T21:41:01Z</Time>
            <AltitudeMeters>0.0</AltitudeMeters>
            <HeartRateBpm>
              <Value>0</Value>
            </HeartRateBpm>
            <Cadence>79</Cadence>
            <DistanceMeters>35107.30953</DistanceMeters>
            <Extensions>
              <TPX xmlns="http://www.garmin.com/xmlschemas/ActivityExtension/v2">
                <Watts>130</Watts>
              </TPX>
            </Extensions>
          </Trackpoint>
          <Trackpoint>
            <Time>2010-10-19T21:41:03Z</Time>
            <AltitudeMeters>0.0</AltitudeMeters>
            <HeartRateBpm>
              <Value>0</Value>
            </HeartRateBpm>
            <Cadence>81</Cadence>
            <DistanceMeters>35134.73519</DistanceMeters>
            <Extensions>
              <TPX xmlns="http://www.garmin.com/xmlschemas/ActivityExtension/v2">
                <Watts>129</Watts>
              </TPX>
            </Extensions>
          </Trackpoint>
          <Trackpoint>
            <Time>2010-10-19T21:41:05Z</Time>
            <AltitudeMeters>0.0</AltitudeMeters>
            <HeartRateBpm>
              <Value>0</Value>
            </HeartRateBpm>
            <Cadence>82</Cadence>
            <DistanceMeters>35161.73892</DistanceMeters>
            <Extensions>
              <TPX xmlns="http://www.garmin.com/xmlschemas/ActivityExtension/v2">
                <Watts>135</Watts>
              </TPX>
            </Extensions>
          </Trackpoint>
          <Trackpoint>
            <Time>2010-10-19T21:41:07Z</Time>
            <AltitudeMeters>0.0</AltitudeMeters>
            <HeartRateBpm>
              <Value>0</Value>
            </HeartRateBpm>
            <Cadence>82</Cadence>
            <DistanceMeters>35188.44797</DistanceMeters>
            <Extensions>
              <TPX xmlns="http://www.garmin.com/xmlschemas/ActivityExtension/v2">
                <Watts>138</Watts>
              </TPX>
            </Extensions>
          </Trackpoint>
          <Trackpoint>
            <Time>2010-10-19T21:41:09Z</Time>
            <AltitudeMeters>0.0</AltitudeMeters>
            <HeartRateBpm>
              <Value>0</Value>
            </HeartRateBpm>
            <Cadence>80</Cadence>
            <DistanceMeters>35214.83743</DistanceMeters>
            <Extensions>
              <TPX xmlns="http://www.garmin.com/xmlschemas/ActivityExtension/v2">
                <Watts>132</Watts>
              </TPX>
            </Extensions>
          </Trackpoint>
          <Trackpoint>
            <Time>2010-10-19T21:41:11Z</Time>
            <AltitudeMeters>0.0</AltitudeMeters>
            <HeartRateBpm>
              <Value>0</Value>
            </HeartRateBpm>
            <Cadence>79</Cadence>
            <DistanceMeters>35240.94269</DistanceMeters>
            <Extensions>
              <TPX xmlns="http://www.garmin.com/xmlschemas/ActivityExtension/v2">
                <Watts>130</Watts>
              </TPX>
            </Extensions>
          </Trackpoint>
          <Trackpoint>
            <Time>2010-10-19T21:41:13Z</Time>
            <AltitudeMeters>0.0</AltitudeMeters>
            <HeartRateBpm>
              <Value>0</Value>
            </HeartRateBpm>
            <Cadence>79</Cadence>
            <DistanceMeters>35266.79145</DistanceMeters>
            <Extensions>
              <TPX xmlns="http://www.garmin.com/xmlschemas/ActivityExtension/v2">
                <Watts>128</Watts>
              </TPX>
            </Extensions>
          </Trackpoint>
          <Trackpoint>
            <Time>2010-10-19T21:41:15Z</Time>
            <AltitudeMeters>0.0</AltitudeMeters>
            <HeartRateBpm>
              <Value>0</Value>
            </HeartRateBpm>
            <Cadence>78</Cadence>
            <DistanceMeters>35292.41992</DistanceMeters>
            <Extensions>
              <TPX xmlns="http://www.garmin.com/xmlschemas/ActivityExtension/v2">
                <Watts>127</Watts>
              </TPX>
            </Extensions>
          </Trackpoint>
          <Trackpoint>
            <Time>2010-10-19T21:41:17Z</Time>
            <AltitudeMeters>0.0</AltitudeMeters>
            <HeartRateBpm>
              <Value>0</Value>
            </HeartRateBpm>
            <Cadence>79</Cadence>
            <DistanceMeters>35317.85689</DistanceMeters>
            <Extensions>
              <TPX xmlns="http://www.garmin.com/xmlschemas/ActivityExtension/v2">
                <Watts>126</Watts>
              </TPX>
            </Extensions>
          </Trackpoint>
          <Trackpoint>
            <Time>2010-10-19T21:41:19Z</Time>
            <AltitudeMeters>0.0</AltitudeMeters>
            <HeartRateBpm>
              <Value>0</Value>
            </HeartRateBpm>
            <Cadence>77</Cadence>
            <DistanceMeters>35343.09570</DistanceMeters>
            <Extensions>
              <TPX xmlns="http://www.garmin.com/xmlschemas/ActivityExtension/v2">
                <Watts>123</Watts>
              </TPX>
            </Extensions>
          </Trackpoint>
          <Trackpoint>
            <Time>2010-10-19T21:41:21Z</Time>
            <AltitudeMeters>0.0</AltitudeMeters>
            <HeartRateBpm>
              <Value>0</Value>
            </HeartRateBpm>
            <Cadence>76</Cadence>
            <DistanceMeters>35368.16014</DistanceMeters>
            <Extensions>
              <TPX xmlns="http://www.garmin.com/xmlschemas/ActivityExtension/v2">
                <Watts>122</Watts>
              </TPX>
            </Extensions>
          </Trackpoint>
          <Trackpoint>
            <Time>2010-10-19T21:41:23Z</Time>
            <AltitudeMeters>0.0</AltitudeMeters>
            <HeartRateBpm>
              <Value>0</Value>
            </HeartRateBpm>
            <Cadence>79</Cadence>
            <DistanceMeters>35393.08415</DistanceMeters>
            <Extensions>
              <TPX xmlns="http://www.garmin.com/xmlschemas/ActivityExtension/v2">
                <Watts>122</Watts>
              </TPX>
            </Extensions>
          </Trackpoint>
          <Trackpoint>
            <Time>2010-10-19T21:41:25Z</Time>
            <AltitudeMeters>0.0</AltitudeMeters>
            <HeartRateBpm>
              <Value>0</Value>
            </HeartRateBpm>
            <Cadence>68</Cadence>
            <DistanceMeters>35417.77437</DistanceMeters>
            <Extensions>
              <TPX xmlns="http://www.garmin.com/xmlschemas/ActivityExtension/v2">
                <Watts>114</Watts>
              </TPX>
            </Extensions>
          </Trackpoint>
          <Trackpoint>
            <Time>2010-10-19T21:41:27Z</Time>
            <AltitudeMeters>0.0</AltitudeMeters>
            <HeartRateBpm>
              <Value>0</Value>
            </HeartRateBpm>
            <Cadence>75</Cadence>
            <DistanceMeters>35442.35141</DistanceMeters>
            <Extensions>
              <TPX xmlns="http://www.garmin.com/xmlschemas/ActivityExtension/v2">
                <Watts>119</Watts>
              </TPX>
            </Extensions>
          </Trackpoint>
          <Trackpoint>
            <Time>2010-10-19T21:41:29Z</Time>
            <AltitudeMeters>0.0</AltitudeMeters>
            <HeartRateBpm>
              <Value>0</Value>
            </HeartRateBpm>
            <Cadence>74</Cadence>
            <DistanceMeters>35466.80659</DistanceMeters>
            <Extensions>
              <TPX xmlns="http://www.garmin.com/xmlschemas/ActivityExtension/v2">
                <Watts>117</Watts>
              </TPX>
            </Extensions>
          </Trackpoint>
          <Trackpoint>
            <Time>2010-10-19T21:41:31Z</Time>
            <AltitudeMeters>0.0</AltitudeMeters>
            <HeartRateBpm>
              <Value>0</Value>
            </HeartRateBpm>
            <Cadence>73</Cadence>
            <DistanceMeters>35491.05577</DistanceMeters>
            <Extensions>
              <TPX xmlns="http://www.garmin.com/xmlschemas/ActivityExtension/v2">
                <Watts>110</Watts>
              </TPX>
            </Extensions>
          </Trackpoint>
          <Trackpoint>
            <Time>2010-10-19T21:41:33Z</Time>
            <AltitudeMeters>0.0</AltitudeMeters>
            <HeartRateBpm>
              <Value>0</Value>
            </HeartRateBpm>
            <Cadence>72</Cadence>
            <DistanceMeters>35515.13771</DistanceMeters>
            <Extensions>
              <TPX xmlns="http://www.garmin.com/xmlschemas/ActivityExtension/v2">
                <Watts>110</Watts>
              </TPX>
            </Extensions>
          </Trackpoint>
          <Trackpoint>
            <Time>2010-10-19T21:41:35Z</Time>
            <AltitudeMeters>0.0</AltitudeMeters>
            <HeartRateBpm>
              <Value>0</Value>
            </HeartRateBpm>
            <Cadence>72</Cadence>
            <DistanceMeters>35539.06830</DistanceMeters>
            <Extensions>
              <TPX xmlns="http://www.garmin.com/xmlschemas/ActivityExtension/v2">
                <Watts>109</Watts>
              </TPX>
            </Extensions>
          </Trackpoint>
          <Trackpoint>
            <Time>2010-10-19T21:41:37Z</Time>
            <AltitudeMeters>0.0</AltitudeMeters>
            <HeartRateBpm>
              <Value>0</Value>
            </HeartRateBpm>
            <Cadence>69</Cadence>
            <DistanceMeters>35562.84453</DistanceMeters>
            <Extensions>
              <TPX xmlns="http://www.garmin.com/xmlschemas/ActivityExtension/v2">
                <Watts>107</Watts>
              </TPX>
            </Extensions>
          </Trackpoint>
          <Trackpoint>
            <Time>2010-10-19T21:41:39Z</Time>
            <AltitudeMeters>0.0</AltitudeMeters>
            <HeartRateBpm>
              <Value>0</Value>
            </HeartRateBpm>
            <Cadence>65</Cadence>
            <DistanceMeters>35585.44589</DistanceMeters>
            <Extensions>
              <TPX xmlns="http://www.garmin.com/xmlschemas/ActivityExtension/v2">
                <Watts>42</Watts>
              </TPX>
            </Extensions>
          </Trackpoint>
          <Trackpoint>
            <Time>2010-10-19T21:41:41Z</Time>
            <AltitudeMeters>0.0</AltitudeMeters>
            <HeartRateBpm>
              <Value>0</Value>
            </HeartRateBpm>
            <Cadence>65</Cadence>
            <DistanceMeters>35606.87145</DistanceMeters>
            <Extensions>
              <TPX xmlns="http://www.garmin.com/xmlschemas/ActivityExtension/v2">
                <Watts>32</Watts>
              </TPX>
            </Extensions>
          </Trackpoint>
          <Trackpoint>
            <Time>2010-10-19T21:41:43Z</Time>
            <AltitudeMeters>0.0</AltitudeMeters>
            <HeartRateBpm>
              <Value>0</Value>
            </HeartRateBpm>
            <Cadence>59</Cadence>
            <DistanceMeters>35627.24508</DistanceMeters>
            <Extensions>
              <TPX xmlns="http://www.garmin.com/xmlschemas/ActivityExtension/v2">
                <Watts>30</Watts>
              </TPX>
            </Extensions>
          </Trackpoint>
          <Trackpoint>
            <Time>2010-10-19T21:41:45Z</Time>
            <AltitudeMeters>0.0</AltitudeMeters>
            <HeartRateBpm>
              <Value>0</Value>
            </HeartRateBpm>
            <Cadence>64</Cadence>
            <DistanceMeters>35646.72442</DistanceMeters>
            <Extensions>
              <TPX xmlns="http://www.garmin.com/xmlschemas/ActivityExtension/v2">
                <Watts>31</Watts>
              </TPX>
            </Extensions>
          </Trackpoint>
          <Trackpoint>
            <Time>2010-10-19T21:41:47Z</Time>
            <AltitudeMeters>0.0</AltitudeMeters>
            <HeartRateBpm>
              <Value>0</Value>
            </HeartRateBpm>
            <Cadence>42</Cadence>
            <DistanceMeters>35665.08316</DistanceMeters>
            <Extensions>
              <TPX xmlns="http://www.garmin.com/xmlschemas/ActivityExtension/v2">
                <Watts>14</Watts>
              </TPX>
            </Extensions>
          </Trackpoint>
          <Trackpoint>
            <Time>2010-10-19T21:41:49Z</Time>
            <AltitudeMeters>0.0</AltitudeMeters>
            <HeartRateBpm>
              <Value>0</Value>
            </HeartRateBpm>
            <Cadence>26</Cadence>
            <DistanceMeters>35682.25059</DistanceMeters>
            <Extensions>
              <TPX xmlns="http://www.garmin.com/xmlschemas/ActivityExtension/v2">
                <Watts>5</Watts>
              </TPX>
            </Extensions>
          </Trackpoint>
          <Trackpoint>
            <Time>2010-10-19T21:41:51Z</Time>
            <AltitudeMeters>0.0</AltitudeMeters>
            <HeartRateBpm>
              <Value>0</Value>
            </HeartRateBpm>
            <Cadence>17</Cadence>
            <DistanceMeters>35698.29431</DistanceMeters>
            <Extensions>
              <TPX xmlns="http://www.garmin.com/xmlschemas/ActivityExtension/v2">
                <Watts>3</Watts>
              </TPX>
            </Extensions>
          </Trackpoint>
          <Trackpoint>
            <Time>2010-10-19T21:41:53Z</Time>
            <AltitudeMeters>0.0</AltitudeMeters>
            <HeartRateBpm>
              <Value>0</Value>
            </HeartRateBpm>
            <Cadence>6</Cadence>
            <DistanceMeters>35713.28812</DistanceMeters>
            <Extensions>
              <TPX xmlns="http://www.garmin.com/xmlschemas/ActivityExtension/v2">
                <Watts>2</Watts>
              </TPX>
            </Extensions>
          </Trackpoint>
          <Trackpoint>
            <Time>2010-10-19T21:41:55Z</Time>
            <AltitudeMeters>0.0</AltitudeMeters>
            <HeartRateBpm>
              <Value>0</Value>
            </HeartRateBpm>
            <Cadence>6</Cadence>
            <DistanceMeters>35727.26394</DistanceMeters>
            <Extensions>
              <TPX xmlns="http://www.garmin.com/xmlschemas/ActivityExtension/v2">
                <Watts>0</Watts>
              </TPX>
            </Extensions>
          </Trackpoint>
          <Trackpoint>
            <Time>2010-10-19T21:41:57Z</Time>
            <AltitudeMeters>0.0</AltitudeMeters>
            <HeartRateBpm>
              <Value>0</Value>
            </HeartRateBpm>
            <Cadence>5</Cadence>
            <DistanceMeters>35740.29560</DistanceMeters>
            <Extensions>
              <TPX xmlns="http://www.garmin.com/xmlschemas/ActivityExtension/v2">
                <Watts>0</Watts>
              </TPX>
            </Extensions>
          </Trackpoint>
          <Trackpoint>
            <Time>2010-10-19T21:41:59Z</Time>
            <AltitudeMeters>0.0</AltitudeMeters>
            <HeartRateBpm>
              <Value>0</Value>
            </HeartRateBpm>
            <Cadence>0</Cadence>
            <DistanceMeters>35752.44681</DistanceMeters>
            <Extensions>
              <TPX xmlns="http://www.garmin.com/xmlschemas/ActivityExtension/v2">
                <Watts>0</Watts>
              </TPX>
            </Extensions>
          </Trackpoint>
        </Track>
      </Lap>
    </Activity>
  </Activities>
</TrainingCenterDatabase>
