<?xml version='1.0' encoding='utf-8'?>
<TrainingCenterDatabase xmlns:ns2="http://www.garmin.com/xmlschemas/UserProfile/v2" xmlns:ns3="http://www.garmin.com/xmlschemas/ActivityExtension/v2" xmlns:ns5="http://www.garmin.com/xmlschemas/ActivityGoals/v1" xmlns:xsi="http://www.w3.org/2001/XMLSchema-instance" xmlns="http://www.garmin.com/xmlschemas/TrainingCenterDatabase/v2" xsi:schemaLocation="http://www.garmin.com/xmlschemas/TrainingCenterDatabase/v2 http://www.garmin.com/xmlschemas/TrainingCenterDatabasev2.xsd">
  <Activities>
    <Activity Sport="Biking">
      <Id>2010-10-19T20:56:35Z</Id>
      <Lap StartTime="2010-10-19T20:56:35Z">
        <TotalTimeSeconds>4086</TotalTimeSeconds>
        <DistanceMeters>34632.99000</DistanceMeters>
        <MaximumSpeed>0</MaximumSpeed>
        <Calories>0</Calories>
        <AverageHeartRateBpm>
          <Value>0</Value>
        </AverageHeartRateBpm>
        <MaximumHeartRateBpm>
          <Value>0</Value>
        </MaximumHeartRateBpm>
        <Intensity>Active</Intensity>
        <Cadence>0</Cadence>
        <TriggerMethod>Manual</TriggerMethod>
        <Track>
          <Trackpoint>
            <Time>2010-10-19T20:56:35Z</Time>
            <AltitudeMeters>0.0</AltitudeMeters>
            <HeartRateBpm>
              <Value>0</Value>
            </HeartRateBpm>
            <Cadence>38</Cadence>
            <DistanceMeters>0.00000</DistanceMeters>
            <Extensions>
              <TPX xmlns="http://www.garmin.com/xmlschemas/ActivityExtension/v2">
                <Watts>30</Watts>
              </TPX>
            </Extensions>
          </Trackpoint>
          <Trackpoint>
            <Time>2010-10-19T20:56:38Z</Time>
            <AltitudeMeters>0.0</AltitudeMeters>
            <HeartRateBpm>
              <Value>0</Value>
            </HeartRateBpm>
            <Cadence>53</Cadence>
            <DistanceMeters>0.00000</DistanceMeters>
            <Extensions>
              <TPX xmlns="http://www.garmin.com/xmlschemas/ActivityExtension/v2">
                <Watts>23</Watts>
              </TPX>
            </Extensions>
          </Trackpoint>
          <Trackpoint>
            <Time>2010-10-19T20:56:41Z</Time>
            <AltitudeMeters>0.0</AltitudeMeters>
            <HeartRateBpm>
              <Value>0</Value>
            </HeartRateBpm>
            <Cadence>58</Cadence>
            <DistanceMeters>0.00000</DistanceMeters>
            <Extensions>
              <TPX xmlns="http://www.garmin.com/xmlschemas/ActivityExtension/v2">
                <Watts>23</Watts>
              </TPX>
            </Extensions>
          </Trackpoint>
          <Trackpoint>
            <Time>2010-10-19T20:56:44Z</Time>
            <AltitudeMeters>0.0</AltitudeMeters>
            <HeartRateBpm>
              <Value>0</Value>
            </HeartRateBpm>
            <Cadence>59</Cadence>
            <DistanceMeters>16.09000</DistanceMeters>
            <Extensions>
              <TPX xmlns="http://www.garmin.com/xmlschemas/ActivityExtension/v2">
                <Watts>27</Watts>
              </TPX>
            </Extensions>
          </Trackpoint>
          <Trackpoint>
            <Time>2010-10-19T20:56:47Z</Time>
            <AltitudeMeters>0.0</AltitudeMeters>
            <HeartRateBpm>
              <Value>0</Value>
            </HeartRateBpm>
            <Cadence>35</Cadence>
            <DistanceMeters>16.09000</DistanceMeters>
            <Extensions>
              <TPX xmlns="http://www.garmin.com/xmlschemas/ActivityExtension/v2">
                <Watts>26</Watts>
              </TPX>
            </Extensions>
          </Trackpoint>
          <Trackpoint>
            <Time>2010-10-19T20:56:50Z</Time>
            <AltitudeMeters>0.0</AltitudeMeters>
            <HeartRateBpm>
              <Value>0</Value>
            </HeartRateBpm>
            <Cadence>35</Cadence>
            <DistanceMeters>16.09000</DistanceMeters>
            <Extensions>
              <TPX xmlns="http://www.garmin.com/xmlschemas/ActivityExtension/v2">
                <Watts>10</Watts>
              </TPX>
            </Extensions>
          </Trackpoint>
          <Trackpoint>
            <Time>2010-10-19T20:56:53Z</Time>
            <AltitudeMeters>0.0</AltitudeMeters>
            <HeartRateBpm>
              <Value>0</Value>
            </HeartRateBpm>
            <Cadence>26</Cadence>
            <DistanceMeters>16.09000</DistanceMeters>
            <Extensions>
              <TPX xmlns="http://www.garmin.com/xmlschemas/ActivityExtension/v2">
                <Watts>9</Watts>
              </TPX>
            </Extensions>
          </Trackpoint>
          <Trackpoint>
            <Time>2010-10-19T20:56:56Z</Time>
            <AltitudeMeters>0.0</AltitudeMeters>
            <HeartRateBpm>
              <Value>0</Value>
            </HeartRateBpm>
            <Cadence>50</Cadence>
            <DistanceMeters>16.09000</DistanceMeters>
            <Extensions>
              <TPX xmlns="http://www.garmin.com/xmlschemas/ActivityExtension/v2">
                <Watts>10</Watts>
              </TPX>
            </Extensions>
          </Trackpoint>
          <Trackpoint>
            <Time>2010-10-19T20:56:59Z</Time>
            <AltitudeMeters>0.0</AltitudeMeters>
            <HeartRateBpm>
              <Value>0</Value>
            </HeartRateBpm>
            <Cadence>59</Cadence>
            <DistanceMeters>16.09000</DistanceMeters>
            <Extensions>
              <TPX xmlns="http://www.garmin.com/xmlschemas/ActivityExtension/v2">
                <Watts>28</Watts>
              </TPX>
            </Extensions>
          </Trackpoint>
          <Trackpoint>
            <Time>2010-10-19T20:57:02Z</Time>
            <AltitudeMeters>0.0</AltitudeMeters>
            <HeartRateBpm>
              <Value>0</Value>
            </HeartRateBpm>
            <Cadence>60</Cadence>
            <DistanceMeters>32.18000</DistanceMeters>
            <Extensions>
              <TPX xmlns="http://www.garmin.com/xmlschemas/ActivityExtension/v2">
                <Watts>28</Watts>
              </TPX>
            </Extensions>
          </Trackpoint>
          <Trackpoint>
            <Time>2010-10-19T20:57:05Z</Time>
            <AltitudeMeters>0.0</AltitudeMeters>
            <HeartRateBpm>
              <Value>0</Value>
            </HeartRateBpm>
            <Cadence>59</Cadence>
            <DistanceMeters>32.18000</DistanceMeters>
            <Extensions>
              <TPX xmlns="http://www.garmin.com/xmlschemas/ActivityExtension/v2">
                <Watts>28</Watts>
              </TPX>
            </Extensions>
          </Trackpoint>
          <Trackpoint>
            <Time>2010-10-19T20:57:08Z</Time>
            <AltitudeMeters>0.0</AltitudeMeters>
            <HeartRateBpm>
              <Value>0</Value>
            </HeartRateBpm>
            <Cadence>60</Cadence>
            <DistanceMeters>32.18000</DistanceMeters>
            <Extensions>
              <TPX xmlns="http://www.garmin.com/xmlschemas/ActivityExtension/v2">
                <Watts>28</Watts>
              </TPX>
            </Extensions>
          </Trackpoint>
          <Trackpoint>
            <Time>2010-10-19T20:57:11Z</Time>
            <AltitudeMeters>0.0</AltitudeMeters>
            <HeartRateBpm>
              <Value>0</Value>
            </HeartRateBpm>
            <Cadence>60</Cadence>
            <DistanceMeters>48.28000</DistanceMeters>
            <Extensions>
              <TPX xmlns="http://www.garmin.com/xmlschemas/ActivityExtension/v2">
                <Watts>28</Watts>
              </TPX>
            </Extensions>
          </Trackpoint>
          <Trackpoint>
            <Time>2010-10-19T20:57:14Z</Time>
            <AltitudeMeters>0.0</AltitudeMeters>
            <HeartRateBpm>
              <Value>0</Value>
            </HeartRateBpm>
            <Cadence>67</Cadence>
            <DistanceMeters>48.28000</DistanceMeters>
            <Extensions>
              <TPX xmlns="http://www.garmin.com/xmlschemas/ActivityExtension/v2">
                <Watts>36</Watts>
              </TPX>
            </Extensions>
          </Trackpoint>
          <Trackpoint>
            <Time>2010-10-19T20:57:17Z</Time>
            <AltitudeMeters>0.0</AltitudeMeters>
            <HeartRateBpm>
              <Value>0</Value>
            </HeartRateBpm>
            <Cadence>67</Cadence>
            <DistanceMeters>48.28000</DistanceMeters>
            <Extensions>
              <TPX xmlns="http://www.garmin.com/xmlschemas/ActivityExtension/v2">
                <Watts>36</Watts>
              </TPX>
            </Extensions>
          </Trackpoint>
          <Trackpoint>
            <Time>2010-10-19T20:57:20Z</Time>
            <AltitudeMeters>0.0</AltitudeMeters>
            <HeartRateBpm>
              <Value>0</Value>
            </HeartRateBpm>
            <Cadence>58</Cadence>
            <DistanceMeters>64.37000</DistanceMeters>
            <Extensions>
              <TPX xmlns="http://www.garmin.com/xmlschemas/ActivityExtension/v2">
                <Watts>35</Watts>
              </TPX>
            </Extensions>
          </Trackpoint>
          <Trackpoint>
            <Time>2010-10-19T20:57:23Z</Time>
            <AltitudeMeters>0.0</AltitudeMeters>
            <HeartRateBpm>
              <Value>0</Value>
            </HeartRateBpm>
            <Cadence>58</Cadence>
            <DistanceMeters>64.37000</DistanceMeters>
            <Extensions>
              <TPX xmlns="http://www.garmin.com/xmlschemas/ActivityExtension/v2">
                <Watts>26</Watts>
              </TPX>
            </Extensions>
          </Trackpoint>
          <Trackpoint>
            <Time>2010-10-19T20:57:26Z</Time>
            <AltitudeMeters>0.0</AltitudeMeters>
            <HeartRateBpm>
              <Value>0</Value>
            </HeartRateBpm>
            <Cadence>64</Cadence>
            <DistanceMeters>64.37000</DistanceMeters>
            <Extensions>
              <TPX xmlns="http://www.garmin.com/xmlschemas/ActivityExtension/v2">
                <Watts>33</Watts>
              </TPX>
            </Extensions>
          </Trackpoint>
          <Trackpoint>
            <Time>2010-10-19T20:57:29Z</Time>
            <AltitudeMeters>0.0</AltitudeMeters>
            <HeartRateBpm>
              <Value>0</Value>
            </HeartRateBpm>
            <Cadence>66</Cadence>
            <DistanceMeters>64.37000</DistanceMeters>
            <Extensions>
              <TPX xmlns="http://www.garmin.com/xmlschemas/ActivityExtension/v2">
                <Watts>33</Watts>
              </TPX>
            </Extensions>
          </Trackpoint>
          <Trackpoint>
            <Time>2010-10-19T20:57:32Z</Time>
            <AltitudeMeters>0.0</AltitudeMeters>
            <HeartRateBpm>
              <Value>0</Value>
            </HeartRateBpm>
            <Cadence>67</Cadence>
            <DistanceMeters>80.46000</DistanceMeters>
            <Extensions>
              <TPX xmlns="http://www.garmin.com/xmlschemas/ActivityExtension/v2">
                <Watts>34</Watts>
              </TPX>
            </Extensions>
          </Trackpoint>
          <Trackpoint>
            <Time>2010-10-19T20:57:35Z</Time>
            <AltitudeMeters>0.0</AltitudeMeters>
            <HeartRateBpm>
              <Value>0</Value>
            </HeartRateBpm>
            <Cadence>67</Cadence>
            <DistanceMeters>80.46000</DistanceMeters>
            <Extensions>
              <TPX xmlns="http://www.garmin.com/xmlschemas/ActivityExtension/v2">
                <Watts>35</Watts>
              </TPX>
            </Extensions>
          </Trackpoint>
          <Trackpoint>
            <Time>2010-10-19T20:57:38Z</Time>
            <AltitudeMeters>0.0</AltitudeMeters>
            <HeartRateBpm>
              <Value>0</Value>
            </HeartRateBpm>
            <Cadence>80</Cadence>
            <DistanceMeters>96.56000</DistanceMeters>
            <Extensions>
              <TPX xmlns="http://www.garmin.com/xmlschemas/ActivityExtension/v2">
                <Watts>37</Watts>
              </TPX>
            </Extensions>
          </Trackpoint>
          <Trackpoint>
            <Time>2010-10-19T20:57:41Z</Time>
            <AltitudeMeters>0.0</AltitudeMeters>
            <HeartRateBpm>
              <Value>0</Value>
            </HeartRateBpm>
            <Cadence>80</Cadence>
            <DistanceMeters>96.56000</DistanceMeters>
            <Extensions>
              <TPX xmlns="http://www.garmin.com/xmlschemas/ActivityExtension/v2">
                <Watts>52</Watts>
              </TPX>
            </Extensions>
          </Trackpoint>
          <Trackpoint>
            <Time>2010-10-19T20:57:44Z</Time>
            <AltitudeMeters>0.0</AltitudeMeters>
            <HeartRateBpm>
              <Value>0</Value>
            </HeartRateBpm>
            <Cadence>81</Cadence>
            <DistanceMeters>96.56000</DistanceMeters>
            <Extensions>
              <TPX xmlns="http://www.garmin.com/xmlschemas/ActivityExtension/v2">
                <Watts>52</Watts>
              </TPX>
            </Extensions>
          </Trackpoint>
          <Trackpoint>
            <Time>2010-10-19T20:57:47Z</Time>
            <AltitudeMeters>0.0</AltitudeMeters>
            <HeartRateBpm>
              <Value>0</Value>
            </HeartRateBpm>
            <Cadence>80</Cadence>
            <DistanceMeters>112.65000</DistanceMeters>
            <Extensions>
              <TPX xmlns="http://www.garmin.com/xmlschemas/ActivityExtension/v2">
                <Watts>52</Watts>
              </TPX>
            </Extensions>
          </Trackpoint>
          <Trackpoint>
            <Time>2010-10-19T20:57:50Z</Time>
            <AltitudeMeters>0.0</AltitudeMeters>
            <HeartRateBpm>
              <Value>0</Value>
            </HeartRateBpm>
            <Cadence>81</Cadence>
            <DistanceMeters>112.65000</DistanceMeters>
            <Extensions>
              <TPX xmlns="http://www.garmin.com/xmlschemas/ActivityExtension/v2">
                <Watts>64</Watts>
              </TPX>
            </Extensions>
          </Trackpoint>
          <Trackpoint>
            <Time>2010-10-19T20:57:53Z</Time>
            <AltitudeMeters>0.0</AltitudeMeters>
            <HeartRateBpm>
              <Value>0</Value>
            </HeartRateBpm>
            <Cadence>82</Cadence>
            <DistanceMeters>128.74000</DistanceMeters>
            <Extensions>
              <TPX xmlns="http://www.garmin.com/xmlschemas/ActivityExtension/v2">
                <Watts>124</Watts>
              </TPX>
            </Extensions>
          </Trackpoint>
          <Trackpoint>
            <Time>2010-10-19T20:57:56Z</Time>
            <AltitudeMeters>0.0</AltitudeMeters>
            <HeartRateBpm>
              <Value>0</Value>
            </HeartRateBpm>
            <Cadence>80</Cadence>
            <DistanceMeters>144.84000</DistanceMeters>
            <Extensions>
              <TPX xmlns="http://www.garmin.com/xmlschemas/ActivityExtension/v2">
                <Watts>104</Watts>
              </TPX>
            </Extensions>
          </Trackpoint>
          <Trackpoint>
            <Time>2010-10-19T20:57:59Z</Time>
            <AltitudeMeters>0.0</AltitudeMeters>
            <HeartRateBpm>
              <Value>0</Value>
            </HeartRateBpm>
            <Cadence>80</Cadence>
            <DistanceMeters>160.93000</DistanceMeters>
            <Extensions>
              <TPX xmlns="http://www.garmin.com/xmlschemas/ActivityExtension/v2">
                <Watts>103</Watts>
              </TPX>
            </Extensions>
          </Trackpoint>
          <Trackpoint>
            <Time>2010-10-19T20:58:02Z</Time>
            <AltitudeMeters>0.0</AltitudeMeters>
            <HeartRateBpm>
              <Value>0</Value>
            </HeartRateBpm>
            <Cadence>80</Cadence>
            <DistanceMeters>177.02000</DistanceMeters>
            <Extensions>
              <TPX xmlns="http://www.garmin.com/xmlschemas/ActivityExtension/v2">
                <Watts>100</Watts>
              </TPX>
            </Extensions>
          </Trackpoint>
          <Trackpoint>
            <Time>2010-10-19T20:58:05Z</Time>
            <AltitudeMeters>0.0</AltitudeMeters>
            <HeartRateBpm>
              <Value>0</Value>
            </HeartRateBpm>
            <Cadence>80</Cadence>
            <DistanceMeters>209.21000</DistanceMeters>
            <Extensions>
              <TPX xmlns="http://www.garmin.com/xmlschemas/ActivityExtension/v2">
                <Watts>101</Watts>
              </TPX>
            </Extensions>
          </Trackpoint>
          <Trackpoint>
            <Time>2010-10-19T20:58:08Z</Time>
            <AltitudeMeters>0.0</AltitudeMeters>
            <HeartRateBpm>
              <Value>0</Value>
            </HeartRateBpm>
            <Cadence>79</Cadence>
            <DistanceMeters>225.30000</DistanceMeters>
            <Extensions>
              <TPX xmlns="http://www.garmin.com/xmlschemas/ActivityExtension/v2">
                <Watts>103</Watts>
              </TPX>
            </Extensions>
          </Trackpoint>
          <Trackpoint>
            <Time>2010-10-19T20:58:11Z</Time>
            <AltitudeMeters>0.0</AltitudeMeters>
            <HeartRateBpm>
              <Value>0</Value>
            </HeartRateBpm>
            <Cadence>81</Cadence>
            <DistanceMeters>241.40000</DistanceMeters>
            <Extensions>
              <TPX xmlns="http://www.garmin.com/xmlschemas/ActivityExtension/v2">
                <Watts>101</Watts>
              </TPX>
            </Extensions>
          </Trackpoint>
          <Trackpoint>
            <Time>2010-10-19T20:58:14Z</Time>
            <AltitudeMeters>0.0</AltitudeMeters>
            <HeartRateBpm>
              <Value>0</Value>
            </HeartRateBpm>
            <Cadence>81</Cadence>
            <DistanceMeters>257.49000</DistanceMeters>
            <Extensions>
              <TPX xmlns="http://www.garmin.com/xmlschemas/ActivityExtension/v2">
                <Watts>105</Watts>
              </TPX>
            </Extensions>
          </Trackpoint>
          <Trackpoint>
            <Time>2010-10-19T20:58:17Z</Time>
            <AltitudeMeters>0.0</AltitudeMeters>
            <HeartRateBpm>
              <Value>0</Value>
            </HeartRateBpm>
            <Cadence>80</Cadence>
            <DistanceMeters>273.58000</DistanceMeters>
            <Extensions>
              <TPX xmlns="http://www.garmin.com/xmlschemas/ActivityExtension/v2">
                <Watts>104</Watts>
              </TPX>
            </Extensions>
          </Trackpoint>
          <Trackpoint>
            <Time>2010-10-19T20:58:20Z</Time>
            <AltitudeMeters>0.0</AltitudeMeters>
            <HeartRateBpm>
              <Value>0</Value>
            </HeartRateBpm>
            <Cadence>80</Cadence>
            <DistanceMeters>289.68000</DistanceMeters>
            <Extensions>
              <TPX xmlns="http://www.garmin.com/xmlschemas/ActivityExtension/v2">
                <Watts>103</Watts>
              </TPX>
            </Extensions>
          </Trackpoint>
          <Trackpoint>
            <Time>2010-10-19T20:58:23Z</Time>
            <AltitudeMeters>0.0</AltitudeMeters>
            <HeartRateBpm>
              <Value>0</Value>
            </HeartRateBpm>
            <Cadence>80</Cadence>
            <DistanceMeters>305.77000</DistanceMeters>
            <Extensions>
              <TPX xmlns="http://www.garmin.com/xmlschemas/ActivityExtension/v2">
                <Watts>103</Watts>
              </TPX>
            </Extensions>
          </Trackpoint>
          <Trackpoint>
            <Time>2010-10-19T20:58:26Z</Time>
            <AltitudeMeters>0.0</AltitudeMeters>
            <HeartRateBpm>
              <Value>0</Value>
            </HeartRateBpm>
            <Cadence>79</Cadence>
            <DistanceMeters>321.86000</DistanceMeters>
            <Extensions>
              <TPX xmlns="http://www.garmin.com/xmlschemas/ActivityExtension/v2">
                <Watts>102</Watts>
              </TPX>
            </Extensions>
          </Trackpoint>
          <Trackpoint>
            <Time>2010-10-19T20:58:29Z</Time>
            <AltitudeMeters>0.0</AltitudeMeters>
            <HeartRateBpm>
              <Value>0</Value>
            </HeartRateBpm>
            <Cadence>79</Cadence>
            <DistanceMeters>337.96000</DistanceMeters>
            <Extensions>
              <TPX xmlns="http://www.garmin.com/xmlschemas/ActivityExtension/v2">
                <Watts>101</Watts>
              </TPX>
            </Extensions>
          </Trackpoint>
          <Trackpoint>
            <Time>2010-10-19T20:58:32Z</Time>
            <AltitudeMeters>0.0</AltitudeMeters>
            <HeartRateBpm>
              <Value>0</Value>
            </HeartRateBpm>
            <Cadence>79</Cadence>
            <DistanceMeters>354.05000</DistanceMeters>
            <Extensions>
              <TPX xmlns="http://www.garmin.com/xmlschemas/ActivityExtension/v2">
                <Watts>107</Watts>
              </TPX>
            </Extensions>
          </Trackpoint>
          <Trackpoint>
            <Time>2010-10-19T20:58:35Z</Time>
            <AltitudeMeters>0.0</AltitudeMeters>
            <HeartRateBpm>
              <Value>0</Value>
            </HeartRateBpm>
            <Cadence>79</Cadence>
            <DistanceMeters>370.14000</DistanceMeters>
            <Extensions>
              <TPX xmlns="http://www.garmin.com/xmlschemas/ActivityExtension/v2">
                <Watts>99</Watts>
              </TPX>
            </Extensions>
          </Trackpoint>
          <Trackpoint>
            <Time>2010-10-19T20:58:38Z</Time>
            <AltitudeMeters>0.0</AltitudeMeters>
            <HeartRateBpm>
              <Value>0</Value>
            </HeartRateBpm>
            <Cadence>79</Cadence>
            <DistanceMeters>386.24000</DistanceMeters>
            <Extensions>
              <TPX xmlns="http://www.garmin.com/xmlschemas/ActivityExtension/v2">
                <Watts>99</Watts>
              </TPX>
            </Extensions>
          </Trackpoint>
          <Trackpoint>
            <Time>2010-10-19T20:58:41Z</Time>
            <AltitudeMeters>0.0</AltitudeMeters>
            <HeartRateBpm>
              <Value>0</Value>
            </HeartRateBpm>
            <Cadence>79</Cadence>
            <DistanceMeters>402.33000</DistanceMeters>
            <Extensions>
              <TPX xmlns="http://www.garmin.com/xmlschemas/ActivityExtension/v2">
                <Watts>99</Watts>
              </TPX>
            </Extensions>
          </Trackpoint>
          <Trackpoint>
            <Time>2010-10-19T20:58:44Z</Time>
            <AltitudeMeters>0.0</AltitudeMeters>
            <HeartRateBpm>
              <Value>0</Value>
            </HeartRateBpm>
            <Cadence>78</Cadence>
            <DistanceMeters>418.42000</DistanceMeters>
            <Extensions>
              <TPX xmlns="http://www.garmin.com/xmlschemas/ActivityExtension/v2">
                <Watts>98</Watts>
              </TPX>
            </Extensions>
          </Trackpoint>
          <Trackpoint>
            <Time>2010-10-19T20:58:47Z</Time>
            <AltitudeMeters>0.0</AltitudeMeters>
            <HeartRateBpm>
              <Value>0</Value>
            </HeartRateBpm>
            <Cadence>78</Cadence>
            <DistanceMeters>434.52000</DistanceMeters>
            <Extensions>
              <TPX xmlns="http://www.garmin.com/xmlschemas/ActivityExtension/v2">
                <Watts>97</Watts>
              </TPX>
            </Extensions>
          </Trackpoint>
          <Trackpoint>
            <Time>2010-10-19T20:58:50Z</Time>
            <AltitudeMeters>0.0</AltitudeMeters>
            <HeartRateBpm>
              <Value>0</Value>
            </HeartRateBpm>
            <Cadence>79</Cadence>
            <DistanceMeters>450.61000</DistanceMeters>
            <Extensions>
              <TPX xmlns="http://www.garmin.com/xmlschemas/ActivityExtension/v2">
                <Watts>97</Watts>
              </TPX>
            </Extensions>
          </Trackpoint>
          <Trackpoint>
            <Time>2010-10-19T20:58:53Z</Time>
            <AltitudeMeters>0.0</AltitudeMeters>
            <HeartRateBpm>
              <Value>0</Value>
            </HeartRateBpm>
            <Cadence>79</Cadence>
            <DistanceMeters>466.70000</DistanceMeters>
            <Extensions>
              <TPX xmlns="http://www.garmin.com/xmlschemas/ActivityExtension/v2">
                <Watts>98</Watts>
              </TPX>
            </Extensions>
          </Trackpoint>
          <Trackpoint>
            <Time>2010-10-19T20:58:56Z</Time>
            <AltitudeMeters>0.0</AltitudeMeters>
            <HeartRateBpm>
              <Value>0</Value>
            </HeartRateBpm>
            <Cadence>78</Cadence>
            <DistanceMeters>482.80000</DistanceMeters>
            <Extensions>
              <TPX xmlns="http://www.garmin.com/xmlschemas/ActivityExtension/v2">
                <Watts>98</Watts>
              </TPX>
            </Extensions>
          </Trackpoint>
          <Trackpoint>
            <Time>2010-10-19T20:58:59Z</Time>
            <AltitudeMeters>0.0</AltitudeMeters>
            <HeartRateBpm>
              <Value>0</Value>
            </HeartRateBpm>
            <Cadence>78</Cadence>
            <DistanceMeters>498.89000</DistanceMeters>
            <Extensions>
              <TPX xmlns="http://www.garmin.com/xmlschemas/ActivityExtension/v2">
                <Watts>97</Watts>
              </TPX>
            </Extensions>
          </Trackpoint>
          <Trackpoint>
            <Time>2010-10-19T20:59:02Z</Time>
            <AltitudeMeters>0.0</AltitudeMeters>
            <HeartRateBpm>
              <Value>0</Value>
            </HeartRateBpm>
            <Cadence>80</Cadence>
            <DistanceMeters>514.98000</DistanceMeters>
            <Extensions>
              <TPX xmlns="http://www.garmin.com/xmlschemas/ActivityExtension/v2">
                <Watts>97</Watts>
              </TPX>
            </Extensions>
          </Trackpoint>
          <Trackpoint>
            <Time>2010-10-19T20:59:05Z</Time>
            <AltitudeMeters>0.0</AltitudeMeters>
            <HeartRateBpm>
              <Value>0</Value>
            </HeartRateBpm>
            <Cadence>81</Cadence>
            <DistanceMeters>531.08000</DistanceMeters>
            <Extensions>
              <TPX xmlns="http://www.garmin.com/xmlschemas/ActivityExtension/v2">
                <Watts>100</Watts>
              </TPX>
            </Extensions>
          </Trackpoint>
          <Trackpoint>
            <Time>2010-10-19T20:59:08Z</Time>
            <AltitudeMeters>0.0</AltitudeMeters>
            <HeartRateBpm>
              <Value>0</Value>
            </HeartRateBpm>
            <Cadence>81</Cadence>
            <DistanceMeters>547.17000</DistanceMeters>
            <Extensions>
              <TPX xmlns="http://www.garmin.com/xmlschemas/ActivityExtension/v2">
                <Watts>104</Watts>
              </TPX>
            </Extensions>
          </Trackpoint>
          <Trackpoint>
            <Time>2010-10-19T20:59:11Z</Time>
            <AltitudeMeters>0.0</AltitudeMeters>
            <HeartRateBpm>
              <Value>0</Value>
            </HeartRateBpm>
            <Cadence>81</Cadence>
            <DistanceMeters>563.26000</DistanceMeters>
            <Extensions>
              <TPX xmlns="http://www.garmin.com/xmlschemas/ActivityExtension/v2">
                <Watts>110</Watts>
              </TPX>
            </Extensions>
          </Trackpoint>
          <Trackpoint>
            <Time>2010-10-19T20:59:14Z</Time>
            <AltitudeMeters>0.0</AltitudeMeters>
            <HeartRateBpm>
              <Value>0</Value>
            </HeartRateBpm>
            <Cadence>80</Cadence>
            <DistanceMeters>579.36000</DistanceMeters>
            <Extensions>
              <TPX xmlns="http://www.garmin.com/xmlschemas/ActivityExtension/v2">
                <Watts>109</Watts>
              </TPX>
            </Extensions>
          </Trackpoint>
          <Trackpoint>
            <Time>2010-10-19T20:59:17Z</Time>
            <AltitudeMeters>0.0</AltitudeMeters>
            <HeartRateBpm>
              <Value>0</Value>
            </HeartRateBpm>
            <Cadence>79</Cadence>
            <DistanceMeters>595.45000</DistanceMeters>
            <Extensions>
              <TPX xmlns="http://www.garmin.com/xmlschemas/ActivityExtension/v2">
                <Watts>106</Watts>
              </TPX>
            </Extensions>
          </Trackpoint>
          <Trackpoint>
            <Time>2010-10-19T20:59:20Z</Time>
            <AltitudeMeters>0.0</AltitudeMeters>
            <HeartRateBpm>
              <Value>0</Value>
            </HeartRateBpm>
            <Cadence>80</Cadence>
            <DistanceMeters>611.54000</DistanceMeters>
            <Extensions>
              <TPX xmlns="http://www.garmin.com/xmlschemas/ActivityExtension/v2">
                <Watts>106</Watts>
              </TPX>
            </Extensions>
          </Trackpoint>
          <Trackpoint>
            <Time>2010-10-19T20:59:23Z</Time>
            <AltitudeMeters>0.0</AltitudeMeters>
            <HeartRateBpm>
              <Value>0</Value>
            </HeartRateBpm>
            <Cadence>81</Cadence>
            <DistanceMeters>627.64000</DistanceMeters>
            <Extensions>
              <TPX xmlns="http://www.garmin.com/xmlschemas/ActivityExtension/v2">
                <Watts>108</Watts>
              </TPX>
            </Extensions>
          </Trackpoint>
          <Trackpoint>
            <Time>2010-10-19T20:59:26Z</Time>
            <AltitudeMeters>0.0</AltitudeMeters>
            <HeartRateBpm>
              <Value>0</Value>
            </HeartRateBpm>
            <Cadence>80</Cadence>
            <DistanceMeters>643.73000</DistanceMeters>
            <Extensions>
              <TPX xmlns="http://www.garmin.com/xmlschemas/ActivityExtension/v2">
                <Watts>109</Watts>
              </TPX>
            </Extensions>
          </Trackpoint>
          <Trackpoint>
            <Time>2010-10-19T20:59:29Z</Time>
            <AltitudeMeters>0.0</AltitudeMeters>
            <HeartRateBpm>
              <Value>0</Value>
            </HeartRateBpm>
            <Cadence>80</Cadence>
            <DistanceMeters>659.82000</DistanceMeters>
            <Extensions>
              <TPX xmlns="http://www.garmin.com/xmlschemas/ActivityExtension/v2">
                <Watts>107</Watts>
              </TPX>
            </Extensions>
          </Trackpoint>
          <Trackpoint>
            <Time>2010-10-19T20:59:32Z</Time>
            <AltitudeMeters>0.0</AltitudeMeters>
            <HeartRateBpm>
              <Value>0</Value>
            </HeartRateBpm>
            <Cadence>78</Cadence>
            <DistanceMeters>675.92000</DistanceMeters>
            <Extensions>
              <TPX xmlns="http://www.garmin.com/xmlschemas/ActivityExtension/v2">
                <Watts>104</Watts>
              </TPX>
            </Extensions>
          </Trackpoint>
          <Trackpoint>
            <Time>2010-10-19T20:59:35Z</Time>
            <AltitudeMeters>0.0</AltitudeMeters>
            <HeartRateBpm>
              <Value>0</Value>
            </HeartRateBpm>
            <Cadence>77</Cadence>
            <DistanceMeters>692.01000</DistanceMeters>
            <Extensions>
              <TPX xmlns="http://www.garmin.com/xmlschemas/ActivityExtension/v2">
                <Watts>94</Watts>
              </TPX>
            </Extensions>
          </Trackpoint>
          <Trackpoint>
            <Time>2010-10-19T20:59:38Z</Time>
            <AltitudeMeters>0.0</AltitudeMeters>
            <HeartRateBpm>
              <Value>0</Value>
            </HeartRateBpm>
            <Cadence>77</Cadence>
            <DistanceMeters>708.10000</DistanceMeters>
            <Extensions>
              <TPX xmlns="http://www.garmin.com/xmlschemas/ActivityExtension/v2">
                <Watts>101</Watts>
              </TPX>
            </Extensions>
          </Trackpoint>
          <Trackpoint>
            <Time>2010-10-19T20:59:41Z</Time>
            <AltitudeMeters>0.0</AltitudeMeters>
            <HeartRateBpm>
              <Value>0</Value>
            </HeartRateBpm>
            <Cadence>76</Cadence>
            <DistanceMeters>724.20000</DistanceMeters>
            <Extensions>
              <TPX xmlns="http://www.garmin.com/xmlschemas/ActivityExtension/v2">
                <Watts>92</Watts>
              </TPX>
            </Extensions>
          </Trackpoint>
          <Trackpoint>
            <Time>2010-10-19T20:59:44Z</Time>
            <AltitudeMeters>0.0</AltitudeMeters>
            <HeartRateBpm>
              <Value>0</Value>
            </HeartRateBpm>
            <Cadence>76</Cadence>
            <DistanceMeters>740.29000</DistanceMeters>
            <Extensions>
              <TPX xmlns="http://www.garmin.com/xmlschemas/ActivityExtension/v2">
                <Watts>98</Watts>
              </TPX>
            </Extensions>
          </Trackpoint>
          <Trackpoint>
            <Time>2010-10-19T20:59:47Z</Time>
            <AltitudeMeters>0.0</AltitudeMeters>
            <HeartRateBpm>
              <Value>0</Value>
            </HeartRateBpm>
            <Cadence>79</Cadence>
            <DistanceMeters>756.38000</DistanceMeters>
            <Extensions>
              <TPX xmlns="http://www.garmin.com/xmlschemas/ActivityExtension/v2">
                <Watts>97</Watts>
              </TPX>
            </Extensions>
          </Trackpoint>
          <Trackpoint>
            <Time>2010-10-19T20:59:50Z</Time>
            <AltitudeMeters>0.0</AltitudeMeters>
            <HeartRateBpm>
              <Value>0</Value>
            </HeartRateBpm>
            <Cadence>78</Cadence>
            <DistanceMeters>772.48000</DistanceMeters>
            <Extensions>
              <TPX xmlns="http://www.garmin.com/xmlschemas/ActivityExtension/v2">
                <Watts>104</Watts>
              </TPX>
            </Extensions>
          </Trackpoint>
          <Trackpoint>
            <Time>2010-10-19T20:59:53Z</Time>
            <AltitudeMeters>0.0</AltitudeMeters>
            <HeartRateBpm>
              <Value>0</Value>
            </HeartRateBpm>
            <Cadence>78</Cadence>
            <DistanceMeters>788.57000</DistanceMeters>
            <Extensions>
              <TPX xmlns="http://www.garmin.com/xmlschemas/ActivityExtension/v2">
                <Watts>118</Watts>
              </TPX>
            </Extensions>
          </Trackpoint>
          <Trackpoint>
            <Time>2010-10-19T20:59:56Z</Time>
            <AltitudeMeters>0.0</AltitudeMeters>
            <HeartRateBpm>
              <Value>0</Value>
            </HeartRateBpm>
            <Cadence>78</Cadence>
            <DistanceMeters>804.67000</DistanceMeters>
            <Extensions>
              <TPX xmlns="http://www.garmin.com/xmlschemas/ActivityExtension/v2">
                <Watts>102</Watts>
              </TPX>
            </Extensions>
          </Trackpoint>
          <Trackpoint>
            <Time>2010-10-19T20:59:59Z</Time>
            <AltitudeMeters>0.0</AltitudeMeters>
            <HeartRateBpm>
              <Value>0</Value>
            </HeartRateBpm>
            <Cadence>80</Cadence>
            <DistanceMeters>836.85000</DistanceMeters>
            <Extensions>
              <TPX xmlns="http://www.garmin.com/xmlschemas/ActivityExtension/v2">
                <Watts>103</Watts>
              </TPX>
            </Extensions>
          </Trackpoint>
          <Trackpoint>
            <Time>2010-10-19T21:00:02Z</Time>
            <AltitudeMeters>0.0</AltitudeMeters>
            <HeartRateBpm>
              <Value>0</Value>
            </HeartRateBpm>
            <Cadence>80</Cadence>
            <DistanceMeters>852.95000</DistanceMeters>
            <Extensions>
              <TPX xmlns="http://www.garmin.com/xmlschemas/ActivityExtension/v2">
                <Watts>76</Watts>
              </TPX>
            </Extensions>
          </Trackpoint>
          <Trackpoint>
            <Time>2010-10-19T21:00:05Z</Time>
            <AltitudeMeters>0.0</AltitudeMeters>
            <HeartRateBpm>
              <Value>0</Value>
            </HeartRateBpm>
            <Cadence>80</Cadence>
            <DistanceMeters>869.04000</DistanceMeters>
            <Extensions>
              <TPX xmlns="http://www.garmin.com/xmlschemas/ActivityExtension/v2">
                <Watts>105</Watts>
              </TPX>
            </Extensions>
          </Trackpoint>
          <Trackpoint>
            <Time>2010-10-19T21:00:08Z</Time>
            <AltitudeMeters>0.0</AltitudeMeters>
            <HeartRateBpm>
              <Value>0</Value>
            </HeartRateBpm>
            <Cadence>79</Cadence>
            <DistanceMeters>885.13000</DistanceMeters>
            <Extensions>
              <TPX xmlns="http://www.garmin.com/xmlschemas/ActivityExtension/v2">
                <Watts>104</Watts>
              </TPX>
            </Extensions>
          </Trackpoint>
          <Trackpoint>
            <Time>2010-10-19T21:00:11Z</Time>
            <AltitudeMeters>0.0</AltitudeMeters>
            <HeartRateBpm>
              <Value>0</Value>
            </HeartRateBpm>
            <Cadence>78</Cadence>
            <DistanceMeters>901.23000</DistanceMeters>
            <Extensions>
              <TPX xmlns="http://www.garmin.com/xmlschemas/ActivityExtension/v2">
                <Watts>103</Watts>
              </TPX>
            </Extensions>
          </Trackpoint>
          <Trackpoint>
            <Time>2010-10-19T21:00:14Z</Time>
            <AltitudeMeters>0.0</AltitudeMeters>
            <HeartRateBpm>
              <Value>0</Value>
            </HeartRateBpm>
            <Cadence>80</Cadence>
            <DistanceMeters>917.32000</DistanceMeters>
            <Extensions>
              <TPX xmlns="http://www.garmin.com/xmlschemas/ActivityExtension/v2">
                <Watts>102</Watts>
              </TPX>
            </Extensions>
          </Trackpoint>
          <Trackpoint>
            <Time>2010-10-19T21:00:17Z</Time>
            <AltitudeMeters>0.0</AltitudeMeters>
            <HeartRateBpm>
              <Value>0</Value>
            </HeartRateBpm>
            <Cadence>80</Cadence>
            <DistanceMeters>933.41000</DistanceMeters>
            <Extensions>
              <TPX xmlns="http://www.garmin.com/xmlschemas/ActivityExtension/v2">
                <Watts>104</Watts>
              </TPX>
            </Extensions>
          </Trackpoint>
          <Trackpoint>
            <Time>2010-10-19T21:00:20Z</Time>
            <AltitudeMeters>0.0</AltitudeMeters>
            <HeartRateBpm>
              <Value>0</Value>
            </HeartRateBpm>
            <Cadence>80</Cadence>
            <DistanceMeters>949.51000</DistanceMeters>
            <Extensions>
              <TPX xmlns="http://www.garmin.com/xmlschemas/ActivityExtension/v2">
                <Watts>106</Watts>
              </TPX>
            </Extensions>
          </Trackpoint>
          <Trackpoint>
            <Time>2010-10-19T21:00:23Z</Time>
            <AltitudeMeters>0.0</AltitudeMeters>
            <HeartRateBpm>
              <Value>0</Value>
            </HeartRateBpm>
            <Cadence>80</Cadence>
            <DistanceMeters>965.60000</DistanceMeters>
            <Extensions>
              <TPX xmlns="http://www.garmin.com/xmlschemas/ActivityExtension/v2">
                <Watts>106</Watts>
              </TPX>
            </Extensions>
          </Trackpoint>
          <Trackpoint>
            <Time>2010-10-19T21:00:26Z</Time>
            <AltitudeMeters>0.0</AltitudeMeters>
            <HeartRateBpm>
              <Value>0</Value>
            </HeartRateBpm>
            <Cadence>81</Cadence>
            <DistanceMeters>981.69000</DistanceMeters>
            <Extensions>
              <TPX xmlns="http://www.garmin.com/xmlschemas/ActivityExtension/v2">
                <Watts>106</Watts>
              </TPX>
            </Extensions>
          </Trackpoint>
          <Trackpoint>
            <Time>2010-10-19T21:00:29Z</Time>
            <AltitudeMeters>0.0</AltitudeMeters>
            <HeartRateBpm>
              <Value>0</Value>
            </HeartRateBpm>
            <Cadence>83</Cadence>
            <DistanceMeters>997.79000</DistanceMeters>
            <Extensions>
              <TPX xmlns="http://www.garmin.com/xmlschemas/ActivityExtension/v2">
                <Watts>108</Watts>
              </TPX>
            </Extensions>
          </Trackpoint>
          <Trackpoint>
            <Time>2010-10-19T21:00:32Z</Time>
            <AltitudeMeters>0.0</AltitudeMeters>
            <HeartRateBpm>
              <Value>0</Value>
            </HeartRateBpm>
            <Cadence>85</Cadence>
            <DistanceMeters>1013.88000</DistanceMeters>
            <Extensions>
              <TPX xmlns="http://www.garmin.com/xmlschemas/ActivityExtension/v2">
                <Watts>112</Watts>
              </TPX>
            </Extensions>
          </Trackpoint>
          <Trackpoint>
            <Time>2010-10-19T21:00:35Z</Time>
            <AltitudeMeters>0.0</AltitudeMeters>
            <HeartRateBpm>
              <Value>0</Value>
            </HeartRateBpm>
            <Cadence>86</Cadence>
            <DistanceMeters>1029.97000</DistanceMeters>
            <Extensions>
              <TPX xmlns="http://www.garmin.com/xmlschemas/ActivityExtension/v2">
                <Watts>117</Watts>
              </TPX>
            </Extensions>
          </Trackpoint>
          <Trackpoint>
            <Time>2010-10-19T21:00:38Z</Time>
            <AltitudeMeters>0.0</AltitudeMeters>
            <HeartRateBpm>
              <Value>0</Value>
            </HeartRateBpm>
            <Cadence>85</Cadence>
            <DistanceMeters>1046.07000</DistanceMeters>
            <Extensions>
              <TPX xmlns="http://www.garmin.com/xmlschemas/ActivityExtension/v2">
                <Watts>119</Watts>
              </TPX>
            </Extensions>
          </Trackpoint>
          <Trackpoint>
            <Time>2010-10-19T21:00:41Z</Time>
            <AltitudeMeters>0.0</AltitudeMeters>
            <HeartRateBpm>
              <Value>0</Value>
            </HeartRateBpm>
            <Cadence>84</Cadence>
            <DistanceMeters>1062.16000</DistanceMeters>
            <Extensions>
              <TPX xmlns="http://www.garmin.com/xmlschemas/ActivityExtension/v2">
                <Watts>117</Watts>
              </TPX>
            </Extensions>
          </Trackpoint>
          <Trackpoint>
            <Time>2010-10-19T21:00:44Z</Time>
            <AltitudeMeters>0.0</AltitudeMeters>
            <HeartRateBpm>
              <Value>0</Value>
            </HeartRateBpm>
            <Cadence>82</Cadence>
            <DistanceMeters>1094.35000</DistanceMeters>
            <Extensions>
              <TPX xmlns="http://www.garmin.com/xmlschemas/ActivityExtension/v2">
                <Watts>109</Watts>
              </TPX>
            </Extensions>
          </Trackpoint>
          <Trackpoint>
            <Time>2010-10-19T21:00:47Z</Time>
            <AltitudeMeters>0.0</AltitudeMeters>
            <HeartRateBpm>
              <Value>0</Value>
            </HeartRateBpm>
            <Cadence>82</Cadence>
            <DistanceMeters>1110.44000</DistanceMeters>
            <Extensions>
              <TPX xmlns="http://www.garmin.com/xmlschemas/ActivityExtension/v2">
                <Watts>109</Watts>
              </TPX>
            </Extensions>
          </Trackpoint>
          <Trackpoint>
            <Time>2010-10-19T21:00:50Z</Time>
            <AltitudeMeters>0.0</AltitudeMeters>
            <HeartRateBpm>
              <Value>0</Value>
            </HeartRateBpm>
            <Cadence>83</Cadence>
            <DistanceMeters>1126.53000</DistanceMeters>
            <Extensions>
              <TPX xmlns="http://www.garmin.com/xmlschemas/ActivityExtension/v2">
                <Watts>110</Watts>
              </TPX>
            </Extensions>
          </Trackpoint>
          <Trackpoint>
            <Time>2010-10-19T21:00:53Z</Time>
            <AltitudeMeters>0.0</AltitudeMeters>
            <HeartRateBpm>
              <Value>0</Value>
            </HeartRateBpm>
            <Cadence>80</Cadence>
            <DistanceMeters>1142.63000</DistanceMeters>
            <Extensions>
              <TPX xmlns="http://www.garmin.com/xmlschemas/ActivityExtension/v2">
                <Watts>110</Watts>
              </TPX>
            </Extensions>
          </Trackpoint>
          <Trackpoint>
            <Time>2010-10-19T21:00:56Z</Time>
            <AltitudeMeters>0.0</AltitudeMeters>
            <HeartRateBpm>
              <Value>0</Value>
            </HeartRateBpm>
            <Cadence>79</Cadence>
            <DistanceMeters>1158.72000</DistanceMeters>
            <Extensions>
              <TPX xmlns="http://www.garmin.com/xmlschemas/ActivityExtension/v2">
                <Watts>105</Watts>
              </TPX>
            </Extensions>
          </Trackpoint>
          <Trackpoint>
            <Time>2010-10-19T21:00:59Z</Time>
            <AltitudeMeters>0.0</AltitudeMeters>
            <HeartRateBpm>
              <Value>0</Value>
            </HeartRateBpm>
            <Cadence>80</Cadence>
            <DistanceMeters>1174.81000</DistanceMeters>
            <Extensions>
              <TPX xmlns="http://www.garmin.com/xmlschemas/ActivityExtension/v2">
                <Watts>105</Watts>
              </TPX>
            </Extensions>
          </Trackpoint>
          <Trackpoint>
            <Time>2010-10-19T21:01:02Z</Time>
            <AltitudeMeters>0.0</AltitudeMeters>
            <HeartRateBpm>
              <Value>0</Value>
            </HeartRateBpm>
            <Cadence>81</Cadence>
            <DistanceMeters>1190.91000</DistanceMeters>
            <Extensions>
              <TPX xmlns="http://www.garmin.com/xmlschemas/ActivityExtension/v2">
                <Watts>106</Watts>
              </TPX>
            </Extensions>
          </Trackpoint>
          <Trackpoint>
            <Time>2010-10-19T21:01:05Z</Time>
            <AltitudeMeters>0.0</AltitudeMeters>
            <HeartRateBpm>
              <Value>0</Value>
            </HeartRateBpm>
            <Cadence>80</Cadence>
            <DistanceMeters>1207.00000</DistanceMeters>
            <Extensions>
              <TPX xmlns="http://www.garmin.com/xmlschemas/ActivityExtension/v2">
                <Watts>107</Watts>
              </TPX>
            </Extensions>
          </Trackpoint>
          <Trackpoint>
            <Time>2010-10-19T21:01:08Z</Time>
            <AltitudeMeters>0.0</AltitudeMeters>
            <HeartRateBpm>
              <Value>0</Value>
            </HeartRateBpm>
            <Cadence>81</Cadence>
            <DistanceMeters>1223.09000</DistanceMeters>
            <Extensions>
              <TPX xmlns="http://www.garmin.com/xmlschemas/ActivityExtension/v2">
                <Watts>112</Watts>
              </TPX>
            </Extensions>
          </Trackpoint>
          <Trackpoint>
            <Time>2010-10-19T21:01:11Z</Time>
            <AltitudeMeters>0.0</AltitudeMeters>
            <HeartRateBpm>
              <Value>0</Value>
            </HeartRateBpm>
            <Cadence>83</Cadence>
            <DistanceMeters>1255.28000</DistanceMeters>
            <Extensions>
              <TPX xmlns="http://www.garmin.com/xmlschemas/ActivityExtension/v2">
                <Watts>109</Watts>
              </TPX>
            </Extensions>
          </Trackpoint>
          <Trackpoint>
            <Time>2010-10-19T21:01:14Z</Time>
            <AltitudeMeters>0.0</AltitudeMeters>
            <HeartRateBpm>
              <Value>0</Value>
            </HeartRateBpm>
            <Cadence>83</Cadence>
            <DistanceMeters>1271.37000</DistanceMeters>
            <Extensions>
              <TPX xmlns="http://www.garmin.com/xmlschemas/ActivityExtension/v2">
                <Watts>113</Watts>
              </TPX>
            </Extensions>
          </Trackpoint>
          <Trackpoint>
            <Time>2010-10-19T21:01:17Z</Time>
            <AltitudeMeters>0.0</AltitudeMeters>
            <HeartRateBpm>
              <Value>0</Value>
            </HeartRateBpm>
            <Cadence>81</Cadence>
            <DistanceMeters>1287.47000</DistanceMeters>
            <Extensions>
              <TPX xmlns="http://www.garmin.com/xmlschemas/ActivityExtension/v2">
                <Watts>113</Watts>
              </TPX>
            </Extensions>
          </Trackpoint>
          <Trackpoint>
            <Time>2010-10-19T21:01:20Z</Time>
            <AltitudeMeters>0.0</AltitudeMeters>
            <HeartRateBpm>
              <Value>0</Value>
            </HeartRateBpm>
            <Cadence>80</Cadence>
            <DistanceMeters>1303.56000</DistanceMeters>
            <Extensions>
              <TPX xmlns="http://www.garmin.com/xmlschemas/ActivityExtension/v2">
                <Watts>107</Watts>
              </TPX>
            </Extensions>
          </Trackpoint>
          <Trackpoint>
            <Time>2010-10-19T21:01:23Z</Time>
            <AltitudeMeters>0.0</AltitudeMeters>
            <HeartRateBpm>
              <Value>0</Value>
            </HeartRateBpm>
            <Cadence>81</Cadence>
            <DistanceMeters>1319.65000</DistanceMeters>
            <Extensions>
              <TPX xmlns="http://www.garmin.com/xmlschemas/ActivityExtension/v2">
                <Watts>106</Watts>
              </TPX>
            </Extensions>
          </Trackpoint>
          <Trackpoint>
            <Time>2010-10-19T21:01:26Z</Time>
            <AltitudeMeters>0.0</AltitudeMeters>
            <HeartRateBpm>
              <Value>0</Value>
            </HeartRateBpm>
            <Cadence>82</Cadence>
            <DistanceMeters>1335.75000</DistanceMeters>
            <Extensions>
              <TPX xmlns="http://www.garmin.com/xmlschemas/ActivityExtension/v2">
                <Watts>110</Watts>
              </TPX>
            </Extensions>
          </Trackpoint>
          <Trackpoint>
            <Time>2010-10-19T21:01:29Z</Time>
            <AltitudeMeters>0.0</AltitudeMeters>
            <HeartRateBpm>
              <Value>0</Value>
            </HeartRateBpm>
            <Cadence>81</Cadence>
            <DistanceMeters>1351.84000</DistanceMeters>
            <Extensions>
              <TPX xmlns="http://www.garmin.com/xmlschemas/ActivityExtension/v2">
                <Watts>109</Watts>
              </TPX>
            </Extensions>
          </Trackpoint>
          <Trackpoint>
            <Time>2010-10-19T21:01:32Z</Time>
            <AltitudeMeters>0.0</AltitudeMeters>
            <HeartRateBpm>
              <Value>0</Value>
            </HeartRateBpm>
            <Cadence>80</Cadence>
            <DistanceMeters>1367.93000</DistanceMeters>
            <Extensions>
              <TPX xmlns="http://www.garmin.com/xmlschemas/ActivityExtension/v2">
                <Watts>108</Watts>
              </TPX>
            </Extensions>
          </Trackpoint>
          <Trackpoint>
            <Time>2010-10-19T21:01:35Z</Time>
            <AltitudeMeters>0.0</AltitudeMeters>
            <HeartRateBpm>
              <Value>0</Value>
            </HeartRateBpm>
            <Cadence>81</Cadence>
            <DistanceMeters>1384.03000</DistanceMeters>
            <Extensions>
              <TPX xmlns="http://www.garmin.com/xmlschemas/ActivityExtension/v2">
                <Watts>107</Watts>
              </TPX>
            </Extensions>
          </Trackpoint>
          <Trackpoint>
            <Time>2010-10-19T21:01:38Z</Time>
            <AltitudeMeters>0.0</AltitudeMeters>
            <HeartRateBpm>
              <Value>0</Value>
            </HeartRateBpm>
            <Cadence>80</Cadence>
            <DistanceMeters>1400.12000</DistanceMeters>
            <Extensions>
              <TPX xmlns="http://www.garmin.com/xmlschemas/ActivityExtension/v2">
                <Watts>106</Watts>
              </TPX>
            </Extensions>
          </Trackpoint>
          <Trackpoint>
            <Time>2010-10-19T21:01:41Z</Time>
            <AltitudeMeters>0.0</AltitudeMeters>
            <HeartRateBpm>
              <Value>0</Value>
            </HeartRateBpm>
            <Cadence>80</Cadence>
            <DistanceMeters>1416.21000</DistanceMeters>
            <Extensions>
              <TPX xmlns="http://www.garmin.com/xmlschemas/ActivityExtension/v2">
                <Watts>106</Watts>
              </TPX>
            </Extensions>
          </Trackpoint>
          <Trackpoint>
            <Time>2010-10-19T21:01:44Z</Time>
            <AltitudeMeters>0.0</AltitudeMeters>
            <HeartRateBpm>
              <Value>0</Value>
            </HeartRateBpm>
            <Cadence>82</Cadence>
            <DistanceMeters>1448.40000</DistanceMeters>
            <Extensions>
              <TPX xmlns="http://www.garmin.com/xmlschemas/ActivityExtension/v2">
                <Watts>110</Watts>
              </TPX>
            </Extensions>
          </Trackpoint>
          <Trackpoint>
            <Time>2010-10-19T21:01:47Z</Time>
            <AltitudeMeters>0.0</AltitudeMeters>
            <HeartRateBpm>
              <Value>0</Value>
            </HeartRateBpm>
            <Cadence>80</Cadence>
            <DistanceMeters>1464.49000</DistanceMeters>
            <Extensions>
              <TPX xmlns="http://www.garmin.com/xmlschemas/ActivityExtension/v2">
                <Watts>109</Watts>
              </TPX>
            </Extensions>
          </Trackpoint>
          <Trackpoint>
            <Time>2010-10-19T21:01:50Z</Time>
            <AltitudeMeters>0.0</AltitudeMeters>
            <HeartRateBpm>
              <Value>0</Value>
            </HeartRateBpm>
            <Cadence>80</Cadence>
            <DistanceMeters>1480.59000</DistanceMeters>
            <Extensions>
              <TPX xmlns="http://www.garmin.com/xmlschemas/ActivityExtension/v2">
                <Watts>107</Watts>
              </TPX>
            </Extensions>
          </Trackpoint>
          <Trackpoint>
            <Time>2010-10-19T21:01:53Z</Time>
            <AltitudeMeters>0.0</AltitudeMeters>
            <HeartRateBpm>
              <Value>0</Value>
            </HeartRateBpm>
            <Cadence>81</Cadence>
            <DistanceMeters>1496.68000</DistanceMeters>
            <Extensions>
              <TPX xmlns="http://www.garmin.com/xmlschemas/ActivityExtension/v2">
                <Watts>106</Watts>
              </TPX>
            </Extensions>
          </Trackpoint>
          <Trackpoint>
            <Time>2010-10-19T21:01:56Z</Time>
            <AltitudeMeters>0.0</AltitudeMeters>
            <HeartRateBpm>
              <Value>0</Value>
            </HeartRateBpm>
            <Cadence>80</Cadence>
            <DistanceMeters>1512.77000</DistanceMeters>
            <Extensions>
              <TPX xmlns="http://www.garmin.com/xmlschemas/ActivityExtension/v2">
                <Watts>107</Watts>
              </TPX>
            </Extensions>
          </Trackpoint>
          <Trackpoint>
            <Time>2010-10-19T21:01:59Z</Time>
            <AltitudeMeters>0.0</AltitudeMeters>
            <HeartRateBpm>
              <Value>0</Value>
            </HeartRateBpm>
            <Cadence>79</Cadence>
            <DistanceMeters>1528.87000</DistanceMeters>
            <Extensions>
              <TPX xmlns="http://www.garmin.com/xmlschemas/ActivityExtension/v2">
                <Watts>106</Watts>
              </TPX>
            </Extensions>
          </Trackpoint>
          <Trackpoint>
            <Time>2010-10-19T21:02:02Z</Time>
            <AltitudeMeters>0.0</AltitudeMeters>
            <HeartRateBpm>
              <Value>0</Value>
            </HeartRateBpm>
            <Cadence>79</Cadence>
            <DistanceMeters>1544.96000</DistanceMeters>
            <Extensions>
              <TPX xmlns="http://www.garmin.com/xmlschemas/ActivityExtension/v2">
                <Watts>103</Watts>
              </TPX>
            </Extensions>
          </Trackpoint>
          <Trackpoint>
            <Time>2010-10-19T21:02:05Z</Time>
            <AltitudeMeters>0.0</AltitudeMeters>
            <HeartRateBpm>
              <Value>0</Value>
            </HeartRateBpm>
            <Cadence>79</Cadence>
            <DistanceMeters>1561.05000</DistanceMeters>
            <Extensions>
              <TPX xmlns="http://www.garmin.com/xmlschemas/ActivityExtension/v2">
                <Watts>102</Watts>
              </TPX>
            </Extensions>
          </Trackpoint>
          <Trackpoint>
            <Time>2010-10-19T21:02:08Z</Time>
            <AltitudeMeters>0.0</AltitudeMeters>
            <HeartRateBpm>
              <Value>0</Value>
            </HeartRateBpm>
            <Cadence>78</Cadence>
            <DistanceMeters>1577.15000</DistanceMeters>
            <Extensions>
              <TPX xmlns="http://www.garmin.com/xmlschemas/ActivityExtension/v2">
                <Watts>102</Watts>
              </TPX>
            </Extensions>
          </Trackpoint>
          <Trackpoint>
            <Time>2010-10-19T21:02:11Z</Time>
            <AltitudeMeters>0.0</AltitudeMeters>
            <HeartRateBpm>
              <Value>0</Value>
            </HeartRateBpm>
            <Cadence>80</Cadence>
            <DistanceMeters>1593.24000</DistanceMeters>
            <Extensions>
              <TPX xmlns="http://www.garmin.com/xmlschemas/ActivityExtension/v2">
                <Watts>103</Watts>
              </TPX>
            </Extensions>
          </Trackpoint>
          <Trackpoint>
            <Time>2010-10-19T21:02:14Z</Time>
            <AltitudeMeters>0.0</AltitudeMeters>
            <HeartRateBpm>
              <Value>0</Value>
            </HeartRateBpm>
            <Cadence>82</Cadence>
            <DistanceMeters>1609.34000</DistanceMeters>
            <Extensions>
              <TPX xmlns="http://www.garmin.com/xmlschemas/ActivityExtension/v2">
                <Watts>106</Watts>
              </TPX>
            </Extensions>
          </Trackpoint>
          <Trackpoint>
            <Time>2010-10-19T21:02:17Z</Time>
            <AltitudeMeters>0.0</AltitudeMeters>
            <HeartRateBpm>
              <Value>0</Value>
            </HeartRateBpm>
            <Cadence>80</Cadence>
            <DistanceMeters>1625.43000</DistanceMeters>
            <Extensions>
              <TPX xmlns="http://www.garmin.com/xmlschemas/ActivityExtension/v2">
                <Watts>108</Watts>
              </TPX>
            </Extensions>
          </Trackpoint>
          <Trackpoint>
            <Time>2010-10-19T21:02:20Z</Time>
            <AltitudeMeters>0.0</AltitudeMeters>
            <HeartRateBpm>
              <Value>0</Value>
            </HeartRateBpm>
            <Cadence>79</Cadence>
            <DistanceMeters>1641.52000</DistanceMeters>
            <Extensions>
              <TPX xmlns="http://www.garmin.com/xmlschemas/ActivityExtension/v2">
                <Watts>105</Watts>
              </TPX>
            </Extensions>
          </Trackpoint>
          <Trackpoint>
            <Time>2010-10-19T21:02:23Z</Time>
            <AltitudeMeters>0.0</AltitudeMeters>
            <HeartRateBpm>
              <Value>0</Value>
            </HeartRateBpm>
            <Cadence>78</Cadence>
            <DistanceMeters>1657.62000</DistanceMeters>
            <Extensions>
              <TPX xmlns="http://www.garmin.com/xmlschemas/ActivityExtension/v2">
                <Watts>103</Watts>
              </TPX>
            </Extensions>
          </Trackpoint>
          <Trackpoint>
            <Time>2010-10-19T21:02:26Z</Time>
            <AltitudeMeters>0.0</AltitudeMeters>
            <HeartRateBpm>
              <Value>0</Value>
            </HeartRateBpm>
            <Cadence>80</Cadence>
            <DistanceMeters>1673.71000</DistanceMeters>
            <Extensions>
              <TPX xmlns="http://www.garmin.com/xmlschemas/ActivityExtension/v2">
                <Watts>106</Watts>
              </TPX>
            </Extensions>
          </Trackpoint>
          <Trackpoint>
            <Time>2010-10-19T21:02:29Z</Time>
            <AltitudeMeters>0.0</AltitudeMeters>
            <HeartRateBpm>
              <Value>0</Value>
            </HeartRateBpm>
            <Cadence>82</Cadence>
            <DistanceMeters>1689.80000</DistanceMeters>
            <Extensions>
              <TPX xmlns="http://www.garmin.com/xmlschemas/ActivityExtension/v2">
                <Watts>106</Watts>
              </TPX>
            </Extensions>
          </Trackpoint>
          <Trackpoint>
            <Time>2010-10-19T21:02:32Z</Time>
            <AltitudeMeters>0.0</AltitudeMeters>
            <HeartRateBpm>
              <Value>0</Value>
            </HeartRateBpm>
            <Cadence>82</Cadence>
            <DistanceMeters>1721.99000</DistanceMeters>
            <Extensions>
              <TPX xmlns="http://www.garmin.com/xmlschemas/ActivityExtension/v2">
                <Watts>110</Watts>
              </TPX>
            </Extensions>
          </Trackpoint>
          <Trackpoint>
            <Time>2010-10-19T21:02:35Z</Time>
            <AltitudeMeters>0.0</AltitudeMeters>
            <HeartRateBpm>
              <Value>0</Value>
            </HeartRateBpm>
            <Cadence>83</Cadence>
            <DistanceMeters>1738.08000</DistanceMeters>
            <Extensions>
              <TPX xmlns="http://www.garmin.com/xmlschemas/ActivityExtension/v2">
                <Watts>111</Watts>
              </TPX>
            </Extensions>
          </Trackpoint>
          <Trackpoint>
            <Time>2010-10-19T21:02:38Z</Time>
            <AltitudeMeters>0.0</AltitudeMeters>
            <HeartRateBpm>
              <Value>0</Value>
            </HeartRateBpm>
            <Cadence>84</Cadence>
            <DistanceMeters>1754.18000</DistanceMeters>
            <Extensions>
              <TPX xmlns="http://www.garmin.com/xmlschemas/ActivityExtension/v2">
                <Watts>113</Watts>
              </TPX>
            </Extensions>
          </Trackpoint>
          <Trackpoint>
            <Time>2010-10-19T21:02:41Z</Time>
            <AltitudeMeters>0.0</AltitudeMeters>
            <HeartRateBpm>
              <Value>0</Value>
            </HeartRateBpm>
            <Cadence>83</Cadence>
            <DistanceMeters>1770.27000</DistanceMeters>
            <Extensions>
              <TPX xmlns="http://www.garmin.com/xmlschemas/ActivityExtension/v2">
                <Watts>114</Watts>
              </TPX>
            </Extensions>
          </Trackpoint>
          <Trackpoint>
            <Time>2010-10-19T21:02:44Z</Time>
            <AltitudeMeters>0.0</AltitudeMeters>
            <HeartRateBpm>
              <Value>0</Value>
            </HeartRateBpm>
            <Cadence>79</Cadence>
            <DistanceMeters>1786.36000</DistanceMeters>
            <Extensions>
              <TPX xmlns="http://www.garmin.com/xmlschemas/ActivityExtension/v2">
                <Watts>107</Watts>
              </TPX>
            </Extensions>
          </Trackpoint>
          <Trackpoint>
            <Time>2010-10-19T21:02:47Z</Time>
            <AltitudeMeters>0.0</AltitudeMeters>
            <HeartRateBpm>
              <Value>0</Value>
            </HeartRateBpm>
            <Cadence>81</Cadence>
            <DistanceMeters>1802.46000</DistanceMeters>
            <Extensions>
              <TPX xmlns="http://www.garmin.com/xmlschemas/ActivityExtension/v2">
                <Watts>104</Watts>
              </TPX>
            </Extensions>
          </Trackpoint>
          <Trackpoint>
            <Time>2010-10-19T21:02:50Z</Time>
            <AltitudeMeters>0.0</AltitudeMeters>
            <HeartRateBpm>
              <Value>0</Value>
            </HeartRateBpm>
            <Cadence>82</Cadence>
            <DistanceMeters>1818.55000</DistanceMeters>
            <Extensions>
              <TPX xmlns="http://www.garmin.com/xmlschemas/ActivityExtension/v2">
                <Watts>107</Watts>
              </TPX>
            </Extensions>
          </Trackpoint>
          <Trackpoint>
            <Time>2010-10-19T21:02:53Z</Time>
            <AltitudeMeters>0.0</AltitudeMeters>
            <HeartRateBpm>
              <Value>0</Value>
            </HeartRateBpm>
            <Cadence>82</Cadence>
            <DistanceMeters>1834.64000</DistanceMeters>
            <Extensions>
              <TPX xmlns="http://www.garmin.com/xmlschemas/ActivityExtension/v2">
                <Watts>110</Watts>
              </TPX>
            </Extensions>
          </Trackpoint>
          <Trackpoint>
            <Time>2010-10-19T21:02:56Z</Time>
            <AltitudeMeters>0.0</AltitudeMeters>
            <HeartRateBpm>
              <Value>0</Value>
            </HeartRateBpm>
            <Cadence>82</Cadence>
            <DistanceMeters>1850.74000</DistanceMeters>
            <Extensions>
              <TPX xmlns="http://www.garmin.com/xmlschemas/ActivityExtension/v2">
                <Watts>111</Watts>
              </TPX>
            </Extensions>
          </Trackpoint>
          <Trackpoint>
            <Time>2010-10-19T21:02:59Z</Time>
            <AltitudeMeters>0.0</AltitudeMeters>
            <HeartRateBpm>
              <Value>0</Value>
            </HeartRateBpm>
            <Cadence>83</Cadence>
            <DistanceMeters>1882.92000</DistanceMeters>
            <Extensions>
              <TPX xmlns="http://www.garmin.com/xmlschemas/ActivityExtension/v2">
                <Watts>111</Watts>
              </TPX>
            </Extensions>
          </Trackpoint>
          <Trackpoint>
            <Time>2010-10-19T21:03:02Z</Time>
            <AltitudeMeters>0.0</AltitudeMeters>
            <HeartRateBpm>
              <Value>0</Value>
            </HeartRateBpm>
            <Cadence>81</Cadence>
            <DistanceMeters>1899.02000</DistanceMeters>
            <Extensions>
              <TPX xmlns="http://www.garmin.com/xmlschemas/ActivityExtension/v2">
                <Watts>111</Watts>
              </TPX>
            </Extensions>
          </Trackpoint>
          <Trackpoint>
            <Time>2010-10-19T21:03:05Z</Time>
            <AltitudeMeters>0.0</AltitudeMeters>
            <HeartRateBpm>
              <Value>0</Value>
            </HeartRateBpm>
            <Cadence>82</Cadence>
            <DistanceMeters>1915.11000</DistanceMeters>
            <Extensions>
              <TPX xmlns="http://www.garmin.com/xmlschemas/ActivityExtension/v2">
                <Watts>108</Watts>
              </TPX>
            </Extensions>
          </Trackpoint>
          <Trackpoint>
            <Time>2010-10-19T21:03:08Z</Time>
            <AltitudeMeters>0.0</AltitudeMeters>
            <HeartRateBpm>
              <Value>0</Value>
            </HeartRateBpm>
            <Cadence>82</Cadence>
            <DistanceMeters>1931.20000</DistanceMeters>
            <Extensions>
              <TPX xmlns="http://www.garmin.com/xmlschemas/ActivityExtension/v2">
                <Watts>109</Watts>
              </TPX>
            </Extensions>
          </Trackpoint>
          <Trackpoint>
            <Time>2010-10-19T21:03:11Z</Time>
            <AltitudeMeters>0.0</AltitudeMeters>
            <HeartRateBpm>
              <Value>0</Value>
            </HeartRateBpm>
            <Cadence>82</Cadence>
            <DistanceMeters>1947.30000</DistanceMeters>
            <Extensions>
              <TPX xmlns="http://www.garmin.com/xmlschemas/ActivityExtension/v2">
                <Watts>110</Watts>
              </TPX>
            </Extensions>
          </Trackpoint>
          <Trackpoint>
            <Time>2010-10-19T21:03:14Z</Time>
            <AltitudeMeters>0.0</AltitudeMeters>
            <HeartRateBpm>
              <Value>0</Value>
            </HeartRateBpm>
            <Cadence>82</Cadence>
            <DistanceMeters>1963.39000</DistanceMeters>
            <Extensions>
              <TPX xmlns="http://www.garmin.com/xmlschemas/ActivityExtension/v2">
                <Watts>110</Watts>
              </TPX>
            </Extensions>
          </Trackpoint>
          <Trackpoint>
            <Time>2010-10-19T21:03:17Z</Time>
            <AltitudeMeters>0.0</AltitudeMeters>
            <HeartRateBpm>
              <Value>0</Value>
            </HeartRateBpm>
            <Cadence>82</Cadence>
            <DistanceMeters>1979.48000</DistanceMeters>
            <Extensions>
              <TPX xmlns="http://www.garmin.com/xmlschemas/ActivityExtension/v2">
                <Watts>110</Watts>
              </TPX>
            </Extensions>
          </Trackpoint>
          <Trackpoint>
            <Time>2010-10-19T21:03:20Z</Time>
            <AltitudeMeters>0.0</AltitudeMeters>
            <HeartRateBpm>
              <Value>0</Value>
            </HeartRateBpm>
            <Cadence>80</Cadence>
            <DistanceMeters>1995.58000</DistanceMeters>
            <Extensions>
              <TPX xmlns="http://www.garmin.com/xmlschemas/ActivityExtension/v2">
                <Watts>109</Watts>
              </TPX>
            </Extensions>
          </Trackpoint>
          <Trackpoint>
            <Time>2010-10-19T21:03:23Z</Time>
            <AltitudeMeters>0.0</AltitudeMeters>
            <HeartRateBpm>
              <Value>0</Value>
            </HeartRateBpm>
            <Cadence>83</Cadence>
            <DistanceMeters>2011.67000</DistanceMeters>
            <Extensions>
              <TPX xmlns="http://www.garmin.com/xmlschemas/ActivityExtension/v2">
                <Watts>108</Watts>
              </TPX>
            </Extensions>
          </Trackpoint>
          <Trackpoint>
            <Time>2010-10-19T21:03:26Z</Time>
            <AltitudeMeters>0.0</AltitudeMeters>
            <HeartRateBpm>
              <Value>0</Value>
            </HeartRateBpm>
            <Cadence>83</Cadence>
            <DistanceMeters>2027.76000</DistanceMeters>
            <Extensions>
              <TPX xmlns="http://www.garmin.com/xmlschemas/ActivityExtension/v2">
                <Watts>113</Watts>
              </TPX>
            </Extensions>
          </Trackpoint>
          <Trackpoint>
            <Time>2010-10-19T21:03:29Z</Time>
            <AltitudeMeters>0.0</AltitudeMeters>
            <HeartRateBpm>
              <Value>0</Value>
            </HeartRateBpm>
            <Cadence>84</Cadence>
            <DistanceMeters>2059.95000</DistanceMeters>
            <Extensions>
              <TPX xmlns="http://www.garmin.com/xmlschemas/ActivityExtension/v2">
                <Watts>113</Watts>
              </TPX>
            </Extensions>
          </Trackpoint>
          <Trackpoint>
            <Time>2010-10-19T21:03:32Z</Time>
            <AltitudeMeters>0.0</AltitudeMeters>
            <HeartRateBpm>
              <Value>0</Value>
            </HeartRateBpm>
            <Cadence>83</Cadence>
            <DistanceMeters>2076.04000</DistanceMeters>
            <Extensions>
              <TPX xmlns="http://www.garmin.com/xmlschemas/ActivityExtension/v2">
                <Watts>114</Watts>
              </TPX>
            </Extensions>
          </Trackpoint>
          <Trackpoint>
            <Time>2010-10-19T21:03:35Z</Time>
            <AltitudeMeters>0.0</AltitudeMeters>
            <HeartRateBpm>
              <Value>0</Value>
            </HeartRateBpm>
            <Cadence>83</Cadence>
            <DistanceMeters>2092.14000</DistanceMeters>
            <Extensions>
              <TPX xmlns="http://www.garmin.com/xmlschemas/ActivityExtension/v2">
                <Watts>113</Watts>
              </TPX>
            </Extensions>
          </Trackpoint>
          <Trackpoint>
            <Time>2010-10-19T21:03:38Z</Time>
            <AltitudeMeters>0.0</AltitudeMeters>
            <HeartRateBpm>
              <Value>0</Value>
            </HeartRateBpm>
            <Cadence>84</Cadence>
            <DistanceMeters>2108.23000</DistanceMeters>
            <Extensions>
              <TPX xmlns="http://www.garmin.com/xmlschemas/ActivityExtension/v2">
                <Watts>113</Watts>
              </TPX>
            </Extensions>
          </Trackpoint>
          <Trackpoint>
            <Time>2010-10-19T21:03:41Z</Time>
            <AltitudeMeters>0.0</AltitudeMeters>
            <HeartRateBpm>
              <Value>0</Value>
            </HeartRateBpm>
            <Cadence>85</Cadence>
            <DistanceMeters>2124.32000</DistanceMeters>
            <Extensions>
              <TPX xmlns="http://www.garmin.com/xmlschemas/ActivityExtension/v2">
                <Watts>115</Watts>
              </TPX>
            </Extensions>
          </Trackpoint>
          <Trackpoint>
            <Time>2010-10-19T21:03:44Z</Time>
            <AltitudeMeters>0.0</AltitudeMeters>
            <HeartRateBpm>
              <Value>0</Value>
            </HeartRateBpm>
            <Cadence>85</Cadence>
            <DistanceMeters>2140.42000</DistanceMeters>
            <Extensions>
              <TPX xmlns="http://www.garmin.com/xmlschemas/ActivityExtension/v2">
                <Watts>117</Watts>
              </TPX>
            </Extensions>
          </Trackpoint>
          <Trackpoint>
            <Time>2010-10-19T21:03:47Z</Time>
            <AltitudeMeters>0.0</AltitudeMeters>
            <HeartRateBpm>
              <Value>0</Value>
            </HeartRateBpm>
            <Cadence>82</Cadence>
            <DistanceMeters>2172.60000</DistanceMeters>
            <Extensions>
              <TPX xmlns="http://www.garmin.com/xmlschemas/ActivityExtension/v2">
                <Watts>110</Watts>
              </TPX>
            </Extensions>
          </Trackpoint>
          <Trackpoint>
            <Time>2010-10-19T21:03:50Z</Time>
            <AltitudeMeters>0.0</AltitudeMeters>
            <HeartRateBpm>
              <Value>0</Value>
            </HeartRateBpm>
            <Cadence>82</Cadence>
            <DistanceMeters>2188.70000</DistanceMeters>
            <Extensions>
              <TPX xmlns="http://www.garmin.com/xmlschemas/ActivityExtension/v2">
                <Watts>110</Watts>
              </TPX>
            </Extensions>
          </Trackpoint>
          <Trackpoint>
            <Time>2010-10-19T21:03:53Z</Time>
            <AltitudeMeters>0.0</AltitudeMeters>
            <HeartRateBpm>
              <Value>0</Value>
            </HeartRateBpm>
            <Cadence>83</Cadence>
            <DistanceMeters>2204.79000</DistanceMeters>
            <Extensions>
              <TPX xmlns="http://www.garmin.com/xmlschemas/ActivityExtension/v2">
                <Watts>109</Watts>
              </TPX>
            </Extensions>
          </Trackpoint>
          <Trackpoint>
            <Time>2010-10-19T21:03:56Z</Time>
            <AltitudeMeters>0.0</AltitudeMeters>
            <HeartRateBpm>
              <Value>0</Value>
            </HeartRateBpm>
            <Cadence>83</Cadence>
            <DistanceMeters>2220.88000</DistanceMeters>
            <Extensions>
              <TPX xmlns="http://www.garmin.com/xmlschemas/ActivityExtension/v2">
                <Watts>113</Watts>
              </TPX>
            </Extensions>
          </Trackpoint>
          <Trackpoint>
            <Time>2010-10-19T21:03:59Z</Time>
            <AltitudeMeters>0.0</AltitudeMeters>
            <HeartRateBpm>
              <Value>0</Value>
            </HeartRateBpm>
            <Cadence>83</Cadence>
            <DistanceMeters>2236.98000</DistanceMeters>
            <Extensions>
              <TPX xmlns="http://www.garmin.com/xmlschemas/ActivityExtension/v2">
                <Watts>112</Watts>
              </TPX>
            </Extensions>
          </Trackpoint>
          <Trackpoint>
            <Time>2010-10-19T21:04:02Z</Time>
            <AltitudeMeters>0.0</AltitudeMeters>
            <HeartRateBpm>
              <Value>0</Value>
            </HeartRateBpm>
            <Cadence>84</Cadence>
            <DistanceMeters>2253.07000</DistanceMeters>
            <Extensions>
              <TPX xmlns="http://www.garmin.com/xmlschemas/ActivityExtension/v2">
                <Watts>112</Watts>
              </TPX>
            </Extensions>
          </Trackpoint>
          <Trackpoint>
            <Time>2010-10-19T21:04:05Z</Time>
            <AltitudeMeters>0.0</AltitudeMeters>
            <HeartRateBpm>
              <Value>0</Value>
            </HeartRateBpm>
            <Cadence>84</Cadence>
            <DistanceMeters>2269.16000</DistanceMeters>
            <Extensions>
              <TPX xmlns="http://www.garmin.com/xmlschemas/ActivityExtension/v2">
                <Watts>114</Watts>
              </TPX>
            </Extensions>
          </Trackpoint>
          <Trackpoint>
            <Time>2010-10-19T21:04:08Z</Time>
            <AltitudeMeters>0.0</AltitudeMeters>
            <HeartRateBpm>
              <Value>0</Value>
            </HeartRateBpm>
            <Cadence>84</Cadence>
            <DistanceMeters>2285.26000</DistanceMeters>
            <Extensions>
              <TPX xmlns="http://www.garmin.com/xmlschemas/ActivityExtension/v2">
                <Watts>115</Watts>
              </TPX>
            </Extensions>
          </Trackpoint>
          <Trackpoint>
            <Time>2010-10-19T21:04:11Z</Time>
            <AltitudeMeters>0.0</AltitudeMeters>
            <HeartRateBpm>
              <Value>0</Value>
            </HeartRateBpm>
            <Cadence>80</Cadence>
            <DistanceMeters>2317.44000</DistanceMeters>
            <Extensions>
              <TPX xmlns="http://www.garmin.com/xmlschemas/ActivityExtension/v2">
                <Watts>109</Watts>
              </TPX>
            </Extensions>
          </Trackpoint>
          <Trackpoint>
            <Time>2010-10-19T21:04:14Z</Time>
            <AltitudeMeters>0.0</AltitudeMeters>
            <HeartRateBpm>
              <Value>0</Value>
            </HeartRateBpm>
            <Cadence>78</Cadence>
            <DistanceMeters>2333.54000</DistanceMeters>
            <Extensions>
              <TPX xmlns="http://www.garmin.com/xmlschemas/ActivityExtension/v2">
                <Watts>104</Watts>
              </TPX>
            </Extensions>
          </Trackpoint>
          <Trackpoint>
            <Time>2010-10-19T21:04:17Z</Time>
            <AltitudeMeters>0.0</AltitudeMeters>
            <HeartRateBpm>
              <Value>0</Value>
            </HeartRateBpm>
            <Cadence>79</Cadence>
            <DistanceMeters>2349.63000</DistanceMeters>
            <Extensions>
              <TPX xmlns="http://www.garmin.com/xmlschemas/ActivityExtension/v2">
                <Watts>101</Watts>
              </TPX>
            </Extensions>
          </Trackpoint>
          <Trackpoint>
            <Time>2010-10-19T21:04:20Z</Time>
            <AltitudeMeters>0.0</AltitudeMeters>
            <HeartRateBpm>
              <Value>0</Value>
            </HeartRateBpm>
            <Cadence>82</Cadence>
            <DistanceMeters>2365.72000</DistanceMeters>
            <Extensions>
              <TPX xmlns="http://www.garmin.com/xmlschemas/ActivityExtension/v2">
                <Watts>109</Watts>
              </TPX>
            </Extensions>
          </Trackpoint>
          <Trackpoint>
            <Time>2010-10-19T21:04:23Z</Time>
            <AltitudeMeters>0.0</AltitudeMeters>
            <HeartRateBpm>
              <Value>0</Value>
            </HeartRateBpm>
            <Cadence>82</Cadence>
            <DistanceMeters>2381.82000</DistanceMeters>
            <Extensions>
              <TPX xmlns="http://www.garmin.com/xmlschemas/ActivityExtension/v2">
                <Watts>109</Watts>
              </TPX>
            </Extensions>
          </Trackpoint>
          <Trackpoint>
            <Time>2010-10-19T21:04:26Z</Time>
            <AltitudeMeters>0.0</AltitudeMeters>
            <HeartRateBpm>
              <Value>0</Value>
            </HeartRateBpm>
            <Cadence>82</Cadence>
            <DistanceMeters>2397.91000</DistanceMeters>
            <Extensions>
              <TPX xmlns="http://www.garmin.com/xmlschemas/ActivityExtension/v2">
                <Watts>110</Watts>
              </TPX>
            </Extensions>
          </Trackpoint>
          <Trackpoint>
            <Time>2010-10-19T21:04:29Z</Time>
            <AltitudeMeters>0.0</AltitudeMeters>
            <HeartRateBpm>
              <Value>0</Value>
            </HeartRateBpm>
            <Cadence>82</Cadence>
            <DistanceMeters>2414.00000</DistanceMeters>
            <Extensions>
              <TPX xmlns="http://www.garmin.com/xmlschemas/ActivityExtension/v2">
                <Watts>110</Watts>
              </TPX>
            </Extensions>
          </Trackpoint>
          <Trackpoint>
            <Time>2010-10-19T21:04:32Z</Time>
            <AltitudeMeters>0.0</AltitudeMeters>
            <HeartRateBpm>
              <Value>0</Value>
            </HeartRateBpm>
            <Cadence>81</Cadence>
            <DistanceMeters>2430.10000</DistanceMeters>
            <Extensions>
              <TPX xmlns="http://www.garmin.com/xmlschemas/ActivityExtension/v2">
                <Watts>110</Watts>
              </TPX>
            </Extensions>
          </Trackpoint>
          <Trackpoint>
            <Time>2010-10-19T21:04:35Z</Time>
            <AltitudeMeters>0.0</AltitudeMeters>
            <HeartRateBpm>
              <Value>0</Value>
            </HeartRateBpm>
            <Cadence>81</Cadence>
            <DistanceMeters>2446.19000</DistanceMeters>
            <Extensions>
              <TPX xmlns="http://www.garmin.com/xmlschemas/ActivityExtension/v2">
                <Watts>109</Watts>
              </TPX>
            </Extensions>
          </Trackpoint>
          <Trackpoint>
            <Time>2010-10-19T21:04:38Z</Time>
            <AltitudeMeters>0.0</AltitudeMeters>
            <HeartRateBpm>
              <Value>0</Value>
            </HeartRateBpm>
            <Cadence>79</Cadence>
            <DistanceMeters>2462.29000</DistanceMeters>
            <Extensions>
              <TPX xmlns="http://www.garmin.com/xmlschemas/ActivityExtension/v2">
                <Watts>107</Watts>
              </TPX>
            </Extensions>
          </Trackpoint>
          <Trackpoint>
            <Time>2010-10-19T21:04:41Z</Time>
            <AltitudeMeters>0.0</AltitudeMeters>
            <HeartRateBpm>
              <Value>0</Value>
            </HeartRateBpm>
            <Cadence>78</Cadence>
            <DistanceMeters>2478.38000</DistanceMeters>
            <Extensions>
              <TPX xmlns="http://www.garmin.com/xmlschemas/ActivityExtension/v2">
                <Watts>104</Watts>
              </TPX>
            </Extensions>
          </Trackpoint>
          <Trackpoint>
            <Time>2010-10-19T21:04:44Z</Time>
            <AltitudeMeters>0.0</AltitudeMeters>
            <HeartRateBpm>
              <Value>0</Value>
            </HeartRateBpm>
            <Cadence>77</Cadence>
            <DistanceMeters>2510.57000</DistanceMeters>
            <Extensions>
              <TPX xmlns="http://www.garmin.com/xmlschemas/ActivityExtension/v2">
                <Watts>101</Watts>
              </TPX>
            </Extensions>
          </Trackpoint>
          <Trackpoint>
            <Time>2010-10-19T21:04:47Z</Time>
            <AltitudeMeters>0.0</AltitudeMeters>
            <HeartRateBpm>
              <Value>0</Value>
            </HeartRateBpm>
            <Cadence>77</Cadence>
            <DistanceMeters>2526.66000</DistanceMeters>
            <Extensions>
              <TPX xmlns="http://www.garmin.com/xmlschemas/ActivityExtension/v2">
                <Watts>99</Watts>
              </TPX>
            </Extensions>
          </Trackpoint>
          <Trackpoint>
            <Time>2010-10-19T21:04:50Z</Time>
            <AltitudeMeters>0.0</AltitudeMeters>
            <HeartRateBpm>
              <Value>0</Value>
            </HeartRateBpm>
            <Cadence>78</Cadence>
            <DistanceMeters>2542.75000</DistanceMeters>
            <Extensions>
              <TPX xmlns="http://www.garmin.com/xmlschemas/ActivityExtension/v2">
                <Watts>98</Watts>
              </TPX>
            </Extensions>
          </Trackpoint>
          <Trackpoint>
            <Time>2010-10-19T21:04:53Z</Time>
            <AltitudeMeters>0.0</AltitudeMeters>
            <HeartRateBpm>
              <Value>0</Value>
            </HeartRateBpm>
            <Cadence>76</Cadence>
            <DistanceMeters>2558.85000</DistanceMeters>
            <Extensions>
              <TPX xmlns="http://www.garmin.com/xmlschemas/ActivityExtension/v2">
                <Watts>97</Watts>
              </TPX>
            </Extensions>
          </Trackpoint>
          <Trackpoint>
            <Time>2010-10-19T21:04:56Z</Time>
            <AltitudeMeters>0.0</AltitudeMeters>
            <HeartRateBpm>
              <Value>0</Value>
            </HeartRateBpm>
            <Cadence>81</Cadence>
            <DistanceMeters>2574.94000</DistanceMeters>
            <Extensions>
              <TPX xmlns="http://www.garmin.com/xmlschemas/ActivityExtension/v2">
                <Watts>79</Watts>
              </TPX>
            </Extensions>
          </Trackpoint>
          <Trackpoint>
            <Time>2010-10-19T21:04:59Z</Time>
            <AltitudeMeters>0.0</AltitudeMeters>
            <HeartRateBpm>
              <Value>0</Value>
            </HeartRateBpm>
            <Cadence>80</Cadence>
            <DistanceMeters>2574.94000</DistanceMeters>
            <Extensions>
              <TPX xmlns="http://www.garmin.com/xmlschemas/ActivityExtension/v2">
                <Watts>104</Watts>
              </TPX>
            </Extensions>
          </Trackpoint>
          <Trackpoint>
            <Time>2010-10-19T21:05:02Z</Time>
            <AltitudeMeters>0.0</AltitudeMeters>
            <HeartRateBpm>
              <Value>0</Value>
            </HeartRateBpm>
            <Cadence>80</Cadence>
            <DistanceMeters>2591.03000</DistanceMeters>
            <Extensions>
              <TPX xmlns="http://www.garmin.com/xmlschemas/ActivityExtension/v2">
                <Watts>105</Watts>
              </TPX>
            </Extensions>
          </Trackpoint>
          <Trackpoint>
            <Time>2010-10-19T21:05:05Z</Time>
            <AltitudeMeters>0.0</AltitudeMeters>
            <HeartRateBpm>
              <Value>0</Value>
            </HeartRateBpm>
            <Cadence>81</Cadence>
            <DistanceMeters>2607.13000</DistanceMeters>
            <Extensions>
              <TPX xmlns="http://www.garmin.com/xmlschemas/ActivityExtension/v2">
                <Watts>106</Watts>
              </TPX>
            </Extensions>
          </Trackpoint>
          <Trackpoint>
            <Time>2010-10-19T21:05:08Z</Time>
            <AltitudeMeters>0.0</AltitudeMeters>
            <HeartRateBpm>
              <Value>0</Value>
            </HeartRateBpm>
            <Cadence>81</Cadence>
            <DistanceMeters>2639.31000</DistanceMeters>
            <Extensions>
              <TPX xmlns="http://www.garmin.com/xmlschemas/ActivityExtension/v2">
                <Watts>107</Watts>
              </TPX>
            </Extensions>
          </Trackpoint>
          <Trackpoint>
            <Time>2010-10-19T21:05:11Z</Time>
            <AltitudeMeters>0.0</AltitudeMeters>
            <HeartRateBpm>
              <Value>0</Value>
            </HeartRateBpm>
            <Cadence>82</Cadence>
            <DistanceMeters>2655.41000</DistanceMeters>
            <Extensions>
              <TPX xmlns="http://www.garmin.com/xmlschemas/ActivityExtension/v2">
                <Watts>107</Watts>
              </TPX>
            </Extensions>
          </Trackpoint>
          <Trackpoint>
            <Time>2010-10-19T21:05:14Z</Time>
            <AltitudeMeters>0.0</AltitudeMeters>
            <HeartRateBpm>
              <Value>0</Value>
            </HeartRateBpm>
            <Cadence>80</Cadence>
            <DistanceMeters>2671.50000</DistanceMeters>
            <Extensions>
              <TPX xmlns="http://www.garmin.com/xmlschemas/ActivityExtension/v2">
                <Watts>109</Watts>
              </TPX>
            </Extensions>
          </Trackpoint>
          <Trackpoint>
            <Time>2010-10-19T21:05:17Z</Time>
            <AltitudeMeters>0.0</AltitudeMeters>
            <HeartRateBpm>
              <Value>0</Value>
            </HeartRateBpm>
            <Cadence>80</Cadence>
            <DistanceMeters>2687.59000</DistanceMeters>
            <Extensions>
              <TPX xmlns="http://www.garmin.com/xmlschemas/ActivityExtension/v2">
                <Watts>104</Watts>
              </TPX>
            </Extensions>
          </Trackpoint>
          <Trackpoint>
            <Time>2010-10-19T21:05:20Z</Time>
            <AltitudeMeters>0.0</AltitudeMeters>
            <HeartRateBpm>
              <Value>0</Value>
            </HeartRateBpm>
            <Cadence>79</Cadence>
            <DistanceMeters>2703.69000</DistanceMeters>
            <Extensions>
              <TPX xmlns="http://www.garmin.com/xmlschemas/ActivityExtension/v2">
                <Watts>104</Watts>
              </TPX>
            </Extensions>
          </Trackpoint>
          <Trackpoint>
            <Time>2010-10-19T21:05:23Z</Time>
            <AltitudeMeters>0.0</AltitudeMeters>
            <HeartRateBpm>
              <Value>0</Value>
            </HeartRateBpm>
            <Cadence>81</Cadence>
            <DistanceMeters>2719.78000</DistanceMeters>
            <Extensions>
              <TPX xmlns="http://www.garmin.com/xmlschemas/ActivityExtension/v2">
                <Watts>108</Watts>
              </TPX>
            </Extensions>
          </Trackpoint>
          <Trackpoint>
            <Time>2010-10-19T21:05:26Z</Time>
            <AltitudeMeters>0.0</AltitudeMeters>
            <HeartRateBpm>
              <Value>0</Value>
            </HeartRateBpm>
            <Cadence>83</Cadence>
            <DistanceMeters>2735.87000</DistanceMeters>
            <Extensions>
              <TPX xmlns="http://www.garmin.com/xmlschemas/ActivityExtension/v2">
                <Watts>108</Watts>
              </TPX>
            </Extensions>
          </Trackpoint>
          <Trackpoint>
            <Time>2010-10-19T21:05:29Z</Time>
            <AltitudeMeters>0.0</AltitudeMeters>
            <HeartRateBpm>
              <Value>0</Value>
            </HeartRateBpm>
            <Cadence>83</Cadence>
            <DistanceMeters>2751.97000</DistanceMeters>
            <Extensions>
              <TPX xmlns="http://www.garmin.com/xmlschemas/ActivityExtension/v2">
                <Watts>111</Watts>
              </TPX>
            </Extensions>
          </Trackpoint>
          <Trackpoint>
            <Time>2010-10-19T21:05:32Z</Time>
            <AltitudeMeters>0.0</AltitudeMeters>
            <HeartRateBpm>
              <Value>0</Value>
            </HeartRateBpm>
            <Cadence>84</Cadence>
            <DistanceMeters>2768.06000</DistanceMeters>
            <Extensions>
              <TPX xmlns="http://www.garmin.com/xmlschemas/ActivityExtension/v2">
                <Watts>113</Watts>
              </TPX>
            </Extensions>
          </Trackpoint>
          <Trackpoint>
            <Time>2010-10-19T21:05:35Z</Time>
            <AltitudeMeters>0.0</AltitudeMeters>
            <HeartRateBpm>
              <Value>0</Value>
            </HeartRateBpm>
            <Cadence>84</Cadence>
            <DistanceMeters>2784.15000</DistanceMeters>
            <Extensions>
              <TPX xmlns="http://www.garmin.com/xmlschemas/ActivityExtension/v2">
                <Watts>114</Watts>
              </TPX>
            </Extensions>
          </Trackpoint>
          <Trackpoint>
            <Time>2010-10-19T21:05:38Z</Time>
            <AltitudeMeters>0.0</AltitudeMeters>
            <HeartRateBpm>
              <Value>0</Value>
            </HeartRateBpm>
            <Cadence>84</Cadence>
            <DistanceMeters>2800.25000</DistanceMeters>
            <Extensions>
              <TPX xmlns="http://www.garmin.com/xmlschemas/ActivityExtension/v2">
                <Watts>115</Watts>
              </TPX>
            </Extensions>
          </Trackpoint>
          <Trackpoint>
            <Time>2010-10-19T21:05:41Z</Time>
            <AltitudeMeters>0.0</AltitudeMeters>
            <HeartRateBpm>
              <Value>0</Value>
            </HeartRateBpm>
            <Cadence>83</Cadence>
            <DistanceMeters>2832.43000</DistanceMeters>
            <Extensions>
              <TPX xmlns="http://www.garmin.com/xmlschemas/ActivityExtension/v2">
                <Watts>115</Watts>
              </TPX>
            </Extensions>
          </Trackpoint>
          <Trackpoint>
            <Time>2010-10-19T21:05:44Z</Time>
            <AltitudeMeters>0.0</AltitudeMeters>
            <HeartRateBpm>
              <Value>0</Value>
            </HeartRateBpm>
            <Cadence>84</Cadence>
            <DistanceMeters>2848.53000</DistanceMeters>
            <Extensions>
              <TPX xmlns="http://www.garmin.com/xmlschemas/ActivityExtension/v2">
                <Watts>114</Watts>
              </TPX>
            </Extensions>
          </Trackpoint>
          <Trackpoint>
            <Time>2010-10-19T21:05:47Z</Time>
            <AltitudeMeters>0.0</AltitudeMeters>
            <HeartRateBpm>
              <Value>0</Value>
            </HeartRateBpm>
            <Cadence>84</Cadence>
            <DistanceMeters>2864.62000</DistanceMeters>
            <Extensions>
              <TPX xmlns="http://www.garmin.com/xmlschemas/ActivityExtension/v2">
                <Watts>114</Watts>
              </TPX>
            </Extensions>
          </Trackpoint>
          <Trackpoint>
            <Time>2010-10-19T21:05:50Z</Time>
            <AltitudeMeters>0.0</AltitudeMeters>
            <HeartRateBpm>
              <Value>0</Value>
            </HeartRateBpm>
            <Cadence>83</Cadence>
            <DistanceMeters>2880.71000</DistanceMeters>
            <Extensions>
              <TPX xmlns="http://www.garmin.com/xmlschemas/ActivityExtension/v2">
                <Watts>115</Watts>
              </TPX>
            </Extensions>
          </Trackpoint>
          <Trackpoint>
            <Time>2010-10-19T21:05:53Z</Time>
            <AltitudeMeters>0.0</AltitudeMeters>
            <HeartRateBpm>
              <Value>0</Value>
            </HeartRateBpm>
            <Cadence>82</Cadence>
            <DistanceMeters>2896.81000</DistanceMeters>
            <Extensions>
              <TPX xmlns="http://www.garmin.com/xmlschemas/ActivityExtension/v2">
                <Watts>113</Watts>
              </TPX>
            </Extensions>
          </Trackpoint>
          <Trackpoint>
            <Time>2010-10-19T21:05:56Z</Time>
            <AltitudeMeters>0.0</AltitudeMeters>
            <HeartRateBpm>
              <Value>0</Value>
            </HeartRateBpm>
            <Cadence>81</Cadence>
            <DistanceMeters>2912.90000</DistanceMeters>
            <Extensions>
              <TPX xmlns="http://www.garmin.com/xmlschemas/ActivityExtension/v2">
                <Watts>110</Watts>
              </TPX>
            </Extensions>
          </Trackpoint>
          <Trackpoint>
            <Time>2010-10-19T21:05:59Z</Time>
            <AltitudeMeters>0.0</AltitudeMeters>
            <HeartRateBpm>
              <Value>0</Value>
            </HeartRateBpm>
            <Cadence>79</Cadence>
            <DistanceMeters>2945.09000</DistanceMeters>
            <Extensions>
              <TPX xmlns="http://www.garmin.com/xmlschemas/ActivityExtension/v2">
                <Watts>103</Watts>
              </TPX>
            </Extensions>
          </Trackpoint>
          <Trackpoint>
            <Time>2010-10-19T21:06:02Z</Time>
            <AltitudeMeters>0.0</AltitudeMeters>
            <HeartRateBpm>
              <Value>0</Value>
            </HeartRateBpm>
            <Cadence>81</Cadence>
            <DistanceMeters>2961.18000</DistanceMeters>
            <Extensions>
              <TPX xmlns="http://www.garmin.com/xmlschemas/ActivityExtension/v2">
                <Watts>104</Watts>
              </TPX>
            </Extensions>
          </Trackpoint>
          <Trackpoint>
            <Time>2010-10-19T21:06:05Z</Time>
            <AltitudeMeters>0.0</AltitudeMeters>
            <HeartRateBpm>
              <Value>0</Value>
            </HeartRateBpm>
            <Cadence>83</Cadence>
            <DistanceMeters>2977.27000</DistanceMeters>
            <Extensions>
              <TPX xmlns="http://www.garmin.com/xmlschemas/ActivityExtension/v2">
                <Watts>107</Watts>
              </TPX>
            </Extensions>
          </Trackpoint>
          <Trackpoint>
            <Time>2010-10-19T21:06:08Z</Time>
            <AltitudeMeters>0.0</AltitudeMeters>
            <HeartRateBpm>
              <Value>0</Value>
            </HeartRateBpm>
            <Cadence>83</Cadence>
            <DistanceMeters>2993.37000</DistanceMeters>
            <Extensions>
              <TPX xmlns="http://www.garmin.com/xmlschemas/ActivityExtension/v2">
                <Watts>112</Watts>
              </TPX>
            </Extensions>
          </Trackpoint>
          <Trackpoint>
            <Time>2010-10-19T21:06:11Z</Time>
            <AltitudeMeters>0.0</AltitudeMeters>
            <HeartRateBpm>
              <Value>0</Value>
            </HeartRateBpm>
            <Cadence>81</Cadence>
            <DistanceMeters>3009.46000</DistanceMeters>
            <Extensions>
              <TPX xmlns="http://www.garmin.com/xmlschemas/ActivityExtension/v2">
                <Watts>112</Watts>
              </TPX>
            </Extensions>
          </Trackpoint>
          <Trackpoint>
            <Time>2010-10-19T21:06:14Z</Time>
            <AltitudeMeters>0.0</AltitudeMeters>
            <HeartRateBpm>
              <Value>0</Value>
            </HeartRateBpm>
            <Cadence>81</Cadence>
            <DistanceMeters>3025.55000</DistanceMeters>
            <Extensions>
              <TPX xmlns="http://www.garmin.com/xmlschemas/ActivityExtension/v2">
                <Watts>111</Watts>
              </TPX>
            </Extensions>
          </Trackpoint>
          <Trackpoint>
            <Time>2010-10-19T21:06:17Z</Time>
            <AltitudeMeters>0.0</AltitudeMeters>
            <HeartRateBpm>
              <Value>0</Value>
            </HeartRateBpm>
            <Cadence>88</Cadence>
            <DistanceMeters>3041.65000</DistanceMeters>
            <Extensions>
              <TPX xmlns="http://www.garmin.com/xmlschemas/ActivityExtension/v2">
                <Watts>127</Watts>
              </TPX>
            </Extensions>
          </Trackpoint>
          <Trackpoint>
            <Time>2010-10-19T21:06:20Z</Time>
            <AltitudeMeters>0.0</AltitudeMeters>
            <HeartRateBpm>
              <Value>0</Value>
            </HeartRateBpm>
            <Cadence>83</Cadence>
            <DistanceMeters>3057.74000</DistanceMeters>
            <Extensions>
              <TPX xmlns="http://www.garmin.com/xmlschemas/ActivityExtension/v2">
                <Watts>119</Watts>
              </TPX>
            </Extensions>
          </Trackpoint>
          <Trackpoint>
            <Time>2010-10-19T21:06:23Z</Time>
            <AltitudeMeters>0.0</AltitudeMeters>
            <HeartRateBpm>
              <Value>0</Value>
            </HeartRateBpm>
            <Cadence>78</Cadence>
            <DistanceMeters>3073.83000</DistanceMeters>
            <Extensions>
              <TPX xmlns="http://www.garmin.com/xmlschemas/ActivityExtension/v2">
                <Watts>108</Watts>
              </TPX>
            </Extensions>
          </Trackpoint>
          <Trackpoint>
            <Time>2010-10-19T21:06:26Z</Time>
            <AltitudeMeters>0.0</AltitudeMeters>
            <HeartRateBpm>
              <Value>0</Value>
            </HeartRateBpm>
            <Cadence>78</Cadence>
            <DistanceMeters>3106.02000</DistanceMeters>
            <Extensions>
              <TPX xmlns="http://www.garmin.com/xmlschemas/ActivityExtension/v2">
                <Watts>100</Watts>
              </TPX>
            </Extensions>
          </Trackpoint>
          <Trackpoint>
            <Time>2010-10-19T21:06:29Z</Time>
            <AltitudeMeters>0.0</AltitudeMeters>
            <HeartRateBpm>
              <Value>0</Value>
            </HeartRateBpm>
            <Cadence>82</Cadence>
            <DistanceMeters>3122.11000</DistanceMeters>
            <Extensions>
              <TPX xmlns="http://www.garmin.com/xmlschemas/ActivityExtension/v2">
                <Watts>106</Watts>
              </TPX>
            </Extensions>
          </Trackpoint>
          <Trackpoint>
            <Time>2010-10-19T21:06:32Z</Time>
            <AltitudeMeters>0.0</AltitudeMeters>
            <HeartRateBpm>
              <Value>0</Value>
            </HeartRateBpm>
            <Cadence>82</Cadence>
            <DistanceMeters>3138.21000</DistanceMeters>
            <Extensions>
              <TPX xmlns="http://www.garmin.com/xmlschemas/ActivityExtension/v2">
                <Watts>110</Watts>
              </TPX>
            </Extensions>
          </Trackpoint>
          <Trackpoint>
            <Time>2010-10-19T21:06:35Z</Time>
            <AltitudeMeters>0.0</AltitudeMeters>
            <HeartRateBpm>
              <Value>0</Value>
            </HeartRateBpm>
            <Cadence>79</Cadence>
            <DistanceMeters>3154.30000</DistanceMeters>
            <Extensions>
              <TPX xmlns="http://www.garmin.com/xmlschemas/ActivityExtension/v2">
                <Watts>108</Watts>
              </TPX>
            </Extensions>
          </Trackpoint>
          <Trackpoint>
            <Time>2010-10-19T21:06:38Z</Time>
            <AltitudeMeters>0.0</AltitudeMeters>
            <HeartRateBpm>
              <Value>0</Value>
            </HeartRateBpm>
            <Cadence>77</Cadence>
            <DistanceMeters>3170.39000</DistanceMeters>
            <Extensions>
              <TPX xmlns="http://www.garmin.com/xmlschemas/ActivityExtension/v2">
                <Watts>102</Watts>
              </TPX>
            </Extensions>
          </Trackpoint>
          <Trackpoint>
            <Time>2010-10-19T21:06:41Z</Time>
            <AltitudeMeters>0.0</AltitudeMeters>
            <HeartRateBpm>
              <Value>0</Value>
            </HeartRateBpm>
            <Cadence>78</Cadence>
            <DistanceMeters>3186.49000</DistanceMeters>
            <Extensions>
              <TPX xmlns="http://www.garmin.com/xmlschemas/ActivityExtension/v2">
                <Watts>100</Watts>
              </TPX>
            </Extensions>
          </Trackpoint>
          <Trackpoint>
            <Time>2010-10-19T21:06:44Z</Time>
            <AltitudeMeters>0.0</AltitudeMeters>
            <HeartRateBpm>
              <Value>0</Value>
            </HeartRateBpm>
            <Cadence>80</Cadence>
            <DistanceMeters>3202.58000</DistanceMeters>
            <Extensions>
              <TPX xmlns="http://www.garmin.com/xmlschemas/ActivityExtension/v2">
                <Watts>100</Watts>
              </TPX>
            </Extensions>
          </Trackpoint>
          <Trackpoint>
            <Time>2010-10-19T21:06:47Z</Time>
            <AltitudeMeters>0.0</AltitudeMeters>
            <HeartRateBpm>
              <Value>0</Value>
            </HeartRateBpm>
            <Cadence>83</Cadence>
            <DistanceMeters>3218.68000</DistanceMeters>
            <Extensions>
              <TPX xmlns="http://www.garmin.com/xmlschemas/ActivityExtension/v2">
                <Watts>114</Watts>
              </TPX>
            </Extensions>
          </Trackpoint>
          <Trackpoint>
            <Time>2010-10-19T21:06:50Z</Time>
            <AltitudeMeters>0.0</AltitudeMeters>
            <HeartRateBpm>
              <Value>0</Value>
            </HeartRateBpm>
            <Cadence>84</Cadence>
            <DistanceMeters>3234.77000</DistanceMeters>
            <Extensions>
              <TPX xmlns="http://www.garmin.com/xmlschemas/ActivityExtension/v2">
                <Watts>113</Watts>
              </TPX>
            </Extensions>
          </Trackpoint>
          <Trackpoint>
            <Time>2010-10-19T21:06:53Z</Time>
            <AltitudeMeters>0.0</AltitudeMeters>
            <HeartRateBpm>
              <Value>0</Value>
            </HeartRateBpm>
            <Cadence>85</Cadence>
            <DistanceMeters>3250.86000</DistanceMeters>
            <Extensions>
              <TPX xmlns="http://www.garmin.com/xmlschemas/ActivityExtension/v2">
                <Watts>114</Watts>
              </TPX>
            </Extensions>
          </Trackpoint>
          <Trackpoint>
            <Time>2010-10-19T21:06:56Z</Time>
            <AltitudeMeters>0.0</AltitudeMeters>
            <HeartRateBpm>
              <Value>0</Value>
            </HeartRateBpm>
            <Cadence>85</Cadence>
            <DistanceMeters>3266.96000</DistanceMeters>
            <Extensions>
              <TPX xmlns="http://www.garmin.com/xmlschemas/ActivityExtension/v2">
                <Watts>116</Watts>
              </TPX>
            </Extensions>
          </Trackpoint>
          <Trackpoint>
            <Time>2010-10-19T21:06:59Z</Time>
            <AltitudeMeters>0.0</AltitudeMeters>
            <HeartRateBpm>
              <Value>0</Value>
            </HeartRateBpm>
            <Cadence>76</Cadence>
            <DistanceMeters>3283.05000</DistanceMeters>
            <Extensions>
              <TPX xmlns="http://www.garmin.com/xmlschemas/ActivityExtension/v2">
                <Watts>115</Watts>
              </TPX>
            </Extensions>
          </Trackpoint>
          <Trackpoint>
            <Time>2010-10-19T21:07:02Z</Time>
            <AltitudeMeters>0.0</AltitudeMeters>
            <HeartRateBpm>
              <Value>0</Value>
            </HeartRateBpm>
            <Cadence>89</Cadence>
            <DistanceMeters>3315.24000</DistanceMeters>
            <Extensions>
              <TPX xmlns="http://www.garmin.com/xmlschemas/ActivityExtension/v2">
                <Watts>107</Watts>
              </TPX>
            </Extensions>
          </Trackpoint>
          <Trackpoint>
            <Time>2010-10-19T21:07:05Z</Time>
            <AltitudeMeters>0.0</AltitudeMeters>
            <HeartRateBpm>
              <Value>0</Value>
            </HeartRateBpm>
            <Cadence>89</Cadence>
            <DistanceMeters>3331.33000</DistanceMeters>
            <Extensions>
              <TPX xmlns="http://www.garmin.com/xmlschemas/ActivityExtension/v2">
                <Watts>125</Watts>
              </TPX>
            </Extensions>
          </Trackpoint>
          <Trackpoint>
            <Time>2010-10-19T21:07:08Z</Time>
            <AltitudeMeters>0.0</AltitudeMeters>
            <HeartRateBpm>
              <Value>0</Value>
            </HeartRateBpm>
            <Cadence>89</Cadence>
            <DistanceMeters>3347.42000</DistanceMeters>
            <Extensions>
              <TPX xmlns="http://www.garmin.com/xmlschemas/ActivityExtension/v2">
                <Watts>125</Watts>
              </TPX>
            </Extensions>
          </Trackpoint>
          <Trackpoint>
            <Time>2010-10-19T21:07:11Z</Time>
            <AltitudeMeters>0.0</AltitudeMeters>
            <HeartRateBpm>
              <Value>0</Value>
            </HeartRateBpm>
            <Cadence>87</Cadence>
            <DistanceMeters>3363.52000</DistanceMeters>
            <Extensions>
              <TPX xmlns="http://www.garmin.com/xmlschemas/ActivityExtension/v2">
                <Watts>124</Watts>
              </TPX>
            </Extensions>
          </Trackpoint>
          <Trackpoint>
            <Time>2010-10-19T21:07:14Z</Time>
            <AltitudeMeters>0.0</AltitudeMeters>
            <HeartRateBpm>
              <Value>0</Value>
            </HeartRateBpm>
            <Cadence>90</Cadence>
            <DistanceMeters>3379.61000</DistanceMeters>
            <Extensions>
              <TPX xmlns="http://www.garmin.com/xmlschemas/ActivityExtension/v2">
                <Watts>98</Watts>
              </TPX>
            </Extensions>
          </Trackpoint>
          <Trackpoint>
            <Time>2010-10-19T21:07:17Z</Time>
            <AltitudeMeters>0.0</AltitudeMeters>
            <HeartRateBpm>
              <Value>0</Value>
            </HeartRateBpm>
            <Cadence>89</Cadence>
            <DistanceMeters>3411.80000</DistanceMeters>
            <Extensions>
              <TPX xmlns="http://www.garmin.com/xmlschemas/ActivityExtension/v2">
                <Watts>126</Watts>
              </TPX>
            </Extensions>
          </Trackpoint>
          <Trackpoint>
            <Time>2010-10-19T21:07:20Z</Time>
            <AltitudeMeters>0.0</AltitudeMeters>
            <HeartRateBpm>
              <Value>0</Value>
            </HeartRateBpm>
            <Cadence>89</Cadence>
            <DistanceMeters>3427.89000</DistanceMeters>
            <Extensions>
              <TPX xmlns="http://www.garmin.com/xmlschemas/ActivityExtension/v2">
                <Watts>125</Watts>
              </TPX>
            </Extensions>
          </Trackpoint>
          <Trackpoint>
            <Time>2010-10-19T21:07:23Z</Time>
            <AltitudeMeters>0.0</AltitudeMeters>
            <HeartRateBpm>
              <Value>0</Value>
            </HeartRateBpm>
            <Cadence>89</Cadence>
            <DistanceMeters>3443.98000</DistanceMeters>
            <Extensions>
              <TPX xmlns="http://www.garmin.com/xmlschemas/ActivityExtension/v2">
                <Watts>125</Watts>
              </TPX>
            </Extensions>
          </Trackpoint>
          <Trackpoint>
            <Time>2010-10-19T21:07:26Z</Time>
            <AltitudeMeters>0.0</AltitudeMeters>
            <HeartRateBpm>
              <Value>0</Value>
            </HeartRateBpm>
            <Cadence>90</Cadence>
            <DistanceMeters>3460.08000</DistanceMeters>
            <Extensions>
              <TPX xmlns="http://www.garmin.com/xmlschemas/ActivityExtension/v2">
                <Watts>125</Watts>
              </TPX>
            </Extensions>
          </Trackpoint>
          <Trackpoint>
            <Time>2010-10-19T21:07:29Z</Time>
            <AltitudeMeters>0.0</AltitudeMeters>
            <HeartRateBpm>
              <Value>0</Value>
            </HeartRateBpm>
            <Cadence>89</Cadence>
            <DistanceMeters>3476.17000</DistanceMeters>
            <Extensions>
              <TPX xmlns="http://www.garmin.com/xmlschemas/ActivityExtension/v2">
                <Watts>126</Watts>
              </TPX>
            </Extensions>
          </Trackpoint>
          <Trackpoint>
            <Time>2010-10-19T21:07:32Z</Time>
            <AltitudeMeters>0.0</AltitudeMeters>
            <HeartRateBpm>
              <Value>0</Value>
            </HeartRateBpm>
            <Cadence>89</Cadence>
            <DistanceMeters>3508.36000</DistanceMeters>
            <Extensions>
              <TPX xmlns="http://www.garmin.com/xmlschemas/ActivityExtension/v2">
                <Watts>126</Watts>
              </TPX>
            </Extensions>
          </Trackpoint>
          <Trackpoint>
            <Time>2010-10-19T21:07:35Z</Time>
            <AltitudeMeters>0.0</AltitudeMeters>
            <HeartRateBpm>
              <Value>0</Value>
            </HeartRateBpm>
            <Cadence>86</Cadence>
            <DistanceMeters>3524.45000</DistanceMeters>
            <Extensions>
              <TPX xmlns="http://www.garmin.com/xmlschemas/ActivityExtension/v2">
                <Watts>123</Watts>
              </TPX>
            </Extensions>
          </Trackpoint>
          <Trackpoint>
            <Time>2010-10-19T21:07:38Z</Time>
            <AltitudeMeters>0.0</AltitudeMeters>
            <HeartRateBpm>
              <Value>0</Value>
            </HeartRateBpm>
            <Cadence>87</Cadence>
            <DistanceMeters>3540.54000</DistanceMeters>
            <Extensions>
              <TPX xmlns="http://www.garmin.com/xmlschemas/ActivityExtension/v2">
                <Watts>118</Watts>
              </TPX>
            </Extensions>
          </Trackpoint>
          <Trackpoint>
            <Time>2010-10-19T21:07:41Z</Time>
            <AltitudeMeters>0.0</AltitudeMeters>
            <HeartRateBpm>
              <Value>0</Value>
            </HeartRateBpm>
            <Cadence>89</Cadence>
            <DistanceMeters>3556.64000</DistanceMeters>
            <Extensions>
              <TPX xmlns="http://www.garmin.com/xmlschemas/ActivityExtension/v2">
                <Watts>119</Watts>
              </TPX>
            </Extensions>
          </Trackpoint>
          <Trackpoint>
            <Time>2010-10-19T21:07:44Z</Time>
            <AltitudeMeters>0.0</AltitudeMeters>
            <HeartRateBpm>
              <Value>0</Value>
            </HeartRateBpm>
            <Cadence>86</Cadence>
            <DistanceMeters>3588.82000</DistanceMeters>
            <Extensions>
              <TPX xmlns="http://www.garmin.com/xmlschemas/ActivityExtension/v2">
                <Watts>122</Watts>
              </TPX>
            </Extensions>
          </Trackpoint>
          <Trackpoint>
            <Time>2010-10-19T21:07:47Z</Time>
            <AltitudeMeters>0.0</AltitudeMeters>
            <HeartRateBpm>
              <Value>0</Value>
            </HeartRateBpm>
            <Cadence>86</Cadence>
            <DistanceMeters>3604.92000</DistanceMeters>
            <Extensions>
              <TPX xmlns="http://www.garmin.com/xmlschemas/ActivityExtension/v2">
                <Watts>118</Watts>
              </TPX>
            </Extensions>
          </Trackpoint>
          <Trackpoint>
            <Time>2010-10-19T21:07:50Z</Time>
            <AltitudeMeters>0.0</AltitudeMeters>
            <HeartRateBpm>
              <Value>0</Value>
            </HeartRateBpm>
            <Cadence>86</Cadence>
            <DistanceMeters>3621.01000</DistanceMeters>
            <Extensions>
              <TPX xmlns="http://www.garmin.com/xmlschemas/ActivityExtension/v2">
                <Watts>116</Watts>
              </TPX>
            </Extensions>
          </Trackpoint>
          <Trackpoint>
            <Time>2010-10-19T21:07:53Z</Time>
            <AltitudeMeters>0.0</AltitudeMeters>
            <HeartRateBpm>
              <Value>0</Value>
            </HeartRateBpm>
            <Cadence>86</Cadence>
            <DistanceMeters>3637.10000</DistanceMeters>
            <Extensions>
              <TPX xmlns="http://www.garmin.com/xmlschemas/ActivityExtension/v2">
                <Watts>118</Watts>
              </TPX>
            </Extensions>
          </Trackpoint>
          <Trackpoint>
            <Time>2010-10-19T21:07:56Z</Time>
            <AltitudeMeters>0.0</AltitudeMeters>
            <HeartRateBpm>
              <Value>0</Value>
            </HeartRateBpm>
            <Cadence>79</Cadence>
            <DistanceMeters>3653.20000</DistanceMeters>
            <Extensions>
              <TPX xmlns="http://www.garmin.com/xmlschemas/ActivityExtension/v2">
                <Watts>116</Watts>
              </TPX>
            </Extensions>
          </Trackpoint>
          <Trackpoint>
            <Time>2010-10-19T21:07:59Z</Time>
            <AltitudeMeters>0.0</AltitudeMeters>
            <HeartRateBpm>
              <Value>0</Value>
            </HeartRateBpm>
            <Cadence>87</Cadence>
            <DistanceMeters>3685.38000</DistanceMeters>
            <Extensions>
              <TPX xmlns="http://www.garmin.com/xmlschemas/ActivityExtension/v2">
                <Watts>122</Watts>
              </TPX>
            </Extensions>
          </Trackpoint>
          <Trackpoint>
            <Time>2010-10-19T21:08:02Z</Time>
            <AltitudeMeters>0.0</AltitudeMeters>
            <HeartRateBpm>
              <Value>0</Value>
            </HeartRateBpm>
            <Cadence>87</Cadence>
            <DistanceMeters>3701.48000</DistanceMeters>
            <Extensions>
              <TPX xmlns="http://www.garmin.com/xmlschemas/ActivityExtension/v2">
                <Watts>118</Watts>
              </TPX>
            </Extensions>
          </Trackpoint>
          <Trackpoint>
            <Time>2010-10-19T21:08:05Z</Time>
            <AltitudeMeters>0.0</AltitudeMeters>
            <HeartRateBpm>
              <Value>0</Value>
            </HeartRateBpm>
            <Cadence>86</Cadence>
            <DistanceMeters>3717.57000</DistanceMeters>
            <Extensions>
              <TPX xmlns="http://www.garmin.com/xmlschemas/ActivityExtension/v2">
                <Watts>117</Watts>
              </TPX>
            </Extensions>
          </Trackpoint>
          <Trackpoint>
            <Time>2010-10-19T21:08:08Z</Time>
            <AltitudeMeters>0.0</AltitudeMeters>
            <HeartRateBpm>
              <Value>0</Value>
            </HeartRateBpm>
            <Cadence>86</Cadence>
            <DistanceMeters>3733.66000</DistanceMeters>
            <Extensions>
              <TPX xmlns="http://www.garmin.com/xmlschemas/ActivityExtension/v2">
                <Watts>117</Watts>
              </TPX>
            </Extensions>
          </Trackpoint>
          <Trackpoint>
            <Time>2010-10-19T21:08:11Z</Time>
            <AltitudeMeters>0.0</AltitudeMeters>
            <HeartRateBpm>
              <Value>0</Value>
            </HeartRateBpm>
            <Cadence>87</Cadence>
            <DistanceMeters>3749.76000</DistanceMeters>
            <Extensions>
              <TPX xmlns="http://www.garmin.com/xmlschemas/ActivityExtension/v2">
                <Watts>118</Watts>
              </TPX>
            </Extensions>
          </Trackpoint>
          <Trackpoint>
            <Time>2010-10-19T21:08:14Z</Time>
            <AltitudeMeters>0.0</AltitudeMeters>
            <HeartRateBpm>
              <Value>0</Value>
            </HeartRateBpm>
            <Cadence>96</Cadence>
            <DistanceMeters>3765.85000</DistanceMeters>
            <Extensions>
              <TPX xmlns="http://www.garmin.com/xmlschemas/ActivityExtension/v2">
                <Watts>118</Watts>
              </TPX>
            </Extensions>
          </Trackpoint>
          <Trackpoint>
            <Time>2010-10-19T21:08:17Z</Time>
            <AltitudeMeters>0.0</AltitudeMeters>
            <HeartRateBpm>
              <Value>0</Value>
            </HeartRateBpm>
            <Cadence>87</Cadence>
            <DistanceMeters>3798.04000</DistanceMeters>
            <Extensions>
              <TPX xmlns="http://www.garmin.com/xmlschemas/ActivityExtension/v2">
                <Watts>120</Watts>
              </TPX>
            </Extensions>
          </Trackpoint>
          <Trackpoint>
            <Time>2010-10-19T21:08:20Z</Time>
            <AltitudeMeters>0.0</AltitudeMeters>
            <HeartRateBpm>
              <Value>0</Value>
            </HeartRateBpm>
            <Cadence>85</Cadence>
            <DistanceMeters>3814.13000</DistanceMeters>
            <Extensions>
              <TPX xmlns="http://www.garmin.com/xmlschemas/ActivityExtension/v2">
                <Watts>119</Watts>
              </TPX>
            </Extensions>
          </Trackpoint>
          <Trackpoint>
            <Time>2010-10-19T21:08:23Z</Time>
            <AltitudeMeters>0.0</AltitudeMeters>
            <HeartRateBpm>
              <Value>0</Value>
            </HeartRateBpm>
            <Cadence>83</Cadence>
            <DistanceMeters>3830.22000</DistanceMeters>
            <Extensions>
              <TPX xmlns="http://www.garmin.com/xmlschemas/ActivityExtension/v2">
                <Watts>114</Watts>
              </TPX>
            </Extensions>
          </Trackpoint>
          <Trackpoint>
            <Time>2010-10-19T21:08:26Z</Time>
            <AltitudeMeters>0.0</AltitudeMeters>
            <HeartRateBpm>
              <Value>0</Value>
            </HeartRateBpm>
            <Cadence>84</Cadence>
            <DistanceMeters>3846.32000</DistanceMeters>
            <Extensions>
              <TPX xmlns="http://www.garmin.com/xmlschemas/ActivityExtension/v2">
                <Watts>110</Watts>
              </TPX>
            </Extensions>
          </Trackpoint>
          <Trackpoint>
            <Time>2010-10-19T21:08:29Z</Time>
            <AltitudeMeters>0.0</AltitudeMeters>
            <HeartRateBpm>
              <Value>0</Value>
            </HeartRateBpm>
            <Cadence>84</Cadence>
            <DistanceMeters>3862.41000</DistanceMeters>
            <Extensions>
              <TPX xmlns="http://www.garmin.com/xmlschemas/ActivityExtension/v2">
                <Watts>113</Watts>
              </TPX>
            </Extensions>
          </Trackpoint>
          <Trackpoint>
            <Time>2010-10-19T21:08:32Z</Time>
            <AltitudeMeters>0.0</AltitudeMeters>
            <HeartRateBpm>
              <Value>0</Value>
            </HeartRateBpm>
            <Cadence>84</Cadence>
            <DistanceMeters>3894.60000</DistanceMeters>
            <Extensions>
              <TPX xmlns="http://www.garmin.com/xmlschemas/ActivityExtension/v2">
                <Watts>113</Watts>
              </TPX>
            </Extensions>
          </Trackpoint>
          <Trackpoint>
            <Time>2010-10-19T21:08:35Z</Time>
            <AltitudeMeters>0.0</AltitudeMeters>
            <HeartRateBpm>
              <Value>0</Value>
            </HeartRateBpm>
            <Cadence>82</Cadence>
            <DistanceMeters>3910.69000</DistanceMeters>
            <Extensions>
              <TPX xmlns="http://www.garmin.com/xmlschemas/ActivityExtension/v2">
                <Watts>114</Watts>
              </TPX>
            </Extensions>
          </Trackpoint>
          <Trackpoint>
            <Time>2010-10-19T21:08:38Z</Time>
            <AltitudeMeters>0.0</AltitudeMeters>
            <HeartRateBpm>
              <Value>0</Value>
            </HeartRateBpm>
            <Cadence>85</Cadence>
            <DistanceMeters>3926.78000</DistanceMeters>
            <Extensions>
              <TPX xmlns="http://www.garmin.com/xmlschemas/ActivityExtension/v2">
                <Watts>109</Watts>
              </TPX>
            </Extensions>
          </Trackpoint>
          <Trackpoint>
            <Time>2010-10-19T21:08:41Z</Time>
            <AltitudeMeters>0.0</AltitudeMeters>
            <HeartRateBpm>
              <Value>0</Value>
            </HeartRateBpm>
            <Cadence>99</Cadence>
            <DistanceMeters>3942.88000</DistanceMeters>
            <Extensions>
              <TPX xmlns="http://www.garmin.com/xmlschemas/ActivityExtension/v2">
                <Watts>117</Watts>
              </TPX>
            </Extensions>
          </Trackpoint>
          <Trackpoint>
            <Time>2010-10-19T21:08:44Z</Time>
            <AltitudeMeters>0.0</AltitudeMeters>
            <HeartRateBpm>
              <Value>0</Value>
            </HeartRateBpm>
            <Cadence>97</Cadence>
            <DistanceMeters>3958.97000</DistanceMeters>
            <Extensions>
              <TPX xmlns="http://www.garmin.com/xmlschemas/ActivityExtension/v2">
                <Watts>172</Watts>
              </TPX>
            </Extensions>
          </Trackpoint>
          <Trackpoint>
            <Time>2010-10-19T21:08:47Z</Time>
            <AltitudeMeters>0.0</AltitudeMeters>
            <HeartRateBpm>
              <Value>0</Value>
            </HeartRateBpm>
            <Cadence>97</Cadence>
            <DistanceMeters>3991.16000</DistanceMeters>
            <Extensions>
              <TPX xmlns="http://www.garmin.com/xmlschemas/ActivityExtension/v2">
                <Watts>168</Watts>
              </TPX>
            </Extensions>
          </Trackpoint>
          <Trackpoint>
            <Time>2010-10-19T21:08:50Z</Time>
            <AltitudeMeters>0.0</AltitudeMeters>
            <HeartRateBpm>
              <Value>0</Value>
            </HeartRateBpm>
            <Cadence>96</Cadence>
            <DistanceMeters>4007.25000</DistanceMeters>
            <Extensions>
              <TPX xmlns="http://www.garmin.com/xmlschemas/ActivityExtension/v2">
                <Watts>160</Watts>
              </TPX>
            </Extensions>
          </Trackpoint>
          <Trackpoint>
            <Time>2010-10-19T21:08:53Z</Time>
            <AltitudeMeters>0.0</AltitudeMeters>
            <HeartRateBpm>
              <Value>0</Value>
            </HeartRateBpm>
            <Cadence>96</Cadence>
            <DistanceMeters>4039.44000</DistanceMeters>
            <Extensions>
              <TPX xmlns="http://www.garmin.com/xmlschemas/ActivityExtension/v2">
                <Watts>168</Watts>
              </TPX>
            </Extensions>
          </Trackpoint>
          <Trackpoint>
            <Time>2010-10-19T21:08:56Z</Time>
            <AltitudeMeters>0.0</AltitudeMeters>
            <HeartRateBpm>
              <Value>0</Value>
            </HeartRateBpm>
            <Cadence>96</Cadence>
            <DistanceMeters>4071.63000</DistanceMeters>
            <Extensions>
              <TPX xmlns="http://www.garmin.com/xmlschemas/ActivityExtension/v2">
                <Watts>161</Watts>
              </TPX>
            </Extensions>
          </Trackpoint>
          <Trackpoint>
            <Time>2010-10-19T21:08:59Z</Time>
            <AltitudeMeters>0.0</AltitudeMeters>
            <HeartRateBpm>
              <Value>0</Value>
            </HeartRateBpm>
            <Cadence>93</Cadence>
            <DistanceMeters>4087.72000</DistanceMeters>
            <Extensions>
              <TPX xmlns="http://www.garmin.com/xmlschemas/ActivityExtension/v2">
                <Watts>155</Watts>
              </TPX>
            </Extensions>
          </Trackpoint>
          <Trackpoint>
            <Time>2010-10-19T21:09:02Z</Time>
            <AltitudeMeters>0.0</AltitudeMeters>
            <HeartRateBpm>
              <Value>0</Value>
            </HeartRateBpm>
            <Cadence>92</Cadence>
            <DistanceMeters>4119.91000</DistanceMeters>
            <Extensions>
              <TPX xmlns="http://www.garmin.com/xmlschemas/ActivityExtension/v2">
                <Watts>154</Watts>
              </TPX>
            </Extensions>
          </Trackpoint>
          <Trackpoint>
            <Time>2010-10-19T21:09:05Z</Time>
            <AltitudeMeters>0.0</AltitudeMeters>
            <HeartRateBpm>
              <Value>0</Value>
            </HeartRateBpm>
            <Cadence>92</Cadence>
            <DistanceMeters>4136.00000</DistanceMeters>
            <Extensions>
              <TPX xmlns="http://www.garmin.com/xmlschemas/ActivityExtension/v2">
                <Watts>153</Watts>
              </TPX>
            </Extensions>
          </Trackpoint>
          <Trackpoint>
            <Time>2010-10-19T21:09:08Z</Time>
            <AltitudeMeters>0.0</AltitudeMeters>
            <HeartRateBpm>
              <Value>0</Value>
            </HeartRateBpm>
            <Cadence>93</Cadence>
            <DistanceMeters>4168.19000</DistanceMeters>
            <Extensions>
              <TPX xmlns="http://www.garmin.com/xmlschemas/ActivityExtension/v2">
                <Watts>152</Watts>
              </TPX>
            </Extensions>
          </Trackpoint>
          <Trackpoint>
            <Time>2010-10-19T21:09:11Z</Time>
            <AltitudeMeters>0.0</AltitudeMeters>
            <HeartRateBpm>
              <Value>0</Value>
            </HeartRateBpm>
            <Cadence>93</Cadence>
            <DistanceMeters>4184.28000</DistanceMeters>
            <Extensions>
              <TPX xmlns="http://www.garmin.com/xmlschemas/ActivityExtension/v2">
                <Watts>154</Watts>
              </TPX>
            </Extensions>
          </Trackpoint>
          <Trackpoint>
            <Time>2010-10-19T21:09:14Z</Time>
            <AltitudeMeters>0.0</AltitudeMeters>
            <HeartRateBpm>
              <Value>0</Value>
            </HeartRateBpm>
            <Cadence>91</Cadence>
            <DistanceMeters>4216.47000</DistanceMeters>
            <Extensions>
              <TPX xmlns="http://www.garmin.com/xmlschemas/ActivityExtension/v2">
                <Watts>147</Watts>
              </TPX>
            </Extensions>
          </Trackpoint>
          <Trackpoint>
            <Time>2010-10-19T21:09:17Z</Time>
            <AltitudeMeters>0.0</AltitudeMeters>
            <HeartRateBpm>
              <Value>0</Value>
            </HeartRateBpm>
            <Cadence>91</Cadence>
            <DistanceMeters>4248.65000</DistanceMeters>
            <Extensions>
              <TPX xmlns="http://www.garmin.com/xmlschemas/ActivityExtension/v2">
                <Watts>148</Watts>
              </TPX>
            </Extensions>
          </Trackpoint>
          <Trackpoint>
            <Time>2010-10-19T21:09:20Z</Time>
            <AltitudeMeters>0.0</AltitudeMeters>
            <HeartRateBpm>
              <Value>0</Value>
            </HeartRateBpm>
            <Cadence>89</Cadence>
            <DistanceMeters>4264.75000</DistanceMeters>
            <Extensions>
              <TPX xmlns="http://www.garmin.com/xmlschemas/ActivityExtension/v2">
                <Watts>144</Watts>
              </TPX>
            </Extensions>
          </Trackpoint>
          <Trackpoint>
            <Time>2010-10-19T21:09:23Z</Time>
            <AltitudeMeters>0.0</AltitudeMeters>
            <HeartRateBpm>
              <Value>0</Value>
            </HeartRateBpm>
            <Cadence>89</Cadence>
            <DistanceMeters>4296.93000</DistanceMeters>
            <Extensions>
              <TPX xmlns="http://www.garmin.com/xmlschemas/ActivityExtension/v2">
                <Watts>143</Watts>
              </TPX>
            </Extensions>
          </Trackpoint>
          <Trackpoint>
            <Time>2010-10-19T21:09:26Z</Time>
            <AltitudeMeters>0.0</AltitudeMeters>
            <HeartRateBpm>
              <Value>0</Value>
            </HeartRateBpm>
            <Cadence>92</Cadence>
            <DistanceMeters>4313.03000</DistanceMeters>
            <Extensions>
              <TPX xmlns="http://www.garmin.com/xmlschemas/ActivityExtension/v2">
                <Watts>152</Watts>
              </TPX>
            </Extensions>
          </Trackpoint>
          <Trackpoint>
            <Time>2010-10-19T21:09:29Z</Time>
            <AltitudeMeters>0.0</AltitudeMeters>
            <HeartRateBpm>
              <Value>0</Value>
            </HeartRateBpm>
            <Cadence>95</Cadence>
            <DistanceMeters>4329.12000</DistanceMeters>
            <Extensions>
              <TPX xmlns="http://www.garmin.com/xmlschemas/ActivityExtension/v2">
                <Watts>156</Watts>
              </TPX>
            </Extensions>
          </Trackpoint>
          <Trackpoint>
            <Time>2010-10-19T21:09:32Z</Time>
            <AltitudeMeters>0.0</AltitudeMeters>
            <HeartRateBpm>
              <Value>0</Value>
            </HeartRateBpm>
            <Cadence>93</Cadence>
            <DistanceMeters>4361.31000</DistanceMeters>
            <Extensions>
              <TPX xmlns="http://www.garmin.com/xmlschemas/ActivityExtension/v2">
                <Watts>156</Watts>
              </TPX>
            </Extensions>
          </Trackpoint>
          <Trackpoint>
            <Time>2010-10-19T21:09:35Z</Time>
            <AltitudeMeters>0.0</AltitudeMeters>
            <HeartRateBpm>
              <Value>0</Value>
            </HeartRateBpm>
            <Cadence>90</Cadence>
            <DistanceMeters>4393.49000</DistanceMeters>
            <Extensions>
              <TPX xmlns="http://www.garmin.com/xmlschemas/ActivityExtension/v2">
                <Watts>154</Watts>
              </TPX>
            </Extensions>
          </Trackpoint>
          <Trackpoint>
            <Time>2010-10-19T21:09:38Z</Time>
            <AltitudeMeters>0.0</AltitudeMeters>
            <HeartRateBpm>
              <Value>0</Value>
            </HeartRateBpm>
            <Cadence>101</Cadence>
            <DistanceMeters>4409.59000</DistanceMeters>
            <Extensions>
              <TPX xmlns="http://www.garmin.com/xmlschemas/ActivityExtension/v2">
                <Watts>148</Watts>
              </TPX>
            </Extensions>
          </Trackpoint>
          <Trackpoint>
            <Time>2010-10-19T21:09:41Z</Time>
            <AltitudeMeters>0.0</AltitudeMeters>
            <HeartRateBpm>
              <Value>0</Value>
            </HeartRateBpm>
            <Cadence>100</Cadence>
            <DistanceMeters>4441.77000</DistanceMeters>
            <Extensions>
              <TPX xmlns="http://www.garmin.com/xmlschemas/ActivityExtension/v2">
                <Watts>180</Watts>
              </TPX>
            </Extensions>
          </Trackpoint>
          <Trackpoint>
            <Time>2010-10-19T21:09:44Z</Time>
            <AltitudeMeters>0.0</AltitudeMeters>
            <HeartRateBpm>
              <Value>0</Value>
            </HeartRateBpm>
            <Cadence>94</Cadence>
            <DistanceMeters>4457.87000</DistanceMeters>
            <Extensions>
              <TPX xmlns="http://www.garmin.com/xmlschemas/ActivityExtension/v2">
                <Watts>193</Watts>
              </TPX>
            </Extensions>
          </Trackpoint>
          <Trackpoint>
            <Time>2010-10-19T21:09:47Z</Time>
            <AltitudeMeters>0.0</AltitudeMeters>
            <HeartRateBpm>
              <Value>0</Value>
            </HeartRateBpm>
            <Cadence>93</Cadence>
            <DistanceMeters>4490.05000</DistanceMeters>
            <Extensions>
              <TPX xmlns="http://www.garmin.com/xmlschemas/ActivityExtension/v2">
                <Watts>184</Watts>
              </TPX>
            </Extensions>
          </Trackpoint>
          <Trackpoint>
            <Time>2010-10-19T21:09:50Z</Time>
            <AltitudeMeters>0.0</AltitudeMeters>
            <HeartRateBpm>
              <Value>0</Value>
            </HeartRateBpm>
            <Cadence>94</Cadence>
            <DistanceMeters>4522.24000</DistanceMeters>
            <Extensions>
              <TPX xmlns="http://www.garmin.com/xmlschemas/ActivityExtension/v2">
                <Watts>185</Watts>
              </TPX>
            </Extensions>
          </Trackpoint>
          <Trackpoint>
            <Time>2010-10-19T21:09:53Z</Time>
            <AltitudeMeters>0.0</AltitudeMeters>
            <HeartRateBpm>
              <Value>0</Value>
            </HeartRateBpm>
            <Cadence>96</Cadence>
            <DistanceMeters>4554.43000</DistanceMeters>
            <Extensions>
              <TPX xmlns="http://www.garmin.com/xmlschemas/ActivityExtension/v2">
                <Watts>189</Watts>
              </TPX>
            </Extensions>
          </Trackpoint>
          <Trackpoint>
            <Time>2010-10-19T21:09:56Z</Time>
            <AltitudeMeters>0.0</AltitudeMeters>
            <HeartRateBpm>
              <Value>0</Value>
            </HeartRateBpm>
            <Cadence>97</Cadence>
            <DistanceMeters>4586.61000</DistanceMeters>
            <Extensions>
              <TPX xmlns="http://www.garmin.com/xmlschemas/ActivityExtension/v2">
                <Watts>190</Watts>
              </TPX>
            </Extensions>
          </Trackpoint>
          <Trackpoint>
            <Time>2010-10-19T21:09:59Z</Time>
            <AltitudeMeters>0.0</AltitudeMeters>
            <HeartRateBpm>
              <Value>0</Value>
            </HeartRateBpm>
            <Cadence>97</Cadence>
            <DistanceMeters>4618.80000</DistanceMeters>
            <Extensions>
              <TPX xmlns="http://www.garmin.com/xmlschemas/ActivityExtension/v2">
                <Watts>191</Watts>
              </TPX>
            </Extensions>
          </Trackpoint>
          <Trackpoint>
            <Time>2010-10-19T21:10:02Z</Time>
            <AltitudeMeters>0.0</AltitudeMeters>
            <HeartRateBpm>
              <Value>0</Value>
            </HeartRateBpm>
            <Cadence>97</Cadence>
            <DistanceMeters>4650.99000</DistanceMeters>
            <Extensions>
              <TPX xmlns="http://www.garmin.com/xmlschemas/ActivityExtension/v2">
                <Watts>193</Watts>
              </TPX>
            </Extensions>
          </Trackpoint>
          <Trackpoint>
            <Time>2010-10-19T21:10:05Z</Time>
            <AltitudeMeters>0.0</AltitudeMeters>
            <HeartRateBpm>
              <Value>0</Value>
            </HeartRateBpm>
            <Cadence>97</Cadence>
            <DistanceMeters>4683.17000</DistanceMeters>
            <Extensions>
              <TPX xmlns="http://www.garmin.com/xmlschemas/ActivityExtension/v2">
                <Watts>194</Watts>
              </TPX>
            </Extensions>
          </Trackpoint>
          <Trackpoint>
            <Time>2010-10-19T21:10:08Z</Time>
            <AltitudeMeters>0.0</AltitudeMeters>
            <HeartRateBpm>
              <Value>0</Value>
            </HeartRateBpm>
            <Cadence>96</Cadence>
            <DistanceMeters>4715.36000</DistanceMeters>
            <Extensions>
              <TPX xmlns="http://www.garmin.com/xmlschemas/ActivityExtension/v2">
                <Watts>191</Watts>
              </TPX>
            </Extensions>
          </Trackpoint>
          <Trackpoint>
            <Time>2010-10-19T21:10:11Z</Time>
            <AltitudeMeters>0.0</AltitudeMeters>
            <HeartRateBpm>
              <Value>0</Value>
            </HeartRateBpm>
            <Cadence>95</Cadence>
            <DistanceMeters>4731.45000</DistanceMeters>
            <Extensions>
              <TPX xmlns="http://www.garmin.com/xmlschemas/ActivityExtension/v2">
                <Watts>190</Watts>
              </TPX>
            </Extensions>
          </Trackpoint>
          <Trackpoint>
            <Time>2010-10-19T21:10:14Z</Time>
            <AltitudeMeters>0.0</AltitudeMeters>
            <HeartRateBpm>
              <Value>0</Value>
            </HeartRateBpm>
            <Cadence>95</Cadence>
            <DistanceMeters>4763.64000</DistanceMeters>
            <Extensions>
              <TPX xmlns="http://www.garmin.com/xmlschemas/ActivityExtension/v2">
                <Watts>188</Watts>
              </TPX>
            </Extensions>
          </Trackpoint>
          <Trackpoint>
            <Time>2010-10-19T21:10:17Z</Time>
            <AltitudeMeters>0.0</AltitudeMeters>
            <HeartRateBpm>
              <Value>0</Value>
            </HeartRateBpm>
            <Cadence>94</Cadence>
            <DistanceMeters>4795.83000</DistanceMeters>
            <Extensions>
              <TPX xmlns="http://www.garmin.com/xmlschemas/ActivityExtension/v2">
                <Watts>186</Watts>
              </TPX>
            </Extensions>
          </Trackpoint>
          <Trackpoint>
            <Time>2010-10-19T21:10:20Z</Time>
            <AltitudeMeters>0.0</AltitudeMeters>
            <HeartRateBpm>
              <Value>0</Value>
            </HeartRateBpm>
            <Cadence>94</Cadence>
            <DistanceMeters>4828.01000</DistanceMeters>
            <Extensions>
              <TPX xmlns="http://www.garmin.com/xmlschemas/ActivityExtension/v2">
                <Watts>189</Watts>
              </TPX>
            </Extensions>
          </Trackpoint>
          <Trackpoint>
            <Time>2010-10-19T21:10:23Z</Time>
            <AltitudeMeters>0.0</AltitudeMeters>
            <HeartRateBpm>
              <Value>0</Value>
            </HeartRateBpm>
            <Cadence>94</Cadence>
            <DistanceMeters>4860.20000</DistanceMeters>
            <Extensions>
              <TPX xmlns="http://www.garmin.com/xmlschemas/ActivityExtension/v2">
                <Watts>185</Watts>
              </TPX>
            </Extensions>
          </Trackpoint>
          <Trackpoint>
            <Time>2010-10-19T21:10:26Z</Time>
            <AltitudeMeters>0.0</AltitudeMeters>
            <HeartRateBpm>
              <Value>0</Value>
            </HeartRateBpm>
            <Cadence>92</Cadence>
            <DistanceMeters>4892.39000</DistanceMeters>
            <Extensions>
              <TPX xmlns="http://www.garmin.com/xmlschemas/ActivityExtension/v2">
                <Watts>181</Watts>
              </TPX>
            </Extensions>
          </Trackpoint>
          <Trackpoint>
            <Time>2010-10-19T21:10:29Z</Time>
            <AltitudeMeters>0.0</AltitudeMeters>
            <HeartRateBpm>
              <Value>0</Value>
            </HeartRateBpm>
            <Cadence>95</Cadence>
            <DistanceMeters>4924.58000</DistanceMeters>
            <Extensions>
              <TPX xmlns="http://www.garmin.com/xmlschemas/ActivityExtension/v2">
                <Watts>186</Watts>
              </TPX>
            </Extensions>
          </Trackpoint>
          <Trackpoint>
            <Time>2010-10-19T21:10:32Z</Time>
            <AltitudeMeters>0.0</AltitudeMeters>
            <HeartRateBpm>
              <Value>0</Value>
            </HeartRateBpm>
            <Cadence>98</Cadence>
            <DistanceMeters>4956.76000</DistanceMeters>
            <Extensions>
              <TPX xmlns="http://www.garmin.com/xmlschemas/ActivityExtension/v2">
                <Watts>187</Watts>
              </TPX>
            </Extensions>
          </Trackpoint>
          <Trackpoint>
            <Time>2010-10-19T21:10:35Z</Time>
            <AltitudeMeters>0.0</AltitudeMeters>
            <HeartRateBpm>
              <Value>0</Value>
            </HeartRateBpm>
            <Cadence>97</Cadence>
            <DistanceMeters>4972.86000</DistanceMeters>
            <Extensions>
              <TPX xmlns="http://www.garmin.com/xmlschemas/ActivityExtension/v2">
                <Watts>195</Watts>
              </TPX>
            </Extensions>
          </Trackpoint>
          <Trackpoint>
            <Time>2010-10-19T21:10:38Z</Time>
            <AltitudeMeters>0.0</AltitudeMeters>
            <HeartRateBpm>
              <Value>0</Value>
            </HeartRateBpm>
            <Cadence>94</Cadence>
            <DistanceMeters>5005.04000</DistanceMeters>
            <Extensions>
              <TPX xmlns="http://www.garmin.com/xmlschemas/ActivityExtension/v2">
                <Watts>193</Watts>
              </TPX>
            </Extensions>
          </Trackpoint>
          <Trackpoint>
            <Time>2010-10-19T21:10:41Z</Time>
            <AltitudeMeters>0.0</AltitudeMeters>
            <HeartRateBpm>
              <Value>0</Value>
            </HeartRateBpm>
            <Cadence>94</Cadence>
            <DistanceMeters>5037.23000</DistanceMeters>
            <Extensions>
              <TPX xmlns="http://www.garmin.com/xmlschemas/ActivityExtension/v2">
                <Watts>182</Watts>
              </TPX>
            </Extensions>
          </Trackpoint>
          <Trackpoint>
            <Time>2010-10-19T21:10:44Z</Time>
            <AltitudeMeters>0.0</AltitudeMeters>
            <HeartRateBpm>
              <Value>0</Value>
            </HeartRateBpm>
            <Cadence>94</Cadence>
            <DistanceMeters>5069.42000</DistanceMeters>
            <Extensions>
              <TPX xmlns="http://www.garmin.com/xmlschemas/ActivityExtension/v2">
                <Watts>182</Watts>
              </TPX>
            </Extensions>
          </Trackpoint>
          <Trackpoint>
            <Time>2010-10-19T21:10:47Z</Time>
            <AltitudeMeters>0.0</AltitudeMeters>
            <HeartRateBpm>
              <Value>0</Value>
            </HeartRateBpm>
            <Cadence>95</Cadence>
            <DistanceMeters>5101.60000</DistanceMeters>
            <Extensions>
              <TPX xmlns="http://www.garmin.com/xmlschemas/ActivityExtension/v2">
                <Watts>188</Watts>
              </TPX>
            </Extensions>
          </Trackpoint>
          <Trackpoint>
            <Time>2010-10-19T21:10:50Z</Time>
            <AltitudeMeters>0.0</AltitudeMeters>
            <HeartRateBpm>
              <Value>0</Value>
            </HeartRateBpm>
            <Cadence>95</Cadence>
            <DistanceMeters>5133.79000</DistanceMeters>
            <Extensions>
              <TPX xmlns="http://www.garmin.com/xmlschemas/ActivityExtension/v2">
                <Watts>185</Watts>
              </TPX>
            </Extensions>
          </Trackpoint>
          <Trackpoint>
            <Time>2010-10-19T21:10:53Z</Time>
            <AltitudeMeters>0.0</AltitudeMeters>
            <HeartRateBpm>
              <Value>0</Value>
            </HeartRateBpm>
            <Cadence>93</Cadence>
            <DistanceMeters>5165.98000</DistanceMeters>
            <Extensions>
              <TPX xmlns="http://www.garmin.com/xmlschemas/ActivityExtension/v2">
                <Watts>183</Watts>
              </TPX>
            </Extensions>
          </Trackpoint>
          <Trackpoint>
            <Time>2010-10-19T21:10:56Z</Time>
            <AltitudeMeters>0.0</AltitudeMeters>
            <HeartRateBpm>
              <Value>0</Value>
            </HeartRateBpm>
            <Cadence>93</Cadence>
            <DistanceMeters>5198.16000</DistanceMeters>
            <Extensions>
              <TPX xmlns="http://www.garmin.com/xmlschemas/ActivityExtension/v2">
                <Watts>179</Watts>
              </TPX>
            </Extensions>
          </Trackpoint>
          <Trackpoint>
            <Time>2010-10-19T21:10:59Z</Time>
            <AltitudeMeters>0.0</AltitudeMeters>
            <HeartRateBpm>
              <Value>0</Value>
            </HeartRateBpm>
            <Cadence>94</Cadence>
            <DistanceMeters>5214.26000</DistanceMeters>
            <Extensions>
              <TPX xmlns="http://www.garmin.com/xmlschemas/ActivityExtension/v2">
                <Watts>175</Watts>
              </TPX>
            </Extensions>
          </Trackpoint>
          <Trackpoint>
            <Time>2010-10-19T21:11:02Z</Time>
            <AltitudeMeters>0.0</AltitudeMeters>
            <HeartRateBpm>
              <Value>0</Value>
            </HeartRateBpm>
            <Cadence>92</Cadence>
            <DistanceMeters>5246.44000</DistanceMeters>
            <Extensions>
              <TPX xmlns="http://www.garmin.com/xmlschemas/ActivityExtension/v2">
                <Watts>176</Watts>
              </TPX>
            </Extensions>
          </Trackpoint>
          <Trackpoint>
            <Time>2010-10-19T21:11:05Z</Time>
            <AltitudeMeters>0.0</AltitudeMeters>
            <HeartRateBpm>
              <Value>0</Value>
            </HeartRateBpm>
            <Cadence>92</Cadence>
            <DistanceMeters>5278.63000</DistanceMeters>
            <Extensions>
              <TPX xmlns="http://www.garmin.com/xmlschemas/ActivityExtension/v2">
                <Watts>171</Watts>
              </TPX>
            </Extensions>
          </Trackpoint>
          <Trackpoint>
            <Time>2010-10-19T21:11:08Z</Time>
            <AltitudeMeters>0.0</AltitudeMeters>
            <HeartRateBpm>
              <Value>0</Value>
            </HeartRateBpm>
            <Cadence>93</Cadence>
            <DistanceMeters>5310.82000</DistanceMeters>
            <Extensions>
              <TPX xmlns="http://www.garmin.com/xmlschemas/ActivityExtension/v2">
                <Watts>174</Watts>
              </TPX>
            </Extensions>
          </Trackpoint>
          <Trackpoint>
            <Time>2010-10-19T21:11:11Z</Time>
            <AltitudeMeters>0.0</AltitudeMeters>
            <HeartRateBpm>
              <Value>0</Value>
            </HeartRateBpm>
            <Cadence>93</Cadence>
            <DistanceMeters>5326.91000</DistanceMeters>
            <Extensions>
              <TPX xmlns="http://www.garmin.com/xmlschemas/ActivityExtension/v2">
                <Watts>180</Watts>
              </TPX>
            </Extensions>
          </Trackpoint>
          <Trackpoint>
            <Time>2010-10-19T21:11:14Z</Time>
            <AltitudeMeters>0.0</AltitudeMeters>
            <HeartRateBpm>
              <Value>0</Value>
            </HeartRateBpm>
            <Cadence>90</Cadence>
            <DistanceMeters>5359.10000</DistanceMeters>
            <Extensions>
              <TPX xmlns="http://www.garmin.com/xmlschemas/ActivityExtension/v2">
                <Watts>172</Watts>
              </TPX>
            </Extensions>
          </Trackpoint>
          <Trackpoint>
            <Time>2010-10-19T21:11:17Z</Time>
            <AltitudeMeters>0.0</AltitudeMeters>
            <HeartRateBpm>
              <Value>0</Value>
            </HeartRateBpm>
            <Cadence>89</Cadence>
            <DistanceMeters>5391.28000</DistanceMeters>
            <Extensions>
              <TPX xmlns="http://www.garmin.com/xmlschemas/ActivityExtension/v2">
                <Watts>167</Watts>
              </TPX>
            </Extensions>
          </Trackpoint>
          <Trackpoint>
            <Time>2010-10-19T21:11:20Z</Time>
            <AltitudeMeters>0.0</AltitudeMeters>
            <HeartRateBpm>
              <Value>0</Value>
            </HeartRateBpm>
            <Cadence>90</Cadence>
            <DistanceMeters>5423.47000</DistanceMeters>
            <Extensions>
              <TPX xmlns="http://www.garmin.com/xmlschemas/ActivityExtension/v2">
                <Watts>167</Watts>
              </TPX>
            </Extensions>
          </Trackpoint>
          <Trackpoint>
            <Time>2010-10-19T21:11:23Z</Time>
            <AltitudeMeters>0.0</AltitudeMeters>
            <HeartRateBpm>
              <Value>0</Value>
            </HeartRateBpm>
            <Cadence>92</Cadence>
            <DistanceMeters>5439.56000</DistanceMeters>
            <Extensions>
              <TPX xmlns="http://www.garmin.com/xmlschemas/ActivityExtension/v2">
                <Watts>169</Watts>
              </TPX>
            </Extensions>
          </Trackpoint>
          <Trackpoint>
            <Time>2010-10-19T21:11:26Z</Time>
            <AltitudeMeters>0.0</AltitudeMeters>
            <HeartRateBpm>
              <Value>0</Value>
            </HeartRateBpm>
            <Cadence>94</Cadence>
            <DistanceMeters>5471.75000</DistanceMeters>
            <Extensions>
              <TPX xmlns="http://www.garmin.com/xmlschemas/ActivityExtension/v2">
                <Watts>175</Watts>
              </TPX>
            </Extensions>
          </Trackpoint>
          <Trackpoint>
            <Time>2010-10-19T21:11:29Z</Time>
            <AltitudeMeters>0.0</AltitudeMeters>
            <HeartRateBpm>
              <Value>0</Value>
            </HeartRateBpm>
            <Cadence>91</Cadence>
            <DistanceMeters>5503.94000</DistanceMeters>
            <Extensions>
              <TPX xmlns="http://www.garmin.com/xmlschemas/ActivityExtension/v2">
                <Watts>179</Watts>
              </TPX>
            </Extensions>
          </Trackpoint>
          <Trackpoint>
            <Time>2010-10-19T21:11:32Z</Time>
            <AltitudeMeters>0.0</AltitudeMeters>
            <HeartRateBpm>
              <Value>0</Value>
            </HeartRateBpm>
            <Cadence>90</Cadence>
            <DistanceMeters>5536.12000</DistanceMeters>
            <Extensions>
              <TPX xmlns="http://www.garmin.com/xmlschemas/ActivityExtension/v2">
                <Watts>171</Watts>
              </TPX>
            </Extensions>
          </Trackpoint>
          <Trackpoint>
            <Time>2010-10-19T21:11:35Z</Time>
            <AltitudeMeters>0.0</AltitudeMeters>
            <HeartRateBpm>
              <Value>0</Value>
            </HeartRateBpm>
            <Cadence>91</Cadence>
            <DistanceMeters>5552.22000</DistanceMeters>
            <Extensions>
              <TPX xmlns="http://www.garmin.com/xmlschemas/ActivityExtension/v2">
                <Watts>169</Watts>
              </TPX>
            </Extensions>
          </Trackpoint>
          <Trackpoint>
            <Time>2010-10-19T21:11:38Z</Time>
            <AltitudeMeters>0.0</AltitudeMeters>
            <HeartRateBpm>
              <Value>0</Value>
            </HeartRateBpm>
            <Cadence>90</Cadence>
            <DistanceMeters>5584.40000</DistanceMeters>
            <Extensions>
              <TPX xmlns="http://www.garmin.com/xmlschemas/ActivityExtension/v2">
                <Watts>170</Watts>
              </TPX>
            </Extensions>
          </Trackpoint>
          <Trackpoint>
            <Time>2010-10-19T21:11:41Z</Time>
            <AltitudeMeters>0.0</AltitudeMeters>
            <HeartRateBpm>
              <Value>0</Value>
            </HeartRateBpm>
            <Cadence>90</Cadence>
            <DistanceMeters>5616.59000</DistanceMeters>
            <Extensions>
              <TPX xmlns="http://www.garmin.com/xmlschemas/ActivityExtension/v2">
                <Watts>169</Watts>
              </TPX>
            </Extensions>
          </Trackpoint>
          <Trackpoint>
            <Time>2010-10-19T21:11:44Z</Time>
            <AltitudeMeters>0.0</AltitudeMeters>
            <HeartRateBpm>
              <Value>0</Value>
            </HeartRateBpm>
            <Cadence>90</Cadence>
            <DistanceMeters>5632.69000</DistanceMeters>
            <Extensions>
              <TPX xmlns="http://www.garmin.com/xmlschemas/ActivityExtension/v2">
                <Watts>167</Watts>
              </TPX>
            </Extensions>
          </Trackpoint>
          <Trackpoint>
            <Time>2010-10-19T21:11:47Z</Time>
            <AltitudeMeters>0.0</AltitudeMeters>
            <HeartRateBpm>
              <Value>0</Value>
            </HeartRateBpm>
            <Cadence>90</Cadence>
            <DistanceMeters>5664.87000</DistanceMeters>
            <Extensions>
              <TPX xmlns="http://www.garmin.com/xmlschemas/ActivityExtension/v2">
                <Watts>167</Watts>
              </TPX>
            </Extensions>
          </Trackpoint>
          <Trackpoint>
            <Time>2010-10-19T21:11:50Z</Time>
            <AltitudeMeters>0.0</AltitudeMeters>
            <HeartRateBpm>
              <Value>0</Value>
            </HeartRateBpm>
            <Cadence>92</Cadence>
            <DistanceMeters>5697.06000</DistanceMeters>
            <Extensions>
              <TPX xmlns="http://www.garmin.com/xmlschemas/ActivityExtension/v2">
                <Watts>173</Watts>
              </TPX>
            </Extensions>
          </Trackpoint>
          <Trackpoint>
            <Time>2010-10-19T21:11:53Z</Time>
            <AltitudeMeters>0.0</AltitudeMeters>
            <HeartRateBpm>
              <Value>0</Value>
            </HeartRateBpm>
            <Cadence>93</Cadence>
            <DistanceMeters>5729.25000</DistanceMeters>
            <Extensions>
              <TPX xmlns="http://www.garmin.com/xmlschemas/ActivityExtension/v2">
                <Watts>174</Watts>
              </TPX>
            </Extensions>
          </Trackpoint>
          <Trackpoint>
            <Time>2010-10-19T21:11:56Z</Time>
            <AltitudeMeters>0.0</AltitudeMeters>
            <HeartRateBpm>
              <Value>0</Value>
            </HeartRateBpm>
            <Cadence>93</Cadence>
            <DistanceMeters>5745.34000</DistanceMeters>
            <Extensions>
              <TPX xmlns="http://www.garmin.com/xmlschemas/ActivityExtension/v2">
                <Watts>173</Watts>
              </TPX>
            </Extensions>
          </Trackpoint>
          <Trackpoint>
            <Time>2010-10-19T21:11:59Z</Time>
            <AltitudeMeters>0.0</AltitudeMeters>
            <HeartRateBpm>
              <Value>0</Value>
            </HeartRateBpm>
            <Cadence>94</Cadence>
            <DistanceMeters>5777.53000</DistanceMeters>
            <Extensions>
              <TPX xmlns="http://www.garmin.com/xmlschemas/ActivityExtension/v2">
                <Watts>181</Watts>
              </TPX>
            </Extensions>
          </Trackpoint>
          <Trackpoint>
            <Time>2010-10-19T21:12:02Z</Time>
            <AltitudeMeters>0.0</AltitudeMeters>
            <HeartRateBpm>
              <Value>0</Value>
            </HeartRateBpm>
            <Cadence>94</Cadence>
            <DistanceMeters>5809.71000</DistanceMeters>
            <Extensions>
              <TPX xmlns="http://www.garmin.com/xmlschemas/ActivityExtension/v2">
                <Watts>179</Watts>
              </TPX>
            </Extensions>
          </Trackpoint>
          <Trackpoint>
            <Time>2010-10-19T21:12:05Z</Time>
            <AltitudeMeters>0.0</AltitudeMeters>
            <HeartRateBpm>
              <Value>0</Value>
            </HeartRateBpm>
            <Cadence>93</Cadence>
            <DistanceMeters>5841.90000</DistanceMeters>
            <Extensions>
              <TPX xmlns="http://www.garmin.com/xmlschemas/ActivityExtension/v2">
                <Watts>178</Watts>
              </TPX>
            </Extensions>
          </Trackpoint>
          <Trackpoint>
            <Time>2010-10-19T21:12:08Z</Time>
            <AltitudeMeters>0.0</AltitudeMeters>
            <HeartRateBpm>
              <Value>0</Value>
            </HeartRateBpm>
            <Cadence>83</Cadence>
            <DistanceMeters>5857.99000</DistanceMeters>
            <Extensions>
              <TPX xmlns="http://www.garmin.com/xmlschemas/ActivityExtension/v2">
                <Watts>511</Watts>
              </TPX>
            </Extensions>
          </Trackpoint>
          <Trackpoint>
            <Time>2010-10-19T21:12:11Z</Time>
            <AltitudeMeters>0.0</AltitudeMeters>
            <HeartRateBpm>
              <Value>0</Value>
            </HeartRateBpm>
            <Cadence>75</Cadence>
            <DistanceMeters>5906.27000</DistanceMeters>
            <Extensions>
              <TPX xmlns="http://www.garmin.com/xmlschemas/ActivityExtension/v2">
                <Watts>339</Watts>
              </TPX>
            </Extensions>
          </Trackpoint>
          <Trackpoint>
            <Time>2010-10-19T21:12:14Z</Time>
            <AltitudeMeters>0.0</AltitudeMeters>
            <HeartRateBpm>
              <Value>0</Value>
            </HeartRateBpm>
            <Cadence>75</Cadence>
            <DistanceMeters>5970.65000</DistanceMeters>
            <Extensions>
              <TPX xmlns="http://www.garmin.com/xmlschemas/ActivityExtension/v2">
                <Watts>415</Watts>
              </TPX>
            </Extensions>
          </Trackpoint>
          <Trackpoint>
            <Time>2010-10-19T21:12:17Z</Time>
            <AltitudeMeters>0.0</AltitudeMeters>
            <HeartRateBpm>
              <Value>0</Value>
            </HeartRateBpm>
            <Cadence>71</Cadence>
            <DistanceMeters>6035.02000</DistanceMeters>
            <Extensions>
              <TPX xmlns="http://www.garmin.com/xmlschemas/ActivityExtension/v2">
                <Watts>390</Watts>
              </TPX>
            </Extensions>
          </Trackpoint>
          <Trackpoint>
            <Time>2010-10-19T21:12:20Z</Time>
            <AltitudeMeters>0.0</AltitudeMeters>
            <HeartRateBpm>
              <Value>0</Value>
            </HeartRateBpm>
            <Cadence>74</Cadence>
            <DistanceMeters>6099.39000</DistanceMeters>
            <Extensions>
              <TPX xmlns="http://www.garmin.com/xmlschemas/ActivityExtension/v2">
                <Watts>412</Watts>
              </TPX>
            </Extensions>
          </Trackpoint>
          <Trackpoint>
            <Time>2010-10-19T21:12:23Z</Time>
            <AltitudeMeters>0.0</AltitudeMeters>
            <HeartRateBpm>
              <Value>0</Value>
            </HeartRateBpm>
            <Cadence>71</Cadence>
            <DistanceMeters>6163.77000</DistanceMeters>
            <Extensions>
              <TPX xmlns="http://www.garmin.com/xmlschemas/ActivityExtension/v2">
                <Watts>408</Watts>
              </TPX>
            </Extensions>
          </Trackpoint>
          <Trackpoint>
            <Time>2010-10-19T21:12:26Z</Time>
            <AltitudeMeters>0.0</AltitudeMeters>
            <HeartRateBpm>
              <Value>0</Value>
            </HeartRateBpm>
            <Cadence>72</Cadence>
            <DistanceMeters>6228.14000</DistanceMeters>
            <Extensions>
              <TPX xmlns="http://www.garmin.com/xmlschemas/ActivityExtension/v2">
                <Watts>386</Watts>
              </TPX>
            </Extensions>
          </Trackpoint>
          <Trackpoint>
            <Time>2010-10-19T21:12:29Z</Time>
            <AltitudeMeters>0.0</AltitudeMeters>
            <HeartRateBpm>
              <Value>0</Value>
            </HeartRateBpm>
            <Cadence>72</Cadence>
            <DistanceMeters>6292.51000</DistanceMeters>
            <Extensions>
              <TPX xmlns="http://www.garmin.com/xmlschemas/ActivityExtension/v2">
                <Watts>380</Watts>
              </TPX>
            </Extensions>
          </Trackpoint>
          <Trackpoint>
            <Time>2010-10-19T21:12:32Z</Time>
            <AltitudeMeters>0.0</AltitudeMeters>
            <HeartRateBpm>
              <Value>0</Value>
            </HeartRateBpm>
            <Cadence>67</Cadence>
            <DistanceMeters>6356.89000</DistanceMeters>
            <Extensions>
              <TPX xmlns="http://www.garmin.com/xmlschemas/ActivityExtension/v2">
                <Watts>381</Watts>
              </TPX>
            </Extensions>
          </Trackpoint>
          <Trackpoint>
            <Time>2010-10-19T21:12:35Z</Time>
            <AltitudeMeters>0.0</AltitudeMeters>
            <HeartRateBpm>
              <Value>0</Value>
            </HeartRateBpm>
            <Cadence>72</Cadence>
            <DistanceMeters>6421.26000</DistanceMeters>
            <Extensions>
              <TPX xmlns="http://www.garmin.com/xmlschemas/ActivityExtension/v2">
                <Watts>359</Watts>
              </TPX>
            </Extensions>
          </Trackpoint>
          <Trackpoint>
            <Time>2010-10-19T21:12:38Z</Time>
            <AltitudeMeters>0.0</AltitudeMeters>
            <HeartRateBpm>
              <Value>0</Value>
            </HeartRateBpm>
            <Cadence>73</Cadence>
            <DistanceMeters>6469.54000</DistanceMeters>
            <Extensions>
              <TPX xmlns="http://www.garmin.com/xmlschemas/ActivityExtension/v2">
                <Watts>395</Watts>
              </TPX>
            </Extensions>
          </Trackpoint>
          <Trackpoint>
            <Time>2010-10-19T21:12:41Z</Time>
            <AltitudeMeters>0.0</AltitudeMeters>
            <HeartRateBpm>
              <Value>0</Value>
            </HeartRateBpm>
            <Cadence>74</Cadence>
            <DistanceMeters>6533.92000</DistanceMeters>
            <Extensions>
              <TPX xmlns="http://www.garmin.com/xmlschemas/ActivityExtension/v2">
                <Watts>405</Watts>
              </TPX>
            </Extensions>
          </Trackpoint>
          <Trackpoint>
            <Time>2010-10-19T21:12:44Z</Time>
            <AltitudeMeters>0.0</AltitudeMeters>
            <HeartRateBpm>
              <Value>0</Value>
            </HeartRateBpm>
            <Cadence>67</Cadence>
            <DistanceMeters>6598.29000</DistanceMeters>
            <Extensions>
              <TPX xmlns="http://www.garmin.com/xmlschemas/ActivityExtension/v2">
                <Watts>332</Watts>
              </TPX>
            </Extensions>
          </Trackpoint>
          <Trackpoint>
            <Time>2010-10-19T21:12:47Z</Time>
            <AltitudeMeters>0.0</AltitudeMeters>
            <HeartRateBpm>
              <Value>0</Value>
            </HeartRateBpm>
            <Cadence>74</Cadence>
            <DistanceMeters>6662.66000</DistanceMeters>
            <Extensions>
              <TPX xmlns="http://www.garmin.com/xmlschemas/ActivityExtension/v2">
                <Watts>402</Watts>
              </TPX>
            </Extensions>
          </Trackpoint>
          <Trackpoint>
            <Time>2010-10-19T21:12:50Z</Time>
            <AltitudeMeters>0.0</AltitudeMeters>
            <HeartRateBpm>
              <Value>0</Value>
            </HeartRateBpm>
            <Cadence>74</Cadence>
            <DistanceMeters>6727.04000</DistanceMeters>
            <Extensions>
              <TPX xmlns="http://www.garmin.com/xmlschemas/ActivityExtension/v2">
                <Watts>420</Watts>
              </TPX>
            </Extensions>
          </Trackpoint>
          <Trackpoint>
            <Time>2010-10-19T21:12:53Z</Time>
            <AltitudeMeters>0.0</AltitudeMeters>
            <HeartRateBpm>
              <Value>0</Value>
            </HeartRateBpm>
            <Cadence>76</Cadence>
            <DistanceMeters>6791.41000</DistanceMeters>
            <Extensions>
              <TPX xmlns="http://www.garmin.com/xmlschemas/ActivityExtension/v2">
                <Watts>333</Watts>
              </TPX>
            </Extensions>
          </Trackpoint>
          <Trackpoint>
            <Time>2010-10-19T21:12:56Z</Time>
            <AltitudeMeters>0.0</AltitudeMeters>
            <HeartRateBpm>
              <Value>0</Value>
            </HeartRateBpm>
            <Cadence>90</Cadence>
            <DistanceMeters>6855.78000</DistanceMeters>
            <Extensions>
              <TPX xmlns="http://www.garmin.com/xmlschemas/ActivityExtension/v2">
                <Watts>221</Watts>
              </TPX>
            </Extensions>
          </Trackpoint>
          <Trackpoint>
            <Time>2010-10-19T21:12:59Z</Time>
            <AltitudeMeters>0.0</AltitudeMeters>
            <HeartRateBpm>
              <Value>0</Value>
            </HeartRateBpm>
            <Cadence>92</Cadence>
            <DistanceMeters>6887.97000</DistanceMeters>
            <Extensions>
              <TPX xmlns="http://www.garmin.com/xmlschemas/ActivityExtension/v2">
                <Watts>235</Watts>
              </TPX>
            </Extensions>
          </Trackpoint>
          <Trackpoint>
            <Time>2010-10-19T21:13:02Z</Time>
            <AltitudeMeters>0.0</AltitudeMeters>
            <HeartRateBpm>
              <Value>0</Value>
            </HeartRateBpm>
            <Cadence>95</Cadence>
            <DistanceMeters>6920.16000</DistanceMeters>
            <Extensions>
              <TPX xmlns="http://www.garmin.com/xmlschemas/ActivityExtension/v2">
                <Watts>254</Watts>
              </TPX>
            </Extensions>
          </Trackpoint>
          <Trackpoint>
            <Time>2010-10-19T21:13:05Z</Time>
            <AltitudeMeters>0.0</AltitudeMeters>
            <HeartRateBpm>
              <Value>0</Value>
            </HeartRateBpm>
            <Cadence>96</Cadence>
            <DistanceMeters>6968.44000</DistanceMeters>
            <Extensions>
              <TPX xmlns="http://www.garmin.com/xmlschemas/ActivityExtension/v2">
                <Watts>257</Watts>
              </TPX>
            </Extensions>
          </Trackpoint>
          <Trackpoint>
            <Time>2010-10-19T21:13:08Z</Time>
            <AltitudeMeters>0.0</AltitudeMeters>
            <HeartRateBpm>
              <Value>0</Value>
            </HeartRateBpm>
            <Cadence>94</Cadence>
            <DistanceMeters>7000.62000</DistanceMeters>
            <Extensions>
              <TPX xmlns="http://www.garmin.com/xmlschemas/ActivityExtension/v2">
                <Watts>239</Watts>
              </TPX>
            </Extensions>
          </Trackpoint>
          <Trackpoint>
            <Time>2010-10-19T21:13:11Z</Time>
            <AltitudeMeters>0.0</AltitudeMeters>
            <HeartRateBpm>
              <Value>0</Value>
            </HeartRateBpm>
            <Cadence>94</Cadence>
            <DistanceMeters>7048.90000</DistanceMeters>
            <Extensions>
              <TPX xmlns="http://www.garmin.com/xmlschemas/ActivityExtension/v2">
                <Watts>234</Watts>
              </TPX>
            </Extensions>
          </Trackpoint>
          <Trackpoint>
            <Time>2010-10-19T21:13:14Z</Time>
            <AltitudeMeters>0.0</AltitudeMeters>
            <HeartRateBpm>
              <Value>0</Value>
            </HeartRateBpm>
            <Cadence>91</Cadence>
            <DistanceMeters>7081.09000</DistanceMeters>
            <Extensions>
              <TPX xmlns="http://www.garmin.com/xmlschemas/ActivityExtension/v2">
                <Watts>224</Watts>
              </TPX>
            </Extensions>
          </Trackpoint>
          <Trackpoint>
            <Time>2010-10-19T21:13:17Z</Time>
            <AltitudeMeters>0.0</AltitudeMeters>
            <HeartRateBpm>
              <Value>0</Value>
            </HeartRateBpm>
            <Cadence>92</Cadence>
            <DistanceMeters>7129.37000</DistanceMeters>
            <Extensions>
              <TPX xmlns="http://www.garmin.com/xmlschemas/ActivityExtension/v2">
                <Watts>240</Watts>
              </TPX>
            </Extensions>
          </Trackpoint>
          <Trackpoint>
            <Time>2010-10-19T21:13:20Z</Time>
            <AltitudeMeters>0.0</AltitudeMeters>
            <HeartRateBpm>
              <Value>0</Value>
            </HeartRateBpm>
            <Cadence>95</Cadence>
            <DistanceMeters>7161.56000</DistanceMeters>
            <Extensions>
              <TPX xmlns="http://www.garmin.com/xmlschemas/ActivityExtension/v2">
                <Watts>246</Watts>
              </TPX>
            </Extensions>
          </Trackpoint>
          <Trackpoint>
            <Time>2010-10-19T21:13:23Z</Time>
            <AltitudeMeters>0.0</AltitudeMeters>
            <HeartRateBpm>
              <Value>0</Value>
            </HeartRateBpm>
            <Cadence>97</Cadence>
            <DistanceMeters>7193.74000</DistanceMeters>
            <Extensions>
              <TPX xmlns="http://www.garmin.com/xmlschemas/ActivityExtension/v2">
                <Watts>266</Watts>
              </TPX>
            </Extensions>
          </Trackpoint>
          <Trackpoint>
            <Time>2010-10-19T21:13:26Z</Time>
            <AltitudeMeters>0.0</AltitudeMeters>
            <HeartRateBpm>
              <Value>0</Value>
            </HeartRateBpm>
            <Cadence>99</Cadence>
            <DistanceMeters>7242.03000</DistanceMeters>
            <Extensions>
              <TPX xmlns="http://www.garmin.com/xmlschemas/ActivityExtension/v2">
                <Watts>271</Watts>
              </TPX>
            </Extensions>
          </Trackpoint>
          <Trackpoint>
            <Time>2010-10-19T21:13:29Z</Time>
            <AltitudeMeters>0.0</AltitudeMeters>
            <HeartRateBpm>
              <Value>0</Value>
            </HeartRateBpm>
            <Cadence>99</Cadence>
            <DistanceMeters>7290.31000</DistanceMeters>
            <Extensions>
              <TPX xmlns="http://www.garmin.com/xmlschemas/ActivityExtension/v2">
                <Watts>275</Watts>
              </TPX>
            </Extensions>
          </Trackpoint>
          <Trackpoint>
            <Time>2010-10-19T21:13:32Z</Time>
            <AltitudeMeters>0.0</AltitudeMeters>
            <HeartRateBpm>
              <Value>0</Value>
            </HeartRateBpm>
            <Cadence>95</Cadence>
            <DistanceMeters>7322.49000</DistanceMeters>
            <Extensions>
              <TPX xmlns="http://www.garmin.com/xmlschemas/ActivityExtension/v2">
                <Watts>260</Watts>
              </TPX>
            </Extensions>
          </Trackpoint>
          <Trackpoint>
            <Time>2010-10-19T21:13:35Z</Time>
            <AltitudeMeters>0.0</AltitudeMeters>
            <HeartRateBpm>
              <Value>0</Value>
            </HeartRateBpm>
            <Cadence>94</Cadence>
            <DistanceMeters>7370.77000</DistanceMeters>
            <Extensions>
              <TPX xmlns="http://www.garmin.com/xmlschemas/ActivityExtension/v2">
                <Watts>251</Watts>
              </TPX>
            </Extensions>
          </Trackpoint>
          <Trackpoint>
            <Time>2010-10-19T21:13:38Z</Time>
            <AltitudeMeters>0.0</AltitudeMeters>
            <HeartRateBpm>
              <Value>0</Value>
            </HeartRateBpm>
            <Cadence>92</Cadence>
            <DistanceMeters>7419.05000</DistanceMeters>
            <Extensions>
              <TPX xmlns="http://www.garmin.com/xmlschemas/ActivityExtension/v2">
                <Watts>249</Watts>
              </TPX>
            </Extensions>
          </Trackpoint>
          <Trackpoint>
            <Time>2010-10-19T21:13:41Z</Time>
            <AltitudeMeters>0.0</AltitudeMeters>
            <HeartRateBpm>
              <Value>0</Value>
            </HeartRateBpm>
            <Cadence>91</Cadence>
            <DistanceMeters>7451.24000</DistanceMeters>
            <Extensions>
              <TPX xmlns="http://www.garmin.com/xmlschemas/ActivityExtension/v2">
                <Watts>244</Watts>
              </TPX>
            </Extensions>
          </Trackpoint>
          <Trackpoint>
            <Time>2010-10-19T21:13:44Z</Time>
            <AltitudeMeters>0.0</AltitudeMeters>
            <HeartRateBpm>
              <Value>0</Value>
            </HeartRateBpm>
            <Cadence>91</Cadence>
            <DistanceMeters>7499.52000</DistanceMeters>
            <Extensions>
              <TPX xmlns="http://www.garmin.com/xmlschemas/ActivityExtension/v2">
                <Watts>234</Watts>
              </TPX>
            </Extensions>
          </Trackpoint>
          <Trackpoint>
            <Time>2010-10-19T21:13:47Z</Time>
            <AltitudeMeters>0.0</AltitudeMeters>
            <HeartRateBpm>
              <Value>0</Value>
            </HeartRateBpm>
            <Cadence>92</Cadence>
            <DistanceMeters>7531.71000</DistanceMeters>
            <Extensions>
              <TPX xmlns="http://www.garmin.com/xmlschemas/ActivityExtension/v2">
                <Watts>235</Watts>
              </TPX>
            </Extensions>
          </Trackpoint>
          <Trackpoint>
            <Time>2010-10-19T21:13:50Z</Time>
            <AltitudeMeters>0.0</AltitudeMeters>
            <HeartRateBpm>
              <Value>0</Value>
            </HeartRateBpm>
            <Cadence>97</Cadence>
            <DistanceMeters>7563.89000</DistanceMeters>
            <Extensions>
              <TPX xmlns="http://www.garmin.com/xmlschemas/ActivityExtension/v2">
                <Watts>255</Watts>
              </TPX>
            </Extensions>
          </Trackpoint>
          <Trackpoint>
            <Time>2010-10-19T21:13:53Z</Time>
            <AltitudeMeters>0.0</AltitudeMeters>
            <HeartRateBpm>
              <Value>0</Value>
            </HeartRateBpm>
            <Cadence>95</Cadence>
            <DistanceMeters>7612.17000</DistanceMeters>
            <Extensions>
              <TPX xmlns="http://www.garmin.com/xmlschemas/ActivityExtension/v2">
                <Watts>253</Watts>
              </TPX>
            </Extensions>
          </Trackpoint>
          <Trackpoint>
            <Time>2010-10-19T21:13:56Z</Time>
            <AltitudeMeters>0.0</AltitudeMeters>
            <HeartRateBpm>
              <Value>0</Value>
            </HeartRateBpm>
            <Cadence>93</Cadence>
            <DistanceMeters>7644.36000</DistanceMeters>
            <Extensions>
              <TPX xmlns="http://www.garmin.com/xmlschemas/ActivityExtension/v2">
                <Watts>176</Watts>
              </TPX>
            </Extensions>
          </Trackpoint>
          <Trackpoint>
            <Time>2010-10-19T21:13:59Z</Time>
            <AltitudeMeters>0.0</AltitudeMeters>
            <HeartRateBpm>
              <Value>0</Value>
            </HeartRateBpm>
            <Cadence>93</Cadence>
            <DistanceMeters>7676.55000</DistanceMeters>
            <Extensions>
              <TPX xmlns="http://www.garmin.com/xmlschemas/ActivityExtension/v2">
                <Watts>169</Watts>
              </TPX>
            </Extensions>
          </Trackpoint>
          <Trackpoint>
            <Time>2010-10-19T21:14:02Z</Time>
            <AltitudeMeters>0.0</AltitudeMeters>
            <HeartRateBpm>
              <Value>0</Value>
            </HeartRateBpm>
            <Cadence>93</Cadence>
            <DistanceMeters>7708.73000</DistanceMeters>
            <Extensions>
              <TPX xmlns="http://www.garmin.com/xmlschemas/ActivityExtension/v2">
                <Watts>169</Watts>
              </TPX>
            </Extensions>
          </Trackpoint>
          <Trackpoint>
            <Time>2010-10-19T21:14:05Z</Time>
            <AltitudeMeters>0.0</AltitudeMeters>
            <HeartRateBpm>
              <Value>0</Value>
            </HeartRateBpm>
            <Cadence>91</Cadence>
            <DistanceMeters>7740.92000</DistanceMeters>
            <Extensions>
              <TPX xmlns="http://www.garmin.com/xmlschemas/ActivityExtension/v2">
                <Watts>169</Watts>
              </TPX>
            </Extensions>
          </Trackpoint>
          <Trackpoint>
            <Time>2010-10-19T21:14:08Z</Time>
            <AltitudeMeters>0.0</AltitudeMeters>
            <HeartRateBpm>
              <Value>0</Value>
            </HeartRateBpm>
            <Cadence>91</Cadence>
            <DistanceMeters>7757.01000</DistanceMeters>
            <Extensions>
              <TPX xmlns="http://www.garmin.com/xmlschemas/ActivityExtension/v2">
                <Watts>167</Watts>
              </TPX>
            </Extensions>
          </Trackpoint>
          <Trackpoint>
            <Time>2010-10-19T21:14:11Z</Time>
            <AltitudeMeters>0.0</AltitudeMeters>
            <HeartRateBpm>
              <Value>0</Value>
            </HeartRateBpm>
            <Cadence>91</Cadence>
            <DistanceMeters>7789.20000</DistanceMeters>
            <Extensions>
              <TPX xmlns="http://www.garmin.com/xmlschemas/ActivityExtension/v2">
                <Watts>163</Watts>
              </TPX>
            </Extensions>
          </Trackpoint>
          <Trackpoint>
            <Time>2010-10-19T21:14:14Z</Time>
            <AltitudeMeters>0.0</AltitudeMeters>
            <HeartRateBpm>
              <Value>0</Value>
            </HeartRateBpm>
            <Cadence>92</Cadence>
            <DistanceMeters>7821.39000</DistanceMeters>
            <Extensions>
              <TPX xmlns="http://www.garmin.com/xmlschemas/ActivityExtension/v2">
                <Watts>171</Watts>
              </TPX>
            </Extensions>
          </Trackpoint>
          <Trackpoint>
            <Time>2010-10-19T21:14:17Z</Time>
            <AltitudeMeters>0.0</AltitudeMeters>
            <HeartRateBpm>
              <Value>0</Value>
            </HeartRateBpm>
            <Cadence>91</Cadence>
            <DistanceMeters>7837.48000</DistanceMeters>
            <Extensions>
              <TPX xmlns="http://www.garmin.com/xmlschemas/ActivityExtension/v2">
                <Watts>169</Watts>
              </TPX>
            </Extensions>
          </Trackpoint>
          <Trackpoint>
            <Time>2010-10-19T21:14:20Z</Time>
            <AltitudeMeters>0.0</AltitudeMeters>
            <HeartRateBpm>
              <Value>0</Value>
            </HeartRateBpm>
            <Cadence>90</Cadence>
            <DistanceMeters>7869.67000</DistanceMeters>
            <Extensions>
              <TPX xmlns="http://www.garmin.com/xmlschemas/ActivityExtension/v2">
                <Watts>160</Watts>
              </TPX>
            </Extensions>
          </Trackpoint>
          <Trackpoint>
            <Time>2010-10-19T21:14:23Z</Time>
            <AltitudeMeters>0.0</AltitudeMeters>
            <HeartRateBpm>
              <Value>0</Value>
            </HeartRateBpm>
            <Cadence>89</Cadence>
            <DistanceMeters>7901.85000</DistanceMeters>
            <Extensions>
              <TPX xmlns="http://www.garmin.com/xmlschemas/ActivityExtension/v2">
                <Watts>158</Watts>
              </TPX>
            </Extensions>
          </Trackpoint>
          <Trackpoint>
            <Time>2010-10-19T21:14:26Z</Time>
            <AltitudeMeters>0.0</AltitudeMeters>
            <HeartRateBpm>
              <Value>0</Value>
            </HeartRateBpm>
            <Cadence>92</Cadence>
            <DistanceMeters>7917.95000</DistanceMeters>
            <Extensions>
              <TPX xmlns="http://www.garmin.com/xmlschemas/ActivityExtension/v2">
                <Watts>166</Watts>
              </TPX>
            </Extensions>
          </Trackpoint>
          <Trackpoint>
            <Time>2010-10-19T21:14:29Z</Time>
            <AltitudeMeters>0.0</AltitudeMeters>
            <HeartRateBpm>
              <Value>0</Value>
            </HeartRateBpm>
            <Cadence>95</Cadence>
            <DistanceMeters>7950.13000</DistanceMeters>
            <Extensions>
              <TPX xmlns="http://www.garmin.com/xmlschemas/ActivityExtension/v2">
                <Watts>183</Watts>
              </TPX>
            </Extensions>
          </Trackpoint>
          <Trackpoint>
            <Time>2010-10-19T21:14:32Z</Time>
            <AltitudeMeters>0.0</AltitudeMeters>
            <HeartRateBpm>
              <Value>0</Value>
            </HeartRateBpm>
            <Cadence>94</Cadence>
            <DistanceMeters>7966.23000</DistanceMeters>
            <Extensions>
              <TPX xmlns="http://www.garmin.com/xmlschemas/ActivityExtension/v2">
                <Watts>176</Watts>
              </TPX>
            </Extensions>
          </Trackpoint>
          <Trackpoint>
            <Time>2010-10-19T21:14:35Z</Time>
            <AltitudeMeters>0.0</AltitudeMeters>
            <HeartRateBpm>
              <Value>0</Value>
            </HeartRateBpm>
            <Cadence>94</Cadence>
            <DistanceMeters>7998.41000</DistanceMeters>
            <Extensions>
              <TPX xmlns="http://www.garmin.com/xmlschemas/ActivityExtension/v2">
                <Watts>186</Watts>
              </TPX>
            </Extensions>
          </Trackpoint>
          <Trackpoint>
            <Time>2010-10-19T21:14:38Z</Time>
            <AltitudeMeters>0.0</AltitudeMeters>
            <HeartRateBpm>
              <Value>0</Value>
            </HeartRateBpm>
            <Cadence>95</Cadence>
            <DistanceMeters>8030.60000</DistanceMeters>
            <Extensions>
              <TPX xmlns="http://www.garmin.com/xmlschemas/ActivityExtension/v2">
                <Watts>186</Watts>
              </TPX>
            </Extensions>
          </Trackpoint>
          <Trackpoint>
            <Time>2010-10-19T21:14:41Z</Time>
            <AltitudeMeters>0.0</AltitudeMeters>
            <HeartRateBpm>
              <Value>0</Value>
            </HeartRateBpm>
            <Cadence>93</Cadence>
            <DistanceMeters>8062.79000</DistanceMeters>
            <Extensions>
              <TPX xmlns="http://www.garmin.com/xmlschemas/ActivityExtension/v2">
                <Watts>175</Watts>
              </TPX>
            </Extensions>
          </Trackpoint>
          <Trackpoint>
            <Time>2010-10-19T21:14:44Z</Time>
            <AltitudeMeters>0.0</AltitudeMeters>
            <HeartRateBpm>
              <Value>0</Value>
            </HeartRateBpm>
            <Cadence>93</Cadence>
            <DistanceMeters>8094.98000</DistanceMeters>
            <Extensions>
              <TPX xmlns="http://www.garmin.com/xmlschemas/ActivityExtension/v2">
                <Watts>182</Watts>
              </TPX>
            </Extensions>
          </Trackpoint>
          <Trackpoint>
            <Time>2010-10-19T21:14:47Z</Time>
            <AltitudeMeters>0.0</AltitudeMeters>
            <HeartRateBpm>
              <Value>0</Value>
            </HeartRateBpm>
            <Cadence>95</Cadence>
            <DistanceMeters>8127.16000</DistanceMeters>
            <Extensions>
              <TPX xmlns="http://www.garmin.com/xmlschemas/ActivityExtension/v2">
                <Watts>183</Watts>
              </TPX>
            </Extensions>
          </Trackpoint>
          <Trackpoint>
            <Time>2010-10-19T21:14:50Z</Time>
            <AltitudeMeters>0.0</AltitudeMeters>
            <HeartRateBpm>
              <Value>0</Value>
            </HeartRateBpm>
            <Cadence>95</Cadence>
            <DistanceMeters>8159.35000</DistanceMeters>
            <Extensions>
              <TPX xmlns="http://www.garmin.com/xmlschemas/ActivityExtension/v2">
                <Watts>188</Watts>
              </TPX>
            </Extensions>
          </Trackpoint>
          <Trackpoint>
            <Time>2010-10-19T21:14:53Z</Time>
            <AltitudeMeters>0.0</AltitudeMeters>
            <HeartRateBpm>
              <Value>0</Value>
            </HeartRateBpm>
            <Cadence>91</Cadence>
            <DistanceMeters>8175.44000</DistanceMeters>
            <Extensions>
              <TPX xmlns="http://www.garmin.com/xmlschemas/ActivityExtension/v2">
                <Watts>174</Watts>
              </TPX>
            </Extensions>
          </Trackpoint>
          <Trackpoint>
            <Time>2010-10-19T21:14:56Z</Time>
            <AltitudeMeters>0.0</AltitudeMeters>
            <HeartRateBpm>
              <Value>0</Value>
            </HeartRateBpm>
            <Cadence>87</Cadence>
            <DistanceMeters>8207.63000</DistanceMeters>
            <Extensions>
              <TPX xmlns="http://www.garmin.com/xmlschemas/ActivityExtension/v2">
                <Watts>164</Watts>
              </TPX>
            </Extensions>
          </Trackpoint>
          <Trackpoint>
            <Time>2010-10-19T21:14:59Z</Time>
            <AltitudeMeters>0.0</AltitudeMeters>
            <HeartRateBpm>
              <Value>0</Value>
            </HeartRateBpm>
            <Cadence>91</Cadence>
            <DistanceMeters>8239.82000</DistanceMeters>
            <Extensions>
              <TPX xmlns="http://www.garmin.com/xmlschemas/ActivityExtension/v2">
                <Watts>172</Watts>
              </TPX>
            </Extensions>
          </Trackpoint>
          <Trackpoint>
            <Time>2010-10-19T21:15:02Z</Time>
            <AltitudeMeters>0.0</AltitudeMeters>
            <HeartRateBpm>
              <Value>0</Value>
            </HeartRateBpm>
            <Cadence>96</Cadence>
            <DistanceMeters>8272.00000</DistanceMeters>
            <Extensions>
              <TPX xmlns="http://www.garmin.com/xmlschemas/ActivityExtension/v2">
                <Watts>177</Watts>
              </TPX>
            </Extensions>
          </Trackpoint>
          <Trackpoint>
            <Time>2010-10-19T21:15:05Z</Time>
            <AltitudeMeters>0.0</AltitudeMeters>
            <HeartRateBpm>
              <Value>0</Value>
            </HeartRateBpm>
            <Cadence>95</Cadence>
            <DistanceMeters>8288.10000</DistanceMeters>
            <Extensions>
              <TPX xmlns="http://www.garmin.com/xmlschemas/ActivityExtension/v2">
                <Watts>188</Watts>
              </TPX>
            </Extensions>
          </Trackpoint>
          <Trackpoint>
            <Time>2010-10-19T21:15:08Z</Time>
            <AltitudeMeters>0.0</AltitudeMeters>
            <HeartRateBpm>
              <Value>0</Value>
            </HeartRateBpm>
            <Cadence>94</Cadence>
            <DistanceMeters>8320.28000</DistanceMeters>
            <Extensions>
              <TPX xmlns="http://www.garmin.com/xmlschemas/ActivityExtension/v2">
                <Watts>182</Watts>
              </TPX>
            </Extensions>
          </Trackpoint>
          <Trackpoint>
            <Time>2010-10-19T21:15:11Z</Time>
            <AltitudeMeters>0.0</AltitudeMeters>
            <HeartRateBpm>
              <Value>0</Value>
            </HeartRateBpm>
            <Cadence>90</Cadence>
            <DistanceMeters>8352.47000</DistanceMeters>
            <Extensions>
              <TPX xmlns="http://www.garmin.com/xmlschemas/ActivityExtension/v2">
                <Watts>170</Watts>
              </TPX>
            </Extensions>
          </Trackpoint>
          <Trackpoint>
            <Time>2010-10-19T21:15:14Z</Time>
            <AltitudeMeters>0.0</AltitudeMeters>
            <HeartRateBpm>
              <Value>0</Value>
            </HeartRateBpm>
            <Cadence>91</Cadence>
            <DistanceMeters>8384.66000</DistanceMeters>
            <Extensions>
              <TPX xmlns="http://www.garmin.com/xmlschemas/ActivityExtension/v2">
                <Watts>170</Watts>
              </TPX>
            </Extensions>
          </Trackpoint>
          <Trackpoint>
            <Time>2010-10-19T21:15:17Z</Time>
            <AltitudeMeters>0.0</AltitudeMeters>
            <HeartRateBpm>
              <Value>0</Value>
            </HeartRateBpm>
            <Cadence>93</Cadence>
            <DistanceMeters>8400.75000</DistanceMeters>
            <Extensions>
              <TPX xmlns="http://www.garmin.com/xmlschemas/ActivityExtension/v2">
                <Watts>180</Watts>
              </TPX>
            </Extensions>
          </Trackpoint>
          <Trackpoint>
            <Time>2010-10-19T21:15:20Z</Time>
            <AltitudeMeters>0.0</AltitudeMeters>
            <HeartRateBpm>
              <Value>0</Value>
            </HeartRateBpm>
            <Cadence>95</Cadence>
            <DistanceMeters>8432.94000</DistanceMeters>
            <Extensions>
              <TPX xmlns="http://www.garmin.com/xmlschemas/ActivityExtension/v2">
                <Watts>181</Watts>
              </TPX>
            </Extensions>
          </Trackpoint>
          <Trackpoint>
            <Time>2010-10-19T21:15:23Z</Time>
            <AltitudeMeters>0.0</AltitudeMeters>
            <HeartRateBpm>
              <Value>0</Value>
            </HeartRateBpm>
            <Cadence>95</Cadence>
            <DistanceMeters>8465.12000</DistanceMeters>
            <Extensions>
              <TPX xmlns="http://www.garmin.com/xmlschemas/ActivityExtension/v2">
                <Watts>171</Watts>
              </TPX>
            </Extensions>
          </Trackpoint>
          <Trackpoint>
            <Time>2010-10-19T21:15:26Z</Time>
            <AltitudeMeters>0.0</AltitudeMeters>
            <HeartRateBpm>
              <Value>0</Value>
            </HeartRateBpm>
            <Cadence>101</Cadence>
            <DistanceMeters>8497.31000</DistanceMeters>
            <Extensions>
              <TPX xmlns="http://www.garmin.com/xmlschemas/ActivityExtension/v2">
                <Watts>205</Watts>
              </TPX>
            </Extensions>
          </Trackpoint>
          <Trackpoint>
            <Time>2010-10-19T21:15:29Z</Time>
            <AltitudeMeters>0.0</AltitudeMeters>
            <HeartRateBpm>
              <Value>0</Value>
            </HeartRateBpm>
            <Cadence>97</Cadence>
            <DistanceMeters>8529.50000</DistanceMeters>
            <Extensions>
              <TPX xmlns="http://www.garmin.com/xmlschemas/ActivityExtension/v2">
                <Watts>192</Watts>
              </TPX>
            </Extensions>
          </Trackpoint>
          <Trackpoint>
            <Time>2010-10-19T21:15:32Z</Time>
            <AltitudeMeters>0.0</AltitudeMeters>
            <HeartRateBpm>
              <Value>0</Value>
            </HeartRateBpm>
            <Cadence>98</Cadence>
            <DistanceMeters>8561.68000</DistanceMeters>
            <Extensions>
              <TPX xmlns="http://www.garmin.com/xmlschemas/ActivityExtension/v2">
                <Watts>192</Watts>
              </TPX>
            </Extensions>
          </Trackpoint>
          <Trackpoint>
            <Time>2010-10-19T21:15:35Z</Time>
            <AltitudeMeters>0.0</AltitudeMeters>
            <HeartRateBpm>
              <Value>0</Value>
            </HeartRateBpm>
            <Cadence>100</Cadence>
            <DistanceMeters>8593.87000</DistanceMeters>
            <Extensions>
              <TPX xmlns="http://www.garmin.com/xmlschemas/ActivityExtension/v2">
                <Watts>192</Watts>
              </TPX>
            </Extensions>
          </Trackpoint>
          <Trackpoint>
            <Time>2010-10-19T21:15:38Z</Time>
            <AltitudeMeters>0.0</AltitudeMeters>
            <HeartRateBpm>
              <Value>0</Value>
            </HeartRateBpm>
            <Cadence>100</Cadence>
            <DistanceMeters>8626.06000</DistanceMeters>
            <Extensions>
              <TPX xmlns="http://www.garmin.com/xmlschemas/ActivityExtension/v2">
                <Watts>193</Watts>
              </TPX>
            </Extensions>
          </Trackpoint>
          <Trackpoint>
            <Time>2010-10-19T21:15:41Z</Time>
            <AltitudeMeters>0.0</AltitudeMeters>
            <HeartRateBpm>
              <Value>0</Value>
            </HeartRateBpm>
            <Cadence>97</Cadence>
            <DistanceMeters>8658.24000</DistanceMeters>
            <Extensions>
              <TPX xmlns="http://www.garmin.com/xmlschemas/ActivityExtension/v2">
                <Watts>174</Watts>
              </TPX>
            </Extensions>
          </Trackpoint>
          <Trackpoint>
            <Time>2010-10-19T21:15:44Z</Time>
            <AltitudeMeters>0.0</AltitudeMeters>
            <HeartRateBpm>
              <Value>0</Value>
            </HeartRateBpm>
            <Cadence>93</Cadence>
            <DistanceMeters>8674.34000</DistanceMeters>
            <Extensions>
              <TPX xmlns="http://www.garmin.com/xmlschemas/ActivityExtension/v2">
                <Watts>179</Watts>
              </TPX>
            </Extensions>
          </Trackpoint>
          <Trackpoint>
            <Time>2010-10-19T21:15:47Z</Time>
            <AltitudeMeters>0.0</AltitudeMeters>
            <HeartRateBpm>
              <Value>0</Value>
            </HeartRateBpm>
            <Cadence>93</Cadence>
            <DistanceMeters>8706.52000</DistanceMeters>
            <Extensions>
              <TPX xmlns="http://www.garmin.com/xmlschemas/ActivityExtension/v2">
                <Watts>178</Watts>
              </TPX>
            </Extensions>
          </Trackpoint>
          <Trackpoint>
            <Time>2010-10-19T21:15:50Z</Time>
            <AltitudeMeters>0.0</AltitudeMeters>
            <HeartRateBpm>
              <Value>0</Value>
            </HeartRateBpm>
            <Cadence>97</Cadence>
            <DistanceMeters>8738.71000</DistanceMeters>
            <Extensions>
              <TPX xmlns="http://www.garmin.com/xmlschemas/ActivityExtension/v2">
                <Watts>189</Watts>
              </TPX>
            </Extensions>
          </Trackpoint>
          <Trackpoint>
            <Time>2010-10-19T21:15:53Z</Time>
            <AltitudeMeters>0.0</AltitudeMeters>
            <HeartRateBpm>
              <Value>0</Value>
            </HeartRateBpm>
            <Cadence>99</Cadence>
            <DistanceMeters>8770.90000</DistanceMeters>
            <Extensions>
              <TPX xmlns="http://www.garmin.com/xmlschemas/ActivityExtension/v2">
                <Watts>196</Watts>
              </TPX>
            </Extensions>
          </Trackpoint>
          <Trackpoint>
            <Time>2010-10-19T21:15:56Z</Time>
            <AltitudeMeters>0.0</AltitudeMeters>
            <HeartRateBpm>
              <Value>0</Value>
            </HeartRateBpm>
            <Cadence>97</Cadence>
            <DistanceMeters>8803.08000</DistanceMeters>
            <Extensions>
              <TPX xmlns="http://www.garmin.com/xmlschemas/ActivityExtension/v2">
                <Watts>194</Watts>
              </TPX>
            </Extensions>
          </Trackpoint>
          <Trackpoint>
            <Time>2010-10-19T21:15:59Z</Time>
            <AltitudeMeters>0.0</AltitudeMeters>
            <HeartRateBpm>
              <Value>0</Value>
            </HeartRateBpm>
            <Cadence>94</Cadence>
            <DistanceMeters>8835.27000</DistanceMeters>
            <Extensions>
              <TPX xmlns="http://www.garmin.com/xmlschemas/ActivityExtension/v2">
                <Watts>187</Watts>
              </TPX>
            </Extensions>
          </Trackpoint>
          <Trackpoint>
            <Time>2010-10-19T21:16:02Z</Time>
            <AltitudeMeters>0.0</AltitudeMeters>
            <HeartRateBpm>
              <Value>0</Value>
            </HeartRateBpm>
            <Cadence>93</Cadence>
            <DistanceMeters>8867.46000</DistanceMeters>
            <Extensions>
              <TPX xmlns="http://www.garmin.com/xmlschemas/ActivityExtension/v2">
                <Watts>172</Watts>
              </TPX>
            </Extensions>
          </Trackpoint>
          <Trackpoint>
            <Time>2010-10-19T21:16:05Z</Time>
            <AltitudeMeters>0.0</AltitudeMeters>
            <HeartRateBpm>
              <Value>0</Value>
            </HeartRateBpm>
            <Cadence>92</Cadence>
            <DistanceMeters>8883.55000</DistanceMeters>
            <Extensions>
              <TPX xmlns="http://www.garmin.com/xmlschemas/ActivityExtension/v2">
                <Watts>172</Watts>
              </TPX>
            </Extensions>
          </Trackpoint>
          <Trackpoint>
            <Time>2010-10-19T21:16:08Z</Time>
            <AltitudeMeters>0.0</AltitudeMeters>
            <HeartRateBpm>
              <Value>0</Value>
            </HeartRateBpm>
            <Cadence>92</Cadence>
            <DistanceMeters>8915.74000</DistanceMeters>
            <Extensions>
              <TPX xmlns="http://www.garmin.com/xmlschemas/ActivityExtension/v2">
                <Watts>171</Watts>
              </TPX>
            </Extensions>
          </Trackpoint>
          <Trackpoint>
            <Time>2010-10-19T21:16:11Z</Time>
            <AltitudeMeters>0.0</AltitudeMeters>
            <HeartRateBpm>
              <Value>0</Value>
            </HeartRateBpm>
            <Cadence>93</Cadence>
            <DistanceMeters>8947.93000</DistanceMeters>
            <Extensions>
              <TPX xmlns="http://www.garmin.com/xmlschemas/ActivityExtension/v2">
                <Watts>173</Watts>
              </TPX>
            </Extensions>
          </Trackpoint>
          <Trackpoint>
            <Time>2010-10-19T21:16:14Z</Time>
            <AltitudeMeters>0.0</AltitudeMeters>
            <HeartRateBpm>
              <Value>0</Value>
            </HeartRateBpm>
            <Cadence>94</Cadence>
            <DistanceMeters>8964.02000</DistanceMeters>
            <Extensions>
              <TPX xmlns="http://www.garmin.com/xmlschemas/ActivityExtension/v2">
                <Watts>180</Watts>
              </TPX>
            </Extensions>
          </Trackpoint>
          <Trackpoint>
            <Time>2010-10-19T21:16:17Z</Time>
            <AltitudeMeters>0.0</AltitudeMeters>
            <HeartRateBpm>
              <Value>0</Value>
            </HeartRateBpm>
            <Cadence>94</Cadence>
            <DistanceMeters>8996.21000</DistanceMeters>
            <Extensions>
              <TPX xmlns="http://www.garmin.com/xmlschemas/ActivityExtension/v2">
                <Watts>180</Watts>
              </TPX>
            </Extensions>
          </Trackpoint>
          <Trackpoint>
            <Time>2010-10-19T21:16:20Z</Time>
            <AltitudeMeters>0.0</AltitudeMeters>
            <HeartRateBpm>
              <Value>0</Value>
            </HeartRateBpm>
            <Cadence>93</Cadence>
            <DistanceMeters>9028.39000</DistanceMeters>
            <Extensions>
              <TPX xmlns="http://www.garmin.com/xmlschemas/ActivityExtension/v2">
                <Watts>180</Watts>
              </TPX>
            </Extensions>
          </Trackpoint>
          <Trackpoint>
            <Time>2010-10-19T21:16:23Z</Time>
            <AltitudeMeters>0.0</AltitudeMeters>
            <HeartRateBpm>
              <Value>0</Value>
            </HeartRateBpm>
            <Cadence>93</Cadence>
            <DistanceMeters>9060.58000</DistanceMeters>
            <Extensions>
              <TPX xmlns="http://www.garmin.com/xmlschemas/ActivityExtension/v2">
                <Watts>177</Watts>
              </TPX>
            </Extensions>
          </Trackpoint>
          <Trackpoint>
            <Time>2010-10-19T21:16:26Z</Time>
            <AltitudeMeters>0.0</AltitudeMeters>
            <HeartRateBpm>
              <Value>0</Value>
            </HeartRateBpm>
            <Cadence>93</Cadence>
            <DistanceMeters>9092.77000</DistanceMeters>
            <Extensions>
              <TPX xmlns="http://www.garmin.com/xmlschemas/ActivityExtension/v2">
                <Watts>178</Watts>
              </TPX>
            </Extensions>
          </Trackpoint>
          <Trackpoint>
            <Time>2010-10-19T21:16:29Z</Time>
            <AltitudeMeters>0.0</AltitudeMeters>
            <HeartRateBpm>
              <Value>0</Value>
            </HeartRateBpm>
            <Cadence>92</Cadence>
            <DistanceMeters>9108.86000</DistanceMeters>
            <Extensions>
              <TPX xmlns="http://www.garmin.com/xmlschemas/ActivityExtension/v2">
                <Watts>177</Watts>
              </TPX>
            </Extensions>
          </Trackpoint>
          <Trackpoint>
            <Time>2010-10-19T21:16:32Z</Time>
            <AltitudeMeters>0.0</AltitudeMeters>
            <HeartRateBpm>
              <Value>0</Value>
            </HeartRateBpm>
            <Cadence>93</Cadence>
            <DistanceMeters>9141.05000</DistanceMeters>
            <Extensions>
              <TPX xmlns="http://www.garmin.com/xmlschemas/ActivityExtension/v2">
                <Watts>177</Watts>
              </TPX>
            </Extensions>
          </Trackpoint>
          <Trackpoint>
            <Time>2010-10-19T21:16:35Z</Time>
            <AltitudeMeters>0.0</AltitudeMeters>
            <HeartRateBpm>
              <Value>0</Value>
            </HeartRateBpm>
            <Cadence>94</Cadence>
            <DistanceMeters>9173.23000</DistanceMeters>
            <Extensions>
              <TPX xmlns="http://www.garmin.com/xmlschemas/ActivityExtension/v2">
                <Watts>177</Watts>
              </TPX>
            </Extensions>
          </Trackpoint>
          <Trackpoint>
            <Time>2010-10-19T21:16:38Z</Time>
            <AltitudeMeters>0.0</AltitudeMeters>
            <HeartRateBpm>
              <Value>0</Value>
            </HeartRateBpm>
            <Cadence>92</Cadence>
            <DistanceMeters>9205.42000</DistanceMeters>
            <Extensions>
              <TPX xmlns="http://www.garmin.com/xmlschemas/ActivityExtension/v2">
                <Watts>177</Watts>
              </TPX>
            </Extensions>
          </Trackpoint>
          <Trackpoint>
            <Time>2010-10-19T21:16:41Z</Time>
            <AltitudeMeters>0.0</AltitudeMeters>
            <HeartRateBpm>
              <Value>0</Value>
            </HeartRateBpm>
            <Cadence>92</Cadence>
            <DistanceMeters>9237.61000</DistanceMeters>
            <Extensions>
              <TPX xmlns="http://www.garmin.com/xmlschemas/ActivityExtension/v2">
                <Watts>169</Watts>
              </TPX>
            </Extensions>
          </Trackpoint>
          <Trackpoint>
            <Time>2010-10-19T21:16:44Z</Time>
            <AltitudeMeters>0.0</AltitudeMeters>
            <HeartRateBpm>
              <Value>0</Value>
            </HeartRateBpm>
            <Cadence>93</Cadence>
            <DistanceMeters>9253.70000</DistanceMeters>
            <Extensions>
              <TPX xmlns="http://www.garmin.com/xmlschemas/ActivityExtension/v2">
                <Watts>173</Watts>
              </TPX>
            </Extensions>
          </Trackpoint>
          <Trackpoint>
            <Time>2010-10-19T21:16:47Z</Time>
            <AltitudeMeters>0.0</AltitudeMeters>
            <HeartRateBpm>
              <Value>0</Value>
            </HeartRateBpm>
            <Cadence>96</Cadence>
            <DistanceMeters>9285.89000</DistanceMeters>
            <Extensions>
              <TPX xmlns="http://www.garmin.com/xmlschemas/ActivityExtension/v2">
                <Watts>186</Watts>
              </TPX>
            </Extensions>
          </Trackpoint>
          <Trackpoint>
            <Time>2010-10-19T21:16:50Z</Time>
            <AltitudeMeters>0.0</AltitudeMeters>
            <HeartRateBpm>
              <Value>0</Value>
            </HeartRateBpm>
            <Cadence>96</Cadence>
            <DistanceMeters>9318.07000</DistanceMeters>
            <Extensions>
              <TPX xmlns="http://www.garmin.com/xmlschemas/ActivityExtension/v2">
                <Watts>187</Watts>
              </TPX>
            </Extensions>
          </Trackpoint>
          <Trackpoint>
            <Time>2010-10-19T21:16:53Z</Time>
            <AltitudeMeters>0.0</AltitudeMeters>
            <HeartRateBpm>
              <Value>0</Value>
            </HeartRateBpm>
            <Cadence>93</Cadence>
            <DistanceMeters>9350.26000</DistanceMeters>
            <Extensions>
              <TPX xmlns="http://www.garmin.com/xmlschemas/ActivityExtension/v2">
                <Watts>185</Watts>
              </TPX>
            </Extensions>
          </Trackpoint>
          <Trackpoint>
            <Time>2010-10-19T21:16:56Z</Time>
            <AltitudeMeters>0.0</AltitudeMeters>
            <HeartRateBpm>
              <Value>0</Value>
            </HeartRateBpm>
            <Cadence>92</Cadence>
            <DistanceMeters>9382.45000</DistanceMeters>
            <Extensions>
              <TPX xmlns="http://www.garmin.com/xmlschemas/ActivityExtension/v2">
                <Watts>175</Watts>
              </TPX>
            </Extensions>
          </Trackpoint>
          <Trackpoint>
            <Time>2010-10-19T21:16:59Z</Time>
            <AltitudeMeters>0.0</AltitudeMeters>
            <HeartRateBpm>
              <Value>0</Value>
            </HeartRateBpm>
            <Cadence>92</Cadence>
            <DistanceMeters>9398.54000</DistanceMeters>
            <Extensions>
              <TPX xmlns="http://www.garmin.com/xmlschemas/ActivityExtension/v2">
                <Watts>173</Watts>
              </TPX>
            </Extensions>
          </Trackpoint>
          <Trackpoint>
            <Time>2010-10-19T21:17:02Z</Time>
            <AltitudeMeters>0.0</AltitudeMeters>
            <HeartRateBpm>
              <Value>0</Value>
            </HeartRateBpm>
            <Cadence>94</Cadence>
            <DistanceMeters>9430.73000</DistanceMeters>
            <Extensions>
              <TPX xmlns="http://www.garmin.com/xmlschemas/ActivityExtension/v2">
                <Watts>180</Watts>
              </TPX>
            </Extensions>
          </Trackpoint>
          <Trackpoint>
            <Time>2010-10-19T21:17:05Z</Time>
            <AltitudeMeters>0.0</AltitudeMeters>
            <HeartRateBpm>
              <Value>0</Value>
            </HeartRateBpm>
            <Cadence>93</Cadence>
            <DistanceMeters>9462.91000</DistanceMeters>
            <Extensions>
              <TPX xmlns="http://www.garmin.com/xmlschemas/ActivityExtension/v2">
                <Watts>179</Watts>
              </TPX>
            </Extensions>
          </Trackpoint>
          <Trackpoint>
            <Time>2010-10-19T21:17:08Z</Time>
            <AltitudeMeters>0.0</AltitudeMeters>
            <HeartRateBpm>
              <Value>0</Value>
            </HeartRateBpm>
            <Cadence>91</Cadence>
            <DistanceMeters>9495.10000</DistanceMeters>
            <Extensions>
              <TPX xmlns="http://www.garmin.com/xmlschemas/ActivityExtension/v2">
                <Watts>176</Watts>
              </TPX>
            </Extensions>
          </Trackpoint>
          <Trackpoint>
            <Time>2010-10-19T21:17:11Z</Time>
            <AltitudeMeters>0.0</AltitudeMeters>
            <HeartRateBpm>
              <Value>0</Value>
            </HeartRateBpm>
            <Cadence>91</Cadence>
            <DistanceMeters>9511.19000</DistanceMeters>
            <Extensions>
              <TPX xmlns="http://www.garmin.com/xmlschemas/ActivityExtension/v2">
                <Watts>170</Watts>
              </TPX>
            </Extensions>
          </Trackpoint>
          <Trackpoint>
            <Time>2010-10-19T21:17:14Z</Time>
            <AltitudeMeters>0.0</AltitudeMeters>
            <HeartRateBpm>
              <Value>0</Value>
            </HeartRateBpm>
            <Cadence>91</Cadence>
            <DistanceMeters>9543.38000</DistanceMeters>
            <Extensions>
              <TPX xmlns="http://www.garmin.com/xmlschemas/ActivityExtension/v2">
                <Watts>168</Watts>
              </TPX>
            </Extensions>
          </Trackpoint>
          <Trackpoint>
            <Time>2010-10-19T21:17:17Z</Time>
            <AltitudeMeters>0.0</AltitudeMeters>
            <HeartRateBpm>
              <Value>0</Value>
            </HeartRateBpm>
            <Cadence>91</Cadence>
            <DistanceMeters>9575.57000</DistanceMeters>
            <Extensions>
              <TPX xmlns="http://www.garmin.com/xmlschemas/ActivityExtension/v2">
                <Watts>168</Watts>
              </TPX>
            </Extensions>
          </Trackpoint>
          <Trackpoint>
            <Time>2010-10-19T21:17:20Z</Time>
            <AltitudeMeters>0.0</AltitudeMeters>
            <HeartRateBpm>
              <Value>0</Value>
            </HeartRateBpm>
            <Cadence>91</Cadence>
            <DistanceMeters>9607.75000</DistanceMeters>
            <Extensions>
              <TPX xmlns="http://www.garmin.com/xmlschemas/ActivityExtension/v2">
                <Watts>170</Watts>
              </TPX>
            </Extensions>
          </Trackpoint>
          <Trackpoint>
            <Time>2010-10-19T21:17:23Z</Time>
            <AltitudeMeters>0.0</AltitudeMeters>
            <HeartRateBpm>
              <Value>0</Value>
            </HeartRateBpm>
            <Cadence>92</Cadence>
            <DistanceMeters>9623.85000</DistanceMeters>
            <Extensions>
              <TPX xmlns="http://www.garmin.com/xmlschemas/ActivityExtension/v2">
                <Watts>171</Watts>
              </TPX>
            </Extensions>
          </Trackpoint>
          <Trackpoint>
            <Time>2010-10-19T21:17:26Z</Time>
            <AltitudeMeters>0.0</AltitudeMeters>
            <HeartRateBpm>
              <Value>0</Value>
            </HeartRateBpm>
            <Cadence>96</Cadence>
            <DistanceMeters>9656.03000</DistanceMeters>
            <Extensions>
              <TPX xmlns="http://www.garmin.com/xmlschemas/ActivityExtension/v2">
                <Watts>179</Watts>
              </TPX>
            </Extensions>
          </Trackpoint>
          <Trackpoint>
            <Time>2010-10-19T21:17:29Z</Time>
            <AltitudeMeters>0.0</AltitudeMeters>
            <HeartRateBpm>
              <Value>0</Value>
            </HeartRateBpm>
            <Cadence>96</Cadence>
            <DistanceMeters>9688.22000</DistanceMeters>
            <Extensions>
              <TPX xmlns="http://www.garmin.com/xmlschemas/ActivityExtension/v2">
                <Watts>186</Watts>
              </TPX>
            </Extensions>
          </Trackpoint>
          <Trackpoint>
            <Time>2010-10-19T21:17:32Z</Time>
            <AltitudeMeters>0.0</AltitudeMeters>
            <HeartRateBpm>
              <Value>0</Value>
            </HeartRateBpm>
            <Cadence>93</Cadence>
            <DistanceMeters>9720.41000</DistanceMeters>
            <Extensions>
              <TPX xmlns="http://www.garmin.com/xmlschemas/ActivityExtension/v2">
                <Watts>185</Watts>
              </TPX>
            </Extensions>
          </Trackpoint>
          <Trackpoint>
            <Time>2010-10-19T21:17:35Z</Time>
            <AltitudeMeters>0.0</AltitudeMeters>
            <HeartRateBpm>
              <Value>0</Value>
            </HeartRateBpm>
            <Cadence>94</Cadence>
            <DistanceMeters>9736.50000</DistanceMeters>
            <Extensions>
              <TPX xmlns="http://www.garmin.com/xmlschemas/ActivityExtension/v2">
                <Watts>180</Watts>
              </TPX>
            </Extensions>
          </Trackpoint>
          <Trackpoint>
            <Time>2010-10-19T21:17:38Z</Time>
            <AltitudeMeters>0.0</AltitudeMeters>
            <HeartRateBpm>
              <Value>0</Value>
            </HeartRateBpm>
            <Cadence>95</Cadence>
            <DistanceMeters>9768.69000</DistanceMeters>
            <Extensions>
              <TPX xmlns="http://www.garmin.com/xmlschemas/ActivityExtension/v2">
                <Watts>181</Watts>
              </TPX>
            </Extensions>
          </Trackpoint>
          <Trackpoint>
            <Time>2010-10-19T21:17:41Z</Time>
            <AltitudeMeters>0.0</AltitudeMeters>
            <HeartRateBpm>
              <Value>0</Value>
            </HeartRateBpm>
            <Cadence>99</Cadence>
            <DistanceMeters>9800.88000</DistanceMeters>
            <Extensions>
              <TPX xmlns="http://www.garmin.com/xmlschemas/ActivityExtension/v2">
                <Watts>196</Watts>
              </TPX>
            </Extensions>
          </Trackpoint>
          <Trackpoint>
            <Time>2010-10-19T21:17:44Z</Time>
            <AltitudeMeters>0.0</AltitudeMeters>
            <HeartRateBpm>
              <Value>0</Value>
            </HeartRateBpm>
            <Cadence>99</Cadence>
            <DistanceMeters>9833.06000</DistanceMeters>
            <Extensions>
              <TPX xmlns="http://www.garmin.com/xmlschemas/ActivityExtension/v2">
                <Watts>196</Watts>
              </TPX>
            </Extensions>
          </Trackpoint>
          <Trackpoint>
            <Time>2010-10-19T21:17:47Z</Time>
            <AltitudeMeters>0.0</AltitudeMeters>
            <HeartRateBpm>
              <Value>0</Value>
            </HeartRateBpm>
            <Cadence>97</Cadence>
            <DistanceMeters>9865.25000</DistanceMeters>
            <Extensions>
              <TPX xmlns="http://www.garmin.com/xmlschemas/ActivityExtension/v2">
                <Watts>195</Watts>
              </TPX>
            </Extensions>
          </Trackpoint>
          <Trackpoint>
            <Time>2010-10-19T21:17:50Z</Time>
            <AltitudeMeters>0.0</AltitudeMeters>
            <HeartRateBpm>
              <Value>0</Value>
            </HeartRateBpm>
            <Cadence>95</Cadence>
            <DistanceMeters>9897.44000</DistanceMeters>
            <Extensions>
              <TPX xmlns="http://www.garmin.com/xmlschemas/ActivityExtension/v2">
                <Watts>188</Watts>
              </TPX>
            </Extensions>
          </Trackpoint>
          <Trackpoint>
            <Time>2010-10-19T21:17:53Z</Time>
            <AltitudeMeters>0.0</AltitudeMeters>
            <HeartRateBpm>
              <Value>0</Value>
            </HeartRateBpm>
            <Cadence>92</Cadence>
            <DistanceMeters>9929.62000</DistanceMeters>
            <Extensions>
              <TPX xmlns="http://www.garmin.com/xmlschemas/ActivityExtension/v2">
                <Watts>179</Watts>
              </TPX>
            </Extensions>
          </Trackpoint>
          <Trackpoint>
            <Time>2010-10-19T21:17:56Z</Time>
            <AltitudeMeters>0.0</AltitudeMeters>
            <HeartRateBpm>
              <Value>0</Value>
            </HeartRateBpm>
            <Cadence>92</Cadence>
            <DistanceMeters>9961.81000</DistanceMeters>
            <Extensions>
              <TPX xmlns="http://www.garmin.com/xmlschemas/ActivityExtension/v2">
                <Watts>173</Watts>
              </TPX>
            </Extensions>
          </Trackpoint>
          <Trackpoint>
            <Time>2010-10-19T21:17:59Z</Time>
            <AltitudeMeters>0.0</AltitudeMeters>
            <HeartRateBpm>
              <Value>0</Value>
            </HeartRateBpm>
            <Cadence>94</Cadence>
            <DistanceMeters>9977.90000</DistanceMeters>
            <Extensions>
              <TPX xmlns="http://www.garmin.com/xmlschemas/ActivityExtension/v2">
                <Watts>180</Watts>
              </TPX>
            </Extensions>
          </Trackpoint>
          <Trackpoint>
            <Time>2010-10-19T21:18:02Z</Time>
            <AltitudeMeters>0.0</AltitudeMeters>
            <HeartRateBpm>
              <Value>0</Value>
            </HeartRateBpm>
            <Cadence>95</Cadence>
            <DistanceMeters>10010.09000</DistanceMeters>
            <Extensions>
              <TPX xmlns="http://www.garmin.com/xmlschemas/ActivityExtension/v2">
                <Watts>181</Watts>
              </TPX>
            </Extensions>
          </Trackpoint>
          <Trackpoint>
            <Time>2010-10-19T21:18:05Z</Time>
            <AltitudeMeters>0.0</AltitudeMeters>
            <HeartRateBpm>
              <Value>0</Value>
            </HeartRateBpm>
            <Cadence>95</Cadence>
            <DistanceMeters>10042.28000</DistanceMeters>
            <Extensions>
              <TPX xmlns="http://www.garmin.com/xmlschemas/ActivityExtension/v2">
                <Watts>182</Watts>
              </TPX>
            </Extensions>
          </Trackpoint>
          <Trackpoint>
            <Time>2010-10-19T21:18:08Z</Time>
            <AltitudeMeters>0.0</AltitudeMeters>
            <HeartRateBpm>
              <Value>0</Value>
            </HeartRateBpm>
            <Cadence>97</Cadence>
            <DistanceMeters>10074.46000</DistanceMeters>
            <Extensions>
              <TPX xmlns="http://www.garmin.com/xmlschemas/ActivityExtension/v2">
                <Watts>189</Watts>
              </TPX>
            </Extensions>
          </Trackpoint>
          <Trackpoint>
            <Time>2010-10-19T21:18:11Z</Time>
            <AltitudeMeters>0.0</AltitudeMeters>
            <HeartRateBpm>
              <Value>0</Value>
            </HeartRateBpm>
            <Cadence>96</Cadence>
            <DistanceMeters>10106.65000</DistanceMeters>
            <Extensions>
              <TPX xmlns="http://www.garmin.com/xmlschemas/ActivityExtension/v2">
                <Watts>186</Watts>
              </TPX>
            </Extensions>
          </Trackpoint>
          <Trackpoint>
            <Time>2010-10-19T21:18:14Z</Time>
            <AltitudeMeters>0.0</AltitudeMeters>
            <HeartRateBpm>
              <Value>0</Value>
            </HeartRateBpm>
            <Cadence>92</Cadence>
            <DistanceMeters>10138.84000</DistanceMeters>
            <Extensions>
              <TPX xmlns="http://www.garmin.com/xmlschemas/ActivityExtension/v2">
                <Watts>184</Watts>
              </TPX>
            </Extensions>
          </Trackpoint>
          <Trackpoint>
            <Time>2010-10-19T21:18:17Z</Time>
            <AltitudeMeters>0.0</AltitudeMeters>
            <HeartRateBpm>
              <Value>0</Value>
            </HeartRateBpm>
            <Cadence>93</Cadence>
            <DistanceMeters>10154.93000</DistanceMeters>
            <Extensions>
              <TPX xmlns="http://www.garmin.com/xmlschemas/ActivityExtension/v2">
                <Watts>177</Watts>
              </TPX>
            </Extensions>
          </Trackpoint>
          <Trackpoint>
            <Time>2010-10-19T21:18:20Z</Time>
            <AltitudeMeters>0.0</AltitudeMeters>
            <HeartRateBpm>
              <Value>0</Value>
            </HeartRateBpm>
            <Cadence>95</Cadence>
            <DistanceMeters>10187.12000</DistanceMeters>
            <Extensions>
              <TPX xmlns="http://www.garmin.com/xmlschemas/ActivityExtension/v2">
                <Watts>181</Watts>
              </TPX>
            </Extensions>
          </Trackpoint>
          <Trackpoint>
            <Time>2010-10-19T21:18:23Z</Time>
            <AltitudeMeters>0.0</AltitudeMeters>
            <HeartRateBpm>
              <Value>0</Value>
            </HeartRateBpm>
            <Cadence>97</Cadence>
            <DistanceMeters>10219.30000</DistanceMeters>
            <Extensions>
              <TPX xmlns="http://www.garmin.com/xmlschemas/ActivityExtension/v2">
                <Watts>189</Watts>
              </TPX>
            </Extensions>
          </Trackpoint>
          <Trackpoint>
            <Time>2010-10-19T21:18:26Z</Time>
            <AltitudeMeters>0.0</AltitudeMeters>
            <HeartRateBpm>
              <Value>0</Value>
            </HeartRateBpm>
            <Cadence>94</Cadence>
            <DistanceMeters>10251.49000</DistanceMeters>
            <Extensions>
              <TPX xmlns="http://www.garmin.com/xmlschemas/ActivityExtension/v2">
                <Watts>182</Watts>
              </TPX>
            </Extensions>
          </Trackpoint>
          <Trackpoint>
            <Time>2010-10-19T21:18:29Z</Time>
            <AltitudeMeters>0.0</AltitudeMeters>
            <HeartRateBpm>
              <Value>0</Value>
            </HeartRateBpm>
            <Cadence>94</Cadence>
            <DistanceMeters>10283.68000</DistanceMeters>
            <Extensions>
              <TPX xmlns="http://www.garmin.com/xmlschemas/ActivityExtension/v2">
                <Watts>181</Watts>
              </TPX>
            </Extensions>
          </Trackpoint>
          <Trackpoint>
            <Time>2010-10-19T21:18:32Z</Time>
            <AltitudeMeters>0.0</AltitudeMeters>
            <HeartRateBpm>
              <Value>0</Value>
            </HeartRateBpm>
            <Cadence>91</Cadence>
            <DistanceMeters>10299.77000</DistanceMeters>
            <Extensions>
              <TPX xmlns="http://www.garmin.com/xmlschemas/ActivityExtension/v2">
                <Watts>175</Watts>
              </TPX>
            </Extensions>
          </Trackpoint>
          <Trackpoint>
            <Time>2010-10-19T21:18:35Z</Time>
            <AltitudeMeters>0.0</AltitudeMeters>
            <HeartRateBpm>
              <Value>0</Value>
            </HeartRateBpm>
            <Cadence>90</Cadence>
            <DistanceMeters>10331.96000</DistanceMeters>
            <Extensions>
              <TPX xmlns="http://www.garmin.com/xmlschemas/ActivityExtension/v2">
                <Watts>170</Watts>
              </TPX>
            </Extensions>
          </Trackpoint>
          <Trackpoint>
            <Time>2010-10-19T21:18:38Z</Time>
            <AltitudeMeters>0.0</AltitudeMeters>
            <HeartRateBpm>
              <Value>0</Value>
            </HeartRateBpm>
            <Cadence>92</Cadence>
            <DistanceMeters>10364.14000</DistanceMeters>
            <Extensions>
              <TPX xmlns="http://www.garmin.com/xmlschemas/ActivityExtension/v2">
                <Watts>169</Watts>
              </TPX>
            </Extensions>
          </Trackpoint>
          <Trackpoint>
            <Time>2010-10-19T21:18:41Z</Time>
            <AltitudeMeters>0.0</AltitudeMeters>
            <HeartRateBpm>
              <Value>0</Value>
            </HeartRateBpm>
            <Cadence>93</Cadence>
            <DistanceMeters>10396.33000</DistanceMeters>
            <Extensions>
              <TPX xmlns="http://www.garmin.com/xmlschemas/ActivityExtension/v2">
                <Watts>177</Watts>
              </TPX>
            </Extensions>
          </Trackpoint>
          <Trackpoint>
            <Time>2010-10-19T21:18:44Z</Time>
            <AltitudeMeters>0.0</AltitudeMeters>
            <HeartRateBpm>
              <Value>0</Value>
            </HeartRateBpm>
            <Cadence>94</Cadence>
            <DistanceMeters>10412.42000</DistanceMeters>
            <Extensions>
              <TPX xmlns="http://www.garmin.com/xmlschemas/ActivityExtension/v2">
                <Watts>177</Watts>
              </TPX>
            </Extensions>
          </Trackpoint>
          <Trackpoint>
            <Time>2010-10-19T21:18:47Z</Time>
            <AltitudeMeters>0.0</AltitudeMeters>
            <HeartRateBpm>
              <Value>0</Value>
            </HeartRateBpm>
            <Cadence>102</Cadence>
            <DistanceMeters>10444.61000</DistanceMeters>
            <Extensions>
              <TPX xmlns="http://www.garmin.com/xmlschemas/ActivityExtension/v2">
                <Watts>193</Watts>
              </TPX>
            </Extensions>
          </Trackpoint>
          <Trackpoint>
            <Time>2010-10-19T21:18:50Z</Time>
            <AltitudeMeters>0.0</AltitudeMeters>
            <HeartRateBpm>
              <Value>0</Value>
            </HeartRateBpm>
            <Cadence>104</Cadence>
            <DistanceMeters>10476.80000</DistanceMeters>
            <Extensions>
              <TPX xmlns="http://www.garmin.com/xmlschemas/ActivityExtension/v2">
                <Watts>205</Watts>
              </TPX>
            </Extensions>
          </Trackpoint>
          <Trackpoint>
            <Time>2010-10-19T21:18:53Z</Time>
            <AltitudeMeters>0.0</AltitudeMeters>
            <HeartRateBpm>
              <Value>0</Value>
            </HeartRateBpm>
            <Cadence>106</Cadence>
            <DistanceMeters>10508.99000</DistanceMeters>
            <Extensions>
              <TPX xmlns="http://www.garmin.com/xmlschemas/ActivityExtension/v2">
                <Watts>213</Watts>
              </TPX>
            </Extensions>
          </Trackpoint>
          <Trackpoint>
            <Time>2010-10-19T21:18:56Z</Time>
            <AltitudeMeters>0.0</AltitudeMeters>
            <HeartRateBpm>
              <Value>0</Value>
            </HeartRateBpm>
            <Cadence>107</Cadence>
            <DistanceMeters>10541.17000</DistanceMeters>
            <Extensions>
              <TPX xmlns="http://www.garmin.com/xmlschemas/ActivityExtension/v2">
                <Watts>224</Watts>
              </TPX>
            </Extensions>
          </Trackpoint>
          <Trackpoint>
            <Time>2010-10-19T21:18:59Z</Time>
            <AltitudeMeters>0.0</AltitudeMeters>
            <HeartRateBpm>
              <Value>0</Value>
            </HeartRateBpm>
            <Cadence>108</Cadence>
            <DistanceMeters>10573.36000</DistanceMeters>
            <Extensions>
              <TPX xmlns="http://www.garmin.com/xmlschemas/ActivityExtension/v2">
                <Watts>221</Watts>
              </TPX>
            </Extensions>
          </Trackpoint>
          <Trackpoint>
            <Time>2010-10-19T21:19:02Z</Time>
            <AltitudeMeters>0.0</AltitudeMeters>
            <HeartRateBpm>
              <Value>0</Value>
            </HeartRateBpm>
            <Cadence>106</Cadence>
            <DistanceMeters>10621.64000</DistanceMeters>
            <Extensions>
              <TPX xmlns="http://www.garmin.com/xmlschemas/ActivityExtension/v2">
                <Watts>221</Watts>
              </TPX>
            </Extensions>
          </Trackpoint>
          <Trackpoint>
            <Time>2010-10-19T21:19:05Z</Time>
            <AltitudeMeters>0.0</AltitudeMeters>
            <HeartRateBpm>
              <Value>0</Value>
            </HeartRateBpm>
            <Cadence>103</Cadence>
            <DistanceMeters>10653.83000</DistanceMeters>
            <Extensions>
              <TPX xmlns="http://www.garmin.com/xmlschemas/ActivityExtension/v2">
                <Watts>213</Watts>
              </TPX>
            </Extensions>
          </Trackpoint>
          <Trackpoint>
            <Time>2010-10-19T21:19:08Z</Time>
            <AltitudeMeters>0.0</AltitudeMeters>
            <HeartRateBpm>
              <Value>0</Value>
            </HeartRateBpm>
            <Cadence>102</Cadence>
            <DistanceMeters>10686.01000</DistanceMeters>
            <Extensions>
              <TPX xmlns="http://www.garmin.com/xmlschemas/ActivityExtension/v2">
                <Watts>208</Watts>
              </TPX>
            </Extensions>
          </Trackpoint>
          <Trackpoint>
            <Time>2010-10-19T21:19:11Z</Time>
            <AltitudeMeters>0.0</AltitudeMeters>
            <HeartRateBpm>
              <Value>0</Value>
            </HeartRateBpm>
            <Cadence>103</Cadence>
            <DistanceMeters>10718.20000</DistanceMeters>
            <Extensions>
              <TPX xmlns="http://www.garmin.com/xmlschemas/ActivityExtension/v2">
                <Watts>205</Watts>
              </TPX>
            </Extensions>
          </Trackpoint>
          <Trackpoint>
            <Time>2010-10-19T21:19:14Z</Time>
            <AltitudeMeters>0.0</AltitudeMeters>
            <HeartRateBpm>
              <Value>0</Value>
            </HeartRateBpm>
            <Cadence>103</Cadence>
            <DistanceMeters>10750.39000</DistanceMeters>
            <Extensions>
              <TPX xmlns="http://www.garmin.com/xmlschemas/ActivityExtension/v2">
                <Watts>209</Watts>
              </TPX>
            </Extensions>
          </Trackpoint>
          <Trackpoint>
            <Time>2010-10-19T21:19:17Z</Time>
            <AltitudeMeters>0.0</AltitudeMeters>
            <HeartRateBpm>
              <Value>0</Value>
            </HeartRateBpm>
            <Cadence>103</Cadence>
            <DistanceMeters>10782.57000</DistanceMeters>
            <Extensions>
              <TPX xmlns="http://www.garmin.com/xmlschemas/ActivityExtension/v2">
                <Watts>209</Watts>
              </TPX>
            </Extensions>
          </Trackpoint>
          <Trackpoint>
            <Time>2010-10-19T21:19:20Z</Time>
            <AltitudeMeters>0.0</AltitudeMeters>
            <HeartRateBpm>
              <Value>0</Value>
            </HeartRateBpm>
            <Cadence>89</Cadence>
            <DistanceMeters>10814.76000</DistanceMeters>
            <Extensions>
              <TPX xmlns="http://www.garmin.com/xmlschemas/ActivityExtension/v2">
                <Watts>206</Watts>
              </TPX>
            </Extensions>
          </Trackpoint>
          <Trackpoint>
            <Time>2010-10-19T21:19:23Z</Time>
            <AltitudeMeters>0.0</AltitudeMeters>
            <HeartRateBpm>
              <Value>0</Value>
            </HeartRateBpm>
            <Cadence>101</Cadence>
            <DistanceMeters>10846.95000</DistanceMeters>
            <Extensions>
              <TPX xmlns="http://www.garmin.com/xmlschemas/ActivityExtension/v2">
                <Watts>207</Watts>
              </TPX>
            </Extensions>
          </Trackpoint>
          <Trackpoint>
            <Time>2010-10-19T21:19:26Z</Time>
            <AltitudeMeters>0.0</AltitudeMeters>
            <HeartRateBpm>
              <Value>0</Value>
            </HeartRateBpm>
            <Cadence>94</Cadence>
            <DistanceMeters>10879.13000</DistanceMeters>
            <Extensions>
              <TPX xmlns="http://www.garmin.com/xmlschemas/ActivityExtension/v2">
                <Watts>202</Watts>
              </TPX>
            </Extensions>
          </Trackpoint>
          <Trackpoint>
            <Time>2010-10-19T21:19:29Z</Time>
            <AltitudeMeters>0.0</AltitudeMeters>
            <HeartRateBpm>
              <Value>0</Value>
            </HeartRateBpm>
            <Cadence>109</Cadence>
            <DistanceMeters>10911.32000</DistanceMeters>
            <Extensions>
              <TPX xmlns="http://www.garmin.com/xmlschemas/ActivityExtension/v2">
                <Watts>235</Watts>
              </TPX>
            </Extensions>
          </Trackpoint>
          <Trackpoint>
            <Time>2010-10-19T21:19:32Z</Time>
            <AltitudeMeters>0.0</AltitudeMeters>
            <HeartRateBpm>
              <Value>0</Value>
            </HeartRateBpm>
            <Cadence>102</Cadence>
            <DistanceMeters>10943.51000</DistanceMeters>
            <Extensions>
              <TPX xmlns="http://www.garmin.com/xmlschemas/ActivityExtension/v2">
                <Watts>244</Watts>
              </TPX>
            </Extensions>
          </Trackpoint>
          <Trackpoint>
            <Time>2010-10-19T21:19:35Z</Time>
            <AltitudeMeters>0.0</AltitudeMeters>
            <HeartRateBpm>
              <Value>0</Value>
            </HeartRateBpm>
            <Cadence>102</Cadence>
            <DistanceMeters>10991.79000</DistanceMeters>
            <Extensions>
              <TPX xmlns="http://www.garmin.com/xmlschemas/ActivityExtension/v2">
                <Watts>241</Watts>
              </TPX>
            </Extensions>
          </Trackpoint>
          <Trackpoint>
            <Time>2010-10-19T21:19:38Z</Time>
            <AltitudeMeters>0.0</AltitudeMeters>
            <HeartRateBpm>
              <Value>0</Value>
            </HeartRateBpm>
            <Cadence>102</Cadence>
            <DistanceMeters>11023.97000</DistanceMeters>
            <Extensions>
              <TPX xmlns="http://www.garmin.com/xmlschemas/ActivityExtension/v2">
                <Watts>240</Watts>
              </TPX>
            </Extensions>
          </Trackpoint>
          <Trackpoint>
            <Time>2010-10-19T21:19:41Z</Time>
            <AltitudeMeters>0.0</AltitudeMeters>
            <HeartRateBpm>
              <Value>0</Value>
            </HeartRateBpm>
            <Cadence>102</Cadence>
            <DistanceMeters>11072.25000</DistanceMeters>
            <Extensions>
              <TPX xmlns="http://www.garmin.com/xmlschemas/ActivityExtension/v2">
                <Watts>240</Watts>
              </TPX>
            </Extensions>
          </Trackpoint>
          <Trackpoint>
            <Time>2010-10-19T21:19:44Z</Time>
            <AltitudeMeters>0.0</AltitudeMeters>
            <HeartRateBpm>
              <Value>0</Value>
            </HeartRateBpm>
            <Cadence>100</Cadence>
            <DistanceMeters>11104.44000</DistanceMeters>
            <Extensions>
              <TPX xmlns="http://www.garmin.com/xmlschemas/ActivityExtension/v2">
                <Watts>239</Watts>
              </TPX>
            </Extensions>
          </Trackpoint>
          <Trackpoint>
            <Time>2010-10-19T21:19:47Z</Time>
            <AltitudeMeters>0.0</AltitudeMeters>
            <HeartRateBpm>
              <Value>0</Value>
            </HeartRateBpm>
            <Cadence>100</Cadence>
            <DistanceMeters>11136.63000</DistanceMeters>
            <Extensions>
              <TPX xmlns="http://www.garmin.com/xmlschemas/ActivityExtension/v2">
                <Watts>233</Watts>
              </TPX>
            </Extensions>
          </Trackpoint>
          <Trackpoint>
            <Time>2010-10-19T21:19:50Z</Time>
            <AltitudeMeters>0.0</AltitudeMeters>
            <HeartRateBpm>
              <Value>0</Value>
            </HeartRateBpm>
            <Cadence>100</Cadence>
            <DistanceMeters>11184.91000</DistanceMeters>
            <Extensions>
              <TPX xmlns="http://www.garmin.com/xmlschemas/ActivityExtension/v2">
                <Watts>233</Watts>
              </TPX>
            </Extensions>
          </Trackpoint>
          <Trackpoint>
            <Time>2010-10-19T21:19:53Z</Time>
            <AltitudeMeters>0.0</AltitudeMeters>
            <HeartRateBpm>
              <Value>0</Value>
            </HeartRateBpm>
            <Cadence>90</Cadence>
            <DistanceMeters>11217.09000</DistanceMeters>
            <Extensions>
              <TPX xmlns="http://www.garmin.com/xmlschemas/ActivityExtension/v2">
                <Watts>216</Watts>
              </TPX>
            </Extensions>
          </Trackpoint>
          <Trackpoint>
            <Time>2010-10-19T21:19:56Z</Time>
            <AltitudeMeters>0.0</AltitudeMeters>
            <HeartRateBpm>
              <Value>0</Value>
            </HeartRateBpm>
            <Cadence>94</Cadence>
            <DistanceMeters>11249.28000</DistanceMeters>
            <Extensions>
              <TPX xmlns="http://www.garmin.com/xmlschemas/ActivityExtension/v2">
                <Watts>228</Watts>
              </TPX>
            </Extensions>
          </Trackpoint>
          <Trackpoint>
            <Time>2010-10-19T21:19:59Z</Time>
            <AltitudeMeters>0.0</AltitudeMeters>
            <HeartRateBpm>
              <Value>0</Value>
            </HeartRateBpm>
            <Cadence>81</Cadence>
            <DistanceMeters>11281.47000</DistanceMeters>
            <Extensions>
              <TPX xmlns="http://www.garmin.com/xmlschemas/ActivityExtension/v2">
                <Watts>158</Watts>
              </TPX>
            </Extensions>
          </Trackpoint>
          <Trackpoint>
            <Time>2010-10-19T21:20:02Z</Time>
            <AltitudeMeters>0.0</AltitudeMeters>
            <HeartRateBpm>
              <Value>0</Value>
            </HeartRateBpm>
            <Cadence>73</Cadence>
            <DistanceMeters>11313.66000</DistanceMeters>
            <Extensions>
              <TPX xmlns="http://www.garmin.com/xmlschemas/ActivityExtension/v2">
                <Watts>104</Watts>
              </TPX>
            </Extensions>
          </Trackpoint>
          <Trackpoint>
            <Time>2010-10-19T21:20:05Z</Time>
            <AltitudeMeters>0.0</AltitudeMeters>
            <HeartRateBpm>
              <Value>0</Value>
            </HeartRateBpm>
            <Cadence>81</Cadence>
            <DistanceMeters>11345.84000</DistanceMeters>
            <Extensions>
              <TPX xmlns="http://www.garmin.com/xmlschemas/ActivityExtension/v2">
                <Watts>116</Watts>
              </TPX>
            </Extensions>
          </Trackpoint>
          <Trackpoint>
            <Time>2010-10-19T21:20:08Z</Time>
            <AltitudeMeters>0.0</AltitudeMeters>
            <HeartRateBpm>
              <Value>0</Value>
            </HeartRateBpm>
            <Cadence>83</Cadence>
            <DistanceMeters>11361.94000</DistanceMeters>
            <Extensions>
              <TPX xmlns="http://www.garmin.com/xmlschemas/ActivityExtension/v2">
                <Watts>99</Watts>
              </TPX>
            </Extensions>
          </Trackpoint>
          <Trackpoint>
            <Time>2010-10-19T21:20:11Z</Time>
            <AltitudeMeters>0.0</AltitudeMeters>
            <HeartRateBpm>
              <Value>0</Value>
            </HeartRateBpm>
            <Cadence>86</Cadence>
            <DistanceMeters>11378.03000</DistanceMeters>
            <Extensions>
              <TPX xmlns="http://www.garmin.com/xmlschemas/ActivityExtension/v2">
                <Watts>66</Watts>
              </TPX>
            </Extensions>
          </Trackpoint>
          <Trackpoint>
            <Time>2010-10-19T21:20:14Z</Time>
            <AltitudeMeters>0.0</AltitudeMeters>
            <HeartRateBpm>
              <Value>0</Value>
            </HeartRateBpm>
            <Cadence>87</Cadence>
            <DistanceMeters>11378.03000</DistanceMeters>
            <Extensions>
              <TPX xmlns="http://www.garmin.com/xmlschemas/ActivityExtension/v2">
                <Watts>154</Watts>
              </TPX>
            </Extensions>
          </Trackpoint>
          <Trackpoint>
            <Time>2010-10-19T21:20:17Z</Time>
            <AltitudeMeters>0.0</AltitudeMeters>
            <HeartRateBpm>
              <Value>0</Value>
            </HeartRateBpm>
            <Cadence>85</Cadence>
            <DistanceMeters>11410.22000</DistanceMeters>
            <Extensions>
              <TPX xmlns="http://www.garmin.com/xmlschemas/ActivityExtension/v2">
                <Watts>150</Watts>
              </TPX>
            </Extensions>
          </Trackpoint>
          <Trackpoint>
            <Time>2010-10-19T21:20:20Z</Time>
            <AltitudeMeters>0.0</AltitudeMeters>
            <HeartRateBpm>
              <Value>0</Value>
            </HeartRateBpm>
            <Cadence>83</Cadence>
            <DistanceMeters>11426.31000</DistanceMeters>
            <Extensions>
              <TPX xmlns="http://www.garmin.com/xmlschemas/ActivityExtension/v2">
                <Watts>141</Watts>
              </TPX>
            </Extensions>
          </Trackpoint>
          <Trackpoint>
            <Time>2010-10-19T21:20:23Z</Time>
            <AltitudeMeters>0.0</AltitudeMeters>
            <HeartRateBpm>
              <Value>0</Value>
            </HeartRateBpm>
            <Cadence>79</Cadence>
            <DistanceMeters>11458.50000</DistanceMeters>
            <Extensions>
              <TPX xmlns="http://www.garmin.com/xmlschemas/ActivityExtension/v2">
                <Watts>127</Watts>
              </TPX>
            </Extensions>
          </Trackpoint>
          <Trackpoint>
            <Time>2010-10-19T21:20:26Z</Time>
            <AltitudeMeters>0.0</AltitudeMeters>
            <HeartRateBpm>
              <Value>0</Value>
            </HeartRateBpm>
            <Cadence>85</Cadence>
            <DistanceMeters>11474.59000</DistanceMeters>
            <Extensions>
              <TPX xmlns="http://www.garmin.com/xmlschemas/ActivityExtension/v2">
                <Watts>148</Watts>
              </TPX>
            </Extensions>
          </Trackpoint>
          <Trackpoint>
            <Time>2010-10-19T21:20:29Z</Time>
            <AltitudeMeters>0.0</AltitudeMeters>
            <HeartRateBpm>
              <Value>0</Value>
            </HeartRateBpm>
            <Cadence>85</Cadence>
            <DistanceMeters>11490.68000</DistanceMeters>
            <Extensions>
              <TPX xmlns="http://www.garmin.com/xmlschemas/ActivityExtension/v2">
                <Watts>147</Watts>
              </TPX>
            </Extensions>
          </Trackpoint>
          <Trackpoint>
            <Time>2010-10-19T21:20:32Z</Time>
            <AltitudeMeters>0.0</AltitudeMeters>
            <HeartRateBpm>
              <Value>0</Value>
            </HeartRateBpm>
            <Cadence>85</Cadence>
            <DistanceMeters>11522.87000</DistanceMeters>
            <Extensions>
              <TPX xmlns="http://www.garmin.com/xmlschemas/ActivityExtension/v2">
                <Watts>147</Watts>
              </TPX>
            </Extensions>
          </Trackpoint>
          <Trackpoint>
            <Time>2010-10-19T21:20:35Z</Time>
            <AltitudeMeters>0.0</AltitudeMeters>
            <HeartRateBpm>
              <Value>0</Value>
            </HeartRateBpm>
            <Cadence>84</Cadence>
            <DistanceMeters>11538.96000</DistanceMeters>
            <Extensions>
              <TPX xmlns="http://www.garmin.com/xmlschemas/ActivityExtension/v2">
                <Watts>146</Watts>
              </TPX>
            </Extensions>
          </Trackpoint>
          <Trackpoint>
            <Time>2010-10-19T21:20:38Z</Time>
            <AltitudeMeters>0.0</AltitudeMeters>
            <HeartRateBpm>
              <Value>0</Value>
            </HeartRateBpm>
            <Cadence>84</Cadence>
            <DistanceMeters>11571.15000</DistanceMeters>
            <Extensions>
              <TPX xmlns="http://www.garmin.com/xmlschemas/ActivityExtension/v2">
                <Watts>145</Watts>
              </TPX>
            </Extensions>
          </Trackpoint>
          <Trackpoint>
            <Time>2010-10-19T21:20:41Z</Time>
            <AltitudeMeters>0.0</AltitudeMeters>
            <HeartRateBpm>
              <Value>0</Value>
            </HeartRateBpm>
            <Cadence>83</Cadence>
            <DistanceMeters>11587.24000</DistanceMeters>
            <Extensions>
              <TPX xmlns="http://www.garmin.com/xmlschemas/ActivityExtension/v2">
                <Watts>141</Watts>
              </TPX>
            </Extensions>
          </Trackpoint>
          <Trackpoint>
            <Time>2010-10-19T21:20:44Z</Time>
            <AltitudeMeters>0.0</AltitudeMeters>
            <HeartRateBpm>
              <Value>0</Value>
            </HeartRateBpm>
            <Cadence>85</Cadence>
            <DistanceMeters>11619.43000</DistanceMeters>
            <Extensions>
              <TPX xmlns="http://www.garmin.com/xmlschemas/ActivityExtension/v2">
                <Watts>135</Watts>
              </TPX>
            </Extensions>
          </Trackpoint>
          <Trackpoint>
            <Time>2010-10-19T21:20:47Z</Time>
            <AltitudeMeters>0.0</AltitudeMeters>
            <HeartRateBpm>
              <Value>0</Value>
            </HeartRateBpm>
            <Cadence>87</Cadence>
            <DistanceMeters>11635.52000</DistanceMeters>
            <Extensions>
              <TPX xmlns="http://www.garmin.com/xmlschemas/ActivityExtension/v2">
                <Watts>147</Watts>
              </TPX>
            </Extensions>
          </Trackpoint>
          <Trackpoint>
            <Time>2010-10-19T21:20:50Z</Time>
            <AltitudeMeters>0.0</AltitudeMeters>
            <HeartRateBpm>
              <Value>0</Value>
            </HeartRateBpm>
            <Cadence>86</Cadence>
            <DistanceMeters>11667.71000</DistanceMeters>
            <Extensions>
              <TPX xmlns="http://www.garmin.com/xmlschemas/ActivityExtension/v2">
                <Watts>151</Watts>
              </TPX>
            </Extensions>
          </Trackpoint>
          <Trackpoint>
            <Time>2010-10-19T21:20:53Z</Time>
            <AltitudeMeters>0.0</AltitudeMeters>
            <HeartRateBpm>
              <Value>0</Value>
            </HeartRateBpm>
            <Cadence>87</Cadence>
            <DistanceMeters>11683.80000</DistanceMeters>
            <Extensions>
              <TPX xmlns="http://www.garmin.com/xmlschemas/ActivityExtension/v2">
                <Watts>150</Watts>
              </TPX>
            </Extensions>
          </Trackpoint>
          <Trackpoint>
            <Time>2010-10-19T21:20:56Z</Time>
            <AltitudeMeters>0.0</AltitudeMeters>
            <HeartRateBpm>
              <Value>0</Value>
            </HeartRateBpm>
            <Cadence>87</Cadence>
            <DistanceMeters>11715.99000</DistanceMeters>
            <Extensions>
              <TPX xmlns="http://www.garmin.com/xmlschemas/ActivityExtension/v2">
                <Watts>150</Watts>
              </TPX>
            </Extensions>
          </Trackpoint>
          <Trackpoint>
            <Time>2010-10-19T21:20:59Z</Time>
            <AltitudeMeters>0.0</AltitudeMeters>
            <HeartRateBpm>
              <Value>0</Value>
            </HeartRateBpm>
            <Cadence>84</Cadence>
            <DistanceMeters>11732.08000</DistanceMeters>
            <Extensions>
              <TPX xmlns="http://www.garmin.com/xmlschemas/ActivityExtension/v2">
                <Watts>151</Watts>
              </TPX>
            </Extensions>
          </Trackpoint>
          <Trackpoint>
            <Time>2010-10-19T21:21:02Z</Time>
            <AltitudeMeters>0.0</AltitudeMeters>
            <HeartRateBpm>
              <Value>0</Value>
            </HeartRateBpm>
            <Cadence>81</Cadence>
            <DistanceMeters>11764.27000</DistanceMeters>
            <Extensions>
              <TPX xmlns="http://www.garmin.com/xmlschemas/ActivityExtension/v2">
                <Watts>141</Watts>
              </TPX>
            </Extensions>
          </Trackpoint>
          <Trackpoint>
            <Time>2010-10-19T21:21:05Z</Time>
            <AltitudeMeters>0.0</AltitudeMeters>
            <HeartRateBpm>
              <Value>0</Value>
            </HeartRateBpm>
            <Cadence>88</Cadence>
            <DistanceMeters>11780.36000</DistanceMeters>
            <Extensions>
              <TPX xmlns="http://www.garmin.com/xmlschemas/ActivityExtension/v2">
                <Watts>157</Watts>
              </TPX>
            </Extensions>
          </Trackpoint>
          <Trackpoint>
            <Time>2010-10-19T21:21:08Z</Time>
            <AltitudeMeters>0.0</AltitudeMeters>
            <HeartRateBpm>
              <Value>0</Value>
            </HeartRateBpm>
            <Cadence>87</Cadence>
            <DistanceMeters>11796.46000</DistanceMeters>
            <Extensions>
              <TPX xmlns="http://www.garmin.com/xmlschemas/ActivityExtension/v2">
                <Watts>155</Watts>
              </TPX>
            </Extensions>
          </Trackpoint>
          <Trackpoint>
            <Time>2010-10-19T21:21:11Z</Time>
            <AltitudeMeters>0.0</AltitudeMeters>
            <HeartRateBpm>
              <Value>0</Value>
            </HeartRateBpm>
            <Cadence>86</Cadence>
            <DistanceMeters>11828.64000</DistanceMeters>
            <Extensions>
              <TPX xmlns="http://www.garmin.com/xmlschemas/ActivityExtension/v2">
                <Watts>153</Watts>
              </TPX>
            </Extensions>
          </Trackpoint>
          <Trackpoint>
            <Time>2010-10-19T21:21:14Z</Time>
            <AltitudeMeters>0.0</AltitudeMeters>
            <HeartRateBpm>
              <Value>0</Value>
            </HeartRateBpm>
            <Cadence>84</Cadence>
            <DistanceMeters>11860.83000</DistanceMeters>
            <Extensions>
              <TPX xmlns="http://www.garmin.com/xmlschemas/ActivityExtension/v2">
                <Watts>143</Watts>
              </TPX>
            </Extensions>
          </Trackpoint>
          <Trackpoint>
            <Time>2010-10-19T21:21:17Z</Time>
            <AltitudeMeters>0.0</AltitudeMeters>
            <HeartRateBpm>
              <Value>0</Value>
            </HeartRateBpm>
            <Cadence>82</Cadence>
            <DistanceMeters>11876.92000</DistanceMeters>
            <Extensions>
              <TPX xmlns="http://www.garmin.com/xmlschemas/ActivityExtension/v2">
                <Watts>142</Watts>
              </TPX>
            </Extensions>
          </Trackpoint>
          <Trackpoint>
            <Time>2010-10-19T21:21:20Z</Time>
            <AltitudeMeters>0.0</AltitudeMeters>
            <HeartRateBpm>
              <Value>0</Value>
            </HeartRateBpm>
            <Cadence>85</Cadence>
            <DistanceMeters>11893.02000</DistanceMeters>
            <Extensions>
              <TPX xmlns="http://www.garmin.com/xmlschemas/ActivityExtension/v2">
                <Watts>142</Watts>
              </TPX>
            </Extensions>
          </Trackpoint>
          <Trackpoint>
            <Time>2010-10-19T21:21:23Z</Time>
            <AltitudeMeters>0.0</AltitudeMeters>
            <HeartRateBpm>
              <Value>0</Value>
            </HeartRateBpm>
            <Cadence>86</Cadence>
            <DistanceMeters>11925.20000</DistanceMeters>
            <Extensions>
              <TPX xmlns="http://www.garmin.com/xmlschemas/ActivityExtension/v2">
                <Watts>147</Watts>
              </TPX>
            </Extensions>
          </Trackpoint>
          <Trackpoint>
            <Time>2010-10-19T21:21:26Z</Time>
            <AltitudeMeters>0.0</AltitudeMeters>
            <HeartRateBpm>
              <Value>0</Value>
            </HeartRateBpm>
            <Cadence>86</Cadence>
            <DistanceMeters>11941.30000</DistanceMeters>
            <Extensions>
              <TPX xmlns="http://www.garmin.com/xmlschemas/ActivityExtension/v2">
                <Watts>149</Watts>
              </TPX>
            </Extensions>
          </Trackpoint>
          <Trackpoint>
            <Time>2010-10-19T21:21:29Z</Time>
            <AltitudeMeters>0.0</AltitudeMeters>
            <HeartRateBpm>
              <Value>0</Value>
            </HeartRateBpm>
            <Cadence>83</Cadence>
            <DistanceMeters>11973.48000</DistanceMeters>
            <Extensions>
              <TPX xmlns="http://www.garmin.com/xmlschemas/ActivityExtension/v2">
                <Watts>149</Watts>
              </TPX>
            </Extensions>
          </Trackpoint>
          <Trackpoint>
            <Time>2010-10-19T21:21:32Z</Time>
            <AltitudeMeters>0.0</AltitudeMeters>
            <HeartRateBpm>
              <Value>0</Value>
            </HeartRateBpm>
            <Cadence>84</Cadence>
            <DistanceMeters>11989.58000</DistanceMeters>
            <Extensions>
              <TPX xmlns="http://www.garmin.com/xmlschemas/ActivityExtension/v2">
                <Watts>141</Watts>
              </TPX>
            </Extensions>
          </Trackpoint>
          <Trackpoint>
            <Time>2010-10-19T21:21:35Z</Time>
            <AltitudeMeters>0.0</AltitudeMeters>
            <HeartRateBpm>
              <Value>0</Value>
            </HeartRateBpm>
            <Cadence>84</Cadence>
            <DistanceMeters>12021.76000</DistanceMeters>
            <Extensions>
              <TPX xmlns="http://www.garmin.com/xmlschemas/ActivityExtension/v2">
                <Watts>144</Watts>
              </TPX>
            </Extensions>
          </Trackpoint>
          <Trackpoint>
            <Time>2010-10-19T21:21:38Z</Time>
            <AltitudeMeters>0.0</AltitudeMeters>
            <HeartRateBpm>
              <Value>0</Value>
            </HeartRateBpm>
            <Cadence>87</Cadence>
            <DistanceMeters>12037.86000</DistanceMeters>
            <Extensions>
              <TPX xmlns="http://www.garmin.com/xmlschemas/ActivityExtension/v2">
                <Watts>150</Watts>
              </TPX>
            </Extensions>
          </Trackpoint>
          <Trackpoint>
            <Time>2010-10-19T21:21:41Z</Time>
            <AltitudeMeters>0.0</AltitudeMeters>
            <HeartRateBpm>
              <Value>0</Value>
            </HeartRateBpm>
            <Cadence>87</Cadence>
            <DistanceMeters>12070.05000</DistanceMeters>
            <Extensions>
              <TPX xmlns="http://www.garmin.com/xmlschemas/ActivityExtension/v2">
                <Watts>151</Watts>
              </TPX>
            </Extensions>
          </Trackpoint>
          <Trackpoint>
            <Time>2010-10-19T21:21:44Z</Time>
            <AltitudeMeters>0.0</AltitudeMeters>
            <HeartRateBpm>
              <Value>0</Value>
            </HeartRateBpm>
            <Cadence>86</Cadence>
            <DistanceMeters>12086.14000</DistanceMeters>
            <Extensions>
              <TPX xmlns="http://www.garmin.com/xmlschemas/ActivityExtension/v2">
                <Watts>152</Watts>
              </TPX>
            </Extensions>
          </Trackpoint>
          <Trackpoint>
            <Time>2010-10-19T21:21:47Z</Time>
            <AltitudeMeters>0.0</AltitudeMeters>
            <HeartRateBpm>
              <Value>0</Value>
            </HeartRateBpm>
            <Cadence>79</Cadence>
            <DistanceMeters>12118.33000</DistanceMeters>
            <Extensions>
              <TPX xmlns="http://www.garmin.com/xmlschemas/ActivityExtension/v2">
                <Watts>124</Watts>
              </TPX>
            </Extensions>
          </Trackpoint>
          <Trackpoint>
            <Time>2010-10-19T21:21:50Z</Time>
            <AltitudeMeters>0.0</AltitudeMeters>
            <HeartRateBpm>
              <Value>0</Value>
            </HeartRateBpm>
            <Cadence>86</Cadence>
            <DistanceMeters>12134.42000</DistanceMeters>
            <Extensions>
              <TPX xmlns="http://www.garmin.com/xmlschemas/ActivityExtension/v2">
                <Watts>155</Watts>
              </TPX>
            </Extensions>
          </Trackpoint>
          <Trackpoint>
            <Time>2010-10-19T21:21:53Z</Time>
            <AltitudeMeters>0.0</AltitudeMeters>
            <HeartRateBpm>
              <Value>0</Value>
            </HeartRateBpm>
            <Cadence>85</Cadence>
            <DistanceMeters>12166.61000</DistanceMeters>
            <Extensions>
              <TPX xmlns="http://www.garmin.com/xmlschemas/ActivityExtension/v2">
                <Watts>148</Watts>
              </TPX>
            </Extensions>
          </Trackpoint>
          <Trackpoint>
            <Time>2010-10-19T21:21:56Z</Time>
            <AltitudeMeters>0.0</AltitudeMeters>
            <HeartRateBpm>
              <Value>0</Value>
            </HeartRateBpm>
            <Cadence>83</Cadence>
            <DistanceMeters>12182.70000</DistanceMeters>
            <Extensions>
              <TPX xmlns="http://www.garmin.com/xmlschemas/ActivityExtension/v2">
                <Watts>145</Watts>
              </TPX>
            </Extensions>
          </Trackpoint>
          <Trackpoint>
            <Time>2010-10-19T21:21:59Z</Time>
            <AltitudeMeters>0.0</AltitudeMeters>
            <HeartRateBpm>
              <Value>0</Value>
            </HeartRateBpm>
            <Cadence>84</Cadence>
            <DistanceMeters>12214.89000</DistanceMeters>
            <Extensions>
              <TPX xmlns="http://www.garmin.com/xmlschemas/ActivityExtension/v2">
                <Watts>141</Watts>
              </TPX>
            </Extensions>
          </Trackpoint>
          <Trackpoint>
            <Time>2010-10-19T21:22:02Z</Time>
            <AltitudeMeters>0.0</AltitudeMeters>
            <HeartRateBpm>
              <Value>0</Value>
            </HeartRateBpm>
            <Cadence>82</Cadence>
            <DistanceMeters>12230.98000</DistanceMeters>
            <Extensions>
              <TPX xmlns="http://www.garmin.com/xmlschemas/ActivityExtension/v2">
                <Watts>140</Watts>
              </TPX>
            </Extensions>
          </Trackpoint>
          <Trackpoint>
            <Time>2010-10-19T21:22:05Z</Time>
            <AltitudeMeters>0.0</AltitudeMeters>
            <HeartRateBpm>
              <Value>0</Value>
            </HeartRateBpm>
            <Cadence>83</Cadence>
            <DistanceMeters>12247.07000</DistanceMeters>
            <Extensions>
              <TPX xmlns="http://www.garmin.com/xmlschemas/ActivityExtension/v2">
                <Watts>142</Watts>
              </TPX>
            </Extensions>
          </Trackpoint>
          <Trackpoint>
            <Time>2010-10-19T21:22:08Z</Time>
            <AltitudeMeters>0.0</AltitudeMeters>
            <HeartRateBpm>
              <Value>0</Value>
            </HeartRateBpm>
            <Cadence>83</Cadence>
            <DistanceMeters>12279.26000</DistanceMeters>
            <Extensions>
              <TPX xmlns="http://www.garmin.com/xmlschemas/ActivityExtension/v2">
                <Watts>137</Watts>
              </TPX>
            </Extensions>
          </Trackpoint>
          <Trackpoint>
            <Time>2010-10-19T21:22:11Z</Time>
            <AltitudeMeters>0.0</AltitudeMeters>
            <HeartRateBpm>
              <Value>0</Value>
            </HeartRateBpm>
            <Cadence>83</Cadence>
            <DistanceMeters>12295.35000</DistanceMeters>
            <Extensions>
              <TPX xmlns="http://www.garmin.com/xmlschemas/ActivityExtension/v2">
                <Watts>138</Watts>
              </TPX>
            </Extensions>
          </Trackpoint>
          <Trackpoint>
            <Time>2010-10-19T21:22:14Z</Time>
            <AltitudeMeters>0.0</AltitudeMeters>
            <HeartRateBpm>
              <Value>0</Value>
            </HeartRateBpm>
            <Cadence>83</Cadence>
            <DistanceMeters>12327.54000</DistanceMeters>
            <Extensions>
              <TPX xmlns="http://www.garmin.com/xmlschemas/ActivityExtension/v2">
                <Watts>139</Watts>
              </TPX>
            </Extensions>
          </Trackpoint>
          <Trackpoint>
            <Time>2010-10-19T21:22:17Z</Time>
            <AltitudeMeters>0.0</AltitudeMeters>
            <HeartRateBpm>
              <Value>0</Value>
            </HeartRateBpm>
            <Cadence>84</Cadence>
            <DistanceMeters>12343.63000</DistanceMeters>
            <Extensions>
              <TPX xmlns="http://www.garmin.com/xmlschemas/ActivityExtension/v2">
                <Watts>138</Watts>
              </TPX>
            </Extensions>
          </Trackpoint>
          <Trackpoint>
            <Time>2010-10-19T21:22:20Z</Time>
            <AltitudeMeters>0.0</AltitudeMeters>
            <HeartRateBpm>
              <Value>0</Value>
            </HeartRateBpm>
            <Cadence>84</Cadence>
            <DistanceMeters>12359.73000</DistanceMeters>
            <Extensions>
              <TPX xmlns="http://www.garmin.com/xmlschemas/ActivityExtension/v2">
                <Watts>140</Watts>
              </TPX>
            </Extensions>
          </Trackpoint>
          <Trackpoint>
            <Time>2010-10-19T21:22:23Z</Time>
            <AltitudeMeters>0.0</AltitudeMeters>
            <HeartRateBpm>
              <Value>0</Value>
            </HeartRateBpm>
            <Cadence>86</Cadence>
            <DistanceMeters>12391.91000</DistanceMeters>
            <Extensions>
              <TPX xmlns="http://www.garmin.com/xmlschemas/ActivityExtension/v2">
                <Watts>145</Watts>
              </TPX>
            </Extensions>
          </Trackpoint>
          <Trackpoint>
            <Time>2010-10-19T21:22:26Z</Time>
            <AltitudeMeters>0.0</AltitudeMeters>
            <HeartRateBpm>
              <Value>0</Value>
            </HeartRateBpm>
            <Cadence>88</Cadence>
            <DistanceMeters>12408.01000</DistanceMeters>
            <Extensions>
              <TPX xmlns="http://www.garmin.com/xmlschemas/ActivityExtension/v2">
                <Watts>147</Watts>
              </TPX>
            </Extensions>
          </Trackpoint>
          <Trackpoint>
            <Time>2010-10-19T21:22:29Z</Time>
            <AltitudeMeters>0.0</AltitudeMeters>
            <HeartRateBpm>
              <Value>0</Value>
            </HeartRateBpm>
            <Cadence>87</Cadence>
            <DistanceMeters>12440.19000</DistanceMeters>
            <Extensions>
              <TPX xmlns="http://www.garmin.com/xmlschemas/ActivityExtension/v2">
                <Watts>154</Watts>
              </TPX>
            </Extensions>
          </Trackpoint>
          <Trackpoint>
            <Time>2010-10-19T21:22:32Z</Time>
            <AltitudeMeters>0.0</AltitudeMeters>
            <HeartRateBpm>
              <Value>0</Value>
            </HeartRateBpm>
            <Cadence>86</Cadence>
            <DistanceMeters>12456.29000</DistanceMeters>
            <Extensions>
              <TPX xmlns="http://www.garmin.com/xmlschemas/ActivityExtension/v2">
                <Watts>147</Watts>
              </TPX>
            </Extensions>
          </Trackpoint>
          <Trackpoint>
            <Time>2010-10-19T21:22:35Z</Time>
            <AltitudeMeters>0.0</AltitudeMeters>
            <HeartRateBpm>
              <Value>0</Value>
            </HeartRateBpm>
            <Cadence>85</Cadence>
            <DistanceMeters>12488.47000</DistanceMeters>
            <Extensions>
              <TPX xmlns="http://www.garmin.com/xmlschemas/ActivityExtension/v2">
                <Watts>148</Watts>
              </TPX>
            </Extensions>
          </Trackpoint>
          <Trackpoint>
            <Time>2010-10-19T21:22:38Z</Time>
            <AltitudeMeters>0.0</AltitudeMeters>
            <HeartRateBpm>
              <Value>0</Value>
            </HeartRateBpm>
            <Cadence>82</Cadence>
            <DistanceMeters>12504.57000</DistanceMeters>
            <Extensions>
              <TPX xmlns="http://www.garmin.com/xmlschemas/ActivityExtension/v2">
                <Watts>133</Watts>
              </TPX>
            </Extensions>
          </Trackpoint>
          <Trackpoint>
            <Time>2010-10-19T21:22:41Z</Time>
            <AltitudeMeters>0.0</AltitudeMeters>
            <HeartRateBpm>
              <Value>0</Value>
            </HeartRateBpm>
            <Cadence>89</Cadence>
            <DistanceMeters>12536.75000</DistanceMeters>
            <Extensions>
              <TPX xmlns="http://www.garmin.com/xmlschemas/ActivityExtension/v2">
                <Watts>156</Watts>
              </TPX>
            </Extensions>
          </Trackpoint>
          <Trackpoint>
            <Time>2010-10-19T21:22:44Z</Time>
            <AltitudeMeters>0.0</AltitudeMeters>
            <HeartRateBpm>
              <Value>0</Value>
            </HeartRateBpm>
            <Cadence>89</Cadence>
            <DistanceMeters>12552.85000</DistanceMeters>
            <Extensions>
              <TPX xmlns="http://www.garmin.com/xmlschemas/ActivityExtension/v2">
                <Watts>156</Watts>
              </TPX>
            </Extensions>
          </Trackpoint>
          <Trackpoint>
            <Time>2010-10-19T21:22:47Z</Time>
            <AltitudeMeters>0.0</AltitudeMeters>
            <HeartRateBpm>
              <Value>0</Value>
            </HeartRateBpm>
            <Cadence>87</Cadence>
            <DistanceMeters>12585.03000</DistanceMeters>
            <Extensions>
              <TPX xmlns="http://www.garmin.com/xmlschemas/ActivityExtension/v2">
                <Watts>156</Watts>
              </TPX>
            </Extensions>
          </Trackpoint>
          <Trackpoint>
            <Time>2010-10-19T21:22:50Z</Time>
            <AltitudeMeters>0.0</AltitudeMeters>
            <HeartRateBpm>
              <Value>0</Value>
            </HeartRateBpm>
            <Cadence>82</Cadence>
            <DistanceMeters>12601.13000</DistanceMeters>
            <Extensions>
              <TPX xmlns="http://www.garmin.com/xmlschemas/ActivityExtension/v2">
                <Watts>135</Watts>
              </TPX>
            </Extensions>
          </Trackpoint>
          <Trackpoint>
            <Time>2010-10-19T21:22:53Z</Time>
            <AltitudeMeters>0.0</AltitudeMeters>
            <HeartRateBpm>
              <Value>0</Value>
            </HeartRateBpm>
            <Cadence>90</Cadence>
            <DistanceMeters>12633.31000</DistanceMeters>
            <Extensions>
              <TPX xmlns="http://www.garmin.com/xmlschemas/ActivityExtension/v2">
                <Watts>135</Watts>
              </TPX>
            </Extensions>
          </Trackpoint>
          <Trackpoint>
            <Time>2010-10-19T21:22:56Z</Time>
            <AltitudeMeters>0.0</AltitudeMeters>
            <HeartRateBpm>
              <Value>0</Value>
            </HeartRateBpm>
            <Cadence>90</Cadence>
            <DistanceMeters>12649.41000</DistanceMeters>
            <Extensions>
              <TPX xmlns="http://www.garmin.com/xmlschemas/ActivityExtension/v2">
                <Watts>159</Watts>
              </TPX>
            </Extensions>
          </Trackpoint>
          <Trackpoint>
            <Time>2010-10-19T21:22:59Z</Time>
            <AltitudeMeters>0.0</AltitudeMeters>
            <HeartRateBpm>
              <Value>0</Value>
            </HeartRateBpm>
            <Cadence>91</Cadence>
            <DistanceMeters>12681.59000</DistanceMeters>
            <Extensions>
              <TPX xmlns="http://www.garmin.com/xmlschemas/ActivityExtension/v2">
                <Watts>159</Watts>
              </TPX>
            </Extensions>
          </Trackpoint>
          <Trackpoint>
            <Time>2010-10-19T21:23:02Z</Time>
            <AltitudeMeters>0.0</AltitudeMeters>
            <HeartRateBpm>
              <Value>0</Value>
            </HeartRateBpm>
            <Cadence>88</Cadence>
            <DistanceMeters>12697.69000</DistanceMeters>
            <Extensions>
              <TPX xmlns="http://www.garmin.com/xmlschemas/ActivityExtension/v2">
                <Watts>161</Watts>
              </TPX>
            </Extensions>
          </Trackpoint>
          <Trackpoint>
            <Time>2010-10-19T21:23:05Z</Time>
            <AltitudeMeters>0.0</AltitudeMeters>
            <HeartRateBpm>
              <Value>0</Value>
            </HeartRateBpm>
            <Cadence>88</Cadence>
            <DistanceMeters>12729.87000</DistanceMeters>
            <Extensions>
              <TPX xmlns="http://www.garmin.com/xmlschemas/ActivityExtension/v2">
                <Watts>153</Watts>
              </TPX>
            </Extensions>
          </Trackpoint>
          <Trackpoint>
            <Time>2010-10-19T21:23:08Z</Time>
            <AltitudeMeters>0.0</AltitudeMeters>
            <HeartRateBpm>
              <Value>0</Value>
            </HeartRateBpm>
            <Cadence>88</Cadence>
            <DistanceMeters>12745.97000</DistanceMeters>
            <Extensions>
              <TPX xmlns="http://www.garmin.com/xmlschemas/ActivityExtension/v2">
                <Watts>153</Watts>
              </TPX>
            </Extensions>
          </Trackpoint>
          <Trackpoint>
            <Time>2010-10-19T21:23:11Z</Time>
            <AltitudeMeters>0.0</AltitudeMeters>
            <HeartRateBpm>
              <Value>0</Value>
            </HeartRateBpm>
            <Cadence>88</Cadence>
            <DistanceMeters>12778.15000</DistanceMeters>
            <Extensions>
              <TPX xmlns="http://www.garmin.com/xmlschemas/ActivityExtension/v2">
                <Watts>159</Watts>
              </TPX>
            </Extensions>
          </Trackpoint>
          <Trackpoint>
            <Time>2010-10-19T21:23:14Z</Time>
            <AltitudeMeters>0.0</AltitudeMeters>
            <HeartRateBpm>
              <Value>0</Value>
            </HeartRateBpm>
            <Cadence>88</Cadence>
            <DistanceMeters>12794.25000</DistanceMeters>
            <Extensions>
              <TPX xmlns="http://www.garmin.com/xmlschemas/ActivityExtension/v2">
                <Watts>153</Watts>
              </TPX>
            </Extensions>
          </Trackpoint>
          <Trackpoint>
            <Time>2010-10-19T21:23:17Z</Time>
            <AltitudeMeters>0.0</AltitudeMeters>
            <HeartRateBpm>
              <Value>0</Value>
            </HeartRateBpm>
            <Cadence>88</Cadence>
            <DistanceMeters>12826.43000</DistanceMeters>
            <Extensions>
              <TPX xmlns="http://www.garmin.com/xmlschemas/ActivityExtension/v2">
                <Watts>154</Watts>
              </TPX>
            </Extensions>
          </Trackpoint>
          <Trackpoint>
            <Time>2010-10-19T21:23:20Z</Time>
            <AltitudeMeters>0.0</AltitudeMeters>
            <HeartRateBpm>
              <Value>0</Value>
            </HeartRateBpm>
            <Cadence>89</Cadence>
            <DistanceMeters>12858.62000</DistanceMeters>
            <Extensions>
              <TPX xmlns="http://www.garmin.com/xmlschemas/ActivityExtension/v2">
                <Watts>160</Watts>
              </TPX>
            </Extensions>
          </Trackpoint>
          <Trackpoint>
            <Time>2010-10-19T21:23:23Z</Time>
            <AltitudeMeters>0.0</AltitudeMeters>
            <HeartRateBpm>
              <Value>0</Value>
            </HeartRateBpm>
            <Cadence>89</Cadence>
            <DistanceMeters>12874.72000</DistanceMeters>
            <Extensions>
              <TPX xmlns="http://www.garmin.com/xmlschemas/ActivityExtension/v2">
                <Watts>154</Watts>
              </TPX>
            </Extensions>
          </Trackpoint>
          <Trackpoint>
            <Time>2010-10-19T21:23:26Z</Time>
            <AltitudeMeters>0.0</AltitudeMeters>
            <HeartRateBpm>
              <Value>0</Value>
            </HeartRateBpm>
            <Cadence>94</Cadence>
            <DistanceMeters>12906.90000</DistanceMeters>
            <Extensions>
              <TPX xmlns="http://www.garmin.com/xmlschemas/ActivityExtension/v2">
                <Watts>172</Watts>
              </TPX>
            </Extensions>
          </Trackpoint>
          <Trackpoint>
            <Time>2010-10-19T21:23:29Z</Time>
            <AltitudeMeters>0.0</AltitudeMeters>
            <HeartRateBpm>
              <Value>0</Value>
            </HeartRateBpm>
            <Cadence>94</Cadence>
            <DistanceMeters>12923.00000</DistanceMeters>
            <Extensions>
              <TPX xmlns="http://www.garmin.com/xmlschemas/ActivityExtension/v2">
                <Watts>171</Watts>
              </TPX>
            </Extensions>
          </Trackpoint>
          <Trackpoint>
            <Time>2010-10-19T21:23:32Z</Time>
            <AltitudeMeters>0.0</AltitudeMeters>
            <HeartRateBpm>
              <Value>0</Value>
            </HeartRateBpm>
            <Cadence>92</Cadence>
            <DistanceMeters>12955.18000</DistanceMeters>
            <Extensions>
              <TPX xmlns="http://www.garmin.com/xmlschemas/ActivityExtension/v2">
                <Watts>170</Watts>
              </TPX>
            </Extensions>
          </Trackpoint>
          <Trackpoint>
            <Time>2010-10-19T21:23:35Z</Time>
            <AltitudeMeters>0.0</AltitudeMeters>
            <HeartRateBpm>
              <Value>0</Value>
            </HeartRateBpm>
            <Cadence>94</Cadence>
            <DistanceMeters>12987.37000</DistanceMeters>
            <Extensions>
              <TPX xmlns="http://www.garmin.com/xmlschemas/ActivityExtension/v2">
                <Watts>170</Watts>
              </TPX>
            </Extensions>
          </Trackpoint>
          <Trackpoint>
            <Time>2010-10-19T21:23:38Z</Time>
            <AltitudeMeters>0.0</AltitudeMeters>
            <HeartRateBpm>
              <Value>0</Value>
            </HeartRateBpm>
            <Cadence>94</Cadence>
            <DistanceMeters>13003.46000</DistanceMeters>
            <Extensions>
              <TPX xmlns="http://www.garmin.com/xmlschemas/ActivityExtension/v2">
                <Watts>169</Watts>
              </TPX>
            </Extensions>
          </Trackpoint>
          <Trackpoint>
            <Time>2010-10-19T21:23:41Z</Time>
            <AltitudeMeters>0.0</AltitudeMeters>
            <HeartRateBpm>
              <Value>0</Value>
            </HeartRateBpm>
            <Cadence>95</Cadence>
            <DistanceMeters>13035.65000</DistanceMeters>
            <Extensions>
              <TPX xmlns="http://www.garmin.com/xmlschemas/ActivityExtension/v2">
                <Watts>171</Watts>
              </TPX>
            </Extensions>
          </Trackpoint>
          <Trackpoint>
            <Time>2010-10-19T21:23:44Z</Time>
            <AltitudeMeters>0.0</AltitudeMeters>
            <HeartRateBpm>
              <Value>0</Value>
            </HeartRateBpm>
            <Cadence>93</Cadence>
            <DistanceMeters>13067.84000</DistanceMeters>
            <Extensions>
              <TPX xmlns="http://www.garmin.com/xmlschemas/ActivityExtension/v2">
                <Watts>167</Watts>
              </TPX>
            </Extensions>
          </Trackpoint>
          <Trackpoint>
            <Time>2010-10-19T21:23:47Z</Time>
            <AltitudeMeters>0.0</AltitudeMeters>
            <HeartRateBpm>
              <Value>0</Value>
            </HeartRateBpm>
            <Cadence>90</Cadence>
            <DistanceMeters>13100.02000</DistanceMeters>
            <Extensions>
              <TPX xmlns="http://www.garmin.com/xmlschemas/ActivityExtension/v2">
                <Watts>158</Watts>
              </TPX>
            </Extensions>
          </Trackpoint>
          <Trackpoint>
            <Time>2010-10-19T21:23:50Z</Time>
            <AltitudeMeters>0.0</AltitudeMeters>
            <HeartRateBpm>
              <Value>0</Value>
            </HeartRateBpm>
            <Cadence>88</Cadence>
            <DistanceMeters>13116.12000</DistanceMeters>
            <Extensions>
              <TPX xmlns="http://www.garmin.com/xmlschemas/ActivityExtension/v2">
                <Watts>157</Watts>
              </TPX>
            </Extensions>
          </Trackpoint>
          <Trackpoint>
            <Time>2010-10-19T21:23:53Z</Time>
            <AltitudeMeters>0.0</AltitudeMeters>
            <HeartRateBpm>
              <Value>0</Value>
            </HeartRateBpm>
            <Cadence>90</Cadence>
            <DistanceMeters>13148.30000</DistanceMeters>
            <Extensions>
              <TPX xmlns="http://www.garmin.com/xmlschemas/ActivityExtension/v2">
                <Watts>152</Watts>
              </TPX>
            </Extensions>
          </Trackpoint>
          <Trackpoint>
            <Time>2010-10-19T21:23:56Z</Time>
            <AltitudeMeters>0.0</AltitudeMeters>
            <HeartRateBpm>
              <Value>0</Value>
            </HeartRateBpm>
            <Cadence>93</Cadence>
            <DistanceMeters>13164.40000</DistanceMeters>
            <Extensions>
              <TPX xmlns="http://www.garmin.com/xmlschemas/ActivityExtension/v2">
                <Watts>158</Watts>
              </TPX>
            </Extensions>
          </Trackpoint>
          <Trackpoint>
            <Time>2010-10-19T21:23:59Z</Time>
            <AltitudeMeters>0.0</AltitudeMeters>
            <HeartRateBpm>
              <Value>0</Value>
            </HeartRateBpm>
            <Cadence>95</Cadence>
            <DistanceMeters>13196.58000</DistanceMeters>
            <Extensions>
              <TPX xmlns="http://www.garmin.com/xmlschemas/ActivityExtension/v2">
                <Watts>185</Watts>
              </TPX>
            </Extensions>
          </Trackpoint>
          <Trackpoint>
            <Time>2010-10-19T21:24:02Z</Time>
            <AltitudeMeters>0.0</AltitudeMeters>
            <HeartRateBpm>
              <Value>0</Value>
            </HeartRateBpm>
            <Cadence>92</Cadence>
            <DistanceMeters>13228.77000</DistanceMeters>
            <Extensions>
              <TPX xmlns="http://www.garmin.com/xmlschemas/ActivityExtension/v2">
                <Watts>168</Watts>
              </TPX>
            </Extensions>
          </Trackpoint>
          <Trackpoint>
            <Time>2010-10-19T21:24:05Z</Time>
            <AltitudeMeters>0.0</AltitudeMeters>
            <HeartRateBpm>
              <Value>0</Value>
            </HeartRateBpm>
            <Cadence>100</Cadence>
            <DistanceMeters>13244.86000</DistanceMeters>
            <Extensions>
              <TPX xmlns="http://www.garmin.com/xmlschemas/ActivityExtension/v2">
                <Watts>185</Watts>
              </TPX>
            </Extensions>
          </Trackpoint>
          <Trackpoint>
            <Time>2010-10-19T21:24:08Z</Time>
            <AltitudeMeters>0.0</AltitudeMeters>
            <HeartRateBpm>
              <Value>0</Value>
            </HeartRateBpm>
            <Cadence>98</Cadence>
            <DistanceMeters>13277.05000</DistanceMeters>
            <Extensions>
              <TPX xmlns="http://www.garmin.com/xmlschemas/ActivityExtension/v2">
                <Watts>185</Watts>
              </TPX>
            </Extensions>
          </Trackpoint>
          <Trackpoint>
            <Time>2010-10-19T21:24:11Z</Time>
            <AltitudeMeters>0.0</AltitudeMeters>
            <HeartRateBpm>
              <Value>0</Value>
            </HeartRateBpm>
            <Cadence>97</Cadence>
            <DistanceMeters>13309.24000</DistanceMeters>
            <Extensions>
              <TPX xmlns="http://www.garmin.com/xmlschemas/ActivityExtension/v2">
                <Watts>180</Watts>
              </TPX>
            </Extensions>
          </Trackpoint>
          <Trackpoint>
            <Time>2010-10-19T21:24:14Z</Time>
            <AltitudeMeters>0.0</AltitudeMeters>
            <HeartRateBpm>
              <Value>0</Value>
            </HeartRateBpm>
            <Cadence>94</Cadence>
            <DistanceMeters>13341.42000</DistanceMeters>
            <Extensions>
              <TPX xmlns="http://www.garmin.com/xmlschemas/ActivityExtension/v2">
                <Watts>170</Watts>
              </TPX>
            </Extensions>
          </Trackpoint>
          <Trackpoint>
            <Time>2010-10-19T21:24:17Z</Time>
            <AltitudeMeters>0.0</AltitudeMeters>
            <HeartRateBpm>
              <Value>0</Value>
            </HeartRateBpm>
            <Cadence>95</Cadence>
            <DistanceMeters>13373.61000</DistanceMeters>
            <Extensions>
              <TPX xmlns="http://www.garmin.com/xmlschemas/ActivityExtension/v2">
                <Watts>177</Watts>
              </TPX>
            </Extensions>
          </Trackpoint>
          <Trackpoint>
            <Time>2010-10-19T21:24:20Z</Time>
            <AltitudeMeters>0.0</AltitudeMeters>
            <HeartRateBpm>
              <Value>0</Value>
            </HeartRateBpm>
            <Cadence>97</Cadence>
            <DistanceMeters>13389.70000</DistanceMeters>
            <Extensions>
              <TPX xmlns="http://www.garmin.com/xmlschemas/ActivityExtension/v2">
                <Watts>174</Watts>
              </TPX>
            </Extensions>
          </Trackpoint>
          <Trackpoint>
            <Time>2010-10-19T21:24:23Z</Time>
            <AltitudeMeters>0.0</AltitudeMeters>
            <HeartRateBpm>
              <Value>0</Value>
            </HeartRateBpm>
            <Cadence>95</Cadence>
            <DistanceMeters>13421.89000</DistanceMeters>
            <Extensions>
              <TPX xmlns="http://www.garmin.com/xmlschemas/ActivityExtension/v2">
                <Watts>172</Watts>
              </TPX>
            </Extensions>
          </Trackpoint>
          <Trackpoint>
            <Time>2010-10-19T21:24:26Z</Time>
            <AltitudeMeters>0.0</AltitudeMeters>
            <HeartRateBpm>
              <Value>0</Value>
            </HeartRateBpm>
            <Cadence>93</Cadence>
            <DistanceMeters>13454.08000</DistanceMeters>
            <Extensions>
              <TPX xmlns="http://www.garmin.com/xmlschemas/ActivityExtension/v2">
                <Watts>166</Watts>
              </TPX>
            </Extensions>
          </Trackpoint>
          <Trackpoint>
            <Time>2010-10-19T21:24:29Z</Time>
            <AltitudeMeters>0.0</AltitudeMeters>
            <HeartRateBpm>
              <Value>0</Value>
            </HeartRateBpm>
            <Cadence>92</Cadence>
            <DistanceMeters>13486.26000</DistanceMeters>
            <Extensions>
              <TPX xmlns="http://www.garmin.com/xmlschemas/ActivityExtension/v2">
                <Watts>166</Watts>
              </TPX>
            </Extensions>
          </Trackpoint>
          <Trackpoint>
            <Time>2010-10-19T21:24:32Z</Time>
            <AltitudeMeters>0.0</AltitudeMeters>
            <HeartRateBpm>
              <Value>0</Value>
            </HeartRateBpm>
            <Cadence>94</Cadence>
            <DistanceMeters>13502.36000</DistanceMeters>
            <Extensions>
              <TPX xmlns="http://www.garmin.com/xmlschemas/ActivityExtension/v2">
                <Watts>165</Watts>
              </TPX>
            </Extensions>
          </Trackpoint>
          <Trackpoint>
            <Time>2010-10-19T21:24:35Z</Time>
            <AltitudeMeters>0.0</AltitudeMeters>
            <HeartRateBpm>
              <Value>0</Value>
            </HeartRateBpm>
            <Cadence>93</Cadence>
            <DistanceMeters>13534.54000</DistanceMeters>
            <Extensions>
              <TPX xmlns="http://www.garmin.com/xmlschemas/ActivityExtension/v2">
                <Watts>168</Watts>
              </TPX>
            </Extensions>
          </Trackpoint>
          <Trackpoint>
            <Time>2010-10-19T21:24:38Z</Time>
            <AltitudeMeters>0.0</AltitudeMeters>
            <HeartRateBpm>
              <Value>0</Value>
            </HeartRateBpm>
            <Cadence>96</Cadence>
            <DistanceMeters>13566.73000</DistanceMeters>
            <Extensions>
              <TPX xmlns="http://www.garmin.com/xmlschemas/ActivityExtension/v2">
                <Watts>175</Watts>
              </TPX>
            </Extensions>
          </Trackpoint>
          <Trackpoint>
            <Time>2010-10-19T21:24:41Z</Time>
            <AltitudeMeters>0.0</AltitudeMeters>
            <HeartRateBpm>
              <Value>0</Value>
            </HeartRateBpm>
            <Cadence>95</Cadence>
            <DistanceMeters>13582.82000</DistanceMeters>
            <Extensions>
              <TPX xmlns="http://www.garmin.com/xmlschemas/ActivityExtension/v2">
                <Watts>173</Watts>
              </TPX>
            </Extensions>
          </Trackpoint>
          <Trackpoint>
            <Time>2010-10-19T21:24:44Z</Time>
            <AltitudeMeters>0.0</AltitudeMeters>
            <HeartRateBpm>
              <Value>0</Value>
            </HeartRateBpm>
            <Cadence>94</Cadence>
            <DistanceMeters>13615.01000</DistanceMeters>
            <Extensions>
              <TPX xmlns="http://www.garmin.com/xmlschemas/ActivityExtension/v2">
                <Watts>172</Watts>
              </TPX>
            </Extensions>
          </Trackpoint>
          <Trackpoint>
            <Time>2010-10-19T21:24:47Z</Time>
            <AltitudeMeters>0.0</AltitudeMeters>
            <HeartRateBpm>
              <Value>0</Value>
            </HeartRateBpm>
            <Cadence>91</Cadence>
            <DistanceMeters>13647.20000</DistanceMeters>
            <Extensions>
              <TPX xmlns="http://www.garmin.com/xmlschemas/ActivityExtension/v2">
                <Watts>162</Watts>
              </TPX>
            </Extensions>
          </Trackpoint>
          <Trackpoint>
            <Time>2010-10-19T21:24:50Z</Time>
            <AltitudeMeters>0.0</AltitudeMeters>
            <HeartRateBpm>
              <Value>0</Value>
            </HeartRateBpm>
            <Cadence>89</Cadence>
            <DistanceMeters>13663.29000</DistanceMeters>
            <Extensions>
              <TPX xmlns="http://www.garmin.com/xmlschemas/ActivityExtension/v2">
                <Watts>147</Watts>
              </TPX>
            </Extensions>
          </Trackpoint>
          <Trackpoint>
            <Time>2010-10-19T21:24:53Z</Time>
            <AltitudeMeters>0.0</AltitudeMeters>
            <HeartRateBpm>
              <Value>0</Value>
            </HeartRateBpm>
            <Cadence>90</Cadence>
            <DistanceMeters>13695.48000</DistanceMeters>
            <Extensions>
              <TPX xmlns="http://www.garmin.com/xmlschemas/ActivityExtension/v2">
                <Watts>141</Watts>
              </TPX>
            </Extensions>
          </Trackpoint>
          <Trackpoint>
            <Time>2010-10-19T21:24:56Z</Time>
            <AltitudeMeters>0.0</AltitudeMeters>
            <HeartRateBpm>
              <Value>0</Value>
            </HeartRateBpm>
            <Cadence>89</Cadence>
            <DistanceMeters>13711.57000</DistanceMeters>
            <Extensions>
              <TPX xmlns="http://www.garmin.com/xmlschemas/ActivityExtension/v2">
                <Watts>142</Watts>
              </TPX>
            </Extensions>
          </Trackpoint>
          <Trackpoint>
            <Time>2010-10-19T21:24:59Z</Time>
            <AltitudeMeters>0.0</AltitudeMeters>
            <HeartRateBpm>
              <Value>0</Value>
            </HeartRateBpm>
            <Cadence>80</Cadence>
            <DistanceMeters>13743.76000</DistanceMeters>
            <Extensions>
              <TPX xmlns="http://www.garmin.com/xmlschemas/ActivityExtension/v2">
                <Watts>137</Watts>
              </TPX>
            </Extensions>
          </Trackpoint>
          <Trackpoint>
            <Time>2010-10-19T21:25:02Z</Time>
            <AltitudeMeters>0.0</AltitudeMeters>
            <HeartRateBpm>
              <Value>0</Value>
            </HeartRateBpm>
            <Cadence>87</Cadence>
            <DistanceMeters>13759.85000</DistanceMeters>
            <Extensions>
              <TPX xmlns="http://www.garmin.com/xmlschemas/ActivityExtension/v2">
                <Watts>126</Watts>
              </TPX>
            </Extensions>
          </Trackpoint>
          <Trackpoint>
            <Time>2010-10-19T21:25:05Z</Time>
            <AltitudeMeters>0.0</AltitudeMeters>
            <HeartRateBpm>
              <Value>0</Value>
            </HeartRateBpm>
            <Cadence>86</Cadence>
            <DistanceMeters>13792.04000</DistanceMeters>
            <Extensions>
              <TPX xmlns="http://www.garmin.com/xmlschemas/ActivityExtension/v2">
                <Watts>135</Watts>
              </TPX>
            </Extensions>
          </Trackpoint>
          <Trackpoint>
            <Time>2010-10-19T21:25:08Z</Time>
            <AltitudeMeters>0.0</AltitudeMeters>
            <HeartRateBpm>
              <Value>0</Value>
            </HeartRateBpm>
            <Cadence>84</Cadence>
            <DistanceMeters>13808.13000</DistanceMeters>
            <Extensions>
              <TPX xmlns="http://www.garmin.com/xmlschemas/ActivityExtension/v2">
                <Watts>133</Watts>
              </TPX>
            </Extensions>
          </Trackpoint>
          <Trackpoint>
            <Time>2010-10-19T21:25:11Z</Time>
            <AltitudeMeters>0.0</AltitudeMeters>
            <HeartRateBpm>
              <Value>0</Value>
            </HeartRateBpm>
            <Cadence>84</Cadence>
            <DistanceMeters>13824.23000</DistanceMeters>
            <Extensions>
              <TPX xmlns="http://www.garmin.com/xmlschemas/ActivityExtension/v2">
                <Watts>128</Watts>
              </TPX>
            </Extensions>
          </Trackpoint>
          <Trackpoint>
            <Time>2010-10-19T21:25:14Z</Time>
            <AltitudeMeters>0.0</AltitudeMeters>
            <HeartRateBpm>
              <Value>0</Value>
            </HeartRateBpm>
            <Cadence>86</Cadence>
            <DistanceMeters>13856.41000</DistanceMeters>
            <Extensions>
              <TPX xmlns="http://www.garmin.com/xmlschemas/ActivityExtension/v2">
                <Watts>128</Watts>
              </TPX>
            </Extensions>
          </Trackpoint>
          <Trackpoint>
            <Time>2010-10-19T21:25:17Z</Time>
            <AltitudeMeters>0.0</AltitudeMeters>
            <HeartRateBpm>
              <Value>0</Value>
            </HeartRateBpm>
            <Cadence>89</Cadence>
            <DistanceMeters>13872.51000</DistanceMeters>
            <Extensions>
              <TPX xmlns="http://www.garmin.com/xmlschemas/ActivityExtension/v2">
                <Watts>138</Watts>
              </TPX>
            </Extensions>
          </Trackpoint>
          <Trackpoint>
            <Time>2010-10-19T21:25:20Z</Time>
            <AltitudeMeters>0.0</AltitudeMeters>
            <HeartRateBpm>
              <Value>0</Value>
            </HeartRateBpm>
            <Cadence>86</Cadence>
            <DistanceMeters>13888.60000</DistanceMeters>
            <Extensions>
              <TPX xmlns="http://www.garmin.com/xmlschemas/ActivityExtension/v2">
                <Watts>133</Watts>
              </TPX>
            </Extensions>
          </Trackpoint>
          <Trackpoint>
            <Time>2010-10-19T21:25:23Z</Time>
            <AltitudeMeters>0.0</AltitudeMeters>
            <HeartRateBpm>
              <Value>0</Value>
            </HeartRateBpm>
            <Cadence>85</Cadence>
            <DistanceMeters>13920.79000</DistanceMeters>
            <Extensions>
              <TPX xmlns="http://www.garmin.com/xmlschemas/ActivityExtension/v2">
                <Watts>134</Watts>
              </TPX>
            </Extensions>
          </Trackpoint>
          <Trackpoint>
            <Time>2010-10-19T21:25:26Z</Time>
            <AltitudeMeters>0.0</AltitudeMeters>
            <HeartRateBpm>
              <Value>0</Value>
            </HeartRateBpm>
            <Cadence>87</Cadence>
            <DistanceMeters>13936.88000</DistanceMeters>
            <Extensions>
              <TPX xmlns="http://www.garmin.com/xmlschemas/ActivityExtension/v2">
                <Watts>131</Watts>
              </TPX>
            </Extensions>
          </Trackpoint>
          <Trackpoint>
            <Time>2010-10-19T21:25:29Z</Time>
            <AltitudeMeters>0.0</AltitudeMeters>
            <HeartRateBpm>
              <Value>0</Value>
            </HeartRateBpm>
            <Cadence>87</Cadence>
            <DistanceMeters>13952.97000</DistanceMeters>
            <Extensions>
              <TPX xmlns="http://www.garmin.com/xmlschemas/ActivityExtension/v2">
                <Watts>135</Watts>
              </TPX>
            </Extensions>
          </Trackpoint>
          <Trackpoint>
            <Time>2010-10-19T21:25:32Z</Time>
            <AltitudeMeters>0.0</AltitudeMeters>
            <HeartRateBpm>
              <Value>0</Value>
            </HeartRateBpm>
            <Cadence>90</Cadence>
            <DistanceMeters>13985.16000</DistanceMeters>
            <Extensions>
              <TPX xmlns="http://www.garmin.com/xmlschemas/ActivityExtension/v2">
                <Watts>141</Watts>
              </TPX>
            </Extensions>
          </Trackpoint>
          <Trackpoint>
            <Time>2010-10-19T21:25:35Z</Time>
            <AltitudeMeters>0.0</AltitudeMeters>
            <HeartRateBpm>
              <Value>0</Value>
            </HeartRateBpm>
            <Cadence>87</Cadence>
            <DistanceMeters>14001.25000</DistanceMeters>
            <Extensions>
              <TPX xmlns="http://www.garmin.com/xmlschemas/ActivityExtension/v2">
                <Watts>137</Watts>
              </TPX>
            </Extensions>
          </Trackpoint>
          <Trackpoint>
            <Time>2010-10-19T21:25:38Z</Time>
            <AltitudeMeters>0.0</AltitudeMeters>
            <HeartRateBpm>
              <Value>0</Value>
            </HeartRateBpm>
            <Cadence>83</Cadence>
            <DistanceMeters>14017.35000</DistanceMeters>
            <Extensions>
              <TPX xmlns="http://www.garmin.com/xmlschemas/ActivityExtension/v2">
                <Watts>128</Watts>
              </TPX>
            </Extensions>
          </Trackpoint>
          <Trackpoint>
            <Time>2010-10-19T21:25:41Z</Time>
            <AltitudeMeters>0.0</AltitudeMeters>
            <HeartRateBpm>
              <Value>0</Value>
            </HeartRateBpm>
            <Cadence>90</Cadence>
            <DistanceMeters>14049.53000</DistanceMeters>
            <Extensions>
              <TPX xmlns="http://www.garmin.com/xmlschemas/ActivityExtension/v2">
                <Watts>141</Watts>
              </TPX>
            </Extensions>
          </Trackpoint>
          <Trackpoint>
            <Time>2010-10-19T21:25:44Z</Time>
            <AltitudeMeters>0.0</AltitudeMeters>
            <HeartRateBpm>
              <Value>0</Value>
            </HeartRateBpm>
            <Cadence>91</Cadence>
            <DistanceMeters>14065.63000</DistanceMeters>
            <Extensions>
              <TPX xmlns="http://www.garmin.com/xmlschemas/ActivityExtension/v2">
                <Watts>142</Watts>
              </TPX>
            </Extensions>
          </Trackpoint>
          <Trackpoint>
            <Time>2010-10-19T21:25:47Z</Time>
            <AltitudeMeters>0.0</AltitudeMeters>
            <HeartRateBpm>
              <Value>0</Value>
            </HeartRateBpm>
            <Cadence>91</Cadence>
            <DistanceMeters>14081.72000</DistanceMeters>
            <Extensions>
              <TPX xmlns="http://www.garmin.com/xmlschemas/ActivityExtension/v2">
                <Watts>145</Watts>
              </TPX>
            </Extensions>
          </Trackpoint>
          <Trackpoint>
            <Time>2010-10-19T21:25:50Z</Time>
            <AltitudeMeters>0.0</AltitudeMeters>
            <HeartRateBpm>
              <Value>0</Value>
            </HeartRateBpm>
            <Cadence>86</Cadence>
            <DistanceMeters>14113.91000</DistanceMeters>
            <Extensions>
              <TPX xmlns="http://www.garmin.com/xmlschemas/ActivityExtension/v2">
                <Watts>136</Watts>
              </TPX>
            </Extensions>
          </Trackpoint>
          <Trackpoint>
            <Time>2010-10-19T21:25:53Z</Time>
            <AltitudeMeters>0.0</AltitudeMeters>
            <HeartRateBpm>
              <Value>0</Value>
            </HeartRateBpm>
            <Cadence>84</Cadence>
            <DistanceMeters>14130.00000</DistanceMeters>
            <Extensions>
              <TPX xmlns="http://www.garmin.com/xmlschemas/ActivityExtension/v2">
                <Watts>131</Watts>
              </TPX>
            </Extensions>
          </Trackpoint>
          <Trackpoint>
            <Time>2010-10-19T21:25:56Z</Time>
            <AltitudeMeters>0.0</AltitudeMeters>
            <HeartRateBpm>
              <Value>0</Value>
            </HeartRateBpm>
            <Cadence>94</Cadence>
            <DistanceMeters>14162.19000</DistanceMeters>
            <Extensions>
              <TPX xmlns="http://www.garmin.com/xmlschemas/ActivityExtension/v2">
                <Watts>139</Watts>
              </TPX>
            </Extensions>
          </Trackpoint>
          <Trackpoint>
            <Time>2010-10-19T21:25:59Z</Time>
            <AltitudeMeters>0.0</AltitudeMeters>
            <HeartRateBpm>
              <Value>0</Value>
            </HeartRateBpm>
            <Cadence>93</Cadence>
            <DistanceMeters>14178.28000</DistanceMeters>
            <Extensions>
              <TPX xmlns="http://www.garmin.com/xmlschemas/ActivityExtension/v2">
                <Watts>152</Watts>
              </TPX>
            </Extensions>
          </Trackpoint>
          <Trackpoint>
            <Time>2010-10-19T21:26:02Z</Time>
            <AltitudeMeters>0.0</AltitudeMeters>
            <HeartRateBpm>
              <Value>0</Value>
            </HeartRateBpm>
            <Cadence>93</Cadence>
            <DistanceMeters>14194.37000</DistanceMeters>
            <Extensions>
              <TPX xmlns="http://www.garmin.com/xmlschemas/ActivityExtension/v2">
                <Watts>151</Watts>
              </TPX>
            </Extensions>
          </Trackpoint>
          <Trackpoint>
            <Time>2010-10-19T21:26:05Z</Time>
            <AltitudeMeters>0.0</AltitudeMeters>
            <HeartRateBpm>
              <Value>0</Value>
            </HeartRateBpm>
            <Cadence>92</Cadence>
            <DistanceMeters>14226.56000</DistanceMeters>
            <Extensions>
              <TPX xmlns="http://www.garmin.com/xmlschemas/ActivityExtension/v2">
                <Watts>149</Watts>
              </TPX>
            </Extensions>
          </Trackpoint>
          <Trackpoint>
            <Time>2010-10-19T21:26:08Z</Time>
            <AltitudeMeters>0.0</AltitudeMeters>
            <HeartRateBpm>
              <Value>0</Value>
            </HeartRateBpm>
            <Cadence>91</Cadence>
            <DistanceMeters>14242.65000</DistanceMeters>
            <Extensions>
              <TPX xmlns="http://www.garmin.com/xmlschemas/ActivityExtension/v2">
                <Watts>148</Watts>
              </TPX>
            </Extensions>
          </Trackpoint>
          <Trackpoint>
            <Time>2010-10-19T21:26:11Z</Time>
            <AltitudeMeters>0.0</AltitudeMeters>
            <HeartRateBpm>
              <Value>0</Value>
            </HeartRateBpm>
            <Cadence>90</Cadence>
            <DistanceMeters>14274.84000</DistanceMeters>
            <Extensions>
              <TPX xmlns="http://www.garmin.com/xmlschemas/ActivityExtension/v2">
                <Watts>145</Watts>
              </TPX>
            </Extensions>
          </Trackpoint>
          <Trackpoint>
            <Time>2010-10-19T21:26:14Z</Time>
            <AltitudeMeters>0.0</AltitudeMeters>
            <HeartRateBpm>
              <Value>0</Value>
            </HeartRateBpm>
            <Cadence>91</Cadence>
            <DistanceMeters>14290.93000</DistanceMeters>
            <Extensions>
              <TPX xmlns="http://www.garmin.com/xmlschemas/ActivityExtension/v2">
                <Watts>140</Watts>
              </TPX>
            </Extensions>
          </Trackpoint>
          <Trackpoint>
            <Time>2010-10-19T21:26:17Z</Time>
            <AltitudeMeters>0.0</AltitudeMeters>
            <HeartRateBpm>
              <Value>0</Value>
            </HeartRateBpm>
            <Cadence>88</Cadence>
            <DistanceMeters>14323.12000</DistanceMeters>
            <Extensions>
              <TPX xmlns="http://www.garmin.com/xmlschemas/ActivityExtension/v2">
                <Watts>140</Watts>
              </TPX>
            </Extensions>
          </Trackpoint>
          <Trackpoint>
            <Time>2010-10-19T21:26:20Z</Time>
            <AltitudeMeters>0.0</AltitudeMeters>
            <HeartRateBpm>
              <Value>0</Value>
            </HeartRateBpm>
            <Cadence>103</Cadence>
            <DistanceMeters>14339.21000</DistanceMeters>
            <Extensions>
              <TPX xmlns="http://www.garmin.com/xmlschemas/ActivityExtension/v2">
                <Watts>186</Watts>
              </TPX>
            </Extensions>
          </Trackpoint>
          <Trackpoint>
            <Time>2010-10-19T21:26:23Z</Time>
            <AltitudeMeters>0.0</AltitudeMeters>
            <HeartRateBpm>
              <Value>0</Value>
            </HeartRateBpm>
            <Cadence>100</Cadence>
            <DistanceMeters>14371.40000</DistanceMeters>
            <Extensions>
              <TPX xmlns="http://www.garmin.com/xmlschemas/ActivityExtension/v2">
                <Watts>229</Watts>
              </TPX>
            </Extensions>
          </Trackpoint>
          <Trackpoint>
            <Time>2010-10-19T21:26:26Z</Time>
            <AltitudeMeters>0.0</AltitudeMeters>
            <HeartRateBpm>
              <Value>0</Value>
            </HeartRateBpm>
            <Cadence>97</Cadence>
            <DistanceMeters>14403.59000</DistanceMeters>
            <Extensions>
              <TPX xmlns="http://www.garmin.com/xmlschemas/ActivityExtension/v2">
                <Watts>219</Watts>
              </TPX>
            </Extensions>
          </Trackpoint>
          <Trackpoint>
            <Time>2010-10-19T21:26:29Z</Time>
            <AltitudeMeters>0.0</AltitudeMeters>
            <HeartRateBpm>
              <Value>0</Value>
            </HeartRateBpm>
            <Cadence>94</Cadence>
            <DistanceMeters>14435.77000</DistanceMeters>
            <Extensions>
              <TPX xmlns="http://www.garmin.com/xmlschemas/ActivityExtension/v2">
                <Watts>200</Watts>
              </TPX>
            </Extensions>
          </Trackpoint>
          <Trackpoint>
            <Time>2010-10-19T21:26:32Z</Time>
            <AltitudeMeters>0.0</AltitudeMeters>
            <HeartRateBpm>
              <Value>0</Value>
            </HeartRateBpm>
            <Cadence>95</Cadence>
            <DistanceMeters>14467.96000</DistanceMeters>
            <Extensions>
              <TPX xmlns="http://www.garmin.com/xmlschemas/ActivityExtension/v2">
                <Watts>207</Watts>
              </TPX>
            </Extensions>
          </Trackpoint>
          <Trackpoint>
            <Time>2010-10-19T21:26:35Z</Time>
            <AltitudeMeters>0.0</AltitudeMeters>
            <HeartRateBpm>
              <Value>0</Value>
            </HeartRateBpm>
            <Cadence>95</Cadence>
            <DistanceMeters>14500.15000</DistanceMeters>
            <Extensions>
              <TPX xmlns="http://www.garmin.com/xmlschemas/ActivityExtension/v2">
                <Watts>201</Watts>
              </TPX>
            </Extensions>
          </Trackpoint>
          <Trackpoint>
            <Time>2010-10-19T21:26:38Z</Time>
            <AltitudeMeters>0.0</AltitudeMeters>
            <HeartRateBpm>
              <Value>0</Value>
            </HeartRateBpm>
            <Cadence>96</Cadence>
            <DistanceMeters>14532.34000</DistanceMeters>
            <Extensions>
              <TPX xmlns="http://www.garmin.com/xmlschemas/ActivityExtension/v2">
                <Watts>201</Watts>
              </TPX>
            </Extensions>
          </Trackpoint>
          <Trackpoint>
            <Time>2010-10-19T21:26:41Z</Time>
            <AltitudeMeters>0.0</AltitudeMeters>
            <HeartRateBpm>
              <Value>0</Value>
            </HeartRateBpm>
            <Cadence>96</Cadence>
            <DistanceMeters>14564.52000</DistanceMeters>
            <Extensions>
              <TPX xmlns="http://www.garmin.com/xmlschemas/ActivityExtension/v2">
                <Watts>201</Watts>
              </TPX>
            </Extensions>
          </Trackpoint>
          <Trackpoint>
            <Time>2010-10-19T21:26:44Z</Time>
            <AltitudeMeters>0.0</AltitudeMeters>
            <HeartRateBpm>
              <Value>0</Value>
            </HeartRateBpm>
            <Cadence>95</Cadence>
            <DistanceMeters>14596.71000</DistanceMeters>
            <Extensions>
              <TPX xmlns="http://www.garmin.com/xmlschemas/ActivityExtension/v2">
                <Watts>196</Watts>
              </TPX>
            </Extensions>
          </Trackpoint>
          <Trackpoint>
            <Time>2010-10-19T21:26:47Z</Time>
            <AltitudeMeters>0.0</AltitudeMeters>
            <HeartRateBpm>
              <Value>0</Value>
            </HeartRateBpm>
            <Cadence>94</Cadence>
            <DistanceMeters>14628.90000</DistanceMeters>
            <Extensions>
              <TPX xmlns="http://www.garmin.com/xmlschemas/ActivityExtension/v2">
                <Watts>196</Watts>
              </TPX>
            </Extensions>
          </Trackpoint>
          <Trackpoint>
            <Time>2010-10-19T21:26:50Z</Time>
            <AltitudeMeters>0.0</AltitudeMeters>
            <HeartRateBpm>
              <Value>0</Value>
            </HeartRateBpm>
            <Cadence>89</Cadence>
            <DistanceMeters>14661.08000</DistanceMeters>
            <Extensions>
              <TPX xmlns="http://www.garmin.com/xmlschemas/ActivityExtension/v2">
                <Watts>208</Watts>
              </TPX>
            </Extensions>
          </Trackpoint>
          <Trackpoint>
            <Time>2010-10-19T21:26:53Z</Time>
            <AltitudeMeters>0.0</AltitudeMeters>
            <HeartRateBpm>
              <Value>0</Value>
            </HeartRateBpm>
            <Cadence>102</Cadence>
            <DistanceMeters>14693.27000</DistanceMeters>
            <Extensions>
              <TPX xmlns="http://www.garmin.com/xmlschemas/ActivityExtension/v2">
                <Watts>224</Watts>
              </TPX>
            </Extensions>
          </Trackpoint>
          <Trackpoint>
            <Time>2010-10-19T21:26:56Z</Time>
            <AltitudeMeters>0.0</AltitudeMeters>
            <HeartRateBpm>
              <Value>0</Value>
            </HeartRateBpm>
            <Cadence>101</Cadence>
            <DistanceMeters>14725.46000</DistanceMeters>
            <Extensions>
              <TPX xmlns="http://www.garmin.com/xmlschemas/ActivityExtension/v2">
                <Watts>222</Watts>
              </TPX>
            </Extensions>
          </Trackpoint>
          <Trackpoint>
            <Time>2010-10-19T21:26:59Z</Time>
            <AltitudeMeters>0.0</AltitudeMeters>
            <HeartRateBpm>
              <Value>0</Value>
            </HeartRateBpm>
            <Cadence>99</Cadence>
            <DistanceMeters>14773.74000</DistanceMeters>
            <Extensions>
              <TPX xmlns="http://www.garmin.com/xmlschemas/ActivityExtension/v2">
                <Watts>212</Watts>
              </TPX>
            </Extensions>
          </Trackpoint>
          <Trackpoint>
            <Time>2010-10-19T21:27:02Z</Time>
            <AltitudeMeters>0.0</AltitudeMeters>
            <HeartRateBpm>
              <Value>0</Value>
            </HeartRateBpm>
            <Cadence>97</Cadence>
            <DistanceMeters>14805.92000</DistanceMeters>
            <Extensions>
              <TPX xmlns="http://www.garmin.com/xmlschemas/ActivityExtension/v2">
                <Watts>213</Watts>
              </TPX>
            </Extensions>
          </Trackpoint>
          <Trackpoint>
            <Time>2010-10-19T21:27:05Z</Time>
            <AltitudeMeters>0.0</AltitudeMeters>
            <HeartRateBpm>
              <Value>0</Value>
            </HeartRateBpm>
            <Cadence>97</Cadence>
            <DistanceMeters>14838.11000</DistanceMeters>
            <Extensions>
              <TPX xmlns="http://www.garmin.com/xmlschemas/ActivityExtension/v2">
                <Watts>220</Watts>
              </TPX>
            </Extensions>
          </Trackpoint>
          <Trackpoint>
            <Time>2010-10-19T21:27:08Z</Time>
            <AltitudeMeters>0.0</AltitudeMeters>
            <HeartRateBpm>
              <Value>0</Value>
            </HeartRateBpm>
            <Cadence>49</Cadence>
            <DistanceMeters>14870.30000</DistanceMeters>
            <Extensions>
              <TPX xmlns="http://www.garmin.com/xmlschemas/ActivityExtension/v2">
                <Watts>919</Watts>
              </TPX>
            </Extensions>
          </Trackpoint>
          <Trackpoint>
            <Time>2010-10-19T21:27:11Z</Time>
            <AltitudeMeters>0.0</AltitudeMeters>
            <HeartRateBpm>
              <Value>0</Value>
            </HeartRateBpm>
            <Cadence>16</Cadence>
            <DistanceMeters>14950.76000</DistanceMeters>
            <Extensions>
              <TPX xmlns="http://www.garmin.com/xmlschemas/ActivityExtension/v2">
                <Watts>36</Watts>
              </TPX>
            </Extensions>
          </Trackpoint>
          <Trackpoint>
            <Time>2010-10-19T21:27:14Z</Time>
            <AltitudeMeters>0.0</AltitudeMeters>
            <HeartRateBpm>
              <Value>0</Value>
            </HeartRateBpm>
            <Cadence>20</Cadence>
            <DistanceMeters>15015.14000</DistanceMeters>
            <Extensions>
              <TPX xmlns="http://www.garmin.com/xmlschemas/ActivityExtension/v2">
                <Watts>7</Watts>
              </TPX>
            </Extensions>
          </Trackpoint>
          <Trackpoint>
            <Time>2010-10-19T21:27:17Z</Time>
            <AltitudeMeters>0.0</AltitudeMeters>
            <HeartRateBpm>
              <Value>0</Value>
            </HeartRateBpm>
            <Cadence>103</Cadence>
            <DistanceMeters>15015.14000</DistanceMeters>
            <Extensions>
              <TPX xmlns="http://www.garmin.com/xmlschemas/ActivityExtension/v2">
                <Watts>202</Watts>
              </TPX>
            </Extensions>
          </Trackpoint>
          <Trackpoint>
            <Time>2010-10-19T21:27:20Z</Time>
            <AltitudeMeters>0.0</AltitudeMeters>
            <HeartRateBpm>
              <Value>0</Value>
            </HeartRateBpm>
            <Cadence>99</Cadence>
            <DistanceMeters>15031.23000</DistanceMeters>
            <Extensions>
              <TPX xmlns="http://www.garmin.com/xmlschemas/ActivityExtension/v2">
                <Watts>231</Watts>
              </TPX>
            </Extensions>
          </Trackpoint>
          <Trackpoint>
            <Time>2010-10-19T21:27:23Z</Time>
            <AltitudeMeters>0.0</AltitudeMeters>
            <HeartRateBpm>
              <Value>0</Value>
            </HeartRateBpm>
            <Cadence>98</Cadence>
            <DistanceMeters>15063.42000</DistanceMeters>
            <Extensions>
              <TPX xmlns="http://www.garmin.com/xmlschemas/ActivityExtension/v2">
                <Watts>212</Watts>
              </TPX>
            </Extensions>
          </Trackpoint>
          <Trackpoint>
            <Time>2010-10-19T21:27:26Z</Time>
            <AltitudeMeters>0.0</AltitudeMeters>
            <HeartRateBpm>
              <Value>0</Value>
            </HeartRateBpm>
            <Cadence>96</Cadence>
            <DistanceMeters>15095.60000</DistanceMeters>
            <Extensions>
              <TPX xmlns="http://www.garmin.com/xmlschemas/ActivityExtension/v2">
                <Watts>208</Watts>
              </TPX>
            </Extensions>
          </Trackpoint>
          <Trackpoint>
            <Time>2010-10-19T21:27:29Z</Time>
            <AltitudeMeters>0.0</AltitudeMeters>
            <HeartRateBpm>
              <Value>0</Value>
            </HeartRateBpm>
            <Cadence>97</Cadence>
            <DistanceMeters>15127.79000</DistanceMeters>
            <Extensions>
              <TPX xmlns="http://www.garmin.com/xmlschemas/ActivityExtension/v2">
                <Watts>208</Watts>
              </TPX>
            </Extensions>
          </Trackpoint>
          <Trackpoint>
            <Time>2010-10-19T21:27:32Z</Time>
            <AltitudeMeters>0.0</AltitudeMeters>
            <HeartRateBpm>
              <Value>0</Value>
            </HeartRateBpm>
            <Cadence>94</Cadence>
            <DistanceMeters>15159.98000</DistanceMeters>
            <Extensions>
              <TPX xmlns="http://www.garmin.com/xmlschemas/ActivityExtension/v2">
                <Watts>203</Watts>
              </TPX>
            </Extensions>
          </Trackpoint>
          <Trackpoint>
            <Time>2010-10-19T21:27:35Z</Time>
            <AltitudeMeters>0.0</AltitudeMeters>
            <HeartRateBpm>
              <Value>0</Value>
            </HeartRateBpm>
            <Cadence>96</Cadence>
            <DistanceMeters>15192.16000</DistanceMeters>
            <Extensions>
              <TPX xmlns="http://www.garmin.com/xmlschemas/ActivityExtension/v2">
                <Watts>203</Watts>
              </TPX>
            </Extensions>
          </Trackpoint>
          <Trackpoint>
            <Time>2010-10-19T21:27:38Z</Time>
            <AltitudeMeters>0.0</AltitudeMeters>
            <HeartRateBpm>
              <Value>0</Value>
            </HeartRateBpm>
            <Cadence>95</Cadence>
            <DistanceMeters>15224.35000</DistanceMeters>
            <Extensions>
              <TPX xmlns="http://www.garmin.com/xmlschemas/ActivityExtension/v2">
                <Watts>203</Watts>
              </TPX>
            </Extensions>
          </Trackpoint>
          <Trackpoint>
            <Time>2010-10-19T21:27:41Z</Time>
            <AltitudeMeters>0.0</AltitudeMeters>
            <HeartRateBpm>
              <Value>0</Value>
            </HeartRateBpm>
            <Cadence>95</Cadence>
            <DistanceMeters>15256.54000</DistanceMeters>
            <Extensions>
              <TPX xmlns="http://www.garmin.com/xmlschemas/ActivityExtension/v2">
                <Watts>203</Watts>
              </TPX>
            </Extensions>
          </Trackpoint>
          <Trackpoint>
            <Time>2010-10-19T21:27:44Z</Time>
            <AltitudeMeters>0.0</AltitudeMeters>
            <HeartRateBpm>
              <Value>0</Value>
            </HeartRateBpm>
            <Cadence>93</Cadence>
            <DistanceMeters>15304.82000</DistanceMeters>
            <Extensions>
              <TPX xmlns="http://www.garmin.com/xmlschemas/ActivityExtension/v2">
                <Watts>196</Watts>
              </TPX>
            </Extensions>
          </Trackpoint>
          <Trackpoint>
            <Time>2010-10-19T21:27:47Z</Time>
            <AltitudeMeters>0.0</AltitudeMeters>
            <HeartRateBpm>
              <Value>0</Value>
            </HeartRateBpm>
            <Cadence>93</Cadence>
            <DistanceMeters>15337.01000</DistanceMeters>
            <Extensions>
              <TPX xmlns="http://www.garmin.com/xmlschemas/ActivityExtension/v2">
                <Watts>196</Watts>
              </TPX>
            </Extensions>
          </Trackpoint>
          <Trackpoint>
            <Time>2010-10-19T21:27:50Z</Time>
            <AltitudeMeters>0.0</AltitudeMeters>
            <HeartRateBpm>
              <Value>0</Value>
            </HeartRateBpm>
            <Cadence>95</Cadence>
            <DistanceMeters>15353.10000</DistanceMeters>
            <Extensions>
              <TPX xmlns="http://www.garmin.com/xmlschemas/ActivityExtension/v2">
                <Watts>197</Watts>
              </TPX>
            </Extensions>
          </Trackpoint>
          <Trackpoint>
            <Time>2010-10-19T21:27:53Z</Time>
            <AltitudeMeters>0.0</AltitudeMeters>
            <HeartRateBpm>
              <Value>0</Value>
            </HeartRateBpm>
            <Cadence>95</Cadence>
            <DistanceMeters>15385.29000</DistanceMeters>
            <Extensions>
              <TPX xmlns="http://www.garmin.com/xmlschemas/ActivityExtension/v2">
                <Watts>203</Watts>
              </TPX>
            </Extensions>
          </Trackpoint>
          <Trackpoint>
            <Time>2010-10-19T21:27:56Z</Time>
            <AltitudeMeters>0.0</AltitudeMeters>
            <HeartRateBpm>
              <Value>0</Value>
            </HeartRateBpm>
            <Cadence>95</Cadence>
            <DistanceMeters>15433.57000</DistanceMeters>
            <Extensions>
              <TPX xmlns="http://www.garmin.com/xmlschemas/ActivityExtension/v2">
                <Watts>203</Watts>
              </TPX>
            </Extensions>
          </Trackpoint>
          <Trackpoint>
            <Time>2010-10-19T21:27:59Z</Time>
            <AltitudeMeters>0.0</AltitudeMeters>
            <HeartRateBpm>
              <Value>0</Value>
            </HeartRateBpm>
            <Cadence>95</Cadence>
            <DistanceMeters>15465.75000</DistanceMeters>
            <Extensions>
              <TPX xmlns="http://www.garmin.com/xmlschemas/ActivityExtension/v2">
                <Watts>203</Watts>
              </TPX>
            </Extensions>
          </Trackpoint>
          <Trackpoint>
            <Time>2010-10-19T21:28:02Z</Time>
            <AltitudeMeters>0.0</AltitudeMeters>
            <HeartRateBpm>
              <Value>0</Value>
            </HeartRateBpm>
            <Cadence>95</Cadence>
            <DistanceMeters>15497.94000</DistanceMeters>
            <Extensions>
              <TPX xmlns="http://www.garmin.com/xmlschemas/ActivityExtension/v2">
                <Watts>203</Watts>
              </TPX>
            </Extensions>
          </Trackpoint>
          <Trackpoint>
            <Time>2010-10-19T21:28:05Z</Time>
            <AltitudeMeters>0.0</AltitudeMeters>
            <HeartRateBpm>
              <Value>0</Value>
            </HeartRateBpm>
            <Cadence>95</Cadence>
            <DistanceMeters>15530.13000</DistanceMeters>
            <Extensions>
              <TPX xmlns="http://www.garmin.com/xmlschemas/ActivityExtension/v2">
                <Watts>200</Watts>
              </TPX>
            </Extensions>
          </Trackpoint>
          <Trackpoint>
            <Time>2010-10-19T21:28:08Z</Time>
            <AltitudeMeters>0.0</AltitudeMeters>
            <HeartRateBpm>
              <Value>0</Value>
            </HeartRateBpm>
            <Cadence>95</Cadence>
            <DistanceMeters>15562.31000</DistanceMeters>
            <Extensions>
              <TPX xmlns="http://www.garmin.com/xmlschemas/ActivityExtension/v2">
                <Watts>200</Watts>
              </TPX>
            </Extensions>
          </Trackpoint>
          <Trackpoint>
            <Time>2010-10-19T21:28:11Z</Time>
            <AltitudeMeters>0.0</AltitudeMeters>
            <HeartRateBpm>
              <Value>0</Value>
            </HeartRateBpm>
            <Cadence>92</Cadence>
            <DistanceMeters>15594.50000</DistanceMeters>
            <Extensions>
              <TPX xmlns="http://www.garmin.com/xmlschemas/ActivityExtension/v2">
                <Watts>194</Watts>
              </TPX>
            </Extensions>
          </Trackpoint>
          <Trackpoint>
            <Time>2010-10-19T21:28:14Z</Time>
            <AltitudeMeters>0.0</AltitudeMeters>
            <HeartRateBpm>
              <Value>0</Value>
            </HeartRateBpm>
            <Cadence>90</Cadence>
            <DistanceMeters>15626.69000</DistanceMeters>
            <Extensions>
              <TPX xmlns="http://www.garmin.com/xmlschemas/ActivityExtension/v2">
                <Watts>191</Watts>
              </TPX>
            </Extensions>
          </Trackpoint>
          <Trackpoint>
            <Time>2010-10-19T21:28:17Z</Time>
            <AltitudeMeters>0.0</AltitudeMeters>
            <HeartRateBpm>
              <Value>0</Value>
            </HeartRateBpm>
            <Cadence>92</Cadence>
            <DistanceMeters>15658.87000</DistanceMeters>
            <Extensions>
              <TPX xmlns="http://www.garmin.com/xmlschemas/ActivityExtension/v2">
                <Watts>186</Watts>
              </TPX>
            </Extensions>
          </Trackpoint>
          <Trackpoint>
            <Time>2010-10-19T21:28:20Z</Time>
            <AltitudeMeters>0.0</AltitudeMeters>
            <HeartRateBpm>
              <Value>0</Value>
            </HeartRateBpm>
            <Cadence>91</Cadence>
            <DistanceMeters>15674.97000</DistanceMeters>
            <Extensions>
              <TPX xmlns="http://www.garmin.com/xmlschemas/ActivityExtension/v2">
                <Watts>175</Watts>
              </TPX>
            </Extensions>
          </Trackpoint>
          <Trackpoint>
            <Time>2010-10-19T21:28:23Z</Time>
            <AltitudeMeters>0.0</AltitudeMeters>
            <HeartRateBpm>
              <Value>0</Value>
            </HeartRateBpm>
            <Cadence>88</Cadence>
            <DistanceMeters>15707.15000</DistanceMeters>
            <Extensions>
              <TPX xmlns="http://www.garmin.com/xmlschemas/ActivityExtension/v2">
                <Watts>167</Watts>
              </TPX>
            </Extensions>
          </Trackpoint>
          <Trackpoint>
            <Time>2010-10-19T21:28:26Z</Time>
            <AltitudeMeters>0.0</AltitudeMeters>
            <HeartRateBpm>
              <Value>0</Value>
            </HeartRateBpm>
            <Cadence>94</Cadence>
            <DistanceMeters>15739.34000</DistanceMeters>
            <Extensions>
              <TPX xmlns="http://www.garmin.com/xmlschemas/ActivityExtension/v2">
                <Watts>152</Watts>
              </TPX>
            </Extensions>
          </Trackpoint>
          <Trackpoint>
            <Time>2010-10-19T21:28:29Z</Time>
            <AltitudeMeters>0.0</AltitudeMeters>
            <HeartRateBpm>
              <Value>0</Value>
            </HeartRateBpm>
            <Cadence>94</Cadence>
            <DistanceMeters>15771.53000</DistanceMeters>
            <Extensions>
              <TPX xmlns="http://www.garmin.com/xmlschemas/ActivityExtension/v2">
                <Watts>168</Watts>
              </TPX>
            </Extensions>
          </Trackpoint>
          <Trackpoint>
            <Time>2010-10-19T21:28:32Z</Time>
            <AltitudeMeters>0.0</AltitudeMeters>
            <HeartRateBpm>
              <Value>0</Value>
            </HeartRateBpm>
            <Cadence>92</Cadence>
            <DistanceMeters>15787.62000</DistanceMeters>
            <Extensions>
              <TPX xmlns="http://www.garmin.com/xmlschemas/ActivityExtension/v2">
                <Watts>174</Watts>
              </TPX>
            </Extensions>
          </Trackpoint>
          <Trackpoint>
            <Time>2010-10-19T21:28:35Z</Time>
            <AltitudeMeters>0.0</AltitudeMeters>
            <HeartRateBpm>
              <Value>0</Value>
            </HeartRateBpm>
            <Cadence>92</Cadence>
            <DistanceMeters>15819.81000</DistanceMeters>
            <Extensions>
              <TPX xmlns="http://www.garmin.com/xmlschemas/ActivityExtension/v2">
                <Watts>168</Watts>
              </TPX>
            </Extensions>
          </Trackpoint>
          <Trackpoint>
            <Time>2010-10-19T21:28:38Z</Time>
            <AltitudeMeters>0.0</AltitudeMeters>
            <HeartRateBpm>
              <Value>0</Value>
            </HeartRateBpm>
            <Cadence>93</Cadence>
            <DistanceMeters>15851.99000</DistanceMeters>
            <Extensions>
              <TPX xmlns="http://www.garmin.com/xmlschemas/ActivityExtension/v2">
                <Watts>174</Watts>
              </TPX>
            </Extensions>
          </Trackpoint>
          <Trackpoint>
            <Time>2010-10-19T21:28:41Z</Time>
            <AltitudeMeters>0.0</AltitudeMeters>
            <HeartRateBpm>
              <Value>0</Value>
            </HeartRateBpm>
            <Cadence>93</Cadence>
            <DistanceMeters>15868.09000</DistanceMeters>
            <Extensions>
              <TPX xmlns="http://www.garmin.com/xmlschemas/ActivityExtension/v2">
                <Watts>176</Watts>
              </TPX>
            </Extensions>
          </Trackpoint>
          <Trackpoint>
            <Time>2010-10-19T21:28:44Z</Time>
            <AltitudeMeters>0.0</AltitudeMeters>
            <HeartRateBpm>
              <Value>0</Value>
            </HeartRateBpm>
            <Cadence>92</Cadence>
            <DistanceMeters>15900.27000</DistanceMeters>
            <Extensions>
              <TPX xmlns="http://www.garmin.com/xmlschemas/ActivityExtension/v2">
                <Watts>171</Watts>
              </TPX>
            </Extensions>
          </Trackpoint>
          <Trackpoint>
            <Time>2010-10-19T21:28:47Z</Time>
            <AltitudeMeters>0.0</AltitudeMeters>
            <HeartRateBpm>
              <Value>0</Value>
            </HeartRateBpm>
            <Cadence>91</Cadence>
            <DistanceMeters>15932.46000</DistanceMeters>
            <Extensions>
              <TPX xmlns="http://www.garmin.com/xmlschemas/ActivityExtension/v2">
                <Watts>170</Watts>
              </TPX>
            </Extensions>
          </Trackpoint>
          <Trackpoint>
            <Time>2010-10-19T21:28:50Z</Time>
            <AltitudeMeters>0.0</AltitudeMeters>
            <HeartRateBpm>
              <Value>0</Value>
            </HeartRateBpm>
            <Cadence>91</Cadence>
            <DistanceMeters>15964.65000</DistanceMeters>
            <Extensions>
              <TPX xmlns="http://www.garmin.com/xmlschemas/ActivityExtension/v2">
                <Watts>170</Watts>
              </TPX>
            </Extensions>
          </Trackpoint>
          <Trackpoint>
            <Time>2010-10-19T21:28:53Z</Time>
            <AltitudeMeters>0.0</AltitudeMeters>
            <HeartRateBpm>
              <Value>0</Value>
            </HeartRateBpm>
            <Cadence>91</Cadence>
            <DistanceMeters>15980.74000</DistanceMeters>
            <Extensions>
              <TPX xmlns="http://www.garmin.com/xmlschemas/ActivityExtension/v2">
                <Watts>170</Watts>
              </TPX>
            </Extensions>
          </Trackpoint>
          <Trackpoint>
            <Time>2010-10-19T21:28:56Z</Time>
            <AltitudeMeters>0.0</AltitudeMeters>
            <HeartRateBpm>
              <Value>0</Value>
            </HeartRateBpm>
            <Cadence>92</Cadence>
            <DistanceMeters>16012.93000</DistanceMeters>
            <Extensions>
              <TPX xmlns="http://www.garmin.com/xmlschemas/ActivityExtension/v2">
                <Watts>170</Watts>
              </TPX>
            </Extensions>
          </Trackpoint>
          <Trackpoint>
            <Time>2010-10-19T21:28:59Z</Time>
            <AltitudeMeters>0.0</AltitudeMeters>
            <HeartRateBpm>
              <Value>0</Value>
            </HeartRateBpm>
            <Cadence>91</Cadence>
            <DistanceMeters>16045.11000</DistanceMeters>
            <Extensions>
              <TPX xmlns="http://www.garmin.com/xmlschemas/ActivityExtension/v2">
                <Watts>170</Watts>
              </TPX>
            </Extensions>
          </Trackpoint>
          <Trackpoint>
            <Time>2010-10-19T21:29:02Z</Time>
            <AltitudeMeters>0.0</AltitudeMeters>
            <HeartRateBpm>
              <Value>0</Value>
            </HeartRateBpm>
            <Cadence>89</Cadence>
            <DistanceMeters>16077.30000</DistanceMeters>
            <Extensions>
              <TPX xmlns="http://www.garmin.com/xmlschemas/ActivityExtension/v2">
                <Watts>170</Watts>
              </TPX>
            </Extensions>
          </Trackpoint>
          <Trackpoint>
            <Time>2010-10-19T21:29:05Z</Time>
            <AltitudeMeters>0.0</AltitudeMeters>
            <HeartRateBpm>
              <Value>0</Value>
            </HeartRateBpm>
            <Cadence>90</Cadence>
            <DistanceMeters>16093.40000</DistanceMeters>
            <Extensions>
              <TPX xmlns="http://www.garmin.com/xmlschemas/ActivityExtension/v2">
                <Watts>161</Watts>
              </TPX>
            </Extensions>
          </Trackpoint>
          <Trackpoint>
            <Time>2010-10-19T21:29:08Z</Time>
            <AltitudeMeters>0.0</AltitudeMeters>
            <HeartRateBpm>
              <Value>0</Value>
            </HeartRateBpm>
            <Cadence>89</Cadence>
            <DistanceMeters>16125.58000</DistanceMeters>
            <Extensions>
              <TPX xmlns="http://www.garmin.com/xmlschemas/ActivityExtension/v2">
                <Watts>165</Watts>
              </TPX>
            </Extensions>
          </Trackpoint>
          <Trackpoint>
            <Time>2010-10-19T21:29:11Z</Time>
            <AltitudeMeters>0.0</AltitudeMeters>
            <HeartRateBpm>
              <Value>0</Value>
            </HeartRateBpm>
            <Cadence>89</Cadence>
            <DistanceMeters>16157.77000</DistanceMeters>
            <Extensions>
              <TPX xmlns="http://www.garmin.com/xmlschemas/ActivityExtension/v2">
                <Watts>164</Watts>
              </TPX>
            </Extensions>
          </Trackpoint>
          <Trackpoint>
            <Time>2010-10-19T21:29:14Z</Time>
            <AltitudeMeters>0.0</AltitudeMeters>
            <HeartRateBpm>
              <Value>0</Value>
            </HeartRateBpm>
            <Cadence>90</Cadence>
            <DistanceMeters>16173.86000</DistanceMeters>
            <Extensions>
              <TPX xmlns="http://www.garmin.com/xmlschemas/ActivityExtension/v2">
                <Watts>165</Watts>
              </TPX>
            </Extensions>
          </Trackpoint>
          <Trackpoint>
            <Time>2010-10-19T21:29:17Z</Time>
            <AltitudeMeters>0.0</AltitudeMeters>
            <HeartRateBpm>
              <Value>0</Value>
            </HeartRateBpm>
            <Cadence>91</Cadence>
            <DistanceMeters>16206.05000</DistanceMeters>
            <Extensions>
              <TPX xmlns="http://www.garmin.com/xmlschemas/ActivityExtension/v2">
                <Watts>166</Watts>
              </TPX>
            </Extensions>
          </Trackpoint>
          <Trackpoint>
            <Time>2010-10-19T21:29:20Z</Time>
            <AltitudeMeters>0.0</AltitudeMeters>
            <HeartRateBpm>
              <Value>0</Value>
            </HeartRateBpm>
            <Cadence>91</Cadence>
            <DistanceMeters>16238.24000</DistanceMeters>
            <Extensions>
              <TPX xmlns="http://www.garmin.com/xmlschemas/ActivityExtension/v2">
                <Watts>170</Watts>
              </TPX>
            </Extensions>
          </Trackpoint>
          <Trackpoint>
            <Time>2010-10-19T21:29:23Z</Time>
            <AltitudeMeters>0.0</AltitudeMeters>
            <HeartRateBpm>
              <Value>0</Value>
            </HeartRateBpm>
            <Cadence>92</Cadence>
            <DistanceMeters>16254.33000</DistanceMeters>
            <Extensions>
              <TPX xmlns="http://www.garmin.com/xmlschemas/ActivityExtension/v2">
                <Watts>176</Watts>
              </TPX>
            </Extensions>
          </Trackpoint>
          <Trackpoint>
            <Time>2010-10-19T21:29:26Z</Time>
            <AltitudeMeters>0.0</AltitudeMeters>
            <HeartRateBpm>
              <Value>0</Value>
            </HeartRateBpm>
            <Cadence>74</Cadence>
            <DistanceMeters>16286.52000</DistanceMeters>
            <Extensions>
              <TPX xmlns="http://www.garmin.com/xmlschemas/ActivityExtension/v2">
                <Watts>150</Watts>
              </TPX>
            </Extensions>
          </Trackpoint>
          <Trackpoint>
            <Time>2010-10-19T21:29:29Z</Time>
            <AltitudeMeters>0.0</AltitudeMeters>
            <HeartRateBpm>
              <Value>0</Value>
            </HeartRateBpm>
            <Cadence>91</Cadence>
            <DistanceMeters>16318.70000</DistanceMeters>
            <Extensions>
              <TPX xmlns="http://www.garmin.com/xmlschemas/ActivityExtension/v2">
                <Watts>122</Watts>
              </TPX>
            </Extensions>
          </Trackpoint>
          <Trackpoint>
            <Time>2010-10-19T21:29:32Z</Time>
            <AltitudeMeters>0.0</AltitudeMeters>
            <HeartRateBpm>
              <Value>0</Value>
            </HeartRateBpm>
            <Cadence>91</Cadence>
            <DistanceMeters>16334.80000</DistanceMeters>
            <Extensions>
              <TPX xmlns="http://www.garmin.com/xmlschemas/ActivityExtension/v2">
                <Watts>170</Watts>
              </TPX>
            </Extensions>
          </Trackpoint>
          <Trackpoint>
            <Time>2010-10-19T21:29:35Z</Time>
            <AltitudeMeters>0.0</AltitudeMeters>
            <HeartRateBpm>
              <Value>0</Value>
            </HeartRateBpm>
            <Cadence>91</Cadence>
            <DistanceMeters>16350.89000</DistanceMeters>
            <Extensions>
              <TPX xmlns="http://www.garmin.com/xmlschemas/ActivityExtension/v2">
                <Watts>170</Watts>
              </TPX>
            </Extensions>
          </Trackpoint>
          <Trackpoint>
            <Time>2010-10-19T21:29:38Z</Time>
            <AltitudeMeters>0.0</AltitudeMeters>
            <HeartRateBpm>
              <Value>0</Value>
            </HeartRateBpm>
            <Cadence>91</Cadence>
            <DistanceMeters>16383.08000</DistanceMeters>
            <Extensions>
              <TPX xmlns="http://www.garmin.com/xmlschemas/ActivityExtension/v2">
                <Watts>170</Watts>
              </TPX>
            </Extensions>
          </Trackpoint>
          <Trackpoint>
            <Time>2010-10-19T21:29:41Z</Time>
            <AltitudeMeters>0.0</AltitudeMeters>
            <HeartRateBpm>
              <Value>0</Value>
            </HeartRateBpm>
            <Cadence>91</Cadence>
            <DistanceMeters>16415.26000</DistanceMeters>
            <Extensions>
              <TPX xmlns="http://www.garmin.com/xmlschemas/ActivityExtension/v2">
                <Watts>170</Watts>
              </TPX>
            </Extensions>
          </Trackpoint>
          <Trackpoint>
            <Time>2010-10-19T21:29:44Z</Time>
            <AltitudeMeters>0.0</AltitudeMeters>
            <HeartRateBpm>
              <Value>0</Value>
            </HeartRateBpm>
            <Cadence>90</Cadence>
            <DistanceMeters>16447.45000</DistanceMeters>
            <Extensions>
              <TPX xmlns="http://www.garmin.com/xmlschemas/ActivityExtension/v2">
                <Watts>167</Watts>
              </TPX>
            </Extensions>
          </Trackpoint>
          <Trackpoint>
            <Time>2010-10-19T21:29:47Z</Time>
            <AltitudeMeters>0.0</AltitudeMeters>
            <HeartRateBpm>
              <Value>0</Value>
            </HeartRateBpm>
            <Cadence>92</Cadence>
            <DistanceMeters>16463.54000</DistanceMeters>
            <Extensions>
              <TPX xmlns="http://www.garmin.com/xmlschemas/ActivityExtension/v2">
                <Watts>173</Watts>
              </TPX>
            </Extensions>
          </Trackpoint>
          <Trackpoint>
            <Time>2010-10-19T21:29:50Z</Time>
            <AltitudeMeters>0.0</AltitudeMeters>
            <HeartRateBpm>
              <Value>0</Value>
            </HeartRateBpm>
            <Cadence>94</Cadence>
            <DistanceMeters>16495.73000</DistanceMeters>
            <Extensions>
              <TPX xmlns="http://www.garmin.com/xmlschemas/ActivityExtension/v2">
                <Watts>174</Watts>
              </TPX>
            </Extensions>
          </Trackpoint>
          <Trackpoint>
            <Time>2010-10-19T21:29:53Z</Time>
            <AltitudeMeters>0.0</AltitudeMeters>
            <HeartRateBpm>
              <Value>0</Value>
            </HeartRateBpm>
            <Cadence>94</Cadence>
            <DistanceMeters>16527.92000</DistanceMeters>
            <Extensions>
              <TPX xmlns="http://www.garmin.com/xmlschemas/ActivityExtension/v2">
                <Watts>180</Watts>
              </TPX>
            </Extensions>
          </Trackpoint>
          <Trackpoint>
            <Time>2010-10-19T21:29:56Z</Time>
            <AltitudeMeters>0.0</AltitudeMeters>
            <HeartRateBpm>
              <Value>0</Value>
            </HeartRateBpm>
            <Cadence>95</Cadence>
            <DistanceMeters>16560.10000</DistanceMeters>
            <Extensions>
              <TPX xmlns="http://www.garmin.com/xmlschemas/ActivityExtension/v2">
                <Watts>180</Watts>
              </TPX>
            </Extensions>
          </Trackpoint>
          <Trackpoint>
            <Time>2010-10-19T21:29:59Z</Time>
            <AltitudeMeters>0.0</AltitudeMeters>
            <HeartRateBpm>
              <Value>0</Value>
            </HeartRateBpm>
            <Cadence>96</Cadence>
            <DistanceMeters>16576.20000</DistanceMeters>
            <Extensions>
              <TPX xmlns="http://www.garmin.com/xmlschemas/ActivityExtension/v2">
                <Watts>199</Watts>
              </TPX>
            </Extensions>
          </Trackpoint>
          <Trackpoint>
            <Time>2010-10-19T21:30:02Z</Time>
            <AltitudeMeters>0.0</AltitudeMeters>
            <HeartRateBpm>
              <Value>0</Value>
            </HeartRateBpm>
            <Cadence>95</Cadence>
            <DistanceMeters>16608.38000</DistanceMeters>
            <Extensions>
              <TPX xmlns="http://www.garmin.com/xmlschemas/ActivityExtension/v2">
                <Watts>200</Watts>
              </TPX>
            </Extensions>
          </Trackpoint>
          <Trackpoint>
            <Time>2010-10-19T21:30:05Z</Time>
            <AltitudeMeters>0.0</AltitudeMeters>
            <HeartRateBpm>
              <Value>0</Value>
            </HeartRateBpm>
            <Cadence>97</Cadence>
            <DistanceMeters>16640.57000</DistanceMeters>
            <Extensions>
              <TPX xmlns="http://www.garmin.com/xmlschemas/ActivityExtension/v2">
                <Watts>206</Watts>
              </TPX>
            </Extensions>
          </Trackpoint>
          <Trackpoint>
            <Time>2010-10-19T21:30:08Z</Time>
            <AltitudeMeters>0.0</AltitudeMeters>
            <HeartRateBpm>
              <Value>0</Value>
            </HeartRateBpm>
            <Cadence>94</Cadence>
            <DistanceMeters>16672.76000</DistanceMeters>
            <Extensions>
              <TPX xmlns="http://www.garmin.com/xmlschemas/ActivityExtension/v2">
                <Watts>201</Watts>
              </TPX>
            </Extensions>
          </Trackpoint>
          <Trackpoint>
            <Time>2010-10-19T21:30:11Z</Time>
            <AltitudeMeters>0.0</AltitudeMeters>
            <HeartRateBpm>
              <Value>0</Value>
            </HeartRateBpm>
            <Cadence>91</Cadence>
            <DistanceMeters>16704.94000</DistanceMeters>
            <Extensions>
              <TPX xmlns="http://www.garmin.com/xmlschemas/ActivityExtension/v2">
                <Watts>191</Watts>
              </TPX>
            </Extensions>
          </Trackpoint>
          <Trackpoint>
            <Time>2010-10-19T21:30:14Z</Time>
            <AltitudeMeters>0.0</AltitudeMeters>
            <HeartRateBpm>
              <Value>0</Value>
            </HeartRateBpm>
            <Cadence>91</Cadence>
            <DistanceMeters>16737.13000</DistanceMeters>
            <Extensions>
              <TPX xmlns="http://www.garmin.com/xmlschemas/ActivityExtension/v2">
                <Watts>185</Watts>
              </TPX>
            </Extensions>
          </Trackpoint>
          <Trackpoint>
            <Time>2010-10-19T21:30:17Z</Time>
            <AltitudeMeters>0.0</AltitudeMeters>
            <HeartRateBpm>
              <Value>0</Value>
            </HeartRateBpm>
            <Cadence>91</Cadence>
            <DistanceMeters>16769.32000</DistanceMeters>
            <Extensions>
              <TPX xmlns="http://www.garmin.com/xmlschemas/ActivityExtension/v2">
                <Watts>186</Watts>
              </TPX>
            </Extensions>
          </Trackpoint>
          <Trackpoint>
            <Time>2010-10-19T21:30:20Z</Time>
            <AltitudeMeters>0.0</AltitudeMeters>
            <HeartRateBpm>
              <Value>0</Value>
            </HeartRateBpm>
            <Cadence>89</Cadence>
            <DistanceMeters>16801.50000</DistanceMeters>
            <Extensions>
              <TPX xmlns="http://www.garmin.com/xmlschemas/ActivityExtension/v2">
                <Watts>184</Watts>
              </TPX>
            </Extensions>
          </Trackpoint>
          <Trackpoint>
            <Time>2010-10-19T21:30:23Z</Time>
            <AltitudeMeters>0.0</AltitudeMeters>
            <HeartRateBpm>
              <Value>0</Value>
            </HeartRateBpm>
            <Cadence>92</Cadence>
            <DistanceMeters>16833.69000</DistanceMeters>
            <Extensions>
              <TPX xmlns="http://www.garmin.com/xmlschemas/ActivityExtension/v2">
                <Watts>185</Watts>
              </TPX>
            </Extensions>
          </Trackpoint>
          <Trackpoint>
            <Time>2010-10-19T21:30:26Z</Time>
            <AltitudeMeters>0.0</AltitudeMeters>
            <HeartRateBpm>
              <Value>0</Value>
            </HeartRateBpm>
            <Cadence>93</Cadence>
            <DistanceMeters>16865.88000</DistanceMeters>
            <Extensions>
              <TPX xmlns="http://www.garmin.com/xmlschemas/ActivityExtension/v2">
                <Watts>191</Watts>
              </TPX>
            </Extensions>
          </Trackpoint>
          <Trackpoint>
            <Time>2010-10-19T21:30:29Z</Time>
            <AltitudeMeters>0.0</AltitudeMeters>
            <HeartRateBpm>
              <Value>0</Value>
            </HeartRateBpm>
            <Cadence>92</Cadence>
            <DistanceMeters>16898.07000</DistanceMeters>
            <Extensions>
              <TPX xmlns="http://www.garmin.com/xmlschemas/ActivityExtension/v2">
                <Watts>189</Watts>
              </TPX>
            </Extensions>
          </Trackpoint>
          <Trackpoint>
            <Time>2010-10-19T21:30:32Z</Time>
            <AltitudeMeters>0.0</AltitudeMeters>
            <HeartRateBpm>
              <Value>0</Value>
            </HeartRateBpm>
            <Cadence>90</Cadence>
            <DistanceMeters>16914.16000</DistanceMeters>
            <Extensions>
              <TPX xmlns="http://www.garmin.com/xmlschemas/ActivityExtension/v2">
                <Watts>188</Watts>
              </TPX>
            </Extensions>
          </Trackpoint>
          <Trackpoint>
            <Time>2010-10-19T21:30:35Z</Time>
            <AltitudeMeters>0.0</AltitudeMeters>
            <HeartRateBpm>
              <Value>0</Value>
            </HeartRateBpm>
            <Cadence>91</Cadence>
            <DistanceMeters>16946.35000</DistanceMeters>
            <Extensions>
              <TPX xmlns="http://www.garmin.com/xmlschemas/ActivityExtension/v2">
                <Watts>181</Watts>
              </TPX>
            </Extensions>
          </Trackpoint>
          <Trackpoint>
            <Time>2010-10-19T21:30:38Z</Time>
            <AltitudeMeters>0.0</AltitudeMeters>
            <HeartRateBpm>
              <Value>0</Value>
            </HeartRateBpm>
            <Cadence>91</Cadence>
            <DistanceMeters>16978.53000</DistanceMeters>
            <Extensions>
              <TPX xmlns="http://www.garmin.com/xmlschemas/ActivityExtension/v2">
                <Watts>184</Watts>
              </TPX>
            </Extensions>
          </Trackpoint>
          <Trackpoint>
            <Time>2010-10-19T21:30:41Z</Time>
            <AltitudeMeters>0.0</AltitudeMeters>
            <HeartRateBpm>
              <Value>0</Value>
            </HeartRateBpm>
            <Cadence>91</Cadence>
            <DistanceMeters>17010.72000</DistanceMeters>
            <Extensions>
              <TPX xmlns="http://www.garmin.com/xmlschemas/ActivityExtension/v2">
                <Watts>189</Watts>
              </TPX>
            </Extensions>
          </Trackpoint>
          <Trackpoint>
            <Time>2010-10-19T21:30:44Z</Time>
            <AltitudeMeters>0.0</AltitudeMeters>
            <HeartRateBpm>
              <Value>0</Value>
            </HeartRateBpm>
            <Cadence>91</Cadence>
            <DistanceMeters>17042.91000</DistanceMeters>
            <Extensions>
              <TPX xmlns="http://www.garmin.com/xmlschemas/ActivityExtension/v2">
                <Watts>184</Watts>
              </TPX>
            </Extensions>
          </Trackpoint>
          <Trackpoint>
            <Time>2010-10-19T21:30:47Z</Time>
            <AltitudeMeters>0.0</AltitudeMeters>
            <HeartRateBpm>
              <Value>0</Value>
            </HeartRateBpm>
            <Cadence>91</Cadence>
            <DistanceMeters>17075.09000</DistanceMeters>
            <Extensions>
              <TPX xmlns="http://www.garmin.com/xmlschemas/ActivityExtension/v2">
                <Watts>184</Watts>
              </TPX>
            </Extensions>
          </Trackpoint>
          <Trackpoint>
            <Time>2010-10-19T21:30:50Z</Time>
            <AltitudeMeters>0.0</AltitudeMeters>
            <HeartRateBpm>
              <Value>0</Value>
            </HeartRateBpm>
            <Cadence>93</Cadence>
            <DistanceMeters>17107.28000</DistanceMeters>
            <Extensions>
              <TPX xmlns="http://www.garmin.com/xmlschemas/ActivityExtension/v2">
                <Watts>194</Watts>
              </TPX>
            </Extensions>
          </Trackpoint>
          <Trackpoint>
            <Time>2010-10-19T21:30:53Z</Time>
            <AltitudeMeters>0.0</AltitudeMeters>
            <HeartRateBpm>
              <Value>0</Value>
            </HeartRateBpm>
            <Cadence>93</Cadence>
            <DistanceMeters>17123.37000</DistanceMeters>
            <Extensions>
              <TPX xmlns="http://www.garmin.com/xmlschemas/ActivityExtension/v2">
                <Watts>191</Watts>
              </TPX>
            </Extensions>
          </Trackpoint>
          <Trackpoint>
            <Time>2010-10-19T21:30:56Z</Time>
            <AltitudeMeters>0.0</AltitudeMeters>
            <HeartRateBpm>
              <Value>0</Value>
            </HeartRateBpm>
            <Cadence>91</Cadence>
            <DistanceMeters>17155.56000</DistanceMeters>
            <Extensions>
              <TPX xmlns="http://www.garmin.com/xmlschemas/ActivityExtension/v2">
                <Watts>189</Watts>
              </TPX>
            </Extensions>
          </Trackpoint>
          <Trackpoint>
            <Time>2010-10-19T21:30:59Z</Time>
            <AltitudeMeters>0.0</AltitudeMeters>
            <HeartRateBpm>
              <Value>0</Value>
            </HeartRateBpm>
            <Cadence>92</Cadence>
            <DistanceMeters>17187.75000</DistanceMeters>
            <Extensions>
              <TPX xmlns="http://www.garmin.com/xmlschemas/ActivityExtension/v2">
                <Watts>188</Watts>
              </TPX>
            </Extensions>
          </Trackpoint>
          <Trackpoint>
            <Time>2010-10-19T21:31:02Z</Time>
            <AltitudeMeters>0.0</AltitudeMeters>
            <HeartRateBpm>
              <Value>0</Value>
            </HeartRateBpm>
            <Cadence>93</Cadence>
            <DistanceMeters>17219.93000</DistanceMeters>
            <Extensions>
              <TPX xmlns="http://www.garmin.com/xmlschemas/ActivityExtension/v2">
                <Watts>187</Watts>
              </TPX>
            </Extensions>
          </Trackpoint>
          <Trackpoint>
            <Time>2010-10-19T21:31:05Z</Time>
            <AltitudeMeters>0.0</AltitudeMeters>
            <HeartRateBpm>
              <Value>0</Value>
            </HeartRateBpm>
            <Cadence>94</Cadence>
            <DistanceMeters>17252.12000</DistanceMeters>
            <Extensions>
              <TPX xmlns="http://www.garmin.com/xmlschemas/ActivityExtension/v2">
                <Watts>191</Watts>
              </TPX>
            </Extensions>
          </Trackpoint>
          <Trackpoint>
            <Time>2010-10-19T21:31:08Z</Time>
            <AltitudeMeters>0.0</AltitudeMeters>
            <HeartRateBpm>
              <Value>0</Value>
            </HeartRateBpm>
            <Cadence>92</Cadence>
            <DistanceMeters>17284.31000</DistanceMeters>
            <Extensions>
              <TPX xmlns="http://www.garmin.com/xmlschemas/ActivityExtension/v2">
                <Watts>191</Watts>
              </TPX>
            </Extensions>
          </Trackpoint>
          <Trackpoint>
            <Time>2010-10-19T21:31:11Z</Time>
            <AltitudeMeters>0.0</AltitudeMeters>
            <HeartRateBpm>
              <Value>0</Value>
            </HeartRateBpm>
            <Cadence>91</Cadence>
            <DistanceMeters>17316.49000</DistanceMeters>
            <Extensions>
              <TPX xmlns="http://www.garmin.com/xmlschemas/ActivityExtension/v2">
                <Watts>184</Watts>
              </TPX>
            </Extensions>
          </Trackpoint>
          <Trackpoint>
            <Time>2010-10-19T21:31:14Z</Time>
            <AltitudeMeters>0.0</AltitudeMeters>
            <HeartRateBpm>
              <Value>0</Value>
            </HeartRateBpm>
            <Cadence>93</Cadence>
            <DistanceMeters>17348.68000</DistanceMeters>
            <Extensions>
              <TPX xmlns="http://www.garmin.com/xmlschemas/ActivityExtension/v2">
                <Watts>184</Watts>
              </TPX>
            </Extensions>
          </Trackpoint>
          <Trackpoint>
            <Time>2010-10-19T21:31:17Z</Time>
            <AltitudeMeters>0.0</AltitudeMeters>
            <HeartRateBpm>
              <Value>0</Value>
            </HeartRateBpm>
            <Cadence>94</Cadence>
            <DistanceMeters>17380.87000</DistanceMeters>
            <Extensions>
              <TPX xmlns="http://www.garmin.com/xmlschemas/ActivityExtension/v2">
                <Watts>191</Watts>
              </TPX>
            </Extensions>
          </Trackpoint>
          <Trackpoint>
            <Time>2010-10-19T21:31:20Z</Time>
            <AltitudeMeters>0.0</AltitudeMeters>
            <HeartRateBpm>
              <Value>0</Value>
            </HeartRateBpm>
            <Cadence>95</Cadence>
            <DistanceMeters>17396.96000</DistanceMeters>
            <Extensions>
              <TPX xmlns="http://www.garmin.com/xmlschemas/ActivityExtension/v2">
                <Watts>195</Watts>
              </TPX>
            </Extensions>
          </Trackpoint>
          <Trackpoint>
            <Time>2010-10-19T21:31:23Z</Time>
            <AltitudeMeters>0.0</AltitudeMeters>
            <HeartRateBpm>
              <Value>0</Value>
            </HeartRateBpm>
            <Cadence>93</Cadence>
            <DistanceMeters>17429.15000</DistanceMeters>
            <Extensions>
              <TPX xmlns="http://www.garmin.com/xmlschemas/ActivityExtension/v2">
                <Watts>191</Watts>
              </TPX>
            </Extensions>
          </Trackpoint>
          <Trackpoint>
            <Time>2010-10-19T21:31:26Z</Time>
            <AltitudeMeters>0.0</AltitudeMeters>
            <HeartRateBpm>
              <Value>0</Value>
            </HeartRateBpm>
            <Cadence>91</Cadence>
            <DistanceMeters>17461.33000</DistanceMeters>
            <Extensions>
              <TPX xmlns="http://www.garmin.com/xmlschemas/ActivityExtension/v2">
                <Watts>190</Watts>
              </TPX>
            </Extensions>
          </Trackpoint>
          <Trackpoint>
            <Time>2010-10-19T21:31:29Z</Time>
            <AltitudeMeters>0.0</AltitudeMeters>
            <HeartRateBpm>
              <Value>0</Value>
            </HeartRateBpm>
            <Cadence>91</Cadence>
            <DistanceMeters>17493.52000</DistanceMeters>
            <Extensions>
              <TPX xmlns="http://www.garmin.com/xmlschemas/ActivityExtension/v2">
                <Watts>181</Watts>
              </TPX>
            </Extensions>
          </Trackpoint>
          <Trackpoint>
            <Time>2010-10-19T21:31:32Z</Time>
            <AltitudeMeters>0.0</AltitudeMeters>
            <HeartRateBpm>
              <Value>0</Value>
            </HeartRateBpm>
            <Cadence>90</Cadence>
            <DistanceMeters>17525.71000</DistanceMeters>
            <Extensions>
              <TPX xmlns="http://www.garmin.com/xmlschemas/ActivityExtension/v2">
                <Watts>182</Watts>
              </TPX>
            </Extensions>
          </Trackpoint>
          <Trackpoint>
            <Time>2010-10-19T21:31:35Z</Time>
            <AltitudeMeters>0.0</AltitudeMeters>
            <HeartRateBpm>
              <Value>0</Value>
            </HeartRateBpm>
            <Cadence>92</Cadence>
            <DistanceMeters>17557.89000</DistanceMeters>
            <Extensions>
              <TPX xmlns="http://www.garmin.com/xmlschemas/ActivityExtension/v2">
                <Watts>188</Watts>
              </TPX>
            </Extensions>
          </Trackpoint>
          <Trackpoint>
            <Time>2010-10-19T21:31:38Z</Time>
            <AltitudeMeters>0.0</AltitudeMeters>
            <HeartRateBpm>
              <Value>0</Value>
            </HeartRateBpm>
            <Cadence>92</Cadence>
            <DistanceMeters>17590.08000</DistanceMeters>
            <Extensions>
              <TPX xmlns="http://www.garmin.com/xmlschemas/ActivityExtension/v2">
                <Watts>188</Watts>
              </TPX>
            </Extensions>
          </Trackpoint>
          <Trackpoint>
            <Time>2010-10-19T21:31:41Z</Time>
            <AltitudeMeters>0.0</AltitudeMeters>
            <HeartRateBpm>
              <Value>0</Value>
            </HeartRateBpm>
            <Cadence>92</Cadence>
            <DistanceMeters>17622.27000</DistanceMeters>
            <Extensions>
              <TPX xmlns="http://www.garmin.com/xmlschemas/ActivityExtension/v2">
                <Watts>188</Watts>
              </TPX>
            </Extensions>
          </Trackpoint>
          <Trackpoint>
            <Time>2010-10-19T21:31:44Z</Time>
            <AltitudeMeters>0.0</AltitudeMeters>
            <HeartRateBpm>
              <Value>0</Value>
            </HeartRateBpm>
            <Cadence>91</Cadence>
            <DistanceMeters>17654.45000</DistanceMeters>
            <Extensions>
              <TPX xmlns="http://www.garmin.com/xmlschemas/ActivityExtension/v2">
                <Watts>184</Watts>
              </TPX>
            </Extensions>
          </Trackpoint>
          <Trackpoint>
            <Time>2010-10-19T21:31:47Z</Time>
            <AltitudeMeters>0.0</AltitudeMeters>
            <HeartRateBpm>
              <Value>0</Value>
            </HeartRateBpm>
            <Cadence>92</Cadence>
            <DistanceMeters>17670.55000</DistanceMeters>
            <Extensions>
              <TPX xmlns="http://www.garmin.com/xmlschemas/ActivityExtension/v2">
                <Watts>184</Watts>
              </TPX>
            </Extensions>
          </Trackpoint>
          <Trackpoint>
            <Time>2010-10-19T21:31:50Z</Time>
            <AltitudeMeters>0.0</AltitudeMeters>
            <HeartRateBpm>
              <Value>0</Value>
            </HeartRateBpm>
            <Cadence>93</Cadence>
            <DistanceMeters>17702.73000</DistanceMeters>
            <Extensions>
              <TPX xmlns="http://www.garmin.com/xmlschemas/ActivityExtension/v2">
                <Watts>189</Watts>
              </TPX>
            </Extensions>
          </Trackpoint>
          <Trackpoint>
            <Time>2010-10-19T21:31:53Z</Time>
            <AltitudeMeters>0.0</AltitudeMeters>
            <HeartRateBpm>
              <Value>0</Value>
            </HeartRateBpm>
            <Cadence>93</Cadence>
            <DistanceMeters>17734.92000</DistanceMeters>
            <Extensions>
              <TPX xmlns="http://www.garmin.com/xmlschemas/ActivityExtension/v2">
                <Watts>190</Watts>
              </TPX>
            </Extensions>
          </Trackpoint>
          <Trackpoint>
            <Time>2010-10-19T21:31:56Z</Time>
            <AltitudeMeters>0.0</AltitudeMeters>
            <HeartRateBpm>
              <Value>0</Value>
            </HeartRateBpm>
            <Cadence>90</Cadence>
            <DistanceMeters>17767.11000</DistanceMeters>
            <Extensions>
              <TPX xmlns="http://www.garmin.com/xmlschemas/ActivityExtension/v2">
                <Watts>181</Watts>
              </TPX>
            </Extensions>
          </Trackpoint>
          <Trackpoint>
            <Time>2010-10-19T21:31:59Z</Time>
            <AltitudeMeters>0.0</AltitudeMeters>
            <HeartRateBpm>
              <Value>0</Value>
            </HeartRateBpm>
            <Cadence>89</Cadence>
            <DistanceMeters>17799.30000</DistanceMeters>
            <Extensions>
              <TPX xmlns="http://www.garmin.com/xmlschemas/ActivityExtension/v2">
                <Watts>180</Watts>
              </TPX>
            </Extensions>
          </Trackpoint>
          <Trackpoint>
            <Time>2010-10-19T21:32:02Z</Time>
            <AltitudeMeters>0.0</AltitudeMeters>
            <HeartRateBpm>
              <Value>0</Value>
            </HeartRateBpm>
            <Cadence>91</Cadence>
            <DistanceMeters>17831.48000</DistanceMeters>
            <Extensions>
              <TPX xmlns="http://www.garmin.com/xmlschemas/ActivityExtension/v2">
                <Watts>180</Watts>
              </TPX>
            </Extensions>
          </Trackpoint>
          <Trackpoint>
            <Time>2010-10-19T21:32:05Z</Time>
            <AltitudeMeters>0.0</AltitudeMeters>
            <HeartRateBpm>
              <Value>0</Value>
            </HeartRateBpm>
            <Cadence>92</Cadence>
            <DistanceMeters>17863.67000</DistanceMeters>
            <Extensions>
              <TPX xmlns="http://www.garmin.com/xmlschemas/ActivityExtension/v2">
                <Watts>188</Watts>
              </TPX>
            </Extensions>
          </Trackpoint>
          <Trackpoint>
            <Time>2010-10-19T21:32:08Z</Time>
            <AltitudeMeters>0.0</AltitudeMeters>
            <HeartRateBpm>
              <Value>0</Value>
            </HeartRateBpm>
            <Cadence>94</Cadence>
            <DistanceMeters>17895.86000</DistanceMeters>
            <Extensions>
              <TPX xmlns="http://www.garmin.com/xmlschemas/ActivityExtension/v2">
                <Watts>197</Watts>
              </TPX>
            </Extensions>
          </Trackpoint>
          <Trackpoint>
            <Time>2010-10-19T21:32:11Z</Time>
            <AltitudeMeters>0.0</AltitudeMeters>
            <HeartRateBpm>
              <Value>0</Value>
            </HeartRateBpm>
            <Cadence>92</Cadence>
            <DistanceMeters>17911.95000</DistanceMeters>
            <Extensions>
              <TPX xmlns="http://www.garmin.com/xmlschemas/ActivityExtension/v2">
                <Watts>194</Watts>
              </TPX>
            </Extensions>
          </Trackpoint>
          <Trackpoint>
            <Time>2010-10-19T21:32:14Z</Time>
            <AltitudeMeters>0.0</AltitudeMeters>
            <HeartRateBpm>
              <Value>0</Value>
            </HeartRateBpm>
            <Cadence>91</Cadence>
            <DistanceMeters>17944.14000</DistanceMeters>
            <Extensions>
              <TPX xmlns="http://www.garmin.com/xmlschemas/ActivityExtension/v2">
                <Watts>188</Watts>
              </TPX>
            </Extensions>
          </Trackpoint>
          <Trackpoint>
            <Time>2010-10-19T21:32:17Z</Time>
            <AltitudeMeters>0.0</AltitudeMeters>
            <HeartRateBpm>
              <Value>0</Value>
            </HeartRateBpm>
            <Cadence>93</Cadence>
            <DistanceMeters>17976.32000</DistanceMeters>
            <Extensions>
              <TPX xmlns="http://www.garmin.com/xmlschemas/ActivityExtension/v2">
                <Watts>184</Watts>
              </TPX>
            </Extensions>
          </Trackpoint>
          <Trackpoint>
            <Time>2010-10-19T21:32:20Z</Time>
            <AltitudeMeters>0.0</AltitudeMeters>
            <HeartRateBpm>
              <Value>0</Value>
            </HeartRateBpm>
            <Cadence>91</Cadence>
            <DistanceMeters>18008.51000</DistanceMeters>
            <Extensions>
              <TPX xmlns="http://www.garmin.com/xmlschemas/ActivityExtension/v2">
                <Watts>185</Watts>
              </TPX>
            </Extensions>
          </Trackpoint>
          <Trackpoint>
            <Time>2010-10-19T21:32:23Z</Time>
            <AltitudeMeters>0.0</AltitudeMeters>
            <HeartRateBpm>
              <Value>0</Value>
            </HeartRateBpm>
            <Cadence>92</Cadence>
            <DistanceMeters>18040.70000</DistanceMeters>
            <Extensions>
              <TPX xmlns="http://www.garmin.com/xmlschemas/ActivityExtension/v2">
                <Watts>185</Watts>
              </TPX>
            </Extensions>
          </Trackpoint>
          <Trackpoint>
            <Time>2010-10-19T21:32:26Z</Time>
            <AltitudeMeters>0.0</AltitudeMeters>
            <HeartRateBpm>
              <Value>0</Value>
            </HeartRateBpm>
            <Cadence>94</Cadence>
            <DistanceMeters>18072.88000</DistanceMeters>
            <Extensions>
              <TPX xmlns="http://www.garmin.com/xmlschemas/ActivityExtension/v2">
                <Watts>195</Watts>
              </TPX>
            </Extensions>
          </Trackpoint>
          <Trackpoint>
            <Time>2010-10-19T21:32:29Z</Time>
            <AltitudeMeters>0.0</AltitudeMeters>
            <HeartRateBpm>
              <Value>0</Value>
            </HeartRateBpm>
            <Cadence>93</Cadence>
            <DistanceMeters>18105.07000</DistanceMeters>
            <Extensions>
              <TPX xmlns="http://www.garmin.com/xmlschemas/ActivityExtension/v2">
                <Watts>194</Watts>
              </TPX>
            </Extensions>
          </Trackpoint>
          <Trackpoint>
            <Time>2010-10-19T21:32:32Z</Time>
            <AltitudeMeters>0.0</AltitudeMeters>
            <HeartRateBpm>
              <Value>0</Value>
            </HeartRateBpm>
            <Cadence>90</Cadence>
            <DistanceMeters>18137.26000</DistanceMeters>
            <Extensions>
              <TPX xmlns="http://www.garmin.com/xmlschemas/ActivityExtension/v2">
                <Watts>181</Watts>
              </TPX>
            </Extensions>
          </Trackpoint>
          <Trackpoint>
            <Time>2010-10-19T21:32:35Z</Time>
            <AltitudeMeters>0.0</AltitudeMeters>
            <HeartRateBpm>
              <Value>0</Value>
            </HeartRateBpm>
            <Cadence>92</Cadence>
            <DistanceMeters>18169.44000</DistanceMeters>
            <Extensions>
              <TPX xmlns="http://www.garmin.com/xmlschemas/ActivityExtension/v2">
                <Watts>193</Watts>
              </TPX>
            </Extensions>
          </Trackpoint>
          <Trackpoint>
            <Time>2010-10-19T21:32:38Z</Time>
            <AltitudeMeters>0.0</AltitudeMeters>
            <HeartRateBpm>
              <Value>0</Value>
            </HeartRateBpm>
            <Cadence>91</Cadence>
            <DistanceMeters>18185.54000</DistanceMeters>
            <Extensions>
              <TPX xmlns="http://www.garmin.com/xmlschemas/ActivityExtension/v2">
                <Watts>187</Watts>
              </TPX>
            </Extensions>
          </Trackpoint>
          <Trackpoint>
            <Time>2010-10-19T21:32:41Z</Time>
            <AltitudeMeters>0.0</AltitudeMeters>
            <HeartRateBpm>
              <Value>0</Value>
            </HeartRateBpm>
            <Cadence>89</Cadence>
            <DistanceMeters>18217.72000</DistanceMeters>
            <Extensions>
              <TPX xmlns="http://www.garmin.com/xmlschemas/ActivityExtension/v2">
                <Watts>177</Watts>
              </TPX>
            </Extensions>
          </Trackpoint>
          <Trackpoint>
            <Time>2010-10-19T21:32:44Z</Time>
            <AltitudeMeters>0.0</AltitudeMeters>
            <HeartRateBpm>
              <Value>0</Value>
            </HeartRateBpm>
            <Cadence>90</Cadence>
            <DistanceMeters>18249.91000</DistanceMeters>
            <Extensions>
              <TPX xmlns="http://www.garmin.com/xmlschemas/ActivityExtension/v2">
                <Watts>183</Watts>
              </TPX>
            </Extensions>
          </Trackpoint>
          <Trackpoint>
            <Time>2010-10-19T21:32:47Z</Time>
            <AltitudeMeters>0.0</AltitudeMeters>
            <HeartRateBpm>
              <Value>0</Value>
            </HeartRateBpm>
            <Cadence>91</Cadence>
            <DistanceMeters>18282.10000</DistanceMeters>
            <Extensions>
              <TPX xmlns="http://www.garmin.com/xmlschemas/ActivityExtension/v2">
                <Watts>182</Watts>
              </TPX>
            </Extensions>
          </Trackpoint>
          <Trackpoint>
            <Time>2010-10-19T21:32:50Z</Time>
            <AltitudeMeters>0.0</AltitudeMeters>
            <HeartRateBpm>
              <Value>0</Value>
            </HeartRateBpm>
            <Cadence>89</Cadence>
            <DistanceMeters>18314.28000</DistanceMeters>
            <Extensions>
              <TPX xmlns="http://www.garmin.com/xmlschemas/ActivityExtension/v2">
                <Watts>181</Watts>
              </TPX>
            </Extensions>
          </Trackpoint>
          <Trackpoint>
            <Time>2010-10-19T21:32:53Z</Time>
            <AltitudeMeters>0.0</AltitudeMeters>
            <HeartRateBpm>
              <Value>0</Value>
            </HeartRateBpm>
            <Cadence>88</Cadence>
            <DistanceMeters>18346.47000</DistanceMeters>
            <Extensions>
              <TPX xmlns="http://www.garmin.com/xmlschemas/ActivityExtension/v2">
                <Watts>177</Watts>
              </TPX>
            </Extensions>
          </Trackpoint>
          <Trackpoint>
            <Time>2010-10-19T21:32:56Z</Time>
            <AltitudeMeters>0.0</AltitudeMeters>
            <HeartRateBpm>
              <Value>0</Value>
            </HeartRateBpm>
            <Cadence>88</Cadence>
            <DistanceMeters>18362.56000</DistanceMeters>
            <Extensions>
              <TPX xmlns="http://www.garmin.com/xmlschemas/ActivityExtension/v2">
                <Watts>171</Watts>
              </TPX>
            </Extensions>
          </Trackpoint>
          <Trackpoint>
            <Time>2010-10-19T21:32:59Z</Time>
            <AltitudeMeters>0.0</AltitudeMeters>
            <HeartRateBpm>
              <Value>0</Value>
            </HeartRateBpm>
            <Cadence>105</Cadence>
            <DistanceMeters>18394.75000</DistanceMeters>
            <Extensions>
              <TPX xmlns="http://www.garmin.com/xmlschemas/ActivityExtension/v2">
                <Watts>240</Watts>
              </TPX>
            </Extensions>
          </Trackpoint>
          <Trackpoint>
            <Time>2010-10-19T21:33:02Z</Time>
            <AltitudeMeters>0.0</AltitudeMeters>
            <HeartRateBpm>
              <Value>0</Value>
            </HeartRateBpm>
            <Cadence>92</Cadence>
            <DistanceMeters>18426.94000</DistanceMeters>
            <Extensions>
              <TPX xmlns="http://www.garmin.com/xmlschemas/ActivityExtension/v2">
                <Watts>188</Watts>
              </TPX>
            </Extensions>
          </Trackpoint>
          <Trackpoint>
            <Time>2010-10-19T21:33:05Z</Time>
            <AltitudeMeters>0.0</AltitudeMeters>
            <HeartRateBpm>
              <Value>0</Value>
            </HeartRateBpm>
            <Cadence>92</Cadence>
            <DistanceMeters>18459.12000</DistanceMeters>
            <Extensions>
              <TPX xmlns="http://www.garmin.com/xmlschemas/ActivityExtension/v2">
                <Watts>188</Watts>
              </TPX>
            </Extensions>
          </Trackpoint>
          <Trackpoint>
            <Time>2010-10-19T21:33:08Z</Time>
            <AltitudeMeters>0.0</AltitudeMeters>
            <HeartRateBpm>
              <Value>0</Value>
            </HeartRateBpm>
            <Cadence>92</Cadence>
            <DistanceMeters>18491.31000</DistanceMeters>
            <Extensions>
              <TPX xmlns="http://www.garmin.com/xmlschemas/ActivityExtension/v2">
                <Watts>188</Watts>
              </TPX>
            </Extensions>
          </Trackpoint>
          <Trackpoint>
            <Time>2010-10-19T21:33:11Z</Time>
            <AltitudeMeters>0.0</AltitudeMeters>
            <HeartRateBpm>
              <Value>0</Value>
            </HeartRateBpm>
            <Cadence>92</Cadence>
            <DistanceMeters>18523.50000</DistanceMeters>
            <Extensions>
              <TPX xmlns="http://www.garmin.com/xmlschemas/ActivityExtension/v2">
                <Watts>186</Watts>
              </TPX>
            </Extensions>
          </Trackpoint>
          <Trackpoint>
            <Time>2010-10-19T21:33:14Z</Time>
            <AltitudeMeters>0.0</AltitudeMeters>
            <HeartRateBpm>
              <Value>0</Value>
            </HeartRateBpm>
            <Cadence>90</Cadence>
            <DistanceMeters>18555.69000</DistanceMeters>
            <Extensions>
              <TPX xmlns="http://www.garmin.com/xmlschemas/ActivityExtension/v2">
                <Watts>183</Watts>
              </TPX>
            </Extensions>
          </Trackpoint>
          <Trackpoint>
            <Time>2010-10-19T21:33:17Z</Time>
            <AltitudeMeters>0.0</AltitudeMeters>
            <HeartRateBpm>
              <Value>0</Value>
            </HeartRateBpm>
            <Cadence>91</Cadence>
            <DistanceMeters>18587.87000</DistanceMeters>
            <Extensions>
              <TPX xmlns="http://www.garmin.com/xmlschemas/ActivityExtension/v2">
                <Watts>182</Watts>
              </TPX>
            </Extensions>
          </Trackpoint>
          <Trackpoint>
            <Time>2010-10-19T21:33:20Z</Time>
            <AltitudeMeters>0.0</AltitudeMeters>
            <HeartRateBpm>
              <Value>0</Value>
            </HeartRateBpm>
            <Cadence>92</Cadence>
            <DistanceMeters>18620.06000</DistanceMeters>
            <Extensions>
              <TPX xmlns="http://www.garmin.com/xmlschemas/ActivityExtension/v2">
                <Watts>143</Watts>
              </TPX>
            </Extensions>
          </Trackpoint>
          <Trackpoint>
            <Time>2010-10-19T21:33:23Z</Time>
            <AltitudeMeters>0.0</AltitudeMeters>
            <HeartRateBpm>
              <Value>0</Value>
            </HeartRateBpm>
            <Cadence>94</Cadence>
            <DistanceMeters>18636.15000</DistanceMeters>
            <Extensions>
              <TPX xmlns="http://www.garmin.com/xmlschemas/ActivityExtension/v2">
                <Watts>143</Watts>
              </TPX>
            </Extensions>
          </Trackpoint>
          <Trackpoint>
            <Time>2010-10-19T21:33:26Z</Time>
            <AltitudeMeters>0.0</AltitudeMeters>
            <HeartRateBpm>
              <Value>0</Value>
            </HeartRateBpm>
            <Cadence>92</Cadence>
            <DistanceMeters>18668.34000</DistanceMeters>
            <Extensions>
              <TPX xmlns="http://www.garmin.com/xmlschemas/ActivityExtension/v2">
                <Watts>145</Watts>
              </TPX>
            </Extensions>
          </Trackpoint>
          <Trackpoint>
            <Time>2010-10-19T21:33:29Z</Time>
            <AltitudeMeters>0.0</AltitudeMeters>
            <HeartRateBpm>
              <Value>0</Value>
            </HeartRateBpm>
            <Cadence>90</Cadence>
            <DistanceMeters>18684.43000</DistanceMeters>
            <Extensions>
              <TPX xmlns="http://www.garmin.com/xmlschemas/ActivityExtension/v2">
                <Watts>153</Watts>
              </TPX>
            </Extensions>
          </Trackpoint>
          <Trackpoint>
            <Time>2010-10-19T21:33:32Z</Time>
            <AltitudeMeters>0.0</AltitudeMeters>
            <HeartRateBpm>
              <Value>0</Value>
            </HeartRateBpm>
            <Cadence>90</Cadence>
            <DistanceMeters>18716.62000</DistanceMeters>
            <Extensions>
              <TPX xmlns="http://www.garmin.com/xmlschemas/ActivityExtension/v2">
                <Watts>134</Watts>
              </TPX>
            </Extensions>
          </Trackpoint>
          <Trackpoint>
            <Time>2010-10-19T21:33:35Z</Time>
            <AltitudeMeters>0.0</AltitudeMeters>
            <HeartRateBpm>
              <Value>0</Value>
            </HeartRateBpm>
            <Cadence>90</Cadence>
            <DistanceMeters>18732.71000</DistanceMeters>
            <Extensions>
              <TPX xmlns="http://www.garmin.com/xmlschemas/ActivityExtension/v2">
                <Watts>146</Watts>
              </TPX>
            </Extensions>
          </Trackpoint>
          <Trackpoint>
            <Time>2010-10-19T21:33:38Z</Time>
            <AltitudeMeters>0.0</AltitudeMeters>
            <HeartRateBpm>
              <Value>0</Value>
            </HeartRateBpm>
            <Cadence>90</Cadence>
            <DistanceMeters>18764.90000</DistanceMeters>
            <Extensions>
              <TPX xmlns="http://www.garmin.com/xmlschemas/ActivityExtension/v2">
                <Watts>147</Watts>
              </TPX>
            </Extensions>
          </Trackpoint>
          <Trackpoint>
            <Time>2010-10-19T21:33:41Z</Time>
            <AltitudeMeters>0.0</AltitudeMeters>
            <HeartRateBpm>
              <Value>0</Value>
            </HeartRateBpm>
            <Cadence>90</Cadence>
            <DistanceMeters>18780.99000</DistanceMeters>
            <Extensions>
              <TPX xmlns="http://www.garmin.com/xmlschemas/ActivityExtension/v2">
                <Watts>149</Watts>
              </TPX>
            </Extensions>
          </Trackpoint>
          <Trackpoint>
            <Time>2010-10-19T21:33:44Z</Time>
            <AltitudeMeters>0.0</AltitudeMeters>
            <HeartRateBpm>
              <Value>0</Value>
            </HeartRateBpm>
            <Cadence>90</Cadence>
            <DistanceMeters>18813.18000</DistanceMeters>
            <Extensions>
              <TPX xmlns="http://www.garmin.com/xmlschemas/ActivityExtension/v2">
                <Watts>145</Watts>
              </TPX>
            </Extensions>
          </Trackpoint>
          <Trackpoint>
            <Time>2010-10-19T21:33:47Z</Time>
            <AltitudeMeters>0.0</AltitudeMeters>
            <HeartRateBpm>
              <Value>0</Value>
            </HeartRateBpm>
            <Cadence>90</Cadence>
            <DistanceMeters>18829.27000</DistanceMeters>
            <Extensions>
              <TPX xmlns="http://www.garmin.com/xmlschemas/ActivityExtension/v2">
                <Watts>147</Watts>
              </TPX>
            </Extensions>
          </Trackpoint>
          <Trackpoint>
            <Time>2010-10-19T21:33:50Z</Time>
            <AltitudeMeters>0.0</AltitudeMeters>
            <HeartRateBpm>
              <Value>0</Value>
            </HeartRateBpm>
            <Cadence>89</Cadence>
            <DistanceMeters>18861.46000</DistanceMeters>
            <Extensions>
              <TPX xmlns="http://www.garmin.com/xmlschemas/ActivityExtension/v2">
                <Watts>146</Watts>
              </TPX>
            </Extensions>
          </Trackpoint>
          <Trackpoint>
            <Time>2010-10-19T21:33:53Z</Time>
            <AltitudeMeters>0.0</AltitudeMeters>
            <HeartRateBpm>
              <Value>0</Value>
            </HeartRateBpm>
            <Cadence>88</Cadence>
            <DistanceMeters>18877.55000</DistanceMeters>
            <Extensions>
              <TPX xmlns="http://www.garmin.com/xmlschemas/ActivityExtension/v2">
                <Watts>144</Watts>
              </TPX>
            </Extensions>
          </Trackpoint>
          <Trackpoint>
            <Time>2010-10-19T21:33:56Z</Time>
            <AltitudeMeters>0.0</AltitudeMeters>
            <HeartRateBpm>
              <Value>0</Value>
            </HeartRateBpm>
            <Cadence>77</Cadence>
            <DistanceMeters>18909.74000</DistanceMeters>
            <Extensions>
              <TPX xmlns="http://www.garmin.com/xmlschemas/ActivityExtension/v2">
                <Watts>115</Watts>
              </TPX>
            </Extensions>
          </Trackpoint>
          <Trackpoint>
            <Time>2010-10-19T21:33:59Z</Time>
            <AltitudeMeters>0.0</AltitudeMeters>
            <HeartRateBpm>
              <Value>0</Value>
            </HeartRateBpm>
            <Cadence>79</Cadence>
            <DistanceMeters>18925.83000</DistanceMeters>
            <Extensions>
              <TPX xmlns="http://www.garmin.com/xmlschemas/ActivityExtension/v2">
                <Watts>114</Watts>
              </TPX>
            </Extensions>
          </Trackpoint>
          <Trackpoint>
            <Time>2010-10-19T21:34:02Z</Time>
            <AltitudeMeters>0.0</AltitudeMeters>
            <HeartRateBpm>
              <Value>0</Value>
            </HeartRateBpm>
            <Cadence>82</Cadence>
            <DistanceMeters>18941.93000</DistanceMeters>
            <Extensions>
              <TPX xmlns="http://www.garmin.com/xmlschemas/ActivityExtension/v2">
                <Watts>117</Watts>
              </TPX>
            </Extensions>
          </Trackpoint>
          <Trackpoint>
            <Time>2010-10-19T21:34:05Z</Time>
            <AltitudeMeters>0.0</AltitudeMeters>
            <HeartRateBpm>
              <Value>0</Value>
            </HeartRateBpm>
            <Cadence>81</Cadence>
            <DistanceMeters>18958.02000</DistanceMeters>
            <Extensions>
              <TPX xmlns="http://www.garmin.com/xmlschemas/ActivityExtension/v2">
                <Watts>135</Watts>
              </TPX>
            </Extensions>
          </Trackpoint>
          <Trackpoint>
            <Time>2010-10-19T21:34:08Z</Time>
            <AltitudeMeters>0.0</AltitudeMeters>
            <HeartRateBpm>
              <Value>0</Value>
            </HeartRateBpm>
            <Cadence>90</Cadence>
            <DistanceMeters>18990.21000</DistanceMeters>
            <Extensions>
              <TPX xmlns="http://www.garmin.com/xmlschemas/ActivityExtension/v2">
                <Watts>133</Watts>
              </TPX>
            </Extensions>
          </Trackpoint>
          <Trackpoint>
            <Time>2010-10-19T21:34:11Z</Time>
            <AltitudeMeters>0.0</AltitudeMeters>
            <HeartRateBpm>
              <Value>0</Value>
            </HeartRateBpm>
            <Cadence>89</Cadence>
            <DistanceMeters>19006.30000</DistanceMeters>
            <Extensions>
              <TPX xmlns="http://www.garmin.com/xmlschemas/ActivityExtension/v2">
                <Watts>147</Watts>
              </TPX>
            </Extensions>
          </Trackpoint>
          <Trackpoint>
            <Time>2010-10-19T21:34:14Z</Time>
            <AltitudeMeters>0.0</AltitudeMeters>
            <HeartRateBpm>
              <Value>0</Value>
            </HeartRateBpm>
            <Cadence>87</Cadence>
            <DistanceMeters>19022.39000</DistanceMeters>
            <Extensions>
              <TPX xmlns="http://www.garmin.com/xmlschemas/ActivityExtension/v2">
                <Watts>144</Watts>
              </TPX>
            </Extensions>
          </Trackpoint>
          <Trackpoint>
            <Time>2010-10-19T21:34:17Z</Time>
            <AltitudeMeters>0.0</AltitudeMeters>
            <HeartRateBpm>
              <Value>0</Value>
            </HeartRateBpm>
            <Cadence>87</Cadence>
            <DistanceMeters>19054.58000</DistanceMeters>
            <Extensions>
              <TPX xmlns="http://www.garmin.com/xmlschemas/ActivityExtension/v2">
                <Watts>139</Watts>
              </TPX>
            </Extensions>
          </Trackpoint>
          <Trackpoint>
            <Time>2010-10-19T21:34:20Z</Time>
            <AltitudeMeters>0.0</AltitudeMeters>
            <HeartRateBpm>
              <Value>0</Value>
            </HeartRateBpm>
            <Cadence>89</Cadence>
            <DistanceMeters>19070.67000</DistanceMeters>
            <Extensions>
              <TPX xmlns="http://www.garmin.com/xmlschemas/ActivityExtension/v2">
                <Watts>139</Watts>
              </TPX>
            </Extensions>
          </Trackpoint>
          <Trackpoint>
            <Time>2010-10-19T21:34:23Z</Time>
            <AltitudeMeters>0.0</AltitudeMeters>
            <HeartRateBpm>
              <Value>0</Value>
            </HeartRateBpm>
            <Cadence>86</Cadence>
            <DistanceMeters>19102.86000</DistanceMeters>
            <Extensions>
              <TPX xmlns="http://www.garmin.com/xmlschemas/ActivityExtension/v2">
                <Watts>144</Watts>
              </TPX>
            </Extensions>
          </Trackpoint>
          <Trackpoint>
            <Time>2010-10-19T21:34:26Z</Time>
            <AltitudeMeters>0.0</AltitudeMeters>
            <HeartRateBpm>
              <Value>0</Value>
            </HeartRateBpm>
            <Cadence>84</Cadence>
            <DistanceMeters>19118.95000</DistanceMeters>
            <Extensions>
              <TPX xmlns="http://www.garmin.com/xmlschemas/ActivityExtension/v2">
                <Watts>136</Watts>
              </TPX>
            </Extensions>
          </Trackpoint>
          <Trackpoint>
            <Time>2010-10-19T21:34:29Z</Time>
            <AltitudeMeters>0.0</AltitudeMeters>
            <HeartRateBpm>
              <Value>0</Value>
            </HeartRateBpm>
            <Cadence>83</Cadence>
            <DistanceMeters>19151.14000</DistanceMeters>
            <Extensions>
              <TPX xmlns="http://www.garmin.com/xmlschemas/ActivityExtension/v2">
                <Watts>129</Watts>
              </TPX>
            </Extensions>
          </Trackpoint>
          <Trackpoint>
            <Time>2010-10-19T21:34:32Z</Time>
            <AltitudeMeters>0.0</AltitudeMeters>
            <HeartRateBpm>
              <Value>0</Value>
            </HeartRateBpm>
            <Cadence>86</Cadence>
            <DistanceMeters>19167.23000</DistanceMeters>
            <Extensions>
              <TPX xmlns="http://www.garmin.com/xmlschemas/ActivityExtension/v2">
                <Watts>134</Watts>
              </TPX>
            </Extensions>
          </Trackpoint>
          <Trackpoint>
            <Time>2010-10-19T21:34:35Z</Time>
            <AltitudeMeters>0.0</AltitudeMeters>
            <HeartRateBpm>
              <Value>0</Value>
            </HeartRateBpm>
            <Cadence>87</Cadence>
            <DistanceMeters>19183.33000</DistanceMeters>
            <Extensions>
              <TPX xmlns="http://www.garmin.com/xmlschemas/ActivityExtension/v2">
                <Watts>137</Watts>
              </TPX>
            </Extensions>
          </Trackpoint>
          <Trackpoint>
            <Time>2010-10-19T21:34:38Z</Time>
            <AltitudeMeters>0.0</AltitudeMeters>
            <HeartRateBpm>
              <Value>0</Value>
            </HeartRateBpm>
            <Cadence>85</Cadence>
            <DistanceMeters>19215.51000</DistanceMeters>
            <Extensions>
              <TPX xmlns="http://www.garmin.com/xmlschemas/ActivityExtension/v2">
                <Watts>134</Watts>
              </TPX>
            </Extensions>
          </Trackpoint>
          <Trackpoint>
            <Time>2010-10-19T21:34:41Z</Time>
            <AltitudeMeters>0.0</AltitudeMeters>
            <HeartRateBpm>
              <Value>0</Value>
            </HeartRateBpm>
            <Cadence>84</Cadence>
            <DistanceMeters>19231.61000</DistanceMeters>
            <Extensions>
              <TPX xmlns="http://www.garmin.com/xmlschemas/ActivityExtension/v2">
                <Watts>132</Watts>
              </TPX>
            </Extensions>
          </Trackpoint>
          <Trackpoint>
            <Time>2010-10-19T21:34:44Z</Time>
            <AltitudeMeters>0.0</AltitudeMeters>
            <HeartRateBpm>
              <Value>0</Value>
            </HeartRateBpm>
            <Cadence>87</Cadence>
            <DistanceMeters>19247.70000</DistanceMeters>
            <Extensions>
              <TPX xmlns="http://www.garmin.com/xmlschemas/ActivityExtension/v2">
                <Watts>132</Watts>
              </TPX>
            </Extensions>
          </Trackpoint>
          <Trackpoint>
            <Time>2010-10-19T21:34:47Z</Time>
            <AltitudeMeters>0.0</AltitudeMeters>
            <HeartRateBpm>
              <Value>0</Value>
            </HeartRateBpm>
            <Cadence>85</Cadence>
            <DistanceMeters>19279.89000</DistanceMeters>
            <Extensions>
              <TPX xmlns="http://www.garmin.com/xmlschemas/ActivityExtension/v2">
                <Watts>138</Watts>
              </TPX>
            </Extensions>
          </Trackpoint>
          <Trackpoint>
            <Time>2010-10-19T21:34:50Z</Time>
            <AltitudeMeters>0.0</AltitudeMeters>
            <HeartRateBpm>
              <Value>0</Value>
            </HeartRateBpm>
            <Cadence>85</Cadence>
            <DistanceMeters>19295.98000</DistanceMeters>
            <Extensions>
              <TPX xmlns="http://www.garmin.com/xmlschemas/ActivityExtension/v2">
                <Watts>134</Watts>
              </TPX>
            </Extensions>
          </Trackpoint>
          <Trackpoint>
            <Time>2010-10-19T21:34:53Z</Time>
            <AltitudeMeters>0.0</AltitudeMeters>
            <HeartRateBpm>
              <Value>0</Value>
            </HeartRateBpm>
            <Cadence>77</Cadence>
            <DistanceMeters>19312.07000</DistanceMeters>
            <Extensions>
              <TPX xmlns="http://www.garmin.com/xmlschemas/ActivityExtension/v2">
                <Watts>294</Watts>
              </TPX>
            </Extensions>
          </Trackpoint>
          <Trackpoint>
            <Time>2010-10-19T21:34:56Z</Time>
            <AltitudeMeters>0.0</AltitudeMeters>
            <HeartRateBpm>
              <Value>0</Value>
            </HeartRateBpm>
            <Cadence>76</Cadence>
            <DistanceMeters>19344.26000</DistanceMeters>
            <Extensions>
              <TPX xmlns="http://www.garmin.com/xmlschemas/ActivityExtension/v2">
                <Watts>308</Watts>
              </TPX>
            </Extensions>
          </Trackpoint>
          <Trackpoint>
            <Time>2010-10-19T21:34:59Z</Time>
            <AltitudeMeters>0.0</AltitudeMeters>
            <HeartRateBpm>
              <Value>0</Value>
            </HeartRateBpm>
            <Cadence>70</Cadence>
            <DistanceMeters>19392.54000</DistanceMeters>
            <Extensions>
              <TPX xmlns="http://www.garmin.com/xmlschemas/ActivityExtension/v2">
                <Watts>323</Watts>
              </TPX>
            </Extensions>
          </Trackpoint>
          <Trackpoint>
            <Time>2010-10-19T21:35:02Z</Time>
            <AltitudeMeters>0.0</AltitudeMeters>
            <HeartRateBpm>
              <Value>0</Value>
            </HeartRateBpm>
            <Cadence>61</Cadence>
            <DistanceMeters>19440.82000</DistanceMeters>
            <Extensions>
              <TPX xmlns="http://www.garmin.com/xmlschemas/ActivityExtension/v2">
                <Watts>292</Watts>
              </TPX>
            </Extensions>
          </Trackpoint>
          <Trackpoint>
            <Time>2010-10-19T21:35:05Z</Time>
            <AltitudeMeters>0.0</AltitudeMeters>
            <HeartRateBpm>
              <Value>0</Value>
            </HeartRateBpm>
            <Cadence>70</Cadence>
            <DistanceMeters>19505.20000</DistanceMeters>
            <Extensions>
              <TPX xmlns="http://www.garmin.com/xmlschemas/ActivityExtension/v2">
                <Watts>317</Watts>
              </TPX>
            </Extensions>
          </Trackpoint>
          <Trackpoint>
            <Time>2010-10-19T21:35:08Z</Time>
            <AltitudeMeters>0.0</AltitudeMeters>
            <HeartRateBpm>
              <Value>0</Value>
            </HeartRateBpm>
            <Cadence>68</Cadence>
            <DistanceMeters>19537.38000</DistanceMeters>
            <Extensions>
              <TPX xmlns="http://www.garmin.com/xmlschemas/ActivityExtension/v2">
                <Watts>300</Watts>
              </TPX>
            </Extensions>
          </Trackpoint>
          <Trackpoint>
            <Time>2010-10-19T21:35:11Z</Time>
            <AltitudeMeters>0.0</AltitudeMeters>
            <HeartRateBpm>
              <Value>0</Value>
            </HeartRateBpm>
            <Cadence>66</Cadence>
            <DistanceMeters>19585.66000</DistanceMeters>
            <Extensions>
              <TPX xmlns="http://www.garmin.com/xmlschemas/ActivityExtension/v2">
                <Watts>285</Watts>
              </TPX>
            </Extensions>
          </Trackpoint>
          <Trackpoint>
            <Time>2010-10-19T21:35:14Z</Time>
            <AltitudeMeters>0.0</AltitudeMeters>
            <HeartRateBpm>
              <Value>0</Value>
            </HeartRateBpm>
            <Cadence>68</Cadence>
            <DistanceMeters>19633.94000</DistanceMeters>
            <Extensions>
              <TPX xmlns="http://www.garmin.com/xmlschemas/ActivityExtension/v2">
                <Watts>285</Watts>
              </TPX>
            </Extensions>
          </Trackpoint>
          <Trackpoint>
            <Time>2010-10-19T21:35:17Z</Time>
            <AltitudeMeters>0.0</AltitudeMeters>
            <HeartRateBpm>
              <Value>0</Value>
            </HeartRateBpm>
            <Cadence>68</Cadence>
            <DistanceMeters>19682.22000</DistanceMeters>
            <Extensions>
              <TPX xmlns="http://www.garmin.com/xmlschemas/ActivityExtension/v2">
                <Watts>300</Watts>
              </TPX>
            </Extensions>
          </Trackpoint>
          <Trackpoint>
            <Time>2010-10-19T21:35:20Z</Time>
            <AltitudeMeters>0.0</AltitudeMeters>
            <HeartRateBpm>
              <Value>0</Value>
            </HeartRateBpm>
            <Cadence>69</Cadence>
            <DistanceMeters>19730.50000</DistanceMeters>
            <Extensions>
              <TPX xmlns="http://www.garmin.com/xmlschemas/ActivityExtension/v2">
                <Watts>308</Watts>
              </TPX>
            </Extensions>
          </Trackpoint>
          <Trackpoint>
            <Time>2010-10-19T21:35:23Z</Time>
            <AltitudeMeters>0.0</AltitudeMeters>
            <HeartRateBpm>
              <Value>0</Value>
            </HeartRateBpm>
            <Cadence>68</Cadence>
            <DistanceMeters>19778.78000</DistanceMeters>
            <Extensions>
              <TPX xmlns="http://www.garmin.com/xmlschemas/ActivityExtension/v2">
                <Watts>295</Watts>
              </TPX>
            </Extensions>
          </Trackpoint>
          <Trackpoint>
            <Time>2010-10-19T21:35:26Z</Time>
            <AltitudeMeters>0.0</AltitudeMeters>
            <HeartRateBpm>
              <Value>0</Value>
            </HeartRateBpm>
            <Cadence>69</Cadence>
            <DistanceMeters>19827.06000</DistanceMeters>
            <Extensions>
              <TPX xmlns="http://www.garmin.com/xmlschemas/ActivityExtension/v2">
                <Watts>302</Watts>
              </TPX>
            </Extensions>
          </Trackpoint>
          <Trackpoint>
            <Time>2010-10-19T21:35:29Z</Time>
            <AltitudeMeters>0.0</AltitudeMeters>
            <HeartRateBpm>
              <Value>0</Value>
            </HeartRateBpm>
            <Cadence>69</Cadence>
            <DistanceMeters>19875.34000</DistanceMeters>
            <Extensions>
              <TPX xmlns="http://www.garmin.com/xmlschemas/ActivityExtension/v2">
                <Watts>308</Watts>
              </TPX>
            </Extensions>
          </Trackpoint>
          <Trackpoint>
            <Time>2010-10-19T21:35:32Z</Time>
            <AltitudeMeters>0.0</AltitudeMeters>
            <HeartRateBpm>
              <Value>0</Value>
            </HeartRateBpm>
            <Cadence>81</Cadence>
            <DistanceMeters>19923.62000</DistanceMeters>
            <Extensions>
              <TPX xmlns="http://www.garmin.com/xmlschemas/ActivityExtension/v2">
                <Watts>430</Watts>
              </TPX>
            </Extensions>
          </Trackpoint>
          <Trackpoint>
            <Time>2010-10-19T21:35:35Z</Time>
            <AltitudeMeters>0.0</AltitudeMeters>
            <HeartRateBpm>
              <Value>0</Value>
            </HeartRateBpm>
            <Cadence>66</Cadence>
            <DistanceMeters>19988.00000</DistanceMeters>
            <Extensions>
              <TPX xmlns="http://www.garmin.com/xmlschemas/ActivityExtension/v2">
                <Watts>291</Watts>
              </TPX>
            </Extensions>
          </Trackpoint>
          <Trackpoint>
            <Time>2010-10-19T21:35:38Z</Time>
            <AltitudeMeters>0.0</AltitudeMeters>
            <HeartRateBpm>
              <Value>0</Value>
            </HeartRateBpm>
            <Cadence>69</Cadence>
            <DistanceMeters>20036.28000</DistanceMeters>
            <Extensions>
              <TPX xmlns="http://www.garmin.com/xmlschemas/ActivityExtension/v2">
                <Watts>291</Watts>
              </TPX>
            </Extensions>
          </Trackpoint>
          <Trackpoint>
            <Time>2010-10-19T21:35:41Z</Time>
            <AltitudeMeters>0.0</AltitudeMeters>
            <HeartRateBpm>
              <Value>0</Value>
            </HeartRateBpm>
            <Cadence>65</Cadence>
            <DistanceMeters>20084.56000</DistanceMeters>
            <Extensions>
              <TPX xmlns="http://www.garmin.com/xmlschemas/ActivityExtension/v2">
                <Watts>271</Watts>
              </TPX>
            </Extensions>
          </Trackpoint>
          <Trackpoint>
            <Time>2010-10-19T21:35:44Z</Time>
            <AltitudeMeters>0.0</AltitudeMeters>
            <HeartRateBpm>
              <Value>0</Value>
            </HeartRateBpm>
            <Cadence>85</Cadence>
            <DistanceMeters>20132.84000</DistanceMeters>
            <Extensions>
              <TPX xmlns="http://www.garmin.com/xmlschemas/ActivityExtension/v2">
                <Watts>218</Watts>
              </TPX>
            </Extensions>
          </Trackpoint>
          <Trackpoint>
            <Time>2010-10-19T21:35:47Z</Time>
            <AltitudeMeters>0.0</AltitudeMeters>
            <HeartRateBpm>
              <Value>0</Value>
            </HeartRateBpm>
            <Cadence>88</Cadence>
            <DistanceMeters>20181.12000</DistanceMeters>
            <Extensions>
              <TPX xmlns="http://www.garmin.com/xmlschemas/ActivityExtension/v2">
                <Watts>260</Watts>
              </TPX>
            </Extensions>
          </Trackpoint>
          <Trackpoint>
            <Time>2010-10-19T21:35:50Z</Time>
            <AltitudeMeters>0.0</AltitudeMeters>
            <HeartRateBpm>
              <Value>0</Value>
            </HeartRateBpm>
            <Cadence>88</Cadence>
            <DistanceMeters>20213.31000</DistanceMeters>
            <Extensions>
              <TPX xmlns="http://www.garmin.com/xmlschemas/ActivityExtension/v2">
                <Watts>243</Watts>
              </TPX>
            </Extensions>
          </Trackpoint>
          <Trackpoint>
            <Time>2010-10-19T21:35:53Z</Time>
            <AltitudeMeters>0.0</AltitudeMeters>
            <HeartRateBpm>
              <Value>0</Value>
            </HeartRateBpm>
            <Cadence>86</Cadence>
            <DistanceMeters>20245.49000</DistanceMeters>
            <Extensions>
              <TPX xmlns="http://www.garmin.com/xmlschemas/ActivityExtension/v2">
                <Watts>239</Watts>
              </TPX>
            </Extensions>
          </Trackpoint>
          <Trackpoint>
            <Time>2010-10-19T21:35:56Z</Time>
            <AltitudeMeters>0.0</AltitudeMeters>
            <HeartRateBpm>
              <Value>0</Value>
            </HeartRateBpm>
            <Cadence>87</Cadence>
            <DistanceMeters>20293.77000</DistanceMeters>
            <Extensions>
              <TPX xmlns="http://www.garmin.com/xmlschemas/ActivityExtension/v2">
                <Watts>222</Watts>
              </TPX>
            </Extensions>
          </Trackpoint>
          <Trackpoint>
            <Time>2010-10-19T21:35:59Z</Time>
            <AltitudeMeters>0.0</AltitudeMeters>
            <HeartRateBpm>
              <Value>0</Value>
            </HeartRateBpm>
            <Cadence>88</Cadence>
            <DistanceMeters>20325.96000</DistanceMeters>
            <Extensions>
              <TPX xmlns="http://www.garmin.com/xmlschemas/ActivityExtension/v2">
                <Watts>219</Watts>
              </TPX>
            </Extensions>
          </Trackpoint>
          <Trackpoint>
            <Time>2010-10-19T21:36:02Z</Time>
            <AltitudeMeters>0.0</AltitudeMeters>
            <HeartRateBpm>
              <Value>0</Value>
            </HeartRateBpm>
            <Cadence>99</Cadence>
            <DistanceMeters>20358.15000</DistanceMeters>
            <Extensions>
              <TPX xmlns="http://www.garmin.com/xmlschemas/ActivityExtension/v2">
                <Watts>224</Watts>
              </TPX>
            </Extensions>
          </Trackpoint>
          <Trackpoint>
            <Time>2010-10-19T21:36:05Z</Time>
            <AltitudeMeters>0.0</AltitudeMeters>
            <HeartRateBpm>
              <Value>0</Value>
            </HeartRateBpm>
            <Cadence>85</Cadence>
            <DistanceMeters>20390.33000</DistanceMeters>
            <Extensions>
              <TPX xmlns="http://www.garmin.com/xmlschemas/ActivityExtension/v2">
                <Watts>179</Watts>
              </TPX>
            </Extensions>
          </Trackpoint>
          <Trackpoint>
            <Time>2010-10-19T21:36:08Z</Time>
            <AltitudeMeters>0.0</AltitudeMeters>
            <HeartRateBpm>
              <Value>0</Value>
            </HeartRateBpm>
            <Cadence>84</Cadence>
            <DistanceMeters>20438.61000</DistanceMeters>
            <Extensions>
              <TPX xmlns="http://www.garmin.com/xmlschemas/ActivityExtension/v2">
                <Watts>172</Watts>
              </TPX>
            </Extensions>
          </Trackpoint>
          <Trackpoint>
            <Time>2010-10-19T21:36:11Z</Time>
            <AltitudeMeters>0.0</AltitudeMeters>
            <HeartRateBpm>
              <Value>0</Value>
            </HeartRateBpm>
            <Cadence>86</Cadence>
            <DistanceMeters>20470.80000</DistanceMeters>
            <Extensions>
              <TPX xmlns="http://www.garmin.com/xmlschemas/ActivityExtension/v2">
                <Watts>177</Watts>
              </TPX>
            </Extensions>
          </Trackpoint>
          <Trackpoint>
            <Time>2010-10-19T21:36:14Z</Time>
            <AltitudeMeters>0.0</AltitudeMeters>
            <HeartRateBpm>
              <Value>0</Value>
            </HeartRateBpm>
            <Cadence>87</Cadence>
            <DistanceMeters>20486.89000</DistanceMeters>
            <Extensions>
              <TPX xmlns="http://www.garmin.com/xmlschemas/ActivityExtension/v2">
                <Watts>180</Watts>
              </TPX>
            </Extensions>
          </Trackpoint>
          <Trackpoint>
            <Time>2010-10-19T21:36:17Z</Time>
            <AltitudeMeters>0.0</AltitudeMeters>
            <HeartRateBpm>
              <Value>0</Value>
            </HeartRateBpm>
            <Cadence>86</Cadence>
            <DistanceMeters>20519.08000</DistanceMeters>
            <Extensions>
              <TPX xmlns="http://www.garmin.com/xmlschemas/ActivityExtension/v2">
                <Watts>182</Watts>
              </TPX>
            </Extensions>
          </Trackpoint>
          <Trackpoint>
            <Time>2010-10-19T21:36:20Z</Time>
            <AltitudeMeters>0.0</AltitudeMeters>
            <HeartRateBpm>
              <Value>0</Value>
            </HeartRateBpm>
            <Cadence>85</Cadence>
            <DistanceMeters>20551.27000</DistanceMeters>
            <Extensions>
              <TPX xmlns="http://www.garmin.com/xmlschemas/ActivityExtension/v2">
                <Watts>176</Watts>
              </TPX>
            </Extensions>
          </Trackpoint>
          <Trackpoint>
            <Time>2010-10-19T21:36:23Z</Time>
            <AltitudeMeters>0.0</AltitudeMeters>
            <HeartRateBpm>
              <Value>0</Value>
            </HeartRateBpm>
            <Cadence>83</Cadence>
            <DistanceMeters>20583.45000</DistanceMeters>
            <Extensions>
              <TPX xmlns="http://www.garmin.com/xmlschemas/ActivityExtension/v2">
                <Watts>175</Watts>
              </TPX>
            </Extensions>
          </Trackpoint>
          <Trackpoint>
            <Time>2010-10-19T21:36:26Z</Time>
            <AltitudeMeters>0.0</AltitudeMeters>
            <HeartRateBpm>
              <Value>0</Value>
            </HeartRateBpm>
            <Cadence>83</Cadence>
            <DistanceMeters>20599.55000</DistanceMeters>
            <Extensions>
              <TPX xmlns="http://www.garmin.com/xmlschemas/ActivityExtension/v2">
                <Watts>169</Watts>
              </TPX>
            </Extensions>
          </Trackpoint>
          <Trackpoint>
            <Time>2010-10-19T21:36:29Z</Time>
            <AltitudeMeters>0.0</AltitudeMeters>
            <HeartRateBpm>
              <Value>0</Value>
            </HeartRateBpm>
            <Cadence>81</Cadence>
            <DistanceMeters>20631.73000</DistanceMeters>
            <Extensions>
              <TPX xmlns="http://www.garmin.com/xmlschemas/ActivityExtension/v2">
                <Watts>162</Watts>
              </TPX>
            </Extensions>
          </Trackpoint>
          <Trackpoint>
            <Time>2010-10-19T21:36:32Z</Time>
            <AltitudeMeters>0.0</AltitudeMeters>
            <HeartRateBpm>
              <Value>0</Value>
            </HeartRateBpm>
            <Cadence>83</Cadence>
            <DistanceMeters>20663.92000</DistanceMeters>
            <Extensions>
              <TPX xmlns="http://www.garmin.com/xmlschemas/ActivityExtension/v2">
                <Watts>167</Watts>
              </TPX>
            </Extensions>
          </Trackpoint>
          <Trackpoint>
            <Time>2010-10-19T21:36:35Z</Time>
            <AltitudeMeters>0.0</AltitudeMeters>
            <HeartRateBpm>
              <Value>0</Value>
            </HeartRateBpm>
            <Cadence>84</Cadence>
            <DistanceMeters>20680.01000</DistanceMeters>
            <Extensions>
              <TPX xmlns="http://www.garmin.com/xmlschemas/ActivityExtension/v2">
                <Watts>171</Watts>
              </TPX>
            </Extensions>
          </Trackpoint>
          <Trackpoint>
            <Time>2010-10-19T21:36:38Z</Time>
            <AltitudeMeters>0.0</AltitudeMeters>
            <HeartRateBpm>
              <Value>0</Value>
            </HeartRateBpm>
            <Cadence>85</Cadence>
            <DistanceMeters>20712.20000</DistanceMeters>
            <Extensions>
              <TPX xmlns="http://www.garmin.com/xmlschemas/ActivityExtension/v2">
                <Watts>144</Watts>
              </TPX>
            </Extensions>
          </Trackpoint>
          <Trackpoint>
            <Time>2010-10-19T21:36:41Z</Time>
            <AltitudeMeters>0.0</AltitudeMeters>
            <HeartRateBpm>
              <Value>0</Value>
            </HeartRateBpm>
            <Cadence>88</Cadence>
            <DistanceMeters>20744.39000</DistanceMeters>
            <Extensions>
              <TPX xmlns="http://www.garmin.com/xmlschemas/ActivityExtension/v2">
                <Watts>150</Watts>
              </TPX>
            </Extensions>
          </Trackpoint>
          <Trackpoint>
            <Time>2010-10-19T21:36:44Z</Time>
            <AltitudeMeters>0.0</AltitudeMeters>
            <HeartRateBpm>
              <Value>0</Value>
            </HeartRateBpm>
            <Cadence>89</Cadence>
            <DistanceMeters>20760.48000</DistanceMeters>
            <Extensions>
              <TPX xmlns="http://www.garmin.com/xmlschemas/ActivityExtension/v2">
                <Watts>156</Watts>
              </TPX>
            </Extensions>
          </Trackpoint>
          <Trackpoint>
            <Time>2010-10-19T21:36:47Z</Time>
            <AltitudeMeters>0.0</AltitudeMeters>
            <HeartRateBpm>
              <Value>0</Value>
            </HeartRateBpm>
            <Cadence>90</Cadence>
            <DistanceMeters>20792.67000</DistanceMeters>
            <Extensions>
              <TPX xmlns="http://www.garmin.com/xmlschemas/ActivityExtension/v2">
                <Watts>158</Watts>
              </TPX>
            </Extensions>
          </Trackpoint>
          <Trackpoint>
            <Time>2010-10-19T21:36:50Z</Time>
            <AltitudeMeters>0.0</AltitudeMeters>
            <HeartRateBpm>
              <Value>0</Value>
            </HeartRateBpm>
            <Cadence>92</Cadence>
            <DistanceMeters>20808.76000</DistanceMeters>
            <Extensions>
              <TPX xmlns="http://www.garmin.com/xmlschemas/ActivityExtension/v2">
                <Watts>178</Watts>
              </TPX>
            </Extensions>
          </Trackpoint>
          <Trackpoint>
            <Time>2010-10-19T21:36:53Z</Time>
            <AltitudeMeters>0.0</AltitudeMeters>
            <HeartRateBpm>
              <Value>0</Value>
            </HeartRateBpm>
            <Cadence>91</Cadence>
            <DistanceMeters>20840.95000</DistanceMeters>
            <Extensions>
              <TPX xmlns="http://www.garmin.com/xmlschemas/ActivityExtension/v2">
                <Watts>179</Watts>
              </TPX>
            </Extensions>
          </Trackpoint>
          <Trackpoint>
            <Time>2010-10-19T21:36:56Z</Time>
            <AltitudeMeters>0.0</AltitudeMeters>
            <HeartRateBpm>
              <Value>0</Value>
            </HeartRateBpm>
            <Cadence>91</Cadence>
            <DistanceMeters>20873.13000</DistanceMeters>
            <Extensions>
              <TPX xmlns="http://www.garmin.com/xmlschemas/ActivityExtension/v2">
                <Watts>176</Watts>
              </TPX>
            </Extensions>
          </Trackpoint>
          <Trackpoint>
            <Time>2010-10-19T21:36:59Z</Time>
            <AltitudeMeters>0.0</AltitudeMeters>
            <HeartRateBpm>
              <Value>0</Value>
            </HeartRateBpm>
            <Cadence>91</Cadence>
            <DistanceMeters>20905.32000</DistanceMeters>
            <Extensions>
              <TPX xmlns="http://www.garmin.com/xmlschemas/ActivityExtension/v2">
                <Watts>162</Watts>
              </TPX>
            </Extensions>
          </Trackpoint>
          <Trackpoint>
            <Time>2010-10-19T21:37:02Z</Time>
            <AltitudeMeters>0.0</AltitudeMeters>
            <HeartRateBpm>
              <Value>0</Value>
            </HeartRateBpm>
            <Cadence>90</Cadence>
            <DistanceMeters>20921.41000</DistanceMeters>
            <Extensions>
              <TPX xmlns="http://www.garmin.com/xmlschemas/ActivityExtension/v2">
                <Watts>174</Watts>
              </TPX>
            </Extensions>
          </Trackpoint>
          <Trackpoint>
            <Time>2010-10-19T21:37:05Z</Time>
            <AltitudeMeters>0.0</AltitudeMeters>
            <HeartRateBpm>
              <Value>0</Value>
            </HeartRateBpm>
            <Cadence>90</Cadence>
            <DistanceMeters>20953.60000</DistanceMeters>
            <Extensions>
              <TPX xmlns="http://www.garmin.com/xmlschemas/ActivityExtension/v2">
                <Watts>172</Watts>
              </TPX>
            </Extensions>
          </Trackpoint>
          <Trackpoint>
            <Time>2010-10-19T21:37:08Z</Time>
            <AltitudeMeters>0.0</AltitudeMeters>
            <HeartRateBpm>
              <Value>0</Value>
            </HeartRateBpm>
            <Cadence>90</Cadence>
            <DistanceMeters>20985.79000</DistanceMeters>
            <Extensions>
              <TPX xmlns="http://www.garmin.com/xmlschemas/ActivityExtension/v2">
                <Watts>158</Watts>
              </TPX>
            </Extensions>
          </Trackpoint>
          <Trackpoint>
            <Time>2010-10-19T21:37:11Z</Time>
            <AltitudeMeters>0.0</AltitudeMeters>
            <HeartRateBpm>
              <Value>0</Value>
            </HeartRateBpm>
            <Cadence>90</Cadence>
            <DistanceMeters>21001.88000</DistanceMeters>
            <Extensions>
              <TPX xmlns="http://www.garmin.com/xmlschemas/ActivityExtension/v2">
                <Watts>172</Watts>
              </TPX>
            </Extensions>
          </Trackpoint>
          <Trackpoint>
            <Time>2010-10-19T21:37:14Z</Time>
            <AltitudeMeters>0.0</AltitudeMeters>
            <HeartRateBpm>
              <Value>0</Value>
            </HeartRateBpm>
            <Cadence>90</Cadence>
            <DistanceMeters>21034.07000</DistanceMeters>
            <Extensions>
              <TPX xmlns="http://www.garmin.com/xmlschemas/ActivityExtension/v2">
                <Watts>172</Watts>
              </TPX>
            </Extensions>
          </Trackpoint>
          <Trackpoint>
            <Time>2010-10-19T21:37:17Z</Time>
            <AltitudeMeters>0.0</AltitudeMeters>
            <HeartRateBpm>
              <Value>0</Value>
            </HeartRateBpm>
            <Cadence>65</Cadence>
            <DistanceMeters>21066.26000</DistanceMeters>
            <Extensions>
              <TPX xmlns="http://www.garmin.com/xmlschemas/ActivityExtension/v2">
                <Watts>457</Watts>
              </TPX>
            </Extensions>
          </Trackpoint>
          <Trackpoint>
            <Time>2010-10-19T21:37:20Z</Time>
            <AltitudeMeters>0.0</AltitudeMeters>
            <HeartRateBpm>
              <Value>0</Value>
            </HeartRateBpm>
            <Cadence>77</Cadence>
            <DistanceMeters>21114.54000</DistanceMeters>
            <Extensions>
              <TPX xmlns="http://www.garmin.com/xmlschemas/ActivityExtension/v2">
                <Watts>441</Watts>
              </TPX>
            </Extensions>
          </Trackpoint>
          <Trackpoint>
            <Time>2010-10-19T21:37:23Z</Time>
            <AltitudeMeters>0.0</AltitudeMeters>
            <HeartRateBpm>
              <Value>0</Value>
            </HeartRateBpm>
            <Cadence>77</Cadence>
            <DistanceMeters>21162.82000</DistanceMeters>
            <Extensions>
              <TPX xmlns="http://www.garmin.com/xmlschemas/ActivityExtension/v2">
                <Watts>459</Watts>
              </TPX>
            </Extensions>
          </Trackpoint>
          <Trackpoint>
            <Time>2010-10-19T21:37:26Z</Time>
            <AltitudeMeters>0.0</AltitudeMeters>
            <HeartRateBpm>
              <Value>0</Value>
            </HeartRateBpm>
            <Cadence>78</Cadence>
            <DistanceMeters>21243.28000</DistanceMeters>
            <Extensions>
              <TPX xmlns="http://www.garmin.com/xmlschemas/ActivityExtension/v2">
                <Watts>467</Watts>
              </TPX>
            </Extensions>
          </Trackpoint>
          <Trackpoint>
            <Time>2010-10-19T21:37:29Z</Time>
            <AltitudeMeters>0.0</AltitudeMeters>
            <HeartRateBpm>
              <Value>0</Value>
            </HeartRateBpm>
            <Cadence>75</Cadence>
            <DistanceMeters>21307.66000</DistanceMeters>
            <Extensions>
              <TPX xmlns="http://www.garmin.com/xmlschemas/ActivityExtension/v2">
                <Watts>454</Watts>
              </TPX>
            </Extensions>
          </Trackpoint>
          <Trackpoint>
            <Time>2010-10-19T21:37:32Z</Time>
            <AltitudeMeters>0.0</AltitudeMeters>
            <HeartRateBpm>
              <Value>0</Value>
            </HeartRateBpm>
            <Cadence>79</Cadence>
            <DistanceMeters>21388.12000</DistanceMeters>
            <Extensions>
              <TPX xmlns="http://www.garmin.com/xmlschemas/ActivityExtension/v2">
                <Watts>177</Watts>
              </TPX>
            </Extensions>
          </Trackpoint>
          <Trackpoint>
            <Time>2010-10-19T21:37:35Z</Time>
            <AltitudeMeters>0.0</AltitudeMeters>
            <HeartRateBpm>
              <Value>0</Value>
            </HeartRateBpm>
            <Cadence>78</Cadence>
            <DistanceMeters>21452.50000</DistanceMeters>
            <Extensions>
              <TPX xmlns="http://www.garmin.com/xmlschemas/ActivityExtension/v2">
                <Watts>135</Watts>
              </TPX>
            </Extensions>
          </Trackpoint>
          <Trackpoint>
            <Time>2010-10-19T21:37:38Z</Time>
            <AltitudeMeters>0.0</AltitudeMeters>
            <HeartRateBpm>
              <Value>0</Value>
            </HeartRateBpm>
            <Cadence>80</Cadence>
            <DistanceMeters>21468.59000</DistanceMeters>
            <Extensions>
              <TPX xmlns="http://www.garmin.com/xmlschemas/ActivityExtension/v2">
                <Watts>136</Watts>
              </TPX>
            </Extensions>
          </Trackpoint>
          <Trackpoint>
            <Time>2010-10-19T21:37:41Z</Time>
            <AltitudeMeters>0.0</AltitudeMeters>
            <HeartRateBpm>
              <Value>0</Value>
            </HeartRateBpm>
            <Cadence>82</Cadence>
            <DistanceMeters>21484.68000</DistanceMeters>
            <Extensions>
              <TPX xmlns="http://www.garmin.com/xmlschemas/ActivityExtension/v2">
                <Watts>146</Watts>
              </TPX>
            </Extensions>
          </Trackpoint>
          <Trackpoint>
            <Time>2010-10-19T21:37:44Z</Time>
            <AltitudeMeters>0.0</AltitudeMeters>
            <HeartRateBpm>
              <Value>0</Value>
            </HeartRateBpm>
            <Cadence>82</Cadence>
            <DistanceMeters>21516.87000</DistanceMeters>
            <Extensions>
              <TPX xmlns="http://www.garmin.com/xmlschemas/ActivityExtension/v2">
                <Watts>147</Watts>
              </TPX>
            </Extensions>
          </Trackpoint>
          <Trackpoint>
            <Time>2010-10-19T21:37:47Z</Time>
            <AltitudeMeters>0.0</AltitudeMeters>
            <HeartRateBpm>
              <Value>0</Value>
            </HeartRateBpm>
            <Cadence>80</Cadence>
            <DistanceMeters>21532.96000</DistanceMeters>
            <Extensions>
              <TPX xmlns="http://www.garmin.com/xmlschemas/ActivityExtension/v2">
                <Watts>144</Watts>
              </TPX>
            </Extensions>
          </Trackpoint>
          <Trackpoint>
            <Time>2010-10-19T21:37:50Z</Time>
            <AltitudeMeters>0.0</AltitudeMeters>
            <HeartRateBpm>
              <Value>0</Value>
            </HeartRateBpm>
            <Cadence>81</Cadence>
            <DistanceMeters>21565.15000</DistanceMeters>
            <Extensions>
              <TPX xmlns="http://www.garmin.com/xmlschemas/ActivityExtension/v2">
                <Watts>142</Watts>
              </TPX>
            </Extensions>
          </Trackpoint>
          <Trackpoint>
            <Time>2010-10-19T21:37:53Z</Time>
            <AltitudeMeters>0.0</AltitudeMeters>
            <HeartRateBpm>
              <Value>0</Value>
            </HeartRateBpm>
            <Cadence>81</Cadence>
            <DistanceMeters>21581.24000</DistanceMeters>
            <Extensions>
              <TPX xmlns="http://www.garmin.com/xmlschemas/ActivityExtension/v2">
                <Watts>122</Watts>
              </TPX>
            </Extensions>
          </Trackpoint>
          <Trackpoint>
            <Time>2010-10-19T21:37:56Z</Time>
            <AltitudeMeters>0.0</AltitudeMeters>
            <HeartRateBpm>
              <Value>0</Value>
            </HeartRateBpm>
            <Cadence>82</Cadence>
            <DistanceMeters>21613.43000</DistanceMeters>
            <Extensions>
              <TPX xmlns="http://www.garmin.com/xmlschemas/ActivityExtension/v2">
                <Watts>122</Watts>
              </TPX>
            </Extensions>
          </Trackpoint>
          <Trackpoint>
            <Time>2010-10-19T21:37:59Z</Time>
            <AltitudeMeters>0.0</AltitudeMeters>
            <HeartRateBpm>
              <Value>0</Value>
            </HeartRateBpm>
            <Cadence>83</Cadence>
            <DistanceMeters>21629.52000</DistanceMeters>
            <Extensions>
              <TPX xmlns="http://www.garmin.com/xmlschemas/ActivityExtension/v2">
                <Watts>124</Watts>
              </TPX>
            </Extensions>
          </Trackpoint>
          <Trackpoint>
            <Time>2010-10-19T21:38:02Z</Time>
            <AltitudeMeters>0.0</AltitudeMeters>
            <HeartRateBpm>
              <Value>0</Value>
            </HeartRateBpm>
            <Cadence>83</Cadence>
            <DistanceMeters>21645.62000</DistanceMeters>
            <Extensions>
              <TPX xmlns="http://www.garmin.com/xmlschemas/ActivityExtension/v2">
                <Watts>126</Watts>
              </TPX>
            </Extensions>
          </Trackpoint>
          <Trackpoint>
            <Time>2010-10-19T21:38:05Z</Time>
            <AltitudeMeters>0.0</AltitudeMeters>
            <HeartRateBpm>
              <Value>0</Value>
            </HeartRateBpm>
            <Cadence>82</Cadence>
            <DistanceMeters>21661.71000</DistanceMeters>
            <Extensions>
              <TPX xmlns="http://www.garmin.com/xmlschemas/ActivityExtension/v2">
                <Watts>125</Watts>
              </TPX>
            </Extensions>
          </Trackpoint>
          <Trackpoint>
            <Time>2010-10-19T21:38:08Z</Time>
            <AltitudeMeters>0.0</AltitudeMeters>
            <HeartRateBpm>
              <Value>0</Value>
            </HeartRateBpm>
            <Cadence>82</Cadence>
            <DistanceMeters>21693.90000</DistanceMeters>
            <Extensions>
              <TPX xmlns="http://www.garmin.com/xmlschemas/ActivityExtension/v2">
                <Watts>124</Watts>
              </TPX>
            </Extensions>
          </Trackpoint>
          <Trackpoint>
            <Time>2010-10-19T21:38:11Z</Time>
            <AltitudeMeters>0.0</AltitudeMeters>
            <HeartRateBpm>
              <Value>0</Value>
            </HeartRateBpm>
            <Cadence>81</Cadence>
            <DistanceMeters>21709.99000</DistanceMeters>
            <Extensions>
              <TPX xmlns="http://www.garmin.com/xmlschemas/ActivityExtension/v2">
                <Watts>123</Watts>
              </TPX>
            </Extensions>
          </Trackpoint>
          <Trackpoint>
            <Time>2010-10-19T21:38:14Z</Time>
            <AltitudeMeters>0.0</AltitudeMeters>
            <HeartRateBpm>
              <Value>0</Value>
            </HeartRateBpm>
            <Cadence>80</Cadence>
            <DistanceMeters>21726.09000</DistanceMeters>
            <Extensions>
              <TPX xmlns="http://www.garmin.com/xmlschemas/ActivityExtension/v2">
                <Watts>122</Watts>
              </TPX>
            </Extensions>
          </Trackpoint>
          <Trackpoint>
            <Time>2010-10-19T21:38:17Z</Time>
            <AltitudeMeters>0.0</AltitudeMeters>
            <HeartRateBpm>
              <Value>0</Value>
            </HeartRateBpm>
            <Cadence>80</Cadence>
            <DistanceMeters>21742.18000</DistanceMeters>
            <Extensions>
              <TPX xmlns="http://www.garmin.com/xmlschemas/ActivityExtension/v2">
                <Watts>119</Watts>
              </TPX>
            </Extensions>
          </Trackpoint>
          <Trackpoint>
            <Time>2010-10-19T21:38:20Z</Time>
            <AltitudeMeters>0.0</AltitudeMeters>
            <HeartRateBpm>
              <Value>0</Value>
            </HeartRateBpm>
            <Cadence>81</Cadence>
            <DistanceMeters>21758.27000</DistanceMeters>
            <Extensions>
              <TPX xmlns="http://www.garmin.com/xmlschemas/ActivityExtension/v2">
                <Watts>118</Watts>
              </TPX>
            </Extensions>
          </Trackpoint>
          <Trackpoint>
            <Time>2010-10-19T21:38:23Z</Time>
            <AltitudeMeters>0.0</AltitudeMeters>
            <HeartRateBpm>
              <Value>0</Value>
            </HeartRateBpm>
            <Cadence>80</Cadence>
            <DistanceMeters>21790.46000</DistanceMeters>
            <Extensions>
              <TPX xmlns="http://www.garmin.com/xmlschemas/ActivityExtension/v2">
                <Watts>117</Watts>
              </TPX>
            </Extensions>
          </Trackpoint>
          <Trackpoint>
            <Time>2010-10-19T21:38:26Z</Time>
            <AltitudeMeters>0.0</AltitudeMeters>
            <HeartRateBpm>
              <Value>0</Value>
            </HeartRateBpm>
            <Cadence>80</Cadence>
            <DistanceMeters>21806.55000</DistanceMeters>
            <Extensions>
              <TPX xmlns="http://www.garmin.com/xmlschemas/ActivityExtension/v2">
                <Watts>118</Watts>
              </TPX>
            </Extensions>
          </Trackpoint>
          <Trackpoint>
            <Time>2010-10-19T21:38:29Z</Time>
            <AltitudeMeters>0.0</AltitudeMeters>
            <HeartRateBpm>
              <Value>0</Value>
            </HeartRateBpm>
            <Cadence>91</Cadence>
            <DistanceMeters>21822.65000</DistanceMeters>
            <Extensions>
              <TPX xmlns="http://www.garmin.com/xmlschemas/ActivityExtension/v2">
                <Watts>121</Watts>
              </TPX>
            </Extensions>
          </Trackpoint>
          <Trackpoint>
            <Time>2010-10-19T21:38:32Z</Time>
            <AltitudeMeters>0.0</AltitudeMeters>
            <HeartRateBpm>
              <Value>0</Value>
            </HeartRateBpm>
            <Cadence>90</Cadence>
            <DistanceMeters>21838.74000</DistanceMeters>
            <Extensions>
              <TPX xmlns="http://www.garmin.com/xmlschemas/ActivityExtension/v2">
                <Watts>144</Watts>
              </TPX>
            </Extensions>
          </Trackpoint>
          <Trackpoint>
            <Time>2010-10-19T21:38:35Z</Time>
            <AltitudeMeters>0.0</AltitudeMeters>
            <HeartRateBpm>
              <Value>0</Value>
            </HeartRateBpm>
            <Cadence>89</Cadence>
            <DistanceMeters>21870.93000</DistanceMeters>
            <Extensions>
              <TPX xmlns="http://www.garmin.com/xmlschemas/ActivityExtension/v2">
                <Watts>143</Watts>
              </TPX>
            </Extensions>
          </Trackpoint>
          <Trackpoint>
            <Time>2010-10-19T21:38:38Z</Time>
            <AltitudeMeters>0.0</AltitudeMeters>
            <HeartRateBpm>
              <Value>0</Value>
            </HeartRateBpm>
            <Cadence>89</Cadence>
            <DistanceMeters>21887.02000</DistanceMeters>
            <Extensions>
              <TPX xmlns="http://www.garmin.com/xmlschemas/ActivityExtension/v2">
                <Watts>142</Watts>
              </TPX>
            </Extensions>
          </Trackpoint>
          <Trackpoint>
            <Time>2010-10-19T21:38:41Z</Time>
            <AltitudeMeters>0.0</AltitudeMeters>
            <HeartRateBpm>
              <Value>0</Value>
            </HeartRateBpm>
            <Cadence>88</Cadence>
            <DistanceMeters>21919.21000</DistanceMeters>
            <Extensions>
              <TPX xmlns="http://www.garmin.com/xmlschemas/ActivityExtension/v2">
                <Watts>141</Watts>
              </TPX>
            </Extensions>
          </Trackpoint>
          <Trackpoint>
            <Time>2010-10-19T21:38:44Z</Time>
            <AltitudeMeters>0.0</AltitudeMeters>
            <HeartRateBpm>
              <Value>0</Value>
            </HeartRateBpm>
            <Cadence>90</Cadence>
            <DistanceMeters>21935.30000</DistanceMeters>
            <Extensions>
              <TPX xmlns="http://www.garmin.com/xmlschemas/ActivityExtension/v2">
                <Watts>108</Watts>
              </TPX>
            </Extensions>
          </Trackpoint>
          <Trackpoint>
            <Time>2010-10-19T21:38:47Z</Time>
            <AltitudeMeters>0.0</AltitudeMeters>
            <HeartRateBpm>
              <Value>0</Value>
            </HeartRateBpm>
            <Cadence>90</Cadence>
            <DistanceMeters>21951.39000</DistanceMeters>
            <Extensions>
              <TPX xmlns="http://www.garmin.com/xmlschemas/ActivityExtension/v2">
                <Watts>144</Watts>
              </TPX>
            </Extensions>
          </Trackpoint>
          <Trackpoint>
            <Time>2010-10-19T21:38:50Z</Time>
            <AltitudeMeters>0.0</AltitudeMeters>
            <HeartRateBpm>
              <Value>0</Value>
            </HeartRateBpm>
            <Cadence>88</Cadence>
            <DistanceMeters>21983.58000</DistanceMeters>
            <Extensions>
              <TPX xmlns="http://www.garmin.com/xmlschemas/ActivityExtension/v2">
                <Watts>143</Watts>
              </TPX>
            </Extensions>
          </Trackpoint>
          <Trackpoint>
            <Time>2010-10-19T21:38:53Z</Time>
            <AltitudeMeters>0.0</AltitudeMeters>
            <HeartRateBpm>
              <Value>0</Value>
            </HeartRateBpm>
            <Cadence>86</Cadence>
            <DistanceMeters>21999.67000</DistanceMeters>
            <Extensions>
              <TPX xmlns="http://www.garmin.com/xmlschemas/ActivityExtension/v2">
                <Watts>135</Watts>
              </TPX>
            </Extensions>
          </Trackpoint>
          <Trackpoint>
            <Time>2010-10-19T21:38:56Z</Time>
            <AltitudeMeters>0.0</AltitudeMeters>
            <HeartRateBpm>
              <Value>0</Value>
            </HeartRateBpm>
            <Cadence>91</Cadence>
            <DistanceMeters>22015.77000</DistanceMeters>
            <Extensions>
              <TPX xmlns="http://www.garmin.com/xmlschemas/ActivityExtension/v2">
                <Watts>133</Watts>
              </TPX>
            </Extensions>
          </Trackpoint>
          <Trackpoint>
            <Time>2010-10-19T21:38:59Z</Time>
            <AltitudeMeters>0.0</AltitudeMeters>
            <HeartRateBpm>
              <Value>0</Value>
            </HeartRateBpm>
            <Cadence>80</Cadence>
            <DistanceMeters>22047.95000</DistanceMeters>
            <Extensions>
              <TPX xmlns="http://www.garmin.com/xmlschemas/ActivityExtension/v2">
                <Watts>133</Watts>
              </TPX>
            </Extensions>
          </Trackpoint>
          <Trackpoint>
            <Time>2010-10-19T21:39:02Z</Time>
            <AltitudeMeters>0.0</AltitudeMeters>
            <HeartRateBpm>
              <Value>0</Value>
            </HeartRateBpm>
            <Cadence>84</Cadence>
            <DistanceMeters>22064.05000</DistanceMeters>
            <Extensions>
              <TPX xmlns="http://www.garmin.com/xmlschemas/ActivityExtension/v2">
                <Watts>128</Watts>
              </TPX>
            </Extensions>
          </Trackpoint>
          <Trackpoint>
            <Time>2010-10-19T21:39:05Z</Time>
            <AltitudeMeters>0.0</AltitudeMeters>
            <HeartRateBpm>
              <Value>0</Value>
            </HeartRateBpm>
            <Cadence>83</Cadence>
            <DistanceMeters>22080.14000</DistanceMeters>
            <Extensions>
              <TPX xmlns="http://www.garmin.com/xmlschemas/ActivityExtension/v2">
                <Watts>127</Watts>
              </TPX>
            </Extensions>
          </Trackpoint>
          <Trackpoint>
            <Time>2010-10-19T21:39:08Z</Time>
            <AltitudeMeters>0.0</AltitudeMeters>
            <HeartRateBpm>
              <Value>0</Value>
            </HeartRateBpm>
            <Cadence>85</Cadence>
            <DistanceMeters>22112.33000</DistanceMeters>
            <Extensions>
              <TPX xmlns="http://www.garmin.com/xmlschemas/ActivityExtension/v2">
                <Watts>127</Watts>
              </TPX>
            </Extensions>
          </Trackpoint>
          <Trackpoint>
            <Time>2010-10-19T21:39:11Z</Time>
            <AltitudeMeters>0.0</AltitudeMeters>
            <HeartRateBpm>
              <Value>0</Value>
            </HeartRateBpm>
            <Cadence>88</Cadence>
            <DistanceMeters>22128.42000</DistanceMeters>
            <Extensions>
              <TPX xmlns="http://www.garmin.com/xmlschemas/ActivityExtension/v2">
                <Watts>136</Watts>
              </TPX>
            </Extensions>
          </Trackpoint>
          <Trackpoint>
            <Time>2010-10-19T21:39:14Z</Time>
            <AltitudeMeters>0.0</AltitudeMeters>
            <HeartRateBpm>
              <Value>0</Value>
            </HeartRateBpm>
            <Cadence>89</Cadence>
            <DistanceMeters>22144.51000</DistanceMeters>
            <Extensions>
              <TPX xmlns="http://www.garmin.com/xmlschemas/ActivityExtension/v2">
                <Watts>141</Watts>
              </TPX>
            </Extensions>
          </Trackpoint>
          <Trackpoint>
            <Time>2010-10-19T21:39:17Z</Time>
            <AltitudeMeters>0.0</AltitudeMeters>
            <HeartRateBpm>
              <Value>0</Value>
            </HeartRateBpm>
            <Cadence>86</Cadence>
            <DistanceMeters>22176.70000</DistanceMeters>
            <Extensions>
              <TPX xmlns="http://www.garmin.com/xmlschemas/ActivityExtension/v2">
                <Watts>135</Watts>
              </TPX>
            </Extensions>
          </Trackpoint>
          <Trackpoint>
            <Time>2010-10-19T21:39:20Z</Time>
            <AltitudeMeters>0.0</AltitudeMeters>
            <HeartRateBpm>
              <Value>0</Value>
            </HeartRateBpm>
            <Cadence>83</Cadence>
            <DistanceMeters>22192.79000</DistanceMeters>
            <Extensions>
              <TPX xmlns="http://www.garmin.com/xmlschemas/ActivityExtension/v2">
                <Watts>133</Watts>
              </TPX>
            </Extensions>
          </Trackpoint>
          <Trackpoint>
            <Time>2010-10-19T21:39:23Z</Time>
            <AltitudeMeters>0.0</AltitudeMeters>
            <HeartRateBpm>
              <Value>0</Value>
            </HeartRateBpm>
            <Cadence>86</Cadence>
            <DistanceMeters>22208.89000</DistanceMeters>
            <Extensions>
              <TPX xmlns="http://www.garmin.com/xmlschemas/ActivityExtension/v2">
                <Watts>126</Watts>
              </TPX>
            </Extensions>
          </Trackpoint>
          <Trackpoint>
            <Time>2010-10-19T21:39:26Z</Time>
            <AltitudeMeters>0.0</AltitudeMeters>
            <HeartRateBpm>
              <Value>0</Value>
            </HeartRateBpm>
            <Cadence>88</Cadence>
            <DistanceMeters>22241.07000</DistanceMeters>
            <Extensions>
              <TPX xmlns="http://www.garmin.com/xmlschemas/ActivityExtension/v2">
                <Watts>134</Watts>
              </TPX>
            </Extensions>
          </Trackpoint>
          <Trackpoint>
            <Time>2010-10-19T21:39:29Z</Time>
            <AltitudeMeters>0.0</AltitudeMeters>
            <HeartRateBpm>
              <Value>0</Value>
            </HeartRateBpm>
            <Cadence>90</Cadence>
            <DistanceMeters>22257.17000</DistanceMeters>
            <Extensions>
              <TPX xmlns="http://www.garmin.com/xmlschemas/ActivityExtension/v2">
                <Watts>144</Watts>
              </TPX>
            </Extensions>
          </Trackpoint>
          <Trackpoint>
            <Time>2010-10-19T21:39:32Z</Time>
            <AltitudeMeters>0.0</AltitudeMeters>
            <HeartRateBpm>
              <Value>0</Value>
            </HeartRateBpm>
            <Cadence>75</Cadence>
            <DistanceMeters>22273.26000</DistanceMeters>
            <Extensions>
              <TPX xmlns="http://www.garmin.com/xmlschemas/ActivityExtension/v2">
                <Watts>105</Watts>
              </TPX>
            </Extensions>
          </Trackpoint>
          <Trackpoint>
            <Time>2010-10-19T21:39:35Z</Time>
            <AltitudeMeters>0.0</AltitudeMeters>
            <HeartRateBpm>
              <Value>0</Value>
            </HeartRateBpm>
            <Cadence>91</Cadence>
            <DistanceMeters>22305.45000</DistanceMeters>
            <Extensions>
              <TPX xmlns="http://www.garmin.com/xmlschemas/ActivityExtension/v2">
                <Watts>107</Watts>
              </TPX>
            </Extensions>
          </Trackpoint>
          <Trackpoint>
            <Time>2010-10-19T21:39:38Z</Time>
            <AltitudeMeters>0.0</AltitudeMeters>
            <HeartRateBpm>
              <Value>0</Value>
            </HeartRateBpm>
            <Cadence>90</Cadence>
            <DistanceMeters>22321.54000</DistanceMeters>
            <Extensions>
              <TPX xmlns="http://www.garmin.com/xmlschemas/ActivityExtension/v2">
                <Watts>146</Watts>
              </TPX>
            </Extensions>
          </Trackpoint>
          <Trackpoint>
            <Time>2010-10-19T21:39:41Z</Time>
            <AltitudeMeters>0.0</AltitudeMeters>
            <HeartRateBpm>
              <Value>0</Value>
            </HeartRateBpm>
            <Cadence>89</Cadence>
            <DistanceMeters>22337.63000</DistanceMeters>
            <Extensions>
              <TPX xmlns="http://www.garmin.com/xmlschemas/ActivityExtension/v2">
                <Watts>169</Watts>
              </TPX>
            </Extensions>
          </Trackpoint>
          <Trackpoint>
            <Time>2010-10-19T21:39:44Z</Time>
            <AltitudeMeters>0.0</AltitudeMeters>
            <HeartRateBpm>
              <Value>0</Value>
            </HeartRateBpm>
            <Cadence>79</Cadence>
            <DistanceMeters>22369.82000</DistanceMeters>
            <Extensions>
              <TPX xmlns="http://www.garmin.com/xmlschemas/ActivityExtension/v2">
                <Watts>156</Watts>
              </TPX>
            </Extensions>
          </Trackpoint>
          <Trackpoint>
            <Time>2010-10-19T21:39:47Z</Time>
            <AltitudeMeters>0.0</AltitudeMeters>
            <HeartRateBpm>
              <Value>0</Value>
            </HeartRateBpm>
            <Cadence>87</Cadence>
            <DistanceMeters>22385.91000</DistanceMeters>
            <Extensions>
              <TPX xmlns="http://www.garmin.com/xmlschemas/ActivityExtension/v2">
                <Watts>159</Watts>
              </TPX>
            </Extensions>
          </Trackpoint>
          <Trackpoint>
            <Time>2010-10-19T21:39:50Z</Time>
            <AltitudeMeters>0.0</AltitudeMeters>
            <HeartRateBpm>
              <Value>0</Value>
            </HeartRateBpm>
            <Cadence>90</Cadence>
            <DistanceMeters>22418.10000</DistanceMeters>
            <Extensions>
              <TPX xmlns="http://www.garmin.com/xmlschemas/ActivityExtension/v2">
                <Watts>169</Watts>
              </TPX>
            </Extensions>
          </Trackpoint>
          <Trackpoint>
            <Time>2010-10-19T21:39:53Z</Time>
            <AltitudeMeters>0.0</AltitudeMeters>
            <HeartRateBpm>
              <Value>0</Value>
            </HeartRateBpm>
            <Cadence>91</Cadence>
            <DistanceMeters>22450.29000</DistanceMeters>
            <Extensions>
              <TPX xmlns="http://www.garmin.com/xmlschemas/ActivityExtension/v2">
                <Watts>172</Watts>
              </TPX>
            </Extensions>
          </Trackpoint>
          <Trackpoint>
            <Time>2010-10-19T21:39:56Z</Time>
            <AltitudeMeters>0.0</AltitudeMeters>
            <HeartRateBpm>
              <Value>0</Value>
            </HeartRateBpm>
            <Cadence>90</Cadence>
            <DistanceMeters>22466.38000</DistanceMeters>
            <Extensions>
              <TPX xmlns="http://www.garmin.com/xmlschemas/ActivityExtension/v2">
                <Watts>171</Watts>
              </TPX>
            </Extensions>
          </Trackpoint>
          <Trackpoint>
            <Time>2010-10-19T21:39:59Z</Time>
            <AltitudeMeters>0.0</AltitudeMeters>
            <HeartRateBpm>
              <Value>0</Value>
            </HeartRateBpm>
            <Cadence>89</Cadence>
            <DistanceMeters>22498.57000</DistanceMeters>
            <Extensions>
              <TPX xmlns="http://www.garmin.com/xmlschemas/ActivityExtension/v2">
                <Watts>152</Watts>
              </TPX>
            </Extensions>
          </Trackpoint>
          <Trackpoint>
            <Time>2010-10-19T21:40:02Z</Time>
            <AltitudeMeters>0.0</AltitudeMeters>
            <HeartRateBpm>
              <Value>0</Value>
            </HeartRateBpm>
            <Cadence>87</Cadence>
            <DistanceMeters>22530.76000</DistanceMeters>
            <Extensions>
              <TPX xmlns="http://www.garmin.com/xmlschemas/ActivityExtension/v2">
                <Watts>161</Watts>
              </TPX>
            </Extensions>
          </Trackpoint>
          <Trackpoint>
            <Time>2010-10-19T21:40:05Z</Time>
            <AltitudeMeters>0.0</AltitudeMeters>
            <HeartRateBpm>
              <Value>0</Value>
            </HeartRateBpm>
            <Cadence>86</Cadence>
            <DistanceMeters>22546.85000</DistanceMeters>
            <Extensions>
              <TPX xmlns="http://www.garmin.com/xmlschemas/ActivityExtension/v2">
                <Watts>159</Watts>
              </TPX>
            </Extensions>
          </Trackpoint>
          <Trackpoint>
            <Time>2010-10-19T21:40:08Z</Time>
            <AltitudeMeters>0.0</AltitudeMeters>
            <HeartRateBpm>
              <Value>0</Value>
            </HeartRateBpm>
            <Cadence>88</Cadence>
            <DistanceMeters>22579.04000</DistanceMeters>
            <Extensions>
              <TPX xmlns="http://www.garmin.com/xmlschemas/ActivityExtension/v2">
                <Watts>155</Watts>
              </TPX>
            </Extensions>
          </Trackpoint>
          <Trackpoint>
            <Time>2010-10-19T21:40:11Z</Time>
            <AltitudeMeters>0.0</AltitudeMeters>
            <HeartRateBpm>
              <Value>0</Value>
            </HeartRateBpm>
            <Cadence>89</Cadence>
            <DistanceMeters>22595.13000</DistanceMeters>
            <Extensions>
              <TPX xmlns="http://www.garmin.com/xmlschemas/ActivityExtension/v2">
                <Watts>162</Watts>
              </TPX>
            </Extensions>
          </Trackpoint>
          <Trackpoint>
            <Time>2010-10-19T21:40:14Z</Time>
            <AltitudeMeters>0.0</AltitudeMeters>
            <HeartRateBpm>
              <Value>0</Value>
            </HeartRateBpm>
            <Cadence>87</Cadence>
            <DistanceMeters>22627.32000</DistanceMeters>
            <Extensions>
              <TPX xmlns="http://www.garmin.com/xmlschemas/ActivityExtension/v2">
                <Watts>159</Watts>
              </TPX>
            </Extensions>
          </Trackpoint>
          <Trackpoint>
            <Time>2010-10-19T21:40:17Z</Time>
            <AltitudeMeters>0.0</AltitudeMeters>
            <HeartRateBpm>
              <Value>0</Value>
            </HeartRateBpm>
            <Cadence>86</Cadence>
            <DistanceMeters>22659.50000</DistanceMeters>
            <Extensions>
              <TPX xmlns="http://www.garmin.com/xmlschemas/ActivityExtension/v2">
                <Watts>158</Watts>
              </TPX>
            </Extensions>
          </Trackpoint>
          <Trackpoint>
            <Time>2010-10-19T21:40:20Z</Time>
            <AltitudeMeters>0.0</AltitudeMeters>
            <HeartRateBpm>
              <Value>0</Value>
            </HeartRateBpm>
            <Cadence>86</Cadence>
            <DistanceMeters>22675.60000</DistanceMeters>
            <Extensions>
              <TPX xmlns="http://www.garmin.com/xmlschemas/ActivityExtension/v2">
                <Watts>154</Watts>
              </TPX>
            </Extensions>
          </Trackpoint>
          <Trackpoint>
            <Time>2010-10-19T21:40:23Z</Time>
            <AltitudeMeters>0.0</AltitudeMeters>
            <HeartRateBpm>
              <Value>0</Value>
            </HeartRateBpm>
            <Cadence>85</Cadence>
            <DistanceMeters>22707.78000</DistanceMeters>
            <Extensions>
              <TPX xmlns="http://www.garmin.com/xmlschemas/ActivityExtension/v2">
                <Watts>154</Watts>
              </TPX>
            </Extensions>
          </Trackpoint>
          <Trackpoint>
            <Time>2010-10-19T21:40:26Z</Time>
            <AltitudeMeters>0.0</AltitudeMeters>
            <HeartRateBpm>
              <Value>0</Value>
            </HeartRateBpm>
            <Cadence>83</Cadence>
            <DistanceMeters>22723.88000</DistanceMeters>
            <Extensions>
              <TPX xmlns="http://www.garmin.com/xmlschemas/ActivityExtension/v2">
                <Watts>159</Watts>
              </TPX>
            </Extensions>
          </Trackpoint>
          <Trackpoint>
            <Time>2010-10-19T21:40:29Z</Time>
            <AltitudeMeters>0.0</AltitudeMeters>
            <HeartRateBpm>
              <Value>0</Value>
            </HeartRateBpm>
            <Cadence>74</Cadence>
            <DistanceMeters>22756.06000</DistanceMeters>
            <Extensions>
              <TPX xmlns="http://www.garmin.com/xmlschemas/ActivityExtension/v2">
                <Watts>298</Watts>
              </TPX>
            </Extensions>
          </Trackpoint>
          <Trackpoint>
            <Time>2010-10-19T21:40:32Z</Time>
            <AltitudeMeters>0.0</AltitudeMeters>
            <HeartRateBpm>
              <Value>0</Value>
            </HeartRateBpm>
            <Cadence>70</Cadence>
            <DistanceMeters>22804.34000</DistanceMeters>
            <Extensions>
              <TPX xmlns="http://www.garmin.com/xmlschemas/ActivityExtension/v2">
                <Watts>282</Watts>
              </TPX>
            </Extensions>
          </Trackpoint>
          <Trackpoint>
            <Time>2010-10-19T21:40:35Z</Time>
            <AltitudeMeters>0.0</AltitudeMeters>
            <HeartRateBpm>
              <Value>0</Value>
            </HeartRateBpm>
            <Cadence>65</Cadence>
            <DistanceMeters>22852.62000</DistanceMeters>
            <Extensions>
              <TPX xmlns="http://www.garmin.com/xmlschemas/ActivityExtension/v2">
                <Watts>267</Watts>
              </TPX>
            </Extensions>
          </Trackpoint>
          <Trackpoint>
            <Time>2010-10-19T21:40:38Z</Time>
            <AltitudeMeters>0.0</AltitudeMeters>
            <HeartRateBpm>
              <Value>0</Value>
            </HeartRateBpm>
            <Cadence>66</Cadence>
            <DistanceMeters>22884.81000</DistanceMeters>
            <Extensions>
              <TPX xmlns="http://www.garmin.com/xmlschemas/ActivityExtension/v2">
                <Watts>228</Watts>
              </TPX>
            </Extensions>
          </Trackpoint>
          <Trackpoint>
            <Time>2010-10-19T21:40:41Z</Time>
            <AltitudeMeters>0.0</AltitudeMeters>
            <HeartRateBpm>
              <Value>0</Value>
            </HeartRateBpm>
            <Cadence>66</Cadence>
            <DistanceMeters>22933.09000</DistanceMeters>
            <Extensions>
              <TPX xmlns="http://www.garmin.com/xmlschemas/ActivityExtension/v2">
                <Watts>252</Watts>
              </TPX>
            </Extensions>
          </Trackpoint>
          <Trackpoint>
            <Time>2010-10-19T21:40:44Z</Time>
            <AltitudeMeters>0.0</AltitudeMeters>
            <HeartRateBpm>
              <Value>0</Value>
            </HeartRateBpm>
            <Cadence>67</Cadence>
            <DistanceMeters>22965.28000</DistanceMeters>
            <Extensions>
              <TPX xmlns="http://www.garmin.com/xmlschemas/ActivityExtension/v2">
                <Watts>259</Watts>
              </TPX>
            </Extensions>
          </Trackpoint>
          <Trackpoint>
            <Time>2010-10-19T21:40:47Z</Time>
            <AltitudeMeters>0.0</AltitudeMeters>
            <HeartRateBpm>
              <Value>0</Value>
            </HeartRateBpm>
            <Cadence>64</Cadence>
            <DistanceMeters>23013.56000</DistanceMeters>
            <Extensions>
              <TPX xmlns="http://www.garmin.com/xmlschemas/ActivityExtension/v2">
                <Watts>238</Watts>
              </TPX>
            </Extensions>
          </Trackpoint>
          <Trackpoint>
            <Time>2010-10-19T21:40:50Z</Time>
            <AltitudeMeters>0.0</AltitudeMeters>
            <HeartRateBpm>
              <Value>0</Value>
            </HeartRateBpm>
            <Cadence>67</Cadence>
            <DistanceMeters>23045.74000</DistanceMeters>
            <Extensions>
              <TPX xmlns="http://www.garmin.com/xmlschemas/ActivityExtension/v2">
                <Watts>251</Watts>
              </TPX>
            </Extensions>
          </Trackpoint>
          <Trackpoint>
            <Time>2010-10-19T21:40:53Z</Time>
            <AltitudeMeters>0.0</AltitudeMeters>
            <HeartRateBpm>
              <Value>0</Value>
            </HeartRateBpm>
            <Cadence>69</Cadence>
            <DistanceMeters>23094.02000</DistanceMeters>
            <Extensions>
              <TPX xmlns="http://www.garmin.com/xmlschemas/ActivityExtension/v2">
                <Watts>254</Watts>
              </TPX>
            </Extensions>
          </Trackpoint>
          <Trackpoint>
            <Time>2010-10-19T21:40:56Z</Time>
            <AltitudeMeters>0.0</AltitudeMeters>
            <HeartRateBpm>
              <Value>0</Value>
            </HeartRateBpm>
            <Cadence>66</Cadence>
            <DistanceMeters>23126.21000</DistanceMeters>
            <Extensions>
              <TPX xmlns="http://www.garmin.com/xmlschemas/ActivityExtension/v2">
                <Watts>249</Watts>
              </TPX>
            </Extensions>
          </Trackpoint>
          <Trackpoint>
            <Time>2010-10-19T21:40:59Z</Time>
            <AltitudeMeters>0.0</AltitudeMeters>
            <HeartRateBpm>
              <Value>0</Value>
            </HeartRateBpm>
            <Cadence>67</Cadence>
            <DistanceMeters>23174.49000</DistanceMeters>
            <Extensions>
              <TPX xmlns="http://www.garmin.com/xmlschemas/ActivityExtension/v2">
                <Watts>200</Watts>
              </TPX>
            </Extensions>
          </Trackpoint>
          <Trackpoint>
            <Time>2010-10-19T21:41:02Z</Time>
            <AltitudeMeters>0.0</AltitudeMeters>
            <HeartRateBpm>
              <Value>0</Value>
            </HeartRateBpm>
            <Cadence>67</Cadence>
            <DistanceMeters>23206.68000</DistanceMeters>
            <Extensions>
              <TPX xmlns="http://www.garmin.com/xmlschemas/ActivityExtension/v2">
                <Watts>252</Watts>
              </TPX>
            </Extensions>
          </Trackpoint>
          <Trackpoint>
            <Time>2010-10-19T21:41:05Z</Time>
            <AltitudeMeters>0.0</AltitudeMeters>
            <HeartRateBpm>
              <Value>0</Value>
            </HeartRateBpm>
            <Cadence>67</Cadence>
            <DistanceMeters>23238.86000</DistanceMeters>
            <Extensions>
              <TPX xmlns="http://www.garmin.com/xmlschemas/ActivityExtension/v2">
                <Watts>257</Watts>
              </TPX>
            </Extensions>
          </Trackpoint>
          <Trackpoint>
            <Time>2010-10-19T21:41:08Z</Time>
            <AltitudeMeters>0.0</AltitudeMeters>
            <HeartRateBpm>
              <Value>0</Value>
            </HeartRateBpm>
            <Cadence>64</Cadence>
            <DistanceMeters>23287.14000</DistanceMeters>
            <Extensions>
              <TPX xmlns="http://www.garmin.com/xmlschemas/ActivityExtension/v2">
                <Watts>236</Watts>
              </TPX>
            </Extensions>
          </Trackpoint>
          <Trackpoint>
            <Time>2010-10-19T21:41:11Z</Time>
            <AltitudeMeters>0.0</AltitudeMeters>
            <HeartRateBpm>
              <Value>0</Value>
            </HeartRateBpm>
            <Cadence>75</Cadence>
            <DistanceMeters>23319.33000</DistanceMeters>
            <Extensions>
              <TPX xmlns="http://www.garmin.com/xmlschemas/ActivityExtension/v2">
                <Watts>184</Watts>
              </TPX>
            </Extensions>
          </Trackpoint>
          <Trackpoint>
            <Time>2010-10-19T21:41:14Z</Time>
            <AltitudeMeters>0.0</AltitudeMeters>
            <HeartRateBpm>
              <Value>0</Value>
            </HeartRateBpm>
            <Cadence>73</Cadence>
            <DistanceMeters>23351.52000</DistanceMeters>
            <Extensions>
              <TPX xmlns="http://www.garmin.com/xmlschemas/ActivityExtension/v2">
                <Watts>175</Watts>
              </TPX>
            </Extensions>
          </Trackpoint>
          <Trackpoint>
            <Time>2010-10-19T21:41:17Z</Time>
            <AltitudeMeters>0.0</AltitudeMeters>
            <HeartRateBpm>
              <Value>0</Value>
            </HeartRateBpm>
            <Cadence>71</Cadence>
            <DistanceMeters>23383.71000</DistanceMeters>
            <Extensions>
              <TPX xmlns="http://www.garmin.com/xmlschemas/ActivityExtension/v2">
                <Watts>171</Watts>
              </TPX>
            </Extensions>
          </Trackpoint>
          <Trackpoint>
            <Time>2010-10-19T21:41:20Z</Time>
            <AltitudeMeters>0.0</AltitudeMeters>
            <HeartRateBpm>
              <Value>0</Value>
            </HeartRateBpm>
            <Cadence>71</Cadence>
            <DistanceMeters>23415.89000</DistanceMeters>
            <Extensions>
              <TPX xmlns="http://www.garmin.com/xmlschemas/ActivityExtension/v2">
                <Watts>164</Watts>
              </TPX>
            </Extensions>
          </Trackpoint>
          <Trackpoint>
            <Time>2010-10-19T21:41:23Z</Time>
            <AltitudeMeters>0.0</AltitudeMeters>
            <HeartRateBpm>
              <Value>0</Value>
            </HeartRateBpm>
            <Cadence>72</Cadence>
            <DistanceMeters>23448.08000</DistanceMeters>
            <Extensions>
              <TPX xmlns="http://www.garmin.com/xmlschemas/ActivityExtension/v2">
                <Watts>127</Watts>
              </TPX>
            </Extensions>
          </Trackpoint>
          <Trackpoint>
            <Time>2010-10-19T21:41:26Z</Time>
            <AltitudeMeters>0.0</AltitudeMeters>
            <HeartRateBpm>
              <Value>0</Value>
            </HeartRateBpm>
            <Cadence>77</Cadence>
            <DistanceMeters>23464.17000</DistanceMeters>
            <Extensions>
              <TPX xmlns="http://www.garmin.com/xmlschemas/ActivityExtension/v2">
                <Watts>141</Watts>
              </TPX>
            </Extensions>
          </Trackpoint>
          <Trackpoint>
            <Time>2010-10-19T21:41:29Z</Time>
            <AltitudeMeters>0.0</AltitudeMeters>
            <HeartRateBpm>
              <Value>0</Value>
            </HeartRateBpm>
            <Cadence>80</Cadence>
            <DistanceMeters>23480.27000</DistanceMeters>
            <Extensions>
              <TPX xmlns="http://www.garmin.com/xmlschemas/ActivityExtension/v2">
                <Watts>154</Watts>
              </TPX>
            </Extensions>
          </Trackpoint>
          <Trackpoint>
            <Time>2010-10-19T21:41:32Z</Time>
            <AltitudeMeters>0.0</AltitudeMeters>
            <HeartRateBpm>
              <Value>0</Value>
            </HeartRateBpm>
            <Cadence>82</Cadence>
            <DistanceMeters>23512.45000</DistanceMeters>
            <Extensions>
              <TPX xmlns="http://www.garmin.com/xmlschemas/ActivityExtension/v2">
                <Watts>156</Watts>
              </TPX>
            </Extensions>
          </Trackpoint>
          <Trackpoint>
            <Time>2010-10-19T21:41:35Z</Time>
            <AltitudeMeters>0.0</AltitudeMeters>
            <HeartRateBpm>
              <Value>0</Value>
            </HeartRateBpm>
            <Cadence>82</Cadence>
            <DistanceMeters>23544.64000</DistanceMeters>
            <Extensions>
              <TPX xmlns="http://www.garmin.com/xmlschemas/ActivityExtension/v2">
                <Watts>161</Watts>
              </TPX>
            </Extensions>
          </Trackpoint>
          <Trackpoint>
            <Time>2010-10-19T21:41:38Z</Time>
            <AltitudeMeters>0.0</AltitudeMeters>
            <HeartRateBpm>
              <Value>0</Value>
            </HeartRateBpm>
            <Cadence>79</Cadence>
            <DistanceMeters>23560.73000</DistanceMeters>
            <Extensions>
              <TPX xmlns="http://www.garmin.com/xmlschemas/ActivityExtension/v2">
                <Watts>157</Watts>
              </TPX>
            </Extensions>
          </Trackpoint>
          <Trackpoint>
            <Time>2010-10-19T21:41:41Z</Time>
            <AltitudeMeters>0.0</AltitudeMeters>
            <HeartRateBpm>
              <Value>0</Value>
            </HeartRateBpm>
            <Cadence>78</Cadence>
            <DistanceMeters>23592.92000</DistanceMeters>
            <Extensions>
              <TPX xmlns="http://www.garmin.com/xmlschemas/ActivityExtension/v2">
                <Watts>146</Watts>
              </TPX>
            </Extensions>
          </Trackpoint>
          <Trackpoint>
            <Time>2010-10-19T21:41:44Z</Time>
            <AltitudeMeters>0.0</AltitudeMeters>
            <HeartRateBpm>
              <Value>0</Value>
            </HeartRateBpm>
            <Cadence>80</Cadence>
            <DistanceMeters>23609.01000</DistanceMeters>
            <Extensions>
              <TPX xmlns="http://www.garmin.com/xmlschemas/ActivityExtension/v2">
                <Watts>152</Watts>
              </TPX>
            </Extensions>
          </Trackpoint>
          <Trackpoint>
            <Time>2010-10-19T21:41:47Z</Time>
            <AltitudeMeters>0.0</AltitudeMeters>
            <HeartRateBpm>
              <Value>0</Value>
            </HeartRateBpm>
            <Cadence>84</Cadence>
            <DistanceMeters>23641.20000</DistanceMeters>
            <Extensions>
              <TPX xmlns="http://www.garmin.com/xmlschemas/ActivityExtension/v2">
                <Watts>163</Watts>
              </TPX>
            </Extensions>
          </Trackpoint>
          <Trackpoint>
            <Time>2010-10-19T21:41:50Z</Time>
            <AltitudeMeters>0.0</AltitudeMeters>
            <HeartRateBpm>
              <Value>0</Value>
            </HeartRateBpm>
            <Cadence>85</Cadence>
            <DistanceMeters>23657.29000</DistanceMeters>
            <Extensions>
              <TPX xmlns="http://www.garmin.com/xmlschemas/ActivityExtension/v2">
                <Watts>166</Watts>
              </TPX>
            </Extensions>
          </Trackpoint>
          <Trackpoint>
            <Time>2010-10-19T21:41:53Z</Time>
            <AltitudeMeters>0.0</AltitudeMeters>
            <HeartRateBpm>
              <Value>0</Value>
            </HeartRateBpm>
            <Cadence>83</Cadence>
            <DistanceMeters>23689.48000</DistanceMeters>
            <Extensions>
              <TPX xmlns="http://www.garmin.com/xmlschemas/ActivityExtension/v2">
                <Watts>169</Watts>
              </TPX>
            </Extensions>
          </Trackpoint>
          <Trackpoint>
            <Time>2010-10-19T21:41:56Z</Time>
            <AltitudeMeters>0.0</AltitudeMeters>
            <HeartRateBpm>
              <Value>0</Value>
            </HeartRateBpm>
            <Cadence>80</Cadence>
            <DistanceMeters>23721.67000</DistanceMeters>
            <Extensions>
              <TPX xmlns="http://www.garmin.com/xmlschemas/ActivityExtension/v2">
                <Watts>164</Watts>
              </TPX>
            </Extensions>
          </Trackpoint>
          <Trackpoint>
            <Time>2010-10-19T21:41:59Z</Time>
            <AltitudeMeters>0.0</AltitudeMeters>
            <HeartRateBpm>
              <Value>0</Value>
            </HeartRateBpm>
            <Cadence>80</Cadence>
            <DistanceMeters>23737.76000</DistanceMeters>
            <Extensions>
              <TPX xmlns="http://www.garmin.com/xmlschemas/ActivityExtension/v2">
                <Watts>156</Watts>
              </TPX>
            </Extensions>
          </Trackpoint>
          <Trackpoint>
            <Time>2010-10-19T21:42:02Z</Time>
            <AltitudeMeters>0.0</AltitudeMeters>
            <HeartRateBpm>
              <Value>0</Value>
            </HeartRateBpm>
            <Cadence>81</Cadence>
            <DistanceMeters>23769.95000</DistanceMeters>
            <Extensions>
              <TPX xmlns="http://www.garmin.com/xmlschemas/ActivityExtension/v2">
                <Watts>156</Watts>
              </TPX>
            </Extensions>
          </Trackpoint>
          <Trackpoint>
            <Time>2010-10-19T21:42:05Z</Time>
            <AltitudeMeters>0.0</AltitudeMeters>
            <HeartRateBpm>
              <Value>0</Value>
            </HeartRateBpm>
            <Cadence>89</Cadence>
            <DistanceMeters>23786.04000</DistanceMeters>
            <Extensions>
              <TPX xmlns="http://www.garmin.com/xmlschemas/ActivityExtension/v2">
                <Watts>177</Watts>
              </TPX>
            </Extensions>
          </Trackpoint>
          <Trackpoint>
            <Time>2010-10-19T21:42:08Z</Time>
            <AltitudeMeters>0.0</AltitudeMeters>
            <HeartRateBpm>
              <Value>0</Value>
            </HeartRateBpm>
            <Cadence>89</Cadence>
            <DistanceMeters>23818.23000</DistanceMeters>
            <Extensions>
              <TPX xmlns="http://www.garmin.com/xmlschemas/ActivityExtension/v2">
                <Watts>187</Watts>
              </TPX>
            </Extensions>
          </Trackpoint>
          <Trackpoint>
            <Time>2010-10-19T21:42:11Z</Time>
            <AltitudeMeters>0.0</AltitudeMeters>
            <HeartRateBpm>
              <Value>0</Value>
            </HeartRateBpm>
            <Cadence>87</Cadence>
            <DistanceMeters>23850.41000</DistanceMeters>
            <Extensions>
              <TPX xmlns="http://www.garmin.com/xmlschemas/ActivityExtension/v2">
                <Watts>186</Watts>
              </TPX>
            </Extensions>
          </Trackpoint>
          <Trackpoint>
            <Time>2010-10-19T21:42:14Z</Time>
            <AltitudeMeters>0.0</AltitudeMeters>
            <HeartRateBpm>
              <Value>0</Value>
            </HeartRateBpm>
            <Cadence>87</Cadence>
            <DistanceMeters>23882.60000</DistanceMeters>
            <Extensions>
              <TPX xmlns="http://www.garmin.com/xmlschemas/ActivityExtension/v2">
                <Watts>180</Watts>
              </TPX>
            </Extensions>
          </Trackpoint>
          <Trackpoint>
            <Time>2010-10-19T21:42:17Z</Time>
            <AltitudeMeters>0.0</AltitudeMeters>
            <HeartRateBpm>
              <Value>0</Value>
            </HeartRateBpm>
            <Cadence>87</Cadence>
            <DistanceMeters>23914.79000</DistanceMeters>
            <Extensions>
              <TPX xmlns="http://www.garmin.com/xmlschemas/ActivityExtension/v2">
                <Watts>179</Watts>
              </TPX>
            </Extensions>
          </Trackpoint>
          <Trackpoint>
            <Time>2010-10-19T21:42:20Z</Time>
            <AltitudeMeters>0.0</AltitudeMeters>
            <HeartRateBpm>
              <Value>0</Value>
            </HeartRateBpm>
            <Cadence>92</Cadence>
            <DistanceMeters>23946.97000</DistanceMeters>
            <Extensions>
              <TPX xmlns="http://www.garmin.com/xmlschemas/ActivityExtension/v2">
                <Watts>193</Watts>
              </TPX>
            </Extensions>
          </Trackpoint>
          <Trackpoint>
            <Time>2010-10-19T21:42:23Z</Time>
            <AltitudeMeters>0.0</AltitudeMeters>
            <HeartRateBpm>
              <Value>0</Value>
            </HeartRateBpm>
            <Cadence>78</Cadence>
            <DistanceMeters>23963.07000</DistanceMeters>
            <Extensions>
              <TPX xmlns="http://www.garmin.com/xmlschemas/ActivityExtension/v2">
                <Watts>139</Watts>
              </TPX>
            </Extensions>
          </Trackpoint>
          <Trackpoint>
            <Time>2010-10-19T21:42:26Z</Time>
            <AltitudeMeters>0.0</AltitudeMeters>
            <HeartRateBpm>
              <Value>0</Value>
            </HeartRateBpm>
            <Cadence>78</Cadence>
            <DistanceMeters>23995.25000</DistanceMeters>
            <Extensions>
              <TPX xmlns="http://www.garmin.com/xmlschemas/ActivityExtension/v2">
                <Watts>148</Watts>
              </TPX>
            </Extensions>
          </Trackpoint>
          <Trackpoint>
            <Time>2010-10-19T21:42:29Z</Time>
            <AltitudeMeters>0.0</AltitudeMeters>
            <HeartRateBpm>
              <Value>0</Value>
            </HeartRateBpm>
            <Cadence>80</Cadence>
            <DistanceMeters>24027.44000</DistanceMeters>
            <Extensions>
              <TPX xmlns="http://www.garmin.com/xmlschemas/ActivityExtension/v2">
                <Watts>147</Watts>
              </TPX>
            </Extensions>
          </Trackpoint>
          <Trackpoint>
            <Time>2010-10-19T21:42:32Z</Time>
            <AltitudeMeters>0.0</AltitudeMeters>
            <HeartRateBpm>
              <Value>0</Value>
            </HeartRateBpm>
            <Cadence>82</Cadence>
            <DistanceMeters>24043.53000</DistanceMeters>
            <Extensions>
              <TPX xmlns="http://www.garmin.com/xmlschemas/ActivityExtension/v2">
                <Watts>155</Watts>
              </TPX>
            </Extensions>
          </Trackpoint>
          <Trackpoint>
            <Time>2010-10-19T21:42:35Z</Time>
            <AltitudeMeters>0.0</AltitudeMeters>
            <HeartRateBpm>
              <Value>0</Value>
            </HeartRateBpm>
            <Cadence>84</Cadence>
            <DistanceMeters>24075.72000</DistanceMeters>
            <Extensions>
              <TPX xmlns="http://www.garmin.com/xmlschemas/ActivityExtension/v2">
                <Watts>161</Watts>
              </TPX>
            </Extensions>
          </Trackpoint>
          <Trackpoint>
            <Time>2010-10-19T21:42:38Z</Time>
            <AltitudeMeters>0.0</AltitudeMeters>
            <HeartRateBpm>
              <Value>0</Value>
            </HeartRateBpm>
            <Cadence>83</Cadence>
            <DistanceMeters>24091.81000</DistanceMeters>
            <Extensions>
              <TPX xmlns="http://www.garmin.com/xmlschemas/ActivityExtension/v2">
                <Watts>167</Watts>
              </TPX>
            </Extensions>
          </Trackpoint>
          <Trackpoint>
            <Time>2010-10-19T21:42:41Z</Time>
            <AltitudeMeters>0.0</AltitudeMeters>
            <HeartRateBpm>
              <Value>0</Value>
            </HeartRateBpm>
            <Cadence>81</Cadence>
            <DistanceMeters>24124.00000</DistanceMeters>
            <Extensions>
              <TPX xmlns="http://www.garmin.com/xmlschemas/ActivityExtension/v2">
                <Watts>160</Watts>
              </TPX>
            </Extensions>
          </Trackpoint>
          <Trackpoint>
            <Time>2010-10-19T21:42:44Z</Time>
            <AltitudeMeters>0.0</AltitudeMeters>
            <HeartRateBpm>
              <Value>0</Value>
            </HeartRateBpm>
            <Cadence>80</Cadence>
            <DistanceMeters>24156.19000</DistanceMeters>
            <Extensions>
              <TPX xmlns="http://www.garmin.com/xmlschemas/ActivityExtension/v2">
                <Watts>145</Watts>
              </TPX>
            </Extensions>
          </Trackpoint>
          <Trackpoint>
            <Time>2010-10-19T21:42:47Z</Time>
            <AltitudeMeters>0.0</AltitudeMeters>
            <HeartRateBpm>
              <Value>0</Value>
            </HeartRateBpm>
            <Cadence>89</Cadence>
            <DistanceMeters>24172.28000</DistanceMeters>
            <Extensions>
              <TPX xmlns="http://www.garmin.com/xmlschemas/ActivityExtension/v2">
                <Watts>146</Watts>
              </TPX>
            </Extensions>
          </Trackpoint>
          <Trackpoint>
            <Time>2010-10-19T21:42:50Z</Time>
            <AltitudeMeters>0.0</AltitudeMeters>
            <HeartRateBpm>
              <Value>0</Value>
            </HeartRateBpm>
            <Cadence>89</Cadence>
            <DistanceMeters>24204.47000</DistanceMeters>
            <Extensions>
              <TPX xmlns="http://www.garmin.com/xmlschemas/ActivityExtension/v2">
                <Watts>170</Watts>
              </TPX>
            </Extensions>
          </Trackpoint>
          <Trackpoint>
            <Time>2010-10-19T21:42:53Z</Time>
            <AltitudeMeters>0.0</AltitudeMeters>
            <HeartRateBpm>
              <Value>0</Value>
            </HeartRateBpm>
            <Cadence>89</Cadence>
            <DistanceMeters>24220.56000</DistanceMeters>
            <Extensions>
              <TPX xmlns="http://www.garmin.com/xmlschemas/ActivityExtension/v2">
                <Watts>170</Watts>
              </TPX>
            </Extensions>
          </Trackpoint>
          <Trackpoint>
            <Time>2010-10-19T21:42:56Z</Time>
            <AltitudeMeters>0.0</AltitudeMeters>
            <HeartRateBpm>
              <Value>0</Value>
            </HeartRateBpm>
            <Cadence>89</Cadence>
            <DistanceMeters>24252.75000</DistanceMeters>
            <Extensions>
              <TPX xmlns="http://www.garmin.com/xmlschemas/ActivityExtension/v2">
                <Watts>170</Watts>
              </TPX>
            </Extensions>
          </Trackpoint>
          <Trackpoint>
            <Time>2010-10-19T21:42:59Z</Time>
            <AltitudeMeters>0.0</AltitudeMeters>
            <HeartRateBpm>
              <Value>0</Value>
            </HeartRateBpm>
            <Cadence>90</Cadence>
            <DistanceMeters>24284.94000</DistanceMeters>
            <Extensions>
              <TPX xmlns="http://www.garmin.com/xmlschemas/ActivityExtension/v2">
                <Watts>170</Watts>
              </TPX>
            </Extensions>
          </Trackpoint>
          <Trackpoint>
            <Time>2010-10-19T21:43:02Z</Time>
            <AltitudeMeters>0.0</AltitudeMeters>
            <HeartRateBpm>
              <Value>0</Value>
            </HeartRateBpm>
            <Cadence>81</Cadence>
            <DistanceMeters>24301.03000</DistanceMeters>
            <Extensions>
              <TPX xmlns="http://www.garmin.com/xmlschemas/ActivityExtension/v2">
                <Watts>159</Watts>
              </TPX>
            </Extensions>
          </Trackpoint>
          <Trackpoint>
            <Time>2010-10-19T21:43:05Z</Time>
            <AltitudeMeters>0.0</AltitudeMeters>
            <HeartRateBpm>
              <Value>0</Value>
            </HeartRateBpm>
            <Cadence>87</Cadence>
            <DistanceMeters>24333.22000</DistanceMeters>
            <Extensions>
              <TPX xmlns="http://www.garmin.com/xmlschemas/ActivityExtension/v2">
                <Watts>153</Watts>
              </TPX>
            </Extensions>
          </Trackpoint>
          <Trackpoint>
            <Time>2010-10-19T21:43:08Z</Time>
            <AltitudeMeters>0.0</AltitudeMeters>
            <HeartRateBpm>
              <Value>0</Value>
            </HeartRateBpm>
            <Cadence>88</Cadence>
            <DistanceMeters>24365.40000</DistanceMeters>
            <Extensions>
              <TPX xmlns="http://www.garmin.com/xmlschemas/ActivityExtension/v2">
                <Watts>163</Watts>
              </TPX>
            </Extensions>
          </Trackpoint>
          <Trackpoint>
            <Time>2010-10-19T21:43:11Z</Time>
            <AltitudeMeters>0.0</AltitudeMeters>
            <HeartRateBpm>
              <Value>0</Value>
            </HeartRateBpm>
            <Cadence>88</Cadence>
            <DistanceMeters>24381.50000</DistanceMeters>
            <Extensions>
              <TPX xmlns="http://www.garmin.com/xmlschemas/ActivityExtension/v2">
                <Watts>167</Watts>
              </TPX>
            </Extensions>
          </Trackpoint>
          <Trackpoint>
            <Time>2010-10-19T21:43:14Z</Time>
            <AltitudeMeters>0.0</AltitudeMeters>
            <HeartRateBpm>
              <Value>0</Value>
            </HeartRateBpm>
            <Cadence>76</Cadence>
            <DistanceMeters>24413.68000</DistanceMeters>
            <Extensions>
              <TPX xmlns="http://www.garmin.com/xmlschemas/ActivityExtension/v2">
                <Watts>164</Watts>
              </TPX>
            </Extensions>
          </Trackpoint>
          <Trackpoint>
            <Time>2010-10-19T21:43:17Z</Time>
            <AltitudeMeters>0.0</AltitudeMeters>
            <HeartRateBpm>
              <Value>0</Value>
            </HeartRateBpm>
            <Cadence>91</Cadence>
            <DistanceMeters>24445.87000</DistanceMeters>
            <Extensions>
              <TPX xmlns="http://www.garmin.com/xmlschemas/ActivityExtension/v2">
                <Watts>176</Watts>
              </TPX>
            </Extensions>
          </Trackpoint>
          <Trackpoint>
            <Time>2010-10-19T21:43:20Z</Time>
            <AltitudeMeters>0.0</AltitudeMeters>
            <HeartRateBpm>
              <Value>0</Value>
            </HeartRateBpm>
            <Cadence>91</Cadence>
            <DistanceMeters>24461.96000</DistanceMeters>
            <Extensions>
              <TPX xmlns="http://www.garmin.com/xmlschemas/ActivityExtension/v2">
                <Watts>176</Watts>
              </TPX>
            </Extensions>
          </Trackpoint>
          <Trackpoint>
            <Time>2010-10-19T21:43:23Z</Time>
            <AltitudeMeters>0.0</AltitudeMeters>
            <HeartRateBpm>
              <Value>0</Value>
            </HeartRateBpm>
            <Cadence>90</Cadence>
            <DistanceMeters>24494.15000</DistanceMeters>
            <Extensions>
              <TPX xmlns="http://www.garmin.com/xmlschemas/ActivityExtension/v2">
                <Watts>173</Watts>
              </TPX>
            </Extensions>
          </Trackpoint>
          <Trackpoint>
            <Time>2010-10-19T21:43:26Z</Time>
            <AltitudeMeters>0.0</AltitudeMeters>
            <HeartRateBpm>
              <Value>0</Value>
            </HeartRateBpm>
            <Cadence>89</Cadence>
            <DistanceMeters>24510.24000</DistanceMeters>
            <Extensions>
              <TPX xmlns="http://www.garmin.com/xmlschemas/ActivityExtension/v2">
                <Watts>171</Watts>
              </TPX>
            </Extensions>
          </Trackpoint>
          <Trackpoint>
            <Time>2010-10-19T21:43:29Z</Time>
            <AltitudeMeters>0.0</AltitudeMeters>
            <HeartRateBpm>
              <Value>0</Value>
            </HeartRateBpm>
            <Cadence>86</Cadence>
            <DistanceMeters>24542.43000</DistanceMeters>
            <Extensions>
              <TPX xmlns="http://www.garmin.com/xmlschemas/ActivityExtension/v2">
                <Watts>160</Watts>
              </TPX>
            </Extensions>
          </Trackpoint>
          <Trackpoint>
            <Time>2010-10-19T21:43:32Z</Time>
            <AltitudeMeters>0.0</AltitudeMeters>
            <HeartRateBpm>
              <Value>0</Value>
            </HeartRateBpm>
            <Cadence>85</Cadence>
            <DistanceMeters>24574.62000</DistanceMeters>
            <Extensions>
              <TPX xmlns="http://www.garmin.com/xmlschemas/ActivityExtension/v2">
                <Watts>159</Watts>
              </TPX>
            </Extensions>
          </Trackpoint>
          <Trackpoint>
            <Time>2010-10-19T21:43:35Z</Time>
            <AltitudeMeters>0.0</AltitudeMeters>
            <HeartRateBpm>
              <Value>0</Value>
            </HeartRateBpm>
            <Cadence>87</Cadence>
            <DistanceMeters>24606.80000</DistanceMeters>
            <Extensions>
              <TPX xmlns="http://www.garmin.com/xmlschemas/ActivityExtension/v2">
                <Watts>158</Watts>
              </TPX>
            </Extensions>
          </Trackpoint>
          <Trackpoint>
            <Time>2010-10-19T21:43:38Z</Time>
            <AltitudeMeters>0.0</AltitudeMeters>
            <HeartRateBpm>
              <Value>0</Value>
            </HeartRateBpm>
            <Cadence>85</Cadence>
            <DistanceMeters>24622.90000</DistanceMeters>
            <Extensions>
              <TPX xmlns="http://www.garmin.com/xmlschemas/ActivityExtension/v2">
                <Watts>158</Watts>
              </TPX>
            </Extensions>
          </Trackpoint>
          <Trackpoint>
            <Time>2010-10-19T21:43:41Z</Time>
            <AltitudeMeters>0.0</AltitudeMeters>
            <HeartRateBpm>
              <Value>0</Value>
            </HeartRateBpm>
            <Cadence>86</Cadence>
            <DistanceMeters>24655.08000</DistanceMeters>
            <Extensions>
              <TPX xmlns="http://www.garmin.com/xmlschemas/ActivityExtension/v2">
                <Watts>159</Watts>
              </TPX>
            </Extensions>
          </Trackpoint>
          <Trackpoint>
            <Time>2010-10-19T21:43:44Z</Time>
            <AltitudeMeters>0.0</AltitudeMeters>
            <HeartRateBpm>
              <Value>0</Value>
            </HeartRateBpm>
            <Cadence>88</Cadence>
            <DistanceMeters>24671.18000</DistanceMeters>
            <Extensions>
              <TPX xmlns="http://www.garmin.com/xmlschemas/ActivityExtension/v2">
                <Watts>169</Watts>
              </TPX>
            </Extensions>
          </Trackpoint>
          <Trackpoint>
            <Time>2010-10-19T21:43:47Z</Time>
            <AltitudeMeters>0.0</AltitudeMeters>
            <HeartRateBpm>
              <Value>0</Value>
            </HeartRateBpm>
            <Cadence>91</Cadence>
            <DistanceMeters>24703.36000</DistanceMeters>
            <Extensions>
              <TPX xmlns="http://www.garmin.com/xmlschemas/ActivityExtension/v2">
                <Watts>174</Watts>
              </TPX>
            </Extensions>
          </Trackpoint>
          <Trackpoint>
            <Time>2010-10-19T21:43:50Z</Time>
            <AltitudeMeters>0.0</AltitudeMeters>
            <HeartRateBpm>
              <Value>0</Value>
            </HeartRateBpm>
            <Cadence>90</Cadence>
            <DistanceMeters>24735.55000</DistanceMeters>
            <Extensions>
              <TPX xmlns="http://www.garmin.com/xmlschemas/ActivityExtension/v2">
                <Watts>174</Watts>
              </TPX>
            </Extensions>
          </Trackpoint>
          <Trackpoint>
            <Time>2010-10-19T21:43:53Z</Time>
            <AltitudeMeters>0.0</AltitudeMeters>
            <HeartRateBpm>
              <Value>0</Value>
            </HeartRateBpm>
            <Cadence>91</Cadence>
            <DistanceMeters>24751.64000</DistanceMeters>
            <Extensions>
              <TPX xmlns="http://www.garmin.com/xmlschemas/ActivityExtension/v2">
                <Watts>175</Watts>
              </TPX>
            </Extensions>
          </Trackpoint>
          <Trackpoint>
            <Time>2010-10-19T21:43:56Z</Time>
            <AltitudeMeters>0.0</AltitudeMeters>
            <HeartRateBpm>
              <Value>0</Value>
            </HeartRateBpm>
            <Cadence>94</Cadence>
            <DistanceMeters>24783.83000</DistanceMeters>
            <Extensions>
              <TPX xmlns="http://www.garmin.com/xmlschemas/ActivityExtension/v2">
                <Watts>176</Watts>
              </TPX>
            </Extensions>
          </Trackpoint>
          <Trackpoint>
            <Time>2010-10-19T21:43:59Z</Time>
            <AltitudeMeters>0.0</AltitudeMeters>
            <HeartRateBpm>
              <Value>0</Value>
            </HeartRateBpm>
            <Cadence>95</Cadence>
            <DistanceMeters>24816.02000</DistanceMeters>
            <Extensions>
              <TPX xmlns="http://www.garmin.com/xmlschemas/ActivityExtension/v2">
                <Watts>184</Watts>
              </TPX>
            </Extensions>
          </Trackpoint>
          <Trackpoint>
            <Time>2010-10-19T21:44:02Z</Time>
            <AltitudeMeters>0.0</AltitudeMeters>
            <HeartRateBpm>
              <Value>0</Value>
            </HeartRateBpm>
            <Cadence>93</Cadence>
            <DistanceMeters>24848.20000</DistanceMeters>
            <Extensions>
              <TPX xmlns="http://www.garmin.com/xmlschemas/ActivityExtension/v2">
                <Watts>185</Watts>
              </TPX>
            </Extensions>
          </Trackpoint>
          <Trackpoint>
            <Time>2010-10-19T21:44:05Z</Time>
            <AltitudeMeters>0.0</AltitudeMeters>
            <HeartRateBpm>
              <Value>0</Value>
            </HeartRateBpm>
            <Cadence>90</Cadence>
            <DistanceMeters>24880.39000</DistanceMeters>
            <Extensions>
              <TPX xmlns="http://www.garmin.com/xmlschemas/ActivityExtension/v2">
                <Watts>177</Watts>
              </TPX>
            </Extensions>
          </Trackpoint>
          <Trackpoint>
            <Time>2010-10-19T21:44:08Z</Time>
            <AltitudeMeters>0.0</AltitudeMeters>
            <HeartRateBpm>
              <Value>0</Value>
            </HeartRateBpm>
            <Cadence>89</Cadence>
            <DistanceMeters>24896.48000</DistanceMeters>
            <Extensions>
              <TPX xmlns="http://www.garmin.com/xmlschemas/ActivityExtension/v2">
                <Watts>171</Watts>
              </TPX>
            </Extensions>
          </Trackpoint>
          <Trackpoint>
            <Time>2010-10-19T21:44:11Z</Time>
            <AltitudeMeters>0.0</AltitudeMeters>
            <HeartRateBpm>
              <Value>0</Value>
            </HeartRateBpm>
            <Cadence>89</Cadence>
            <DistanceMeters>24928.67000</DistanceMeters>
            <Extensions>
              <TPX xmlns="http://www.garmin.com/xmlschemas/ActivityExtension/v2">
                <Watts>169</Watts>
              </TPX>
            </Extensions>
          </Trackpoint>
          <Trackpoint>
            <Time>2010-10-19T21:44:14Z</Time>
            <AltitudeMeters>0.0</AltitudeMeters>
            <HeartRateBpm>
              <Value>0</Value>
            </HeartRateBpm>
            <Cadence>88</Cadence>
            <DistanceMeters>24960.86000</DistanceMeters>
            <Extensions>
              <TPX xmlns="http://www.garmin.com/xmlschemas/ActivityExtension/v2">
                <Watts>168</Watts>
              </TPX>
            </Extensions>
          </Trackpoint>
          <Trackpoint>
            <Time>2010-10-19T21:44:17Z</Time>
            <AltitudeMeters>0.0</AltitudeMeters>
            <HeartRateBpm>
              <Value>0</Value>
            </HeartRateBpm>
            <Cadence>90</Cadence>
            <DistanceMeters>24976.95000</DistanceMeters>
            <Extensions>
              <TPX xmlns="http://www.garmin.com/xmlschemas/ActivityExtension/v2">
                <Watts>130</Watts>
              </TPX>
            </Extensions>
          </Trackpoint>
          <Trackpoint>
            <Time>2010-10-19T21:44:20Z</Time>
            <AltitudeMeters>0.0</AltitudeMeters>
            <HeartRateBpm>
              <Value>0</Value>
            </HeartRateBpm>
            <Cadence>90</Cadence>
            <DistanceMeters>25009.14000</DistanceMeters>
            <Extensions>
              <TPX xmlns="http://www.garmin.com/xmlschemas/ActivityExtension/v2">
                <Watts>145</Watts>
              </TPX>
            </Extensions>
          </Trackpoint>
          <Trackpoint>
            <Time>2010-10-19T21:44:23Z</Time>
            <AltitudeMeters>0.0</AltitudeMeters>
            <HeartRateBpm>
              <Value>0</Value>
            </HeartRateBpm>
            <Cadence>79</Cadence>
            <DistanceMeters>25025.23000</DistanceMeters>
            <Extensions>
              <TPX xmlns="http://www.garmin.com/xmlschemas/ActivityExtension/v2">
                <Watts>118</Watts>
              </TPX>
            </Extensions>
          </Trackpoint>
          <Trackpoint>
            <Time>2010-10-19T21:44:26Z</Time>
            <AltitudeMeters>0.0</AltitudeMeters>
            <HeartRateBpm>
              <Value>0</Value>
            </HeartRateBpm>
            <Cadence>91</Cadence>
            <DistanceMeters>25057.42000</DistanceMeters>
            <Extensions>
              <TPX xmlns="http://www.garmin.com/xmlschemas/ActivityExtension/v2">
                <Watts>118</Watts>
              </TPX>
            </Extensions>
          </Trackpoint>
          <Trackpoint>
            <Time>2010-10-19T21:44:29Z</Time>
            <AltitudeMeters>0.0</AltitudeMeters>
            <HeartRateBpm>
              <Value>0</Value>
            </HeartRateBpm>
            <Cadence>91</Cadence>
            <DistanceMeters>25073.51000</DistanceMeters>
            <Extensions>
              <TPX xmlns="http://www.garmin.com/xmlschemas/ActivityExtension/v2">
                <Watts>148</Watts>
              </TPX>
            </Extensions>
          </Trackpoint>
          <Trackpoint>
            <Time>2010-10-19T21:44:32Z</Time>
            <AltitudeMeters>0.0</AltitudeMeters>
            <HeartRateBpm>
              <Value>0</Value>
            </HeartRateBpm>
            <Cadence>89</Cadence>
            <DistanceMeters>25089.61000</DistanceMeters>
            <Extensions>
              <TPX xmlns="http://www.garmin.com/xmlschemas/ActivityExtension/v2">
                <Watts>142</Watts>
              </TPX>
            </Extensions>
          </Trackpoint>
          <Trackpoint>
            <Time>2010-10-19T21:44:35Z</Time>
            <AltitudeMeters>0.0</AltitudeMeters>
            <HeartRateBpm>
              <Value>0</Value>
            </HeartRateBpm>
            <Cadence>88</Cadence>
            <DistanceMeters>25121.79000</DistanceMeters>
            <Extensions>
              <TPX xmlns="http://www.garmin.com/xmlschemas/ActivityExtension/v2">
                <Watts>142</Watts>
              </TPX>
            </Extensions>
          </Trackpoint>
          <Trackpoint>
            <Time>2010-10-19T21:44:38Z</Time>
            <AltitudeMeters>0.0</AltitudeMeters>
            <HeartRateBpm>
              <Value>0</Value>
            </HeartRateBpm>
            <Cadence>88</Cadence>
            <DistanceMeters>25137.89000</DistanceMeters>
            <Extensions>
              <TPX xmlns="http://www.garmin.com/xmlschemas/ActivityExtension/v2">
                <Watts>138</Watts>
              </TPX>
            </Extensions>
          </Trackpoint>
          <Trackpoint>
            <Time>2010-10-19T21:44:41Z</Time>
            <AltitudeMeters>0.0</AltitudeMeters>
            <HeartRateBpm>
              <Value>0</Value>
            </HeartRateBpm>
            <Cadence>88</Cadence>
            <DistanceMeters>25170.07000</DistanceMeters>
            <Extensions>
              <TPX xmlns="http://www.garmin.com/xmlschemas/ActivityExtension/v2">
                <Watts>139</Watts>
              </TPX>
            </Extensions>
          </Trackpoint>
          <Trackpoint>
            <Time>2010-10-19T21:44:44Z</Time>
            <AltitudeMeters>0.0</AltitudeMeters>
            <HeartRateBpm>
              <Value>0</Value>
            </HeartRateBpm>
            <Cadence>90</Cadence>
            <DistanceMeters>25186.17000</DistanceMeters>
            <Extensions>
              <TPX xmlns="http://www.garmin.com/xmlschemas/ActivityExtension/v2">
                <Watts>140</Watts>
              </TPX>
            </Extensions>
          </Trackpoint>
          <Trackpoint>
            <Time>2010-10-19T21:44:47Z</Time>
            <AltitudeMeters>0.0</AltitudeMeters>
            <HeartRateBpm>
              <Value>0</Value>
            </HeartRateBpm>
            <Cadence>90</Cadence>
            <DistanceMeters>25218.35000</DistanceMeters>
            <Extensions>
              <TPX xmlns="http://www.garmin.com/xmlschemas/ActivityExtension/v2">
                <Watts>145</Watts>
              </TPX>
            </Extensions>
          </Trackpoint>
          <Trackpoint>
            <Time>2010-10-19T21:44:50Z</Time>
            <AltitudeMeters>0.0</AltitudeMeters>
            <HeartRateBpm>
              <Value>0</Value>
            </HeartRateBpm>
            <Cadence>91</Cadence>
            <DistanceMeters>25234.45000</DistanceMeters>
            <Extensions>
              <TPX xmlns="http://www.garmin.com/xmlschemas/ActivityExtension/v2">
                <Watts>146</Watts>
              </TPX>
            </Extensions>
          </Trackpoint>
          <Trackpoint>
            <Time>2010-10-19T21:44:53Z</Time>
            <AltitudeMeters>0.0</AltitudeMeters>
            <HeartRateBpm>
              <Value>0</Value>
            </HeartRateBpm>
            <Cadence>89</Cadence>
            <DistanceMeters>25250.54000</DistanceMeters>
            <Extensions>
              <TPX xmlns="http://www.garmin.com/xmlschemas/ActivityExtension/v2">
                <Watts>146</Watts>
              </TPX>
            </Extensions>
          </Trackpoint>
          <Trackpoint>
            <Time>2010-10-19T21:44:56Z</Time>
            <AltitudeMeters>0.0</AltitudeMeters>
            <HeartRateBpm>
              <Value>0</Value>
            </HeartRateBpm>
            <Cadence>89</Cadence>
            <DistanceMeters>25282.73000</DistanceMeters>
            <Extensions>
              <TPX xmlns="http://www.garmin.com/xmlschemas/ActivityExtension/v2">
                <Watts>133</Watts>
              </TPX>
            </Extensions>
          </Trackpoint>
          <Trackpoint>
            <Time>2010-10-19T21:44:59Z</Time>
            <AltitudeMeters>0.0</AltitudeMeters>
            <HeartRateBpm>
              <Value>0</Value>
            </HeartRateBpm>
            <Cadence>76</Cadence>
            <DistanceMeters>25298.82000</DistanceMeters>
            <Extensions>
              <TPX xmlns="http://www.garmin.com/xmlschemas/ActivityExtension/v2">
                <Watts>116</Watts>
              </TPX>
            </Extensions>
          </Trackpoint>
          <Trackpoint>
            <Time>2010-10-19T21:45:02Z</Time>
            <AltitudeMeters>0.0</AltitudeMeters>
            <HeartRateBpm>
              <Value>0</Value>
            </HeartRateBpm>
            <Cadence>90</Cadence>
            <DistanceMeters>25331.01000</DistanceMeters>
            <Extensions>
              <TPX xmlns="http://www.garmin.com/xmlschemas/ActivityExtension/v2">
                <Watts>144</Watts>
              </TPX>
            </Extensions>
          </Trackpoint>
          <Trackpoint>
            <Time>2010-10-19T21:45:05Z</Time>
            <AltitudeMeters>0.0</AltitudeMeters>
            <HeartRateBpm>
              <Value>0</Value>
            </HeartRateBpm>
            <Cadence>88</Cadence>
            <DistanceMeters>25347.10000</DistanceMeters>
            <Extensions>
              <TPX xmlns="http://www.garmin.com/xmlschemas/ActivityExtension/v2">
                <Watts>138</Watts>
              </TPX>
            </Extensions>
          </Trackpoint>
          <Trackpoint>
            <Time>2010-10-19T21:45:08Z</Time>
            <AltitudeMeters>0.0</AltitudeMeters>
            <HeartRateBpm>
              <Value>0</Value>
            </HeartRateBpm>
            <Cadence>88</Cadence>
            <DistanceMeters>25363.19000</DistanceMeters>
            <Extensions>
              <TPX xmlns="http://www.garmin.com/xmlschemas/ActivityExtension/v2">
                <Watts>138</Watts>
              </TPX>
            </Extensions>
          </Trackpoint>
          <Trackpoint>
            <Time>2010-10-19T21:45:11Z</Time>
            <AltitudeMeters>0.0</AltitudeMeters>
            <HeartRateBpm>
              <Value>0</Value>
            </HeartRateBpm>
            <Cadence>91</Cadence>
            <DistanceMeters>25395.38000</DistanceMeters>
            <Extensions>
              <TPX xmlns="http://www.garmin.com/xmlschemas/ActivityExtension/v2">
                <Watts>139</Watts>
              </TPX>
            </Extensions>
          </Trackpoint>
          <Trackpoint>
            <Time>2010-10-19T21:45:14Z</Time>
            <AltitudeMeters>0.0</AltitudeMeters>
            <HeartRateBpm>
              <Value>0</Value>
            </HeartRateBpm>
            <Cadence>89</Cadence>
            <DistanceMeters>25411.47000</DistanceMeters>
            <Extensions>
              <TPX xmlns="http://www.garmin.com/xmlschemas/ActivityExtension/v2">
                <Watts>145</Watts>
              </TPX>
            </Extensions>
          </Trackpoint>
          <Trackpoint>
            <Time>2010-10-19T21:45:17Z</Time>
            <AltitudeMeters>0.0</AltitudeMeters>
            <HeartRateBpm>
              <Value>0</Value>
            </HeartRateBpm>
            <Cadence>88</Cadence>
            <DistanceMeters>25427.57000</DistanceMeters>
            <Extensions>
              <TPX xmlns="http://www.garmin.com/xmlschemas/ActivityExtension/v2">
                <Watts>140</Watts>
              </TPX>
            </Extensions>
          </Trackpoint>
          <Trackpoint>
            <Time>2010-10-19T21:45:20Z</Time>
            <AltitudeMeters>0.0</AltitudeMeters>
            <HeartRateBpm>
              <Value>0</Value>
            </HeartRateBpm>
            <Cadence>90</Cadence>
            <DistanceMeters>25459.75000</DistanceMeters>
            <Extensions>
              <TPX xmlns="http://www.garmin.com/xmlschemas/ActivityExtension/v2">
                <Watts>139</Watts>
              </TPX>
            </Extensions>
          </Trackpoint>
          <Trackpoint>
            <Time>2010-10-19T21:45:23Z</Time>
            <AltitudeMeters>0.0</AltitudeMeters>
            <HeartRateBpm>
              <Value>0</Value>
            </HeartRateBpm>
            <Cadence>86</Cadence>
            <DistanceMeters>25475.85000</DistanceMeters>
            <Extensions>
              <TPX xmlns="http://www.garmin.com/xmlschemas/ActivityExtension/v2">
                <Watts>115</Watts>
              </TPX>
            </Extensions>
          </Trackpoint>
          <Trackpoint>
            <Time>2010-10-19T21:45:26Z</Time>
            <AltitudeMeters>0.0</AltitudeMeters>
            <HeartRateBpm>
              <Value>0</Value>
            </HeartRateBpm>
            <Cadence>85</Cadence>
            <DistanceMeters>25508.03000</DistanceMeters>
            <Extensions>
              <TPX xmlns="http://www.garmin.com/xmlschemas/ActivityExtension/v2">
                <Watts>59</Watts>
              </TPX>
            </Extensions>
          </Trackpoint>
          <Trackpoint>
            <Time>2010-10-19T21:45:29Z</Time>
            <AltitudeMeters>0.0</AltitudeMeters>
            <HeartRateBpm>
              <Value>0</Value>
            </HeartRateBpm>
            <Cadence>86</Cadence>
            <DistanceMeters>25524.13000</DistanceMeters>
            <Extensions>
              <TPX xmlns="http://www.garmin.com/xmlschemas/ActivityExtension/v2">
                <Watts>58</Watts>
              </TPX>
            </Extensions>
          </Trackpoint>
          <Trackpoint>
            <Time>2010-10-19T21:45:32Z</Time>
            <AltitudeMeters>0.0</AltitudeMeters>
            <HeartRateBpm>
              <Value>0</Value>
            </HeartRateBpm>
            <Cadence>86</Cadence>
            <DistanceMeters>25524.13000</DistanceMeters>
            <Extensions>
              <TPX xmlns="http://www.garmin.com/xmlschemas/ActivityExtension/v2">
                <Watts>67</Watts>
              </TPX>
            </Extensions>
          </Trackpoint>
          <Trackpoint>
            <Time>2010-10-19T21:45:35Z</Time>
            <AltitudeMeters>0.0</AltitudeMeters>
            <HeartRateBpm>
              <Value>0</Value>
            </HeartRateBpm>
            <Cadence>86</Cadence>
            <DistanceMeters>25540.22000</DistanceMeters>
            <Extensions>
              <TPX xmlns="http://www.garmin.com/xmlschemas/ActivityExtension/v2">
                <Watts>67</Watts>
              </TPX>
            </Extensions>
          </Trackpoint>
          <Trackpoint>
            <Time>2010-10-19T21:45:38Z</Time>
            <AltitudeMeters>0.0</AltitudeMeters>
            <HeartRateBpm>
              <Value>0</Value>
            </HeartRateBpm>
            <Cadence>83</Cadence>
            <DistanceMeters>25540.22000</DistanceMeters>
            <Extensions>
              <TPX xmlns="http://www.garmin.com/xmlschemas/ActivityExtension/v2">
                <Watts>61</Watts>
              </TPX>
            </Extensions>
          </Trackpoint>
          <Trackpoint>
            <Time>2010-10-19T21:45:41Z</Time>
            <AltitudeMeters>0.0</AltitudeMeters>
            <HeartRateBpm>
              <Value>0</Value>
            </HeartRateBpm>
            <Cadence>82</Cadence>
            <DistanceMeters>25556.31000</DistanceMeters>
            <Extensions>
              <TPX xmlns="http://www.garmin.com/xmlschemas/ActivityExtension/v2">
                <Watts>59</Watts>
              </TPX>
            </Extensions>
          </Trackpoint>
          <Trackpoint>
            <Time>2010-10-19T21:45:44Z</Time>
            <AltitudeMeters>0.0</AltitudeMeters>
            <HeartRateBpm>
              <Value>0</Value>
            </HeartRateBpm>
            <Cadence>84</Cadence>
            <DistanceMeters>25572.41000</DistanceMeters>
            <Extensions>
              <TPX xmlns="http://www.garmin.com/xmlschemas/ActivityExtension/v2">
                <Watts>54</Watts>
              </TPX>
            </Extensions>
          </Trackpoint>
          <Trackpoint>
            <Time>2010-10-19T21:45:47Z</Time>
            <AltitudeMeters>0.0</AltitudeMeters>
            <HeartRateBpm>
              <Value>0</Value>
            </HeartRateBpm>
            <Cadence>85</Cadence>
            <DistanceMeters>25572.41000</DistanceMeters>
            <Extensions>
              <TPX xmlns="http://www.garmin.com/xmlschemas/ActivityExtension/v2">
                <Watts>55</Watts>
              </TPX>
            </Extensions>
          </Trackpoint>
          <Trackpoint>
            <Time>2010-10-19T21:45:50Z</Time>
            <AltitudeMeters>0.0</AltitudeMeters>
            <HeartRateBpm>
              <Value>0</Value>
            </HeartRateBpm>
            <Cadence>84</Cadence>
            <DistanceMeters>25588.50000</DistanceMeters>
            <Extensions>
              <TPX xmlns="http://www.garmin.com/xmlschemas/ActivityExtension/v2">
                <Watts>109</Watts>
              </TPX>
            </Extensions>
          </Trackpoint>
          <Trackpoint>
            <Time>2010-10-19T21:45:53Z</Time>
            <AltitudeMeters>0.0</AltitudeMeters>
            <HeartRateBpm>
              <Value>0</Value>
            </HeartRateBpm>
            <Cadence>84</Cadence>
            <DistanceMeters>25604.59000</DistanceMeters>
            <Extensions>
              <TPX xmlns="http://www.garmin.com/xmlschemas/ActivityExtension/v2">
                <Watts>108</Watts>
              </TPX>
            </Extensions>
          </Trackpoint>
          <Trackpoint>
            <Time>2010-10-19T21:45:56Z</Time>
            <AltitudeMeters>0.0</AltitudeMeters>
            <HeartRateBpm>
              <Value>0</Value>
            </HeartRateBpm>
            <Cadence>84</Cadence>
            <DistanceMeters>25620.69000</DistanceMeters>
            <Extensions>
              <TPX xmlns="http://www.garmin.com/xmlschemas/ActivityExtension/v2">
                <Watts>108</Watts>
              </TPX>
            </Extensions>
          </Trackpoint>
          <Trackpoint>
            <Time>2010-10-19T21:45:59Z</Time>
            <AltitudeMeters>0.0</AltitudeMeters>
            <HeartRateBpm>
              <Value>0</Value>
            </HeartRateBpm>
            <Cadence>84</Cadence>
            <DistanceMeters>25636.78000</DistanceMeters>
            <Extensions>
              <TPX xmlns="http://www.garmin.com/xmlschemas/ActivityExtension/v2">
                <Watts>108</Watts>
              </TPX>
            </Extensions>
          </Trackpoint>
          <Trackpoint>
            <Time>2010-10-19T21:46:02Z</Time>
            <AltitudeMeters>0.0</AltitudeMeters>
            <HeartRateBpm>
              <Value>0</Value>
            </HeartRateBpm>
            <Cadence>85</Cadence>
            <DistanceMeters>25652.87000</DistanceMeters>
            <Extensions>
              <TPX xmlns="http://www.garmin.com/xmlschemas/ActivityExtension/v2">
                <Watts>108</Watts>
              </TPX>
            </Extensions>
          </Trackpoint>
          <Trackpoint>
            <Time>2010-10-19T21:46:05Z</Time>
            <AltitudeMeters>0.0</AltitudeMeters>
            <HeartRateBpm>
              <Value>0</Value>
            </HeartRateBpm>
            <Cadence>84</Cadence>
            <DistanceMeters>25668.97000</DistanceMeters>
            <Extensions>
              <TPX xmlns="http://www.garmin.com/xmlschemas/ActivityExtension/v2">
                <Watts>108</Watts>
              </TPX>
            </Extensions>
          </Trackpoint>
          <Trackpoint>
            <Time>2010-10-19T21:46:08Z</Time>
            <AltitudeMeters>0.0</AltitudeMeters>
            <HeartRateBpm>
              <Value>0</Value>
            </HeartRateBpm>
            <Cadence>83</Cadence>
            <DistanceMeters>25685.06000</DistanceMeters>
            <Extensions>
              <TPX xmlns="http://www.garmin.com/xmlschemas/ActivityExtension/v2">
                <Watts>108</Watts>
              </TPX>
            </Extensions>
          </Trackpoint>
          <Trackpoint>
            <Time>2010-10-19T21:46:11Z</Time>
            <AltitudeMeters>0.0</AltitudeMeters>
            <HeartRateBpm>
              <Value>0</Value>
            </HeartRateBpm>
            <Cadence>84</Cadence>
            <DistanceMeters>25701.15000</DistanceMeters>
            <Extensions>
              <TPX xmlns="http://www.garmin.com/xmlschemas/ActivityExtension/v2">
                <Watts>105</Watts>
              </TPX>
            </Extensions>
          </Trackpoint>
          <Trackpoint>
            <Time>2010-10-19T21:46:14Z</Time>
            <AltitudeMeters>0.0</AltitudeMeters>
            <HeartRateBpm>
              <Value>0</Value>
            </HeartRateBpm>
            <Cadence>82</Cadence>
            <DistanceMeters>25717.25000</DistanceMeters>
            <Extensions>
              <TPX xmlns="http://www.garmin.com/xmlschemas/ActivityExtension/v2">
                <Watts>107</Watts>
              </TPX>
            </Extensions>
          </Trackpoint>
          <Trackpoint>
            <Time>2010-10-19T21:46:17Z</Time>
            <AltitudeMeters>0.0</AltitudeMeters>
            <HeartRateBpm>
              <Value>0</Value>
            </HeartRateBpm>
            <Cadence>87</Cadence>
            <DistanceMeters>25733.34000</DistanceMeters>
            <Extensions>
              <TPX xmlns="http://www.garmin.com/xmlschemas/ActivityExtension/v2">
                <Watts>113</Watts>
              </TPX>
            </Extensions>
          </Trackpoint>
          <Trackpoint>
            <Time>2010-10-19T21:46:20Z</Time>
            <AltitudeMeters>0.0</AltitudeMeters>
            <HeartRateBpm>
              <Value>0</Value>
            </HeartRateBpm>
            <Cadence>89</Cadence>
            <DistanceMeters>25749.44000</DistanceMeters>
            <Extensions>
              <TPX xmlns="http://www.garmin.com/xmlschemas/ActivityExtension/v2">
                <Watts>114</Watts>
              </TPX>
            </Extensions>
          </Trackpoint>
          <Trackpoint>
            <Time>2010-10-19T21:46:23Z</Time>
            <AltitudeMeters>0.0</AltitudeMeters>
            <HeartRateBpm>
              <Value>0</Value>
            </HeartRateBpm>
            <Cadence>89</Cadence>
            <DistanceMeters>25781.62000</DistanceMeters>
            <Extensions>
              <TPX xmlns="http://www.garmin.com/xmlschemas/ActivityExtension/v2">
                <Watts>138</Watts>
              </TPX>
            </Extensions>
          </Trackpoint>
          <Trackpoint>
            <Time>2010-10-19T21:46:26Z</Time>
            <AltitudeMeters>0.0</AltitudeMeters>
            <HeartRateBpm>
              <Value>0</Value>
            </HeartRateBpm>
            <Cadence>89</Cadence>
            <DistanceMeters>25797.72000</DistanceMeters>
            <Extensions>
              <TPX xmlns="http://www.garmin.com/xmlschemas/ActivityExtension/v2">
                <Watts>138</Watts>
              </TPX>
            </Extensions>
          </Trackpoint>
          <Trackpoint>
            <Time>2010-10-19T21:46:29Z</Time>
            <AltitudeMeters>0.0</AltitudeMeters>
            <HeartRateBpm>
              <Value>0</Value>
            </HeartRateBpm>
            <Cadence>88</Cadence>
            <DistanceMeters>25813.81000</DistanceMeters>
            <Extensions>
              <TPX xmlns="http://www.garmin.com/xmlschemas/ActivityExtension/v2">
                <Watts>138</Watts>
              </TPX>
            </Extensions>
          </Trackpoint>
          <Trackpoint>
            <Time>2010-10-19T21:46:32Z</Time>
            <AltitudeMeters>0.0</AltitudeMeters>
            <HeartRateBpm>
              <Value>0</Value>
            </HeartRateBpm>
            <Cadence>87</Cadence>
            <DistanceMeters>25846.00000</DistanceMeters>
            <Extensions>
              <TPX xmlns="http://www.garmin.com/xmlschemas/ActivityExtension/v2">
                <Watts>136</Watts>
              </TPX>
            </Extensions>
          </Trackpoint>
          <Trackpoint>
            <Time>2010-10-19T21:46:35Z</Time>
            <AltitudeMeters>0.0</AltitudeMeters>
            <HeartRateBpm>
              <Value>0</Value>
            </HeartRateBpm>
            <Cadence>84</Cadence>
            <DistanceMeters>25862.09000</DistanceMeters>
            <Extensions>
              <TPX xmlns="http://www.garmin.com/xmlschemas/ActivityExtension/v2">
                <Watts>126</Watts>
              </TPX>
            </Extensions>
          </Trackpoint>
          <Trackpoint>
            <Time>2010-10-19T21:46:38Z</Time>
            <AltitudeMeters>0.0</AltitudeMeters>
            <HeartRateBpm>
              <Value>0</Value>
            </HeartRateBpm>
            <Cadence>83</Cadence>
            <DistanceMeters>25878.18000</DistanceMeters>
            <Extensions>
              <TPX xmlns="http://www.garmin.com/xmlschemas/ActivityExtension/v2">
                <Watts>121</Watts>
              </TPX>
            </Extensions>
          </Trackpoint>
          <Trackpoint>
            <Time>2010-10-19T21:46:41Z</Time>
            <AltitudeMeters>0.0</AltitudeMeters>
            <HeartRateBpm>
              <Value>0</Value>
            </HeartRateBpm>
            <Cadence>86</Cadence>
            <DistanceMeters>25910.37000</DistanceMeters>
            <Extensions>
              <TPX xmlns="http://www.garmin.com/xmlschemas/ActivityExtension/v2">
                <Watts>130</Watts>
              </TPX>
            </Extensions>
          </Trackpoint>
          <Trackpoint>
            <Time>2010-10-19T21:46:44Z</Time>
            <AltitudeMeters>0.0</AltitudeMeters>
            <HeartRateBpm>
              <Value>0</Value>
            </HeartRateBpm>
            <Cadence>88</Cadence>
            <DistanceMeters>25926.46000</DistanceMeters>
            <Extensions>
              <TPX xmlns="http://www.garmin.com/xmlschemas/ActivityExtension/v2">
                <Watts>131</Watts>
              </TPX>
            </Extensions>
          </Trackpoint>
          <Trackpoint>
            <Time>2010-10-19T21:46:47Z</Time>
            <AltitudeMeters>0.0</AltitudeMeters>
            <HeartRateBpm>
              <Value>0</Value>
            </HeartRateBpm>
            <Cadence>89</Cadence>
            <DistanceMeters>25942.56000</DistanceMeters>
            <Extensions>
              <TPX xmlns="http://www.garmin.com/xmlschemas/ActivityExtension/v2">
                <Watts>134</Watts>
              </TPX>
            </Extensions>
          </Trackpoint>
          <Trackpoint>
            <Time>2010-10-19T21:46:50Z</Time>
            <AltitudeMeters>0.0</AltitudeMeters>
            <HeartRateBpm>
              <Value>0</Value>
            </HeartRateBpm>
            <Cadence>92</Cadence>
            <DistanceMeters>25974.74000</DistanceMeters>
            <Extensions>
              <TPX xmlns="http://www.garmin.com/xmlschemas/ActivityExtension/v2">
                <Watts>144</Watts>
              </TPX>
            </Extensions>
          </Trackpoint>
          <Trackpoint>
            <Time>2010-10-19T21:46:53Z</Time>
            <AltitudeMeters>0.0</AltitudeMeters>
            <HeartRateBpm>
              <Value>0</Value>
            </HeartRateBpm>
            <Cadence>93</Cadence>
            <DistanceMeters>25990.84000</DistanceMeters>
            <Extensions>
              <TPX xmlns="http://www.garmin.com/xmlschemas/ActivityExtension/v2">
                <Watts>148</Watts>
              </TPX>
            </Extensions>
          </Trackpoint>
          <Trackpoint>
            <Time>2010-10-19T21:46:56Z</Time>
            <AltitudeMeters>0.0</AltitudeMeters>
            <HeartRateBpm>
              <Value>0</Value>
            </HeartRateBpm>
            <Cadence>90</Cadence>
            <DistanceMeters>26006.93000</DistanceMeters>
            <Extensions>
              <TPX xmlns="http://www.garmin.com/xmlschemas/ActivityExtension/v2">
                <Watts>140</Watts>
              </TPX>
            </Extensions>
          </Trackpoint>
          <Trackpoint>
            <Time>2010-10-19T21:46:59Z</Time>
            <AltitudeMeters>0.0</AltitudeMeters>
            <HeartRateBpm>
              <Value>0</Value>
            </HeartRateBpm>
            <Cadence>91</Cadence>
            <DistanceMeters>26039.12000</DistanceMeters>
            <Extensions>
              <TPX xmlns="http://www.garmin.com/xmlschemas/ActivityExtension/v2">
                <Watts>140</Watts>
              </TPX>
            </Extensions>
          </Trackpoint>
          <Trackpoint>
            <Time>2010-10-19T21:47:02Z</Time>
            <AltitudeMeters>0.0</AltitudeMeters>
            <HeartRateBpm>
              <Value>0</Value>
            </HeartRateBpm>
            <Cadence>91</Cadence>
            <DistanceMeters>26055.21000</DistanceMeters>
            <Extensions>
              <TPX xmlns="http://www.garmin.com/xmlschemas/ActivityExtension/v2">
                <Watts>141</Watts>
              </TPX>
            </Extensions>
          </Trackpoint>
          <Trackpoint>
            <Time>2010-10-19T21:47:05Z</Time>
            <AltitudeMeters>0.0</AltitudeMeters>
            <HeartRateBpm>
              <Value>0</Value>
            </HeartRateBpm>
            <Cadence>90</Cadence>
            <DistanceMeters>26087.40000</DistanceMeters>
            <Extensions>
              <TPX xmlns="http://www.garmin.com/xmlschemas/ActivityExtension/v2">
                <Watts>142</Watts>
              </TPX>
            </Extensions>
          </Trackpoint>
          <Trackpoint>
            <Time>2010-10-19T21:47:08Z</Time>
            <AltitudeMeters>0.0</AltitudeMeters>
            <HeartRateBpm>
              <Value>0</Value>
            </HeartRateBpm>
            <Cadence>90</Cadence>
            <DistanceMeters>26103.49000</DistanceMeters>
            <Extensions>
              <TPX xmlns="http://www.garmin.com/xmlschemas/ActivityExtension/v2">
                <Watts>136</Watts>
              </TPX>
            </Extensions>
          </Trackpoint>
          <Trackpoint>
            <Time>2010-10-19T21:47:11Z</Time>
            <AltitudeMeters>0.0</AltitudeMeters>
            <HeartRateBpm>
              <Value>0</Value>
            </HeartRateBpm>
            <Cadence>87</Cadence>
            <DistanceMeters>26135.68000</DistanceMeters>
            <Extensions>
              <TPX xmlns="http://www.garmin.com/xmlschemas/ActivityExtension/v2">
                <Watts>139</Watts>
              </TPX>
            </Extensions>
          </Trackpoint>
          <Trackpoint>
            <Time>2010-10-19T21:47:14Z</Time>
            <AltitudeMeters>0.0</AltitudeMeters>
            <HeartRateBpm>
              <Value>0</Value>
            </HeartRateBpm>
            <Cadence>90</Cadence>
            <DistanceMeters>26151.77000</DistanceMeters>
            <Extensions>
              <TPX xmlns="http://www.garmin.com/xmlschemas/ActivityExtension/v2">
                <Watts>134</Watts>
              </TPX>
            </Extensions>
          </Trackpoint>
          <Trackpoint>
            <Time>2010-10-19T21:47:17Z</Time>
            <AltitudeMeters>0.0</AltitudeMeters>
            <HeartRateBpm>
              <Value>0</Value>
            </HeartRateBpm>
            <Cadence>91</Cadence>
            <DistanceMeters>26167.86000</DistanceMeters>
            <Extensions>
              <TPX xmlns="http://www.garmin.com/xmlschemas/ActivityExtension/v2">
                <Watts>141</Watts>
              </TPX>
            </Extensions>
          </Trackpoint>
          <Trackpoint>
            <Time>2010-10-19T21:47:20Z</Time>
            <AltitudeMeters>0.0</AltitudeMeters>
            <HeartRateBpm>
              <Value>0</Value>
            </HeartRateBpm>
            <Cadence>93</Cadence>
            <DistanceMeters>26200.05000</DistanceMeters>
            <Extensions>
              <TPX xmlns="http://www.garmin.com/xmlschemas/ActivityExtension/v2">
                <Watts>159</Watts>
              </TPX>
            </Extensions>
          </Trackpoint>
          <Trackpoint>
            <Time>2010-10-19T21:47:23Z</Time>
            <AltitudeMeters>0.0</AltitudeMeters>
            <HeartRateBpm>
              <Value>0</Value>
            </HeartRateBpm>
            <Cadence>90</Cadence>
            <DistanceMeters>26216.14000</DistanceMeters>
            <Extensions>
              <TPX xmlns="http://www.garmin.com/xmlschemas/ActivityExtension/v2">
                <Watts>153</Watts>
              </TPX>
            </Extensions>
          </Trackpoint>
          <Trackpoint>
            <Time>2010-10-19T21:47:26Z</Time>
            <AltitudeMeters>0.0</AltitudeMeters>
            <HeartRateBpm>
              <Value>0</Value>
            </HeartRateBpm>
            <Cadence>90</Cadence>
            <DistanceMeters>26248.33000</DistanceMeters>
            <Extensions>
              <TPX xmlns="http://www.garmin.com/xmlschemas/ActivityExtension/v2">
                <Watts>148</Watts>
              </TPX>
            </Extensions>
          </Trackpoint>
          <Trackpoint>
            <Time>2010-10-19T21:47:29Z</Time>
            <AltitudeMeters>0.0</AltitudeMeters>
            <HeartRateBpm>
              <Value>0</Value>
            </HeartRateBpm>
            <Cadence>90</Cadence>
            <DistanceMeters>26264.42000</DistanceMeters>
            <Extensions>
              <TPX xmlns="http://www.garmin.com/xmlschemas/ActivityExtension/v2">
                <Watts>153</Watts>
              </TPX>
            </Extensions>
          </Trackpoint>
          <Trackpoint>
            <Time>2010-10-19T21:47:32Z</Time>
            <AltitudeMeters>0.0</AltitudeMeters>
            <HeartRateBpm>
              <Value>0</Value>
            </HeartRateBpm>
            <Cadence>91</Cadence>
            <DistanceMeters>26296.61000</DistanceMeters>
            <Extensions>
              <TPX xmlns="http://www.garmin.com/xmlschemas/ActivityExtension/v2">
                <Watts>166</Watts>
              </TPX>
            </Extensions>
          </Trackpoint>
          <Trackpoint>
            <Time>2010-10-19T21:47:35Z</Time>
            <AltitudeMeters>0.0</AltitudeMeters>
            <HeartRateBpm>
              <Value>0</Value>
            </HeartRateBpm>
            <Cadence>91</Cadence>
            <DistanceMeters>26312.70000</DistanceMeters>
            <Extensions>
              <TPX xmlns="http://www.garmin.com/xmlschemas/ActivityExtension/v2">
                <Watts>151</Watts>
              </TPX>
            </Extensions>
          </Trackpoint>
          <Trackpoint>
            <Time>2010-10-19T21:47:38Z</Time>
            <AltitudeMeters>0.0</AltitudeMeters>
            <HeartRateBpm>
              <Value>0</Value>
            </HeartRateBpm>
            <Cadence>90</Cadence>
            <DistanceMeters>26344.89000</DistanceMeters>
            <Extensions>
              <TPX xmlns="http://www.garmin.com/xmlschemas/ActivityExtension/v2">
                <Watts>160</Watts>
              </TPX>
            </Extensions>
          </Trackpoint>
          <Trackpoint>
            <Time>2010-10-19T21:47:41Z</Time>
            <AltitudeMeters>0.0</AltitudeMeters>
            <HeartRateBpm>
              <Value>0</Value>
            </HeartRateBpm>
            <Cadence>90</Cadence>
            <DistanceMeters>26377.08000</DistanceMeters>
            <Extensions>
              <TPX xmlns="http://www.garmin.com/xmlschemas/ActivityExtension/v2">
                <Watts>161</Watts>
              </TPX>
            </Extensions>
          </Trackpoint>
          <Trackpoint>
            <Time>2010-10-19T21:47:44Z</Time>
            <AltitudeMeters>0.0</AltitudeMeters>
            <HeartRateBpm>
              <Value>0</Value>
            </HeartRateBpm>
            <Cadence>90</Cadence>
            <DistanceMeters>26393.17000</DistanceMeters>
            <Extensions>
              <TPX xmlns="http://www.garmin.com/xmlschemas/ActivityExtension/v2">
                <Watts>160</Watts>
              </TPX>
            </Extensions>
          </Trackpoint>
          <Trackpoint>
            <Time>2010-10-19T21:47:47Z</Time>
            <AltitudeMeters>0.0</AltitudeMeters>
            <HeartRateBpm>
              <Value>0</Value>
            </HeartRateBpm>
            <Cadence>89</Cadence>
            <DistanceMeters>26425.36000</DistanceMeters>
            <Extensions>
              <TPX xmlns="http://www.garmin.com/xmlschemas/ActivityExtension/v2">
                <Watts>160</Watts>
              </TPX>
            </Extensions>
          </Trackpoint>
          <Trackpoint>
            <Time>2010-10-19T21:47:50Z</Time>
            <AltitudeMeters>0.0</AltitudeMeters>
            <HeartRateBpm>
              <Value>0</Value>
            </HeartRateBpm>
            <Cadence>89</Cadence>
            <DistanceMeters>26441.45000</DistanceMeters>
            <Extensions>
              <TPX xmlns="http://www.garmin.com/xmlschemas/ActivityExtension/v2">
                <Watts>158</Watts>
              </TPX>
            </Extensions>
          </Trackpoint>
          <Trackpoint>
            <Time>2010-10-19T21:47:53Z</Time>
            <AltitudeMeters>0.0</AltitudeMeters>
            <HeartRateBpm>
              <Value>0</Value>
            </HeartRateBpm>
            <Cadence>90</Cadence>
            <DistanceMeters>26473.64000</DistanceMeters>
            <Extensions>
              <TPX xmlns="http://www.garmin.com/xmlschemas/ActivityExtension/v2">
                <Watts>157</Watts>
              </TPX>
            </Extensions>
          </Trackpoint>
          <Trackpoint>
            <Time>2010-10-19T21:47:56Z</Time>
            <AltitudeMeters>0.0</AltitudeMeters>
            <HeartRateBpm>
              <Value>0</Value>
            </HeartRateBpm>
            <Cadence>91</Cadence>
            <DistanceMeters>26505.82000</DistanceMeters>
            <Extensions>
              <TPX xmlns="http://www.garmin.com/xmlschemas/ActivityExtension/v2">
                <Watts>163</Watts>
              </TPX>
            </Extensions>
          </Trackpoint>
          <Trackpoint>
            <Time>2010-10-19T21:47:59Z</Time>
            <AltitudeMeters>0.0</AltitudeMeters>
            <HeartRateBpm>
              <Value>0</Value>
            </HeartRateBpm>
            <Cadence>92</Cadence>
            <DistanceMeters>26521.92000</DistanceMeters>
            <Extensions>
              <TPX xmlns="http://www.garmin.com/xmlschemas/ActivityExtension/v2">
                <Watts>166</Watts>
              </TPX>
            </Extensions>
          </Trackpoint>
          <Trackpoint>
            <Time>2010-10-19T21:48:02Z</Time>
            <AltitudeMeters>0.0</AltitudeMeters>
            <HeartRateBpm>
              <Value>0</Value>
            </HeartRateBpm>
            <Cadence>93</Cadence>
            <DistanceMeters>26554.10000</DistanceMeters>
            <Extensions>
              <TPX xmlns="http://www.garmin.com/xmlschemas/ActivityExtension/v2">
                <Watts>167</Watts>
              </TPX>
            </Extensions>
          </Trackpoint>
          <Trackpoint>
            <Time>2010-10-19T21:48:05Z</Time>
            <AltitudeMeters>0.0</AltitudeMeters>
            <HeartRateBpm>
              <Value>0</Value>
            </HeartRateBpm>
            <Cadence>94</Cadence>
            <DistanceMeters>26586.29000</DistanceMeters>
            <Extensions>
              <TPX xmlns="http://www.garmin.com/xmlschemas/ActivityExtension/v2">
                <Watts>168</Watts>
              </TPX>
            </Extensions>
          </Trackpoint>
          <Trackpoint>
            <Time>2010-10-19T21:48:08Z</Time>
            <AltitudeMeters>0.0</AltitudeMeters>
            <HeartRateBpm>
              <Value>0</Value>
            </HeartRateBpm>
            <Cadence>95</Cadence>
            <DistanceMeters>26602.39000</DistanceMeters>
            <Extensions>
              <TPX xmlns="http://www.garmin.com/xmlschemas/ActivityExtension/v2">
                <Watts>170</Watts>
              </TPX>
            </Extensions>
          </Trackpoint>
          <Trackpoint>
            <Time>2010-10-19T21:48:11Z</Time>
            <AltitudeMeters>0.0</AltitudeMeters>
            <HeartRateBpm>
              <Value>0</Value>
            </HeartRateBpm>
            <Cadence>97</Cadence>
            <DistanceMeters>26634.57000</DistanceMeters>
            <Extensions>
              <TPX xmlns="http://www.garmin.com/xmlschemas/ActivityExtension/v2">
                <Watts>175</Watts>
              </TPX>
            </Extensions>
          </Trackpoint>
          <Trackpoint>
            <Time>2010-10-19T21:48:14Z</Time>
            <AltitudeMeters>0.0</AltitudeMeters>
            <HeartRateBpm>
              <Value>0</Value>
            </HeartRateBpm>
            <Cadence>98</Cadence>
            <DistanceMeters>26666.76000</DistanceMeters>
            <Extensions>
              <TPX xmlns="http://www.garmin.com/xmlschemas/ActivityExtension/v2">
                <Watts>177</Watts>
              </TPX>
            </Extensions>
          </Trackpoint>
          <Trackpoint>
            <Time>2010-10-19T21:48:17Z</Time>
            <AltitudeMeters>0.0</AltitudeMeters>
            <HeartRateBpm>
              <Value>0</Value>
            </HeartRateBpm>
            <Cadence>97</Cadence>
            <DistanceMeters>26698.95000</DistanceMeters>
            <Extensions>
              <TPX xmlns="http://www.garmin.com/xmlschemas/ActivityExtension/v2">
                <Watts>180</Watts>
              </TPX>
            </Extensions>
          </Trackpoint>
          <Trackpoint>
            <Time>2010-10-19T21:48:20Z</Time>
            <AltitudeMeters>0.0</AltitudeMeters>
            <HeartRateBpm>
              <Value>0</Value>
            </HeartRateBpm>
            <Cadence>96</Cadence>
            <DistanceMeters>26715.04000</DistanceMeters>
            <Extensions>
              <TPX xmlns="http://www.garmin.com/xmlschemas/ActivityExtension/v2">
                <Watts>177</Watts>
              </TPX>
            </Extensions>
          </Trackpoint>
          <Trackpoint>
            <Time>2010-10-19T21:48:23Z</Time>
            <AltitudeMeters>0.0</AltitudeMeters>
            <HeartRateBpm>
              <Value>0</Value>
            </HeartRateBpm>
            <Cadence>95</Cadence>
            <DistanceMeters>26747.23000</DistanceMeters>
            <Extensions>
              <TPX xmlns="http://www.garmin.com/xmlschemas/ActivityExtension/v2">
                <Watts>175</Watts>
              </TPX>
            </Extensions>
          </Trackpoint>
          <Trackpoint>
            <Time>2010-10-19T21:48:26Z</Time>
            <AltitudeMeters>0.0</AltitudeMeters>
            <HeartRateBpm>
              <Value>0</Value>
            </HeartRateBpm>
            <Cadence>95</Cadence>
            <DistanceMeters>26779.41000</DistanceMeters>
            <Extensions>
              <TPX xmlns="http://www.garmin.com/xmlschemas/ActivityExtension/v2">
                <Watts>174</Watts>
              </TPX>
            </Extensions>
          </Trackpoint>
          <Trackpoint>
            <Time>2010-10-19T21:48:29Z</Time>
            <AltitudeMeters>0.0</AltitudeMeters>
            <HeartRateBpm>
              <Value>0</Value>
            </HeartRateBpm>
            <Cadence>96</Cadence>
            <DistanceMeters>26811.60000</DistanceMeters>
            <Extensions>
              <TPX xmlns="http://www.garmin.com/xmlschemas/ActivityExtension/v2">
                <Watts>174</Watts>
              </TPX>
            </Extensions>
          </Trackpoint>
          <Trackpoint>
            <Time>2010-10-19T21:48:32Z</Time>
            <AltitudeMeters>0.0</AltitudeMeters>
            <HeartRateBpm>
              <Value>0</Value>
            </HeartRateBpm>
            <Cadence>97</Cadence>
            <DistanceMeters>26827.69000</DistanceMeters>
            <Extensions>
              <TPX xmlns="http://www.garmin.com/xmlschemas/ActivityExtension/v2">
                <Watts>177</Watts>
              </TPX>
            </Extensions>
          </Trackpoint>
          <Trackpoint>
            <Time>2010-10-19T21:48:35Z</Time>
            <AltitudeMeters>0.0</AltitudeMeters>
            <HeartRateBpm>
              <Value>0</Value>
            </HeartRateBpm>
            <Cadence>95</Cadence>
            <DistanceMeters>26859.88000</DistanceMeters>
            <Extensions>
              <TPX xmlns="http://www.garmin.com/xmlschemas/ActivityExtension/v2">
                <Watts>174</Watts>
              </TPX>
            </Extensions>
          </Trackpoint>
          <Trackpoint>
            <Time>2010-10-19T21:48:38Z</Time>
            <AltitudeMeters>0.0</AltitudeMeters>
            <HeartRateBpm>
              <Value>0</Value>
            </HeartRateBpm>
            <Cadence>91</Cadence>
            <DistanceMeters>26892.07000</DistanceMeters>
            <Extensions>
              <TPX xmlns="http://www.garmin.com/xmlschemas/ActivityExtension/v2">
                <Watts>164</Watts>
              </TPX>
            </Extensions>
          </Trackpoint>
          <Trackpoint>
            <Time>2010-10-19T21:48:41Z</Time>
            <AltitudeMeters>0.0</AltitudeMeters>
            <HeartRateBpm>
              <Value>0</Value>
            </HeartRateBpm>
            <Cadence>93</Cadence>
            <DistanceMeters>26924.25000</DistanceMeters>
            <Extensions>
              <TPX xmlns="http://www.garmin.com/xmlschemas/ActivityExtension/v2">
                <Watts>164</Watts>
              </TPX>
            </Extensions>
          </Trackpoint>
          <Trackpoint>
            <Time>2010-10-19T21:48:44Z</Time>
            <AltitudeMeters>0.0</AltitudeMeters>
            <HeartRateBpm>
              <Value>0</Value>
            </HeartRateBpm>
            <Cadence>93</Cadence>
            <DistanceMeters>26940.35000</DistanceMeters>
            <Extensions>
              <TPX xmlns="http://www.garmin.com/xmlschemas/ActivityExtension/v2">
                <Watts>167</Watts>
              </TPX>
            </Extensions>
          </Trackpoint>
          <Trackpoint>
            <Time>2010-10-19T21:48:47Z</Time>
            <AltitudeMeters>0.0</AltitudeMeters>
            <HeartRateBpm>
              <Value>0</Value>
            </HeartRateBpm>
            <Cadence>94</Cadence>
            <DistanceMeters>26972.53000</DistanceMeters>
            <Extensions>
              <TPX xmlns="http://www.garmin.com/xmlschemas/ActivityExtension/v2">
                <Watts>168</Watts>
              </TPX>
            </Extensions>
          </Trackpoint>
          <Trackpoint>
            <Time>2010-10-19T21:48:50Z</Time>
            <AltitudeMeters>0.0</AltitudeMeters>
            <HeartRateBpm>
              <Value>0</Value>
            </HeartRateBpm>
            <Cadence>92</Cadence>
            <DistanceMeters>27004.72000</DistanceMeters>
            <Extensions>
              <TPX xmlns="http://www.garmin.com/xmlschemas/ActivityExtension/v2">
                <Watts>165</Watts>
              </TPX>
            </Extensions>
          </Trackpoint>
          <Trackpoint>
            <Time>2010-10-19T21:48:53Z</Time>
            <AltitudeMeters>0.0</AltitudeMeters>
            <HeartRateBpm>
              <Value>0</Value>
            </HeartRateBpm>
            <Cadence>92</Cadence>
            <DistanceMeters>27020.81000</DistanceMeters>
            <Extensions>
              <TPX xmlns="http://www.garmin.com/xmlschemas/ActivityExtension/v2">
                <Watts>175</Watts>
              </TPX>
            </Extensions>
          </Trackpoint>
          <Trackpoint>
            <Time>2010-10-19T21:48:56Z</Time>
            <AltitudeMeters>0.0</AltitudeMeters>
            <HeartRateBpm>
              <Value>0</Value>
            </HeartRateBpm>
            <Cadence>94</Cadence>
            <DistanceMeters>27053.00000</DistanceMeters>
            <Extensions>
              <TPX xmlns="http://www.garmin.com/xmlschemas/ActivityExtension/v2">
                <Watts>164</Watts>
              </TPX>
            </Extensions>
          </Trackpoint>
          <Trackpoint>
            <Time>2010-10-19T21:48:59Z</Time>
            <AltitudeMeters>0.0</AltitudeMeters>
            <HeartRateBpm>
              <Value>0</Value>
            </HeartRateBpm>
            <Cadence>92</Cadence>
            <DistanceMeters>27085.19000</DistanceMeters>
            <Extensions>
              <TPX xmlns="http://www.garmin.com/xmlschemas/ActivityExtension/v2">
                <Watts>163</Watts>
              </TPX>
            </Extensions>
          </Trackpoint>
          <Trackpoint>
            <Time>2010-10-19T21:49:02Z</Time>
            <AltitudeMeters>0.0</AltitudeMeters>
            <HeartRateBpm>
              <Value>0</Value>
            </HeartRateBpm>
            <Cadence>92</Cadence>
            <DistanceMeters>27101.28000</DistanceMeters>
            <Extensions>
              <TPX xmlns="http://www.garmin.com/xmlschemas/ActivityExtension/v2">
                <Watts>168</Watts>
              </TPX>
            </Extensions>
          </Trackpoint>
          <Trackpoint>
            <Time>2010-10-19T21:49:05Z</Time>
            <AltitudeMeters>0.0</AltitudeMeters>
            <HeartRateBpm>
              <Value>0</Value>
            </HeartRateBpm>
            <Cadence>91</Cadence>
            <DistanceMeters>27133.47000</DistanceMeters>
            <Extensions>
              <TPX xmlns="http://www.garmin.com/xmlschemas/ActivityExtension/v2">
                <Watts>162</Watts>
              </TPX>
            </Extensions>
          </Trackpoint>
          <Trackpoint>
            <Time>2010-10-19T21:49:08Z</Time>
            <AltitudeMeters>0.0</AltitudeMeters>
            <HeartRateBpm>
              <Value>0</Value>
            </HeartRateBpm>
            <Cadence>88</Cadence>
            <DistanceMeters>27165.65000</DistanceMeters>
            <Extensions>
              <TPX xmlns="http://www.garmin.com/xmlschemas/ActivityExtension/v2">
                <Watts>161</Watts>
              </TPX>
            </Extensions>
          </Trackpoint>
          <Trackpoint>
            <Time>2010-10-19T21:49:11Z</Time>
            <AltitudeMeters>0.0</AltitudeMeters>
            <HeartRateBpm>
              <Value>0</Value>
            </HeartRateBpm>
            <Cadence>88</Cadence>
            <DistanceMeters>27181.75000</DistanceMeters>
            <Extensions>
              <TPX xmlns="http://www.garmin.com/xmlschemas/ActivityExtension/v2">
                <Watts>156</Watts>
              </TPX>
            </Extensions>
          </Trackpoint>
          <Trackpoint>
            <Time>2010-10-19T21:49:14Z</Time>
            <AltitudeMeters>0.0</AltitudeMeters>
            <HeartRateBpm>
              <Value>0</Value>
            </HeartRateBpm>
            <Cadence>88</Cadence>
            <DistanceMeters>27213.93000</DistanceMeters>
            <Extensions>
              <TPX xmlns="http://www.garmin.com/xmlschemas/ActivityExtension/v2">
                <Watts>153</Watts>
              </TPX>
            </Extensions>
          </Trackpoint>
          <Trackpoint>
            <Time>2010-10-19T21:49:17Z</Time>
            <AltitudeMeters>0.0</AltitudeMeters>
            <HeartRateBpm>
              <Value>0</Value>
            </HeartRateBpm>
            <Cadence>92</Cadence>
            <DistanceMeters>27230.03000</DistanceMeters>
            <Extensions>
              <TPX xmlns="http://www.garmin.com/xmlschemas/ActivityExtension/v2">
                <Watts>159</Watts>
              </TPX>
            </Extensions>
          </Trackpoint>
          <Trackpoint>
            <Time>2010-10-19T21:49:20Z</Time>
            <AltitudeMeters>0.0</AltitudeMeters>
            <HeartRateBpm>
              <Value>0</Value>
            </HeartRateBpm>
            <Cadence>93</Cadence>
            <DistanceMeters>27262.21000</DistanceMeters>
            <Extensions>
              <TPX xmlns="http://www.garmin.com/xmlschemas/ActivityExtension/v2">
                <Watts>161</Watts>
              </TPX>
            </Extensions>
          </Trackpoint>
          <Trackpoint>
            <Time>2010-10-19T21:49:23Z</Time>
            <AltitudeMeters>0.0</AltitudeMeters>
            <HeartRateBpm>
              <Value>0</Value>
            </HeartRateBpm>
            <Cadence>93</Cadence>
            <DistanceMeters>27294.40000</DistanceMeters>
            <Extensions>
              <TPX xmlns="http://www.garmin.com/xmlschemas/ActivityExtension/v2">
                <Watts>165</Watts>
              </TPX>
            </Extensions>
          </Trackpoint>
          <Trackpoint>
            <Time>2010-10-19T21:49:26Z</Time>
            <AltitudeMeters>0.0</AltitudeMeters>
            <HeartRateBpm>
              <Value>0</Value>
            </HeartRateBpm>
            <Cadence>93</Cadence>
            <DistanceMeters>27310.49000</DistanceMeters>
            <Extensions>
              <TPX xmlns="http://www.garmin.com/xmlschemas/ActivityExtension/v2">
                <Watts>165</Watts>
              </TPX>
            </Extensions>
          </Trackpoint>
          <Trackpoint>
            <Time>2010-10-19T21:49:29Z</Time>
            <AltitudeMeters>0.0</AltitudeMeters>
            <HeartRateBpm>
              <Value>0</Value>
            </HeartRateBpm>
            <Cadence>91</Cadence>
            <DistanceMeters>27342.68000</DistanceMeters>
            <Extensions>
              <TPX xmlns="http://www.garmin.com/xmlschemas/ActivityExtension/v2">
                <Watts>164</Watts>
              </TPX>
            </Extensions>
          </Trackpoint>
          <Trackpoint>
            <Time>2010-10-19T21:49:32Z</Time>
            <AltitudeMeters>0.0</AltitudeMeters>
            <HeartRateBpm>
              <Value>0</Value>
            </HeartRateBpm>
            <Cadence>91</Cadence>
            <DistanceMeters>27374.87000</DistanceMeters>
            <Extensions>
              <TPX xmlns="http://www.garmin.com/xmlschemas/ActivityExtension/v2">
                <Watts>160</Watts>
              </TPX>
            </Extensions>
          </Trackpoint>
          <Trackpoint>
            <Time>2010-10-19T21:49:35Z</Time>
            <AltitudeMeters>0.0</AltitudeMeters>
            <HeartRateBpm>
              <Value>0</Value>
            </HeartRateBpm>
            <Cadence>90</Cadence>
            <DistanceMeters>27390.96000</DistanceMeters>
            <Extensions>
              <TPX xmlns="http://www.garmin.com/xmlschemas/ActivityExtension/v2">
                <Watts>159</Watts>
              </TPX>
            </Extensions>
          </Trackpoint>
          <Trackpoint>
            <Time>2010-10-19T21:49:38Z</Time>
            <AltitudeMeters>0.0</AltitudeMeters>
            <HeartRateBpm>
              <Value>0</Value>
            </HeartRateBpm>
            <Cadence>92</Cadence>
            <DistanceMeters>27423.15000</DistanceMeters>
            <Extensions>
              <TPX xmlns="http://www.garmin.com/xmlschemas/ActivityExtension/v2">
                <Watts>162</Watts>
              </TPX>
            </Extensions>
          </Trackpoint>
          <Trackpoint>
            <Time>2010-10-19T21:49:41Z</Time>
            <AltitudeMeters>0.0</AltitudeMeters>
            <HeartRateBpm>
              <Value>0</Value>
            </HeartRateBpm>
            <Cadence>91</Cadence>
            <DistanceMeters>27439.24000</DistanceMeters>
            <Extensions>
              <TPX xmlns="http://www.garmin.com/xmlschemas/ActivityExtension/v2">
                <Watts>154</Watts>
              </TPX>
            </Extensions>
          </Trackpoint>
          <Trackpoint>
            <Time>2010-10-19T21:49:44Z</Time>
            <AltitudeMeters>0.0</AltitudeMeters>
            <HeartRateBpm>
              <Value>0</Value>
            </HeartRateBpm>
            <Cadence>92</Cadence>
            <DistanceMeters>27471.43000</DistanceMeters>
            <Extensions>
              <TPX xmlns="http://www.garmin.com/xmlschemas/ActivityExtension/v2">
                <Watts>165</Watts>
              </TPX>
            </Extensions>
          </Trackpoint>
          <Trackpoint>
            <Time>2010-10-19T21:49:47Z</Time>
            <AltitudeMeters>0.0</AltitudeMeters>
            <HeartRateBpm>
              <Value>0</Value>
            </HeartRateBpm>
            <Cadence>94</Cadence>
            <DistanceMeters>27503.62000</DistanceMeters>
            <Extensions>
              <TPX xmlns="http://www.garmin.com/xmlschemas/ActivityExtension/v2">
                <Watts>164</Watts>
              </TPX>
            </Extensions>
          </Trackpoint>
          <Trackpoint>
            <Time>2010-10-19T21:49:50Z</Time>
            <AltitudeMeters>0.0</AltitudeMeters>
            <HeartRateBpm>
              <Value>0</Value>
            </HeartRateBpm>
            <Cadence>88</Cadence>
            <DistanceMeters>27519.71000</DistanceMeters>
            <Extensions>
              <TPX xmlns="http://www.garmin.com/xmlschemas/ActivityExtension/v2">
                <Watts>155</Watts>
              </TPX>
            </Extensions>
          </Trackpoint>
          <Trackpoint>
            <Time>2010-10-19T21:49:53Z</Time>
            <AltitudeMeters>0.0</AltitudeMeters>
            <HeartRateBpm>
              <Value>0</Value>
            </HeartRateBpm>
            <Cadence>88</Cadence>
            <DistanceMeters>27551.90000</DistanceMeters>
            <Extensions>
              <TPX xmlns="http://www.garmin.com/xmlschemas/ActivityExtension/v2">
                <Watts>149</Watts>
              </TPX>
            </Extensions>
          </Trackpoint>
          <Trackpoint>
            <Time>2010-10-19T21:49:56Z</Time>
            <AltitudeMeters>0.0</AltitudeMeters>
            <HeartRateBpm>
              <Value>0</Value>
            </HeartRateBpm>
            <Cadence>88</Cadence>
            <DistanceMeters>27567.99000</DistanceMeters>
            <Extensions>
              <TPX xmlns="http://www.garmin.com/xmlschemas/ActivityExtension/v2">
                <Watts>150</Watts>
              </TPX>
            </Extensions>
          </Trackpoint>
          <Trackpoint>
            <Time>2010-10-19T21:49:59Z</Time>
            <AltitudeMeters>0.0</AltitudeMeters>
            <HeartRateBpm>
              <Value>0</Value>
            </HeartRateBpm>
            <Cadence>91</Cadence>
            <DistanceMeters>27600.18000</DistanceMeters>
            <Extensions>
              <TPX xmlns="http://www.garmin.com/xmlschemas/ActivityExtension/v2">
                <Watts>160</Watts>
              </TPX>
            </Extensions>
          </Trackpoint>
          <Trackpoint>
            <Time>2010-10-19T21:50:02Z</Time>
            <AltitudeMeters>0.0</AltitudeMeters>
            <HeartRateBpm>
              <Value>0</Value>
            </HeartRateBpm>
            <Cadence>90</Cadence>
            <DistanceMeters>27616.27000</DistanceMeters>
            <Extensions>
              <TPX xmlns="http://www.garmin.com/xmlschemas/ActivityExtension/v2">
                <Watts>159</Watts>
              </TPX>
            </Extensions>
          </Trackpoint>
          <Trackpoint>
            <Time>2010-10-19T21:50:05Z</Time>
            <AltitudeMeters>0.0</AltitudeMeters>
            <HeartRateBpm>
              <Value>0</Value>
            </HeartRateBpm>
            <Cadence>90</Cadence>
            <DistanceMeters>27648.46000</DistanceMeters>
            <Extensions>
              <TPX xmlns="http://www.garmin.com/xmlschemas/ActivityExtension/v2">
                <Watts>158</Watts>
              </TPX>
            </Extensions>
          </Trackpoint>
          <Trackpoint>
            <Time>2010-10-19T21:50:08Z</Time>
            <AltitudeMeters>0.0</AltitudeMeters>
            <HeartRateBpm>
              <Value>0</Value>
            </HeartRateBpm>
            <Cadence>88</Cadence>
            <DistanceMeters>27680.64000</DistanceMeters>
            <Extensions>
              <TPX xmlns="http://www.garmin.com/xmlschemas/ActivityExtension/v2">
                <Watts>156</Watts>
              </TPX>
            </Extensions>
          </Trackpoint>
          <Trackpoint>
            <Time>2010-10-19T21:50:11Z</Time>
            <AltitudeMeters>0.0</AltitudeMeters>
            <HeartRateBpm>
              <Value>0</Value>
            </HeartRateBpm>
            <Cadence>88</Cadence>
            <DistanceMeters>27696.74000</DistanceMeters>
            <Extensions>
              <TPX xmlns="http://www.garmin.com/xmlschemas/ActivityExtension/v2">
                <Watts>155</Watts>
              </TPX>
            </Extensions>
          </Trackpoint>
          <Trackpoint>
            <Time>2010-10-19T21:50:14Z</Time>
            <AltitudeMeters>0.0</AltitudeMeters>
            <HeartRateBpm>
              <Value>0</Value>
            </HeartRateBpm>
            <Cadence>88</Cadence>
            <DistanceMeters>27728.92000</DistanceMeters>
            <Extensions>
              <TPX xmlns="http://www.garmin.com/xmlschemas/ActivityExtension/v2">
                <Watts>150</Watts>
              </TPX>
            </Extensions>
          </Trackpoint>
          <Trackpoint>
            <Time>2010-10-19T21:50:17Z</Time>
            <AltitudeMeters>0.0</AltitudeMeters>
            <HeartRateBpm>
              <Value>0</Value>
            </HeartRateBpm>
            <Cadence>90</Cadence>
            <DistanceMeters>27745.02000</DistanceMeters>
            <Extensions>
              <TPX xmlns="http://www.garmin.com/xmlschemas/ActivityExtension/v2">
                <Watts>156</Watts>
              </TPX>
            </Extensions>
          </Trackpoint>
          <Trackpoint>
            <Time>2010-10-19T21:50:20Z</Time>
            <AltitudeMeters>0.0</AltitudeMeters>
            <HeartRateBpm>
              <Value>0</Value>
            </HeartRateBpm>
            <Cadence>89</Cadence>
            <DistanceMeters>27777.20000</DistanceMeters>
            <Extensions>
              <TPX xmlns="http://www.garmin.com/xmlschemas/ActivityExtension/v2">
                <Watts>155</Watts>
              </TPX>
            </Extensions>
          </Trackpoint>
          <Trackpoint>
            <Time>2010-10-19T21:50:23Z</Time>
            <AltitudeMeters>0.0</AltitudeMeters>
            <HeartRateBpm>
              <Value>0</Value>
            </HeartRateBpm>
            <Cadence>86</Cadence>
            <DistanceMeters>27793.30000</DistanceMeters>
            <Extensions>
              <TPX xmlns="http://www.garmin.com/xmlschemas/ActivityExtension/v2">
                <Watts>153</Watts>
              </TPX>
            </Extensions>
          </Trackpoint>
          <Trackpoint>
            <Time>2010-10-19T21:50:26Z</Time>
            <AltitudeMeters>0.0</AltitudeMeters>
            <HeartRateBpm>
              <Value>0</Value>
            </HeartRateBpm>
            <Cadence>86</Cadence>
            <DistanceMeters>27825.48000</DistanceMeters>
            <Extensions>
              <TPX xmlns="http://www.garmin.com/xmlschemas/ActivityExtension/v2">
                <Watts>144</Watts>
              </TPX>
            </Extensions>
          </Trackpoint>
          <Trackpoint>
            <Time>2010-10-19T21:50:29Z</Time>
            <AltitudeMeters>0.0</AltitudeMeters>
            <HeartRateBpm>
              <Value>0</Value>
            </HeartRateBpm>
            <Cadence>86</Cadence>
            <DistanceMeters>27841.58000</DistanceMeters>
            <Extensions>
              <TPX xmlns="http://www.garmin.com/xmlschemas/ActivityExtension/v2">
                <Watts>144</Watts>
              </TPX>
            </Extensions>
          </Trackpoint>
          <Trackpoint>
            <Time>2010-10-19T21:50:32Z</Time>
            <AltitudeMeters>0.0</AltitudeMeters>
            <HeartRateBpm>
              <Value>0</Value>
            </HeartRateBpm>
            <Cadence>85</Cadence>
            <DistanceMeters>27873.76000</DistanceMeters>
            <Extensions>
              <TPX xmlns="http://www.garmin.com/xmlschemas/ActivityExtension/v2">
                <Watts>532</Watts>
              </TPX>
            </Extensions>
          </Trackpoint>
          <Trackpoint>
            <Time>2010-10-19T21:50:35Z</Time>
            <AltitudeMeters>0.0</AltitudeMeters>
            <HeartRateBpm>
              <Value>0</Value>
            </HeartRateBpm>
            <Cadence>82</Cadence>
            <DistanceMeters>27922.04000</DistanceMeters>
            <Extensions>
              <TPX xmlns="http://www.garmin.com/xmlschemas/ActivityExtension/v2">
                <Watts>532</Watts>
              </TPX>
            </Extensions>
          </Trackpoint>
          <Trackpoint>
            <Time>2010-10-19T21:50:38Z</Time>
            <AltitudeMeters>0.0</AltitudeMeters>
            <HeartRateBpm>
              <Value>0</Value>
            </HeartRateBpm>
            <Cadence>51</Cadence>
            <DistanceMeters>28018.60000</DistanceMeters>
            <Extensions>
              <TPX xmlns="http://www.garmin.com/xmlschemas/ActivityExtension/v2">
                <Watts>233</Watts>
              </TPX>
            </Extensions>
          </Trackpoint>
          <Trackpoint>
            <Time>2010-10-19T21:50:41Z</Time>
            <AltitudeMeters>0.0</AltitudeMeters>
            <HeartRateBpm>
              <Value>0</Value>
            </HeartRateBpm>
            <Cadence>56</Cadence>
            <DistanceMeters>28099.07000</DistanceMeters>
            <Extensions>
              <TPX xmlns="http://www.garmin.com/xmlschemas/ActivityExtension/v2">
                <Watts>77</Watts>
              </TPX>
            </Extensions>
          </Trackpoint>
          <Trackpoint>
            <Time>2010-10-19T21:50:44Z</Time>
            <AltitudeMeters>0.0</AltitudeMeters>
            <HeartRateBpm>
              <Value>0</Value>
            </HeartRateBpm>
            <Cadence>43</Cadence>
            <DistanceMeters>28115.16000</DistanceMeters>
            <Extensions>
              <TPX xmlns="http://www.garmin.com/xmlschemas/ActivityExtension/v2">
                <Watts>45</Watts>
              </TPX>
            </Extensions>
          </Trackpoint>
          <Trackpoint>
            <Time>2010-10-19T21:50:47Z</Time>
            <AltitudeMeters>0.0</AltitudeMeters>
            <HeartRateBpm>
              <Value>0</Value>
            </HeartRateBpm>
            <Cadence>25</Cadence>
            <DistanceMeters>28131.26000</DistanceMeters>
            <Extensions>
              <TPX xmlns="http://www.garmin.com/xmlschemas/ActivityExtension/v2">
                <Watts>30</Watts>
              </TPX>
            </Extensions>
          </Trackpoint>
          <Trackpoint>
            <Time>2010-10-19T21:50:50Z</Time>
            <AltitudeMeters>0.0</AltitudeMeters>
            <HeartRateBpm>
              <Value>0</Value>
            </HeartRateBpm>
            <Cadence>25</Cadence>
            <DistanceMeters>28131.26000</DistanceMeters>
            <Extensions>
              <TPX xmlns="http://www.garmin.com/xmlschemas/ActivityExtension/v2">
                <Watts>15</Watts>
              </TPX>
            </Extensions>
          </Trackpoint>
          <Trackpoint>
            <Time>2010-10-19T21:50:53Z</Time>
            <AltitudeMeters>0.0</AltitudeMeters>
            <HeartRateBpm>
              <Value>0</Value>
            </HeartRateBpm>
            <Cadence>52</Cadence>
            <DistanceMeters>28131.26000</DistanceMeters>
            <Extensions>
              <TPX xmlns="http://www.garmin.com/xmlschemas/ActivityExtension/v2">
                <Watts>15</Watts>
              </TPX>
            </Extensions>
          </Trackpoint>
          <Trackpoint>
            <Time>2010-10-19T21:50:56Z</Time>
            <AltitudeMeters>0.0</AltitudeMeters>
            <HeartRateBpm>
              <Value>0</Value>
            </HeartRateBpm>
            <Cadence>48</Cadence>
            <DistanceMeters>28131.26000</DistanceMeters>
            <Extensions>
              <TPX xmlns="http://www.garmin.com/xmlschemas/ActivityExtension/v2">
                <Watts>65</Watts>
              </TPX>
            </Extensions>
          </Trackpoint>
          <Trackpoint>
            <Time>2010-10-19T21:50:59Z</Time>
            <AltitudeMeters>0.0</AltitudeMeters>
            <HeartRateBpm>
              <Value>0</Value>
            </HeartRateBpm>
            <Cadence>50</Cadence>
            <DistanceMeters>28147.35000</DistanceMeters>
            <Extensions>
              <TPX xmlns="http://www.garmin.com/xmlschemas/ActivityExtension/v2">
                <Watts>52</Watts>
              </TPX>
            </Extensions>
          </Trackpoint>
          <Trackpoint>
            <Time>2010-10-19T21:51:02Z</Time>
            <AltitudeMeters>0.0</AltitudeMeters>
            <HeartRateBpm>
              <Value>0</Value>
            </HeartRateBpm>
            <Cadence>52</Cadence>
            <DistanceMeters>28163.44000</DistanceMeters>
            <Extensions>
              <TPX xmlns="http://www.garmin.com/xmlschemas/ActivityExtension/v2">
                <Watts>61</Watts>
              </TPX>
            </Extensions>
          </Trackpoint>
          <Trackpoint>
            <Time>2010-10-19T21:51:05Z</Time>
            <AltitudeMeters>0.0</AltitudeMeters>
            <HeartRateBpm>
              <Value>0</Value>
            </HeartRateBpm>
            <Cadence>54</Cadence>
            <DistanceMeters>28163.44000</DistanceMeters>
            <Extensions>
              <TPX xmlns="http://www.garmin.com/xmlschemas/ActivityExtension/v2">
                <Watts>64</Watts>
              </TPX>
            </Extensions>
          </Trackpoint>
          <Trackpoint>
            <Time>2010-10-19T21:51:08Z</Time>
            <AltitudeMeters>0.0</AltitudeMeters>
            <HeartRateBpm>
              <Value>0</Value>
            </HeartRateBpm>
            <Cadence>53</Cadence>
            <DistanceMeters>28179.54000</DistanceMeters>
            <Extensions>
              <TPX xmlns="http://www.garmin.com/xmlschemas/ActivityExtension/v2">
                <Watts>69</Watts>
              </TPX>
            </Extensions>
          </Trackpoint>
          <Trackpoint>
            <Time>2010-10-19T21:51:11Z</Time>
            <AltitudeMeters>0.0</AltitudeMeters>
            <HeartRateBpm>
              <Value>0</Value>
            </HeartRateBpm>
            <Cadence>52</Cadence>
            <DistanceMeters>28179.54000</DistanceMeters>
            <Extensions>
              <TPX xmlns="http://www.garmin.com/xmlschemas/ActivityExtension/v2">
                <Watts>67</Watts>
              </TPX>
            </Extensions>
          </Trackpoint>
          <Trackpoint>
            <Time>2010-10-19T21:51:14Z</Time>
            <AltitudeMeters>0.0</AltitudeMeters>
            <HeartRateBpm>
              <Value>0</Value>
            </HeartRateBpm>
            <Cadence>51</Cadence>
            <DistanceMeters>28195.63000</DistanceMeters>
            <Extensions>
              <TPX xmlns="http://www.garmin.com/xmlschemas/ActivityExtension/v2">
                <Watts>65</Watts>
              </TPX>
            </Extensions>
          </Trackpoint>
          <Trackpoint>
            <Time>2010-10-19T21:51:17Z</Time>
            <AltitudeMeters>0.0</AltitudeMeters>
            <HeartRateBpm>
              <Value>0</Value>
            </HeartRateBpm>
            <Cadence>53</Cadence>
            <DistanceMeters>28211.73000</DistanceMeters>
            <Extensions>
              <TPX xmlns="http://www.garmin.com/xmlschemas/ActivityExtension/v2">
                <Watts>62</Watts>
              </TPX>
            </Extensions>
          </Trackpoint>
          <Trackpoint>
            <Time>2010-10-19T21:51:20Z</Time>
            <AltitudeMeters>0.0</AltitudeMeters>
            <HeartRateBpm>
              <Value>0</Value>
            </HeartRateBpm>
            <Cadence>55</Cadence>
            <DistanceMeters>28211.73000</DistanceMeters>
            <Extensions>
              <TPX xmlns="http://www.garmin.com/xmlschemas/ActivityExtension/v2">
                <Watts>74</Watts>
              </TPX>
            </Extensions>
          </Trackpoint>
          <Trackpoint>
            <Time>2010-10-19T21:51:23Z</Time>
            <AltitudeMeters>0.0</AltitudeMeters>
            <HeartRateBpm>
              <Value>0</Value>
            </HeartRateBpm>
            <Cadence>54</Cadence>
            <DistanceMeters>28227.82000</DistanceMeters>
            <Extensions>
              <TPX xmlns="http://www.garmin.com/xmlschemas/ActivityExtension/v2">
                <Watts>70</Watts>
              </TPX>
            </Extensions>
          </Trackpoint>
          <Trackpoint>
            <Time>2010-10-19T21:51:26Z</Time>
            <AltitudeMeters>0.0</AltitudeMeters>
            <HeartRateBpm>
              <Value>0</Value>
            </HeartRateBpm>
            <Cadence>55</Cadence>
            <DistanceMeters>28243.91000</DistanceMeters>
            <Extensions>
              <TPX xmlns="http://www.garmin.com/xmlschemas/ActivityExtension/v2">
                <Watts>70</Watts>
              </TPX>
            </Extensions>
          </Trackpoint>
          <Trackpoint>
            <Time>2010-10-19T21:51:29Z</Time>
            <AltitudeMeters>0.0</AltitudeMeters>
            <HeartRateBpm>
              <Value>0</Value>
            </HeartRateBpm>
            <Cadence>59</Cadence>
            <DistanceMeters>28260.01000</DistanceMeters>
            <Extensions>
              <TPX xmlns="http://www.garmin.com/xmlschemas/ActivityExtension/v2">
                <Watts>73</Watts>
              </TPX>
            </Extensions>
          </Trackpoint>
          <Trackpoint>
            <Time>2010-10-19T21:51:32Z</Time>
            <AltitudeMeters>0.0</AltitudeMeters>
            <HeartRateBpm>
              <Value>0</Value>
            </HeartRateBpm>
            <Cadence>59</Cadence>
            <DistanceMeters>28260.01000</DistanceMeters>
            <Extensions>
              <TPX xmlns="http://www.garmin.com/xmlschemas/ActivityExtension/v2">
                <Watts>82</Watts>
              </TPX>
            </Extensions>
          </Trackpoint>
          <Trackpoint>
            <Time>2010-10-19T21:51:35Z</Time>
            <AltitudeMeters>0.0</AltitudeMeters>
            <HeartRateBpm>
              <Value>0</Value>
            </HeartRateBpm>
            <Cadence>58</Cadence>
            <DistanceMeters>28276.10000</DistanceMeters>
            <Extensions>
              <TPX xmlns="http://www.garmin.com/xmlschemas/ActivityExtension/v2">
                <Watts>81</Watts>
              </TPX>
            </Extensions>
          </Trackpoint>
          <Trackpoint>
            <Time>2010-10-19T21:51:38Z</Time>
            <AltitudeMeters>0.0</AltitudeMeters>
            <HeartRateBpm>
              <Value>0</Value>
            </HeartRateBpm>
            <Cadence>59</Cadence>
            <DistanceMeters>28292.19000</DistanceMeters>
            <Extensions>
              <TPX xmlns="http://www.garmin.com/xmlschemas/ActivityExtension/v2">
                <Watts>80</Watts>
              </TPX>
            </Extensions>
          </Trackpoint>
          <Trackpoint>
            <Time>2010-10-19T21:51:41Z</Time>
            <AltitudeMeters>0.0</AltitudeMeters>
            <HeartRateBpm>
              <Value>0</Value>
            </HeartRateBpm>
            <Cadence>60</Cadence>
            <DistanceMeters>28308.29000</DistanceMeters>
            <Extensions>
              <TPX xmlns="http://www.garmin.com/xmlschemas/ActivityExtension/v2">
                <Watts>80</Watts>
              </TPX>
            </Extensions>
          </Trackpoint>
          <Trackpoint>
            <Time>2010-10-19T21:51:44Z</Time>
            <AltitudeMeters>0.0</AltitudeMeters>
            <HeartRateBpm>
              <Value>0</Value>
            </HeartRateBpm>
            <Cadence>56</Cadence>
            <DistanceMeters>28324.38000</DistanceMeters>
            <Extensions>
              <TPX xmlns="http://www.garmin.com/xmlschemas/ActivityExtension/v2">
                <Watts>78</Watts>
              </TPX>
            </Extensions>
          </Trackpoint>
          <Trackpoint>
            <Time>2010-10-19T21:51:47Z</Time>
            <AltitudeMeters>0.0</AltitudeMeters>
            <HeartRateBpm>
              <Value>0</Value>
            </HeartRateBpm>
            <Cadence>56</Cadence>
            <DistanceMeters>28324.38000</DistanceMeters>
            <Extensions>
              <TPX xmlns="http://www.garmin.com/xmlschemas/ActivityExtension/v2">
                <Watts>74</Watts>
              </TPX>
            </Extensions>
          </Trackpoint>
          <Trackpoint>
            <Time>2010-10-19T21:51:50Z</Time>
            <AltitudeMeters>0.0</AltitudeMeters>
            <HeartRateBpm>
              <Value>0</Value>
            </HeartRateBpm>
            <Cadence>57</Cadence>
            <DistanceMeters>28340.47000</DistanceMeters>
            <Extensions>
              <TPX xmlns="http://www.garmin.com/xmlschemas/ActivityExtension/v2">
                <Watts>74</Watts>
              </TPX>
            </Extensions>
          </Trackpoint>
          <Trackpoint>
            <Time>2010-10-19T21:51:53Z</Time>
            <AltitudeMeters>0.0</AltitudeMeters>
            <HeartRateBpm>
              <Value>0</Value>
            </HeartRateBpm>
            <Cadence>56</Cadence>
            <DistanceMeters>28356.57000</DistanceMeters>
            <Extensions>
              <TPX xmlns="http://www.garmin.com/xmlschemas/ActivityExtension/v2">
                <Watts>76</Watts>
              </TPX>
            </Extensions>
          </Trackpoint>
          <Trackpoint>
            <Time>2010-10-19T21:51:56Z</Time>
            <AltitudeMeters>0.0</AltitudeMeters>
            <HeartRateBpm>
              <Value>0</Value>
            </HeartRateBpm>
            <Cadence>55</Cadence>
            <DistanceMeters>28372.66000</DistanceMeters>
            <Extensions>
              <TPX xmlns="http://www.garmin.com/xmlschemas/ActivityExtension/v2">
                <Watts>74</Watts>
              </TPX>
            </Extensions>
          </Trackpoint>
          <Trackpoint>
            <Time>2010-10-19T21:51:59Z</Time>
            <AltitudeMeters>0.0</AltitudeMeters>
            <HeartRateBpm>
              <Value>0</Value>
            </HeartRateBpm>
            <Cadence>55</Cadence>
            <DistanceMeters>28372.66000</DistanceMeters>
            <Extensions>
              <TPX xmlns="http://www.garmin.com/xmlschemas/ActivityExtension/v2">
                <Watts>72</Watts>
              </TPX>
            </Extensions>
          </Trackpoint>
          <Trackpoint>
            <Time>2010-10-19T21:52:02Z</Time>
            <AltitudeMeters>0.0</AltitudeMeters>
            <HeartRateBpm>
              <Value>0</Value>
            </HeartRateBpm>
            <Cadence>57</Cadence>
            <DistanceMeters>28388.75000</DistanceMeters>
            <Extensions>
              <TPX xmlns="http://www.garmin.com/xmlschemas/ActivityExtension/v2">
                <Watts>72</Watts>
              </TPX>
            </Extensions>
          </Trackpoint>
          <Trackpoint>
            <Time>2010-10-19T21:52:05Z</Time>
            <AltitudeMeters>0.0</AltitudeMeters>
            <HeartRateBpm>
              <Value>0</Value>
            </HeartRateBpm>
            <Cadence>58</Cadence>
            <DistanceMeters>28404.85000</DistanceMeters>
            <Extensions>
              <TPX xmlns="http://www.garmin.com/xmlschemas/ActivityExtension/v2">
                <Watts>75</Watts>
              </TPX>
            </Extensions>
          </Trackpoint>
          <Trackpoint>
            <Time>2010-10-19T21:52:08Z</Time>
            <AltitudeMeters>0.0</AltitudeMeters>
            <HeartRateBpm>
              <Value>0</Value>
            </HeartRateBpm>
            <Cadence>58</Cadence>
            <DistanceMeters>28420.94000</DistanceMeters>
            <Extensions>
              <TPX xmlns="http://www.garmin.com/xmlschemas/ActivityExtension/v2">
                <Watts>78</Watts>
              </TPX>
            </Extensions>
          </Trackpoint>
          <Trackpoint>
            <Time>2010-10-19T21:52:11Z</Time>
            <AltitudeMeters>0.0</AltitudeMeters>
            <HeartRateBpm>
              <Value>0</Value>
            </HeartRateBpm>
            <Cadence>57</Cadence>
            <DistanceMeters>28420.94000</DistanceMeters>
            <Extensions>
              <TPX xmlns="http://www.garmin.com/xmlschemas/ActivityExtension/v2">
                <Watts>75</Watts>
              </TPX>
            </Extensions>
          </Trackpoint>
          <Trackpoint>
            <Time>2010-10-19T21:52:14Z</Time>
            <AltitudeMeters>0.0</AltitudeMeters>
            <HeartRateBpm>
              <Value>0</Value>
            </HeartRateBpm>
            <Cadence>58</Cadence>
            <DistanceMeters>28437.03000</DistanceMeters>
            <Extensions>
              <TPX xmlns="http://www.garmin.com/xmlschemas/ActivityExtension/v2">
                <Watts>60</Watts>
              </TPX>
            </Extensions>
          </Trackpoint>
          <Trackpoint>
            <Time>2010-10-19T21:52:17Z</Time>
            <AltitudeMeters>0.0</AltitudeMeters>
            <HeartRateBpm>
              <Value>0</Value>
            </HeartRateBpm>
            <Cadence>60</Cadence>
            <DistanceMeters>28453.13000</DistanceMeters>
            <Extensions>
              <TPX xmlns="http://www.garmin.com/xmlschemas/ActivityExtension/v2">
                <Watts>62</Watts>
              </TPX>
            </Extensions>
          </Trackpoint>
          <Trackpoint>
            <Time>2010-10-19T21:52:20Z</Time>
            <AltitudeMeters>0.0</AltitudeMeters>
            <HeartRateBpm>
              <Value>0</Value>
            </HeartRateBpm>
            <Cadence>61</Cadence>
            <DistanceMeters>28453.13000</DistanceMeters>
            <Extensions>
              <TPX xmlns="http://www.garmin.com/xmlschemas/ActivityExtension/v2">
                <Watts>64</Watts>
              </TPX>
            </Extensions>
          </Trackpoint>
          <Trackpoint>
            <Time>2010-10-19T21:52:23Z</Time>
            <AltitudeMeters>0.0</AltitudeMeters>
            <HeartRateBpm>
              <Value>0</Value>
            </HeartRateBpm>
            <Cadence>57</Cadence>
            <DistanceMeters>28469.22000</DistanceMeters>
            <Extensions>
              <TPX xmlns="http://www.garmin.com/xmlschemas/ActivityExtension/v2">
                <Watts>65</Watts>
              </TPX>
            </Extensions>
          </Trackpoint>
          <Trackpoint>
            <Time>2010-10-19T21:52:26Z</Time>
            <AltitudeMeters>0.0</AltitudeMeters>
            <HeartRateBpm>
              <Value>0</Value>
            </HeartRateBpm>
            <Cadence>57</Cadence>
            <DistanceMeters>28485.31000</DistanceMeters>
            <Extensions>
              <TPX xmlns="http://www.garmin.com/xmlschemas/ActivityExtension/v2">
                <Watts>59</Watts>
              </TPX>
            </Extensions>
          </Trackpoint>
          <Trackpoint>
            <Time>2010-10-19T21:52:29Z</Time>
            <AltitudeMeters>0.0</AltitudeMeters>
            <HeartRateBpm>
              <Value>0</Value>
            </HeartRateBpm>
            <Cadence>56</Cadence>
            <DistanceMeters>28485.31000</DistanceMeters>
            <Extensions>
              <TPX xmlns="http://www.garmin.com/xmlschemas/ActivityExtension/v2">
                <Watts>58</Watts>
              </TPX>
            </Extensions>
          </Trackpoint>
          <Trackpoint>
            <Time>2010-10-19T21:52:32Z</Time>
            <AltitudeMeters>0.0</AltitudeMeters>
            <HeartRateBpm>
              <Value>0</Value>
            </HeartRateBpm>
            <Cadence>55</Cadence>
            <DistanceMeters>28501.41000</DistanceMeters>
            <Extensions>
              <TPX xmlns="http://www.garmin.com/xmlschemas/ActivityExtension/v2">
                <Watts>57</Watts>
              </TPX>
            </Extensions>
          </Trackpoint>
          <Trackpoint>
            <Time>2010-10-19T21:52:35Z</Time>
            <AltitudeMeters>0.0</AltitudeMeters>
            <HeartRateBpm>
              <Value>0</Value>
            </HeartRateBpm>
            <Cadence>54</Cadence>
            <DistanceMeters>28517.50000</DistanceMeters>
            <Extensions>
              <TPX xmlns="http://www.garmin.com/xmlschemas/ActivityExtension/v2">
                <Watts>55</Watts>
              </TPX>
            </Extensions>
          </Trackpoint>
          <Trackpoint>
            <Time>2010-10-19T21:52:38Z</Time>
            <AltitudeMeters>0.0</AltitudeMeters>
            <HeartRateBpm>
              <Value>0</Value>
            </HeartRateBpm>
            <Cadence>52</Cadence>
            <DistanceMeters>28517.50000</DistanceMeters>
            <Extensions>
              <TPX xmlns="http://www.garmin.com/xmlschemas/ActivityExtension/v2">
                <Watts>52</Watts>
              </TPX>
            </Extensions>
          </Trackpoint>
          <Trackpoint>
            <Time>2010-10-19T21:52:41Z</Time>
            <AltitudeMeters>0.0</AltitudeMeters>
            <HeartRateBpm>
              <Value>0</Value>
            </HeartRateBpm>
            <Cadence>51</Cadence>
            <DistanceMeters>28533.59000</DistanceMeters>
            <Extensions>
              <TPX xmlns="http://www.garmin.com/xmlschemas/ActivityExtension/v2">
                <Watts>50</Watts>
              </TPX>
            </Extensions>
          </Trackpoint>
          <Trackpoint>
            <Time>2010-10-19T21:52:44Z</Time>
            <AltitudeMeters>0.0</AltitudeMeters>
            <HeartRateBpm>
              <Value>0</Value>
            </HeartRateBpm>
            <Cadence>59</Cadence>
            <DistanceMeters>28533.59000</DistanceMeters>
            <Extensions>
              <TPX xmlns="http://www.garmin.com/xmlschemas/ActivityExtension/v2">
                <Watts>63</Watts>
              </TPX>
            </Extensions>
          </Trackpoint>
          <Trackpoint>
            <Time>2010-10-19T21:52:47Z</Time>
            <AltitudeMeters>0.0</AltitudeMeters>
            <HeartRateBpm>
              <Value>0</Value>
            </HeartRateBpm>
            <Cadence>58</Cadence>
            <DistanceMeters>28549.69000</DistanceMeters>
            <Extensions>
              <TPX xmlns="http://www.garmin.com/xmlschemas/ActivityExtension/v2">
                <Watts>62</Watts>
              </TPX>
            </Extensions>
          </Trackpoint>
          <Trackpoint>
            <Time>2010-10-19T21:52:50Z</Time>
            <AltitudeMeters>0.0</AltitudeMeters>
            <HeartRateBpm>
              <Value>0</Value>
            </HeartRateBpm>
            <Cadence>58</Cadence>
            <DistanceMeters>28549.69000</DistanceMeters>
            <Extensions>
              <TPX xmlns="http://www.garmin.com/xmlschemas/ActivityExtension/v2">
                <Watts>61</Watts>
              </TPX>
            </Extensions>
          </Trackpoint>
          <Trackpoint>
            <Time>2010-10-19T21:52:53Z</Time>
            <AltitudeMeters>0.0</AltitudeMeters>
            <HeartRateBpm>
              <Value>0</Value>
            </HeartRateBpm>
            <Cadence>59</Cadence>
            <DistanceMeters>28565.78000</DistanceMeters>
            <Extensions>
              <TPX xmlns="http://www.garmin.com/xmlschemas/ActivityExtension/v2">
                <Watts>61</Watts>
              </TPX>
            </Extensions>
          </Trackpoint>
          <Trackpoint>
            <Time>2010-10-19T21:52:56Z</Time>
            <AltitudeMeters>0.0</AltitudeMeters>
            <HeartRateBpm>
              <Value>0</Value>
            </HeartRateBpm>
            <Cadence>56</Cadence>
            <DistanceMeters>28581.87000</DistanceMeters>
            <Extensions>
              <TPX xmlns="http://www.garmin.com/xmlschemas/ActivityExtension/v2">
                <Watts>62</Watts>
              </TPX>
            </Extensions>
          </Trackpoint>
          <Trackpoint>
            <Time>2010-10-19T21:52:59Z</Time>
            <AltitudeMeters>0.0</AltitudeMeters>
            <HeartRateBpm>
              <Value>0</Value>
            </HeartRateBpm>
            <Cadence>53</Cadence>
            <DistanceMeters>28581.87000</DistanceMeters>
            <Extensions>
              <TPX xmlns="http://www.garmin.com/xmlschemas/ActivityExtension/v2">
                <Watts>59</Watts>
              </TPX>
            </Extensions>
          </Trackpoint>
          <Trackpoint>
            <Time>2010-10-19T21:53:02Z</Time>
            <AltitudeMeters>0.0</AltitudeMeters>
            <HeartRateBpm>
              <Value>0</Value>
            </HeartRateBpm>
            <Cadence>52</Cadence>
            <DistanceMeters>28597.97000</DistanceMeters>
            <Extensions>
              <TPX xmlns="http://www.garmin.com/xmlschemas/ActivityExtension/v2">
                <Watts>54</Watts>
              </TPX>
            </Extensions>
          </Trackpoint>
          <Trackpoint>
            <Time>2010-10-19T21:53:05Z</Time>
            <AltitudeMeters>0.0</AltitudeMeters>
            <HeartRateBpm>
              <Value>0</Value>
            </HeartRateBpm>
            <Cadence>52</Cadence>
            <DistanceMeters>28597.97000</DistanceMeters>
            <Extensions>
              <TPX xmlns="http://www.garmin.com/xmlschemas/ActivityExtension/v2">
                <Watts>53</Watts>
              </TPX>
            </Extensions>
          </Trackpoint>
          <Trackpoint>
            <Time>2010-10-19T21:53:08Z</Time>
            <AltitudeMeters>0.0</AltitudeMeters>
            <HeartRateBpm>
              <Value>0</Value>
            </HeartRateBpm>
            <Cadence>52</Cadence>
            <DistanceMeters>28614.06000</DistanceMeters>
            <Extensions>
              <TPX xmlns="http://www.garmin.com/xmlschemas/ActivityExtension/v2">
                <Watts>53</Watts>
              </TPX>
            </Extensions>
          </Trackpoint>
          <Trackpoint>
            <Time>2010-10-19T21:53:11Z</Time>
            <AltitudeMeters>0.0</AltitudeMeters>
            <HeartRateBpm>
              <Value>0</Value>
            </HeartRateBpm>
            <Cadence>53</Cadence>
            <DistanceMeters>28614.06000</DistanceMeters>
            <Extensions>
              <TPX xmlns="http://www.garmin.com/xmlschemas/ActivityExtension/v2">
                <Watts>52</Watts>
              </TPX>
            </Extensions>
          </Trackpoint>
          <Trackpoint>
            <Time>2010-10-19T21:53:14Z</Time>
            <AltitudeMeters>0.0</AltitudeMeters>
            <HeartRateBpm>
              <Value>0</Value>
            </HeartRateBpm>
            <Cadence>54</Cadence>
            <DistanceMeters>28630.15000</DistanceMeters>
            <Extensions>
              <TPX xmlns="http://www.garmin.com/xmlschemas/ActivityExtension/v2">
                <Watts>55</Watts>
              </TPX>
            </Extensions>
          </Trackpoint>
          <Trackpoint>
            <Time>2010-10-19T21:53:17Z</Time>
            <AltitudeMeters>0.0</AltitudeMeters>
            <HeartRateBpm>
              <Value>0</Value>
            </HeartRateBpm>
            <Cadence>56</Cadence>
            <DistanceMeters>28630.15000</DistanceMeters>
            <Extensions>
              <TPX xmlns="http://www.garmin.com/xmlschemas/ActivityExtension/v2">
                <Watts>56</Watts>
              </TPX>
            </Extensions>
          </Trackpoint>
          <Trackpoint>
            <Time>2010-10-19T21:53:20Z</Time>
            <AltitudeMeters>0.0</AltitudeMeters>
            <HeartRateBpm>
              <Value>0</Value>
            </HeartRateBpm>
            <Cadence>59</Cadence>
            <DistanceMeters>28646.25000</DistanceMeters>
            <Extensions>
              <TPX xmlns="http://www.garmin.com/xmlschemas/ActivityExtension/v2">
                <Watts>63</Watts>
              </TPX>
            </Extensions>
          </Trackpoint>
          <Trackpoint>
            <Time>2010-10-19T21:53:23Z</Time>
            <AltitudeMeters>0.0</AltitudeMeters>
            <HeartRateBpm>
              <Value>0</Value>
            </HeartRateBpm>
            <Cadence>62</Cadence>
            <DistanceMeters>28662.34000</DistanceMeters>
            <Extensions>
              <TPX xmlns="http://www.garmin.com/xmlschemas/ActivityExtension/v2">
                <Watts>69</Watts>
              </TPX>
            </Extensions>
          </Trackpoint>
          <Trackpoint>
            <Time>2010-10-19T21:53:26Z</Time>
            <AltitudeMeters>0.0</AltitudeMeters>
            <HeartRateBpm>
              <Value>0</Value>
            </HeartRateBpm>
            <Cadence>60</Cadence>
            <DistanceMeters>28662.34000</DistanceMeters>
            <Extensions>
              <TPX xmlns="http://www.garmin.com/xmlschemas/ActivityExtension/v2">
                <Watts>70</Watts>
              </TPX>
            </Extensions>
          </Trackpoint>
          <Trackpoint>
            <Time>2010-10-19T21:53:29Z</Time>
            <AltitudeMeters>0.0</AltitudeMeters>
            <HeartRateBpm>
              <Value>0</Value>
            </HeartRateBpm>
            <Cadence>59</Cadence>
            <DistanceMeters>28678.43000</DistanceMeters>
            <Extensions>
              <TPX xmlns="http://www.garmin.com/xmlschemas/ActivityExtension/v2">
                <Watts>65</Watts>
              </TPX>
            </Extensions>
          </Trackpoint>
          <Trackpoint>
            <Time>2010-10-19T21:53:32Z</Time>
            <AltitudeMeters>0.0</AltitudeMeters>
            <HeartRateBpm>
              <Value>0</Value>
            </HeartRateBpm>
            <Cadence>68</Cadence>
            <DistanceMeters>28694.53000</DistanceMeters>
            <Extensions>
              <TPX xmlns="http://www.garmin.com/xmlschemas/ActivityExtension/v2">
                <Watts>90</Watts>
              </TPX>
            </Extensions>
          </Trackpoint>
          <Trackpoint>
            <Time>2010-10-19T21:53:35Z</Time>
            <AltitudeMeters>0.0</AltitudeMeters>
            <HeartRateBpm>
              <Value>0</Value>
            </HeartRateBpm>
            <Cadence>59</Cadence>
            <DistanceMeters>28694.53000</DistanceMeters>
            <Extensions>
              <TPX xmlns="http://www.garmin.com/xmlschemas/ActivityExtension/v2">
                <Watts>65</Watts>
              </TPX>
            </Extensions>
          </Trackpoint>
          <Trackpoint>
            <Time>2010-10-19T21:53:38Z</Time>
            <AltitudeMeters>0.0</AltitudeMeters>
            <HeartRateBpm>
              <Value>0</Value>
            </HeartRateBpm>
            <Cadence>61</Cadence>
            <DistanceMeters>28710.62000</DistanceMeters>
            <Extensions>
              <TPX xmlns="http://www.garmin.com/xmlschemas/ActivityExtension/v2">
                <Watts>67</Watts>
              </TPX>
            </Extensions>
          </Trackpoint>
          <Trackpoint>
            <Time>2010-10-19T21:53:41Z</Time>
            <AltitudeMeters>0.0</AltitudeMeters>
            <HeartRateBpm>
              <Value>0</Value>
            </HeartRateBpm>
            <Cadence>61</Cadence>
            <DistanceMeters>28726.71000</DistanceMeters>
            <Extensions>
              <TPX xmlns="http://www.garmin.com/xmlschemas/ActivityExtension/v2">
                <Watts>70</Watts>
              </TPX>
            </Extensions>
          </Trackpoint>
          <Trackpoint>
            <Time>2010-10-19T21:53:44Z</Time>
            <AltitudeMeters>0.0</AltitudeMeters>
            <HeartRateBpm>
              <Value>0</Value>
            </HeartRateBpm>
            <Cadence>60</Cadence>
            <DistanceMeters>28742.81000</DistanceMeters>
            <Extensions>
              <TPX xmlns="http://www.garmin.com/xmlschemas/ActivityExtension/v2">
                <Watts>71</Watts>
              </TPX>
            </Extensions>
          </Trackpoint>
          <Trackpoint>
            <Time>2010-10-19T21:53:47Z</Time>
            <AltitudeMeters>0.0</AltitudeMeters>
            <HeartRateBpm>
              <Value>0</Value>
            </HeartRateBpm>
            <Cadence>59</Cadence>
            <DistanceMeters>28742.81000</DistanceMeters>
            <Extensions>
              <TPX xmlns="http://www.garmin.com/xmlschemas/ActivityExtension/v2">
                <Watts>69</Watts>
              </TPX>
            </Extensions>
          </Trackpoint>
          <Trackpoint>
            <Time>2010-10-19T21:53:50Z</Time>
            <AltitudeMeters>0.0</AltitudeMeters>
            <HeartRateBpm>
              <Value>0</Value>
            </HeartRateBpm>
            <Cadence>60</Cadence>
            <DistanceMeters>28758.90000</DistanceMeters>
            <Extensions>
              <TPX xmlns="http://www.garmin.com/xmlschemas/ActivityExtension/v2">
                <Watts>67</Watts>
              </TPX>
            </Extensions>
          </Trackpoint>
          <Trackpoint>
            <Time>2010-10-19T21:53:53Z</Time>
            <AltitudeMeters>0.0</AltitudeMeters>
            <HeartRateBpm>
              <Value>0</Value>
            </HeartRateBpm>
            <Cadence>61</Cadence>
            <DistanceMeters>28774.99000</DistanceMeters>
            <Extensions>
              <TPX xmlns="http://www.garmin.com/xmlschemas/ActivityExtension/v2">
                <Watts>68</Watts>
              </TPX>
            </Extensions>
          </Trackpoint>
          <Trackpoint>
            <Time>2010-10-19T21:53:56Z</Time>
            <AltitudeMeters>0.0</AltitudeMeters>
            <HeartRateBpm>
              <Value>0</Value>
            </HeartRateBpm>
            <Cadence>60</Cadence>
            <DistanceMeters>28774.99000</DistanceMeters>
            <Extensions>
              <TPX xmlns="http://www.garmin.com/xmlschemas/ActivityExtension/v2">
                <Watts>69</Watts>
              </TPX>
            </Extensions>
          </Trackpoint>
          <Trackpoint>
            <Time>2010-10-19T21:53:59Z</Time>
            <AltitudeMeters>0.0</AltitudeMeters>
            <HeartRateBpm>
              <Value>0</Value>
            </HeartRateBpm>
            <Cadence>60</Cadence>
            <DistanceMeters>28791.09000</DistanceMeters>
            <Extensions>
              <TPX xmlns="http://www.garmin.com/xmlschemas/ActivityExtension/v2">
                <Watts>68</Watts>
              </TPX>
            </Extensions>
          </Trackpoint>
          <Trackpoint>
            <Time>2010-10-19T21:54:02Z</Time>
            <AltitudeMeters>0.0</AltitudeMeters>
            <HeartRateBpm>
              <Value>0</Value>
            </HeartRateBpm>
            <Cadence>59</Cadence>
            <DistanceMeters>28807.18000</DistanceMeters>
            <Extensions>
              <TPX xmlns="http://www.garmin.com/xmlschemas/ActivityExtension/v2">
                <Watts>68</Watts>
              </TPX>
            </Extensions>
          </Trackpoint>
          <Trackpoint>
            <Time>2010-10-19T21:54:05Z</Time>
            <AltitudeMeters>0.0</AltitudeMeters>
            <HeartRateBpm>
              <Value>0</Value>
            </HeartRateBpm>
            <Cadence>60</Cadence>
            <DistanceMeters>28823.27000</DistanceMeters>
            <Extensions>
              <TPX xmlns="http://www.garmin.com/xmlschemas/ActivityExtension/v2">
                <Watts>67</Watts>
              </TPX>
            </Extensions>
          </Trackpoint>
          <Trackpoint>
            <Time>2010-10-19T21:54:08Z</Time>
            <AltitudeMeters>0.0</AltitudeMeters>
            <HeartRateBpm>
              <Value>0</Value>
            </HeartRateBpm>
            <Cadence>63</Cadence>
            <DistanceMeters>28823.27000</DistanceMeters>
            <Extensions>
              <TPX xmlns="http://www.garmin.com/xmlschemas/ActivityExtension/v2">
                <Watts>69</Watts>
              </TPX>
            </Extensions>
          </Trackpoint>
          <Trackpoint>
            <Time>2010-10-19T21:54:11Z</Time>
            <AltitudeMeters>0.0</AltitudeMeters>
            <HeartRateBpm>
              <Value>0</Value>
            </HeartRateBpm>
            <Cadence>63</Cadence>
            <DistanceMeters>28839.37000</DistanceMeters>
            <Extensions>
              <TPX xmlns="http://www.garmin.com/xmlschemas/ActivityExtension/v2">
                <Watts>75</Watts>
              </TPX>
            </Extensions>
          </Trackpoint>
          <Trackpoint>
            <Time>2010-10-19T21:54:14Z</Time>
            <AltitudeMeters>0.0</AltitudeMeters>
            <HeartRateBpm>
              <Value>0</Value>
            </HeartRateBpm>
            <Cadence>63</Cadence>
            <DistanceMeters>28855.46000</DistanceMeters>
            <Extensions>
              <TPX xmlns="http://www.garmin.com/xmlschemas/ActivityExtension/v2">
                <Watts>74</Watts>
              </TPX>
            </Extensions>
          </Trackpoint>
          <Trackpoint>
            <Time>2010-10-19T21:54:17Z</Time>
            <AltitudeMeters>0.0</AltitudeMeters>
            <HeartRateBpm>
              <Value>0</Value>
            </HeartRateBpm>
            <Cadence>62</Cadence>
            <DistanceMeters>28855.46000</DistanceMeters>
            <Extensions>
              <TPX xmlns="http://www.garmin.com/xmlschemas/ActivityExtension/v2">
                <Watts>73</Watts>
              </TPX>
            </Extensions>
          </Trackpoint>
          <Trackpoint>
            <Time>2010-10-19T21:54:20Z</Time>
            <AltitudeMeters>0.0</AltitudeMeters>
            <HeartRateBpm>
              <Value>0</Value>
            </HeartRateBpm>
            <Cadence>61</Cadence>
            <DistanceMeters>28871.55000</DistanceMeters>
            <Extensions>
              <TPX xmlns="http://www.garmin.com/xmlschemas/ActivityExtension/v2">
                <Watts>72</Watts>
              </TPX>
            </Extensions>
          </Trackpoint>
          <Trackpoint>
            <Time>2010-10-19T21:54:23Z</Time>
            <AltitudeMeters>0.0</AltitudeMeters>
            <HeartRateBpm>
              <Value>0</Value>
            </HeartRateBpm>
            <Cadence>54</Cadence>
            <DistanceMeters>28887.65000</DistanceMeters>
            <Extensions>
              <TPX xmlns="http://www.garmin.com/xmlschemas/ActivityExtension/v2">
                <Watts>69</Watts>
              </TPX>
            </Extensions>
          </Trackpoint>
          <Trackpoint>
            <Time>2010-10-19T21:54:26Z</Time>
            <AltitudeMeters>0.0</AltitudeMeters>
            <HeartRateBpm>
              <Value>0</Value>
            </HeartRateBpm>
            <Cadence>56</Cadence>
            <DistanceMeters>28903.74000</DistanceMeters>
            <Extensions>
              <TPX xmlns="http://www.garmin.com/xmlschemas/ActivityExtension/v2">
                <Watts>57</Watts>
              </TPX>
            </Extensions>
          </Trackpoint>
          <Trackpoint>
            <Time>2010-10-19T21:54:29Z</Time>
            <AltitudeMeters>0.0</AltitudeMeters>
            <HeartRateBpm>
              <Value>0</Value>
            </HeartRateBpm>
            <Cadence>59</Cadence>
            <DistanceMeters>28903.74000</DistanceMeters>
            <Extensions>
              <TPX xmlns="http://www.garmin.com/xmlschemas/ActivityExtension/v2">
                <Watts>66</Watts>
              </TPX>
            </Extensions>
          </Trackpoint>
          <Trackpoint>
            <Time>2010-10-19T21:54:32Z</Time>
            <AltitudeMeters>0.0</AltitudeMeters>
            <HeartRateBpm>
              <Value>0</Value>
            </HeartRateBpm>
            <Cadence>59</Cadence>
            <DistanceMeters>28919.83000</DistanceMeters>
            <Extensions>
              <TPX xmlns="http://www.garmin.com/xmlschemas/ActivityExtension/v2">
                <Watts>66</Watts>
              </TPX>
            </Extensions>
          </Trackpoint>
          <Trackpoint>
            <Time>2010-10-19T21:54:35Z</Time>
            <AltitudeMeters>0.0</AltitudeMeters>
            <HeartRateBpm>
              <Value>0</Value>
            </HeartRateBpm>
            <Cadence>59</Cadence>
            <DistanceMeters>28919.83000</DistanceMeters>
            <Extensions>
              <TPX xmlns="http://www.garmin.com/xmlschemas/ActivityExtension/v2">
                <Watts>66</Watts>
              </TPX>
            </Extensions>
          </Trackpoint>
          <Trackpoint>
            <Time>2010-10-19T21:54:38Z</Time>
            <AltitudeMeters>0.0</AltitudeMeters>
            <HeartRateBpm>
              <Value>0</Value>
            </HeartRateBpm>
            <Cadence>60</Cadence>
            <DistanceMeters>28935.93000</DistanceMeters>
            <Extensions>
              <TPX xmlns="http://www.garmin.com/xmlschemas/ActivityExtension/v2">
                <Watts>68</Watts>
              </TPX>
            </Extensions>
          </Trackpoint>
          <Trackpoint>
            <Time>2010-10-19T21:54:41Z</Time>
            <AltitudeMeters>0.0</AltitudeMeters>
            <HeartRateBpm>
              <Value>0</Value>
            </HeartRateBpm>
            <Cadence>86</Cadence>
            <DistanceMeters>28952.02000</DistanceMeters>
            <Extensions>
              <TPX xmlns="http://www.garmin.com/xmlschemas/ActivityExtension/v2">
                <Watts>298</Watts>
              </TPX>
            </Extensions>
          </Trackpoint>
          <Trackpoint>
            <Time>2010-10-19T21:54:44Z</Time>
            <AltitudeMeters>0.0</AltitudeMeters>
            <HeartRateBpm>
              <Value>0</Value>
            </HeartRateBpm>
            <Cadence>80</Cadence>
            <DistanceMeters>28968.12000</DistanceMeters>
            <Extensions>
              <TPX xmlns="http://www.garmin.com/xmlschemas/ActivityExtension/v2">
                <Watts>492</Watts>
              </TPX>
            </Extensions>
          </Trackpoint>
          <Trackpoint>
            <Time>2010-10-19T21:54:47Z</Time>
            <AltitudeMeters>0.0</AltitudeMeters>
            <HeartRateBpm>
              <Value>0</Value>
            </HeartRateBpm>
            <Cadence>80</Cadence>
            <DistanceMeters>29048.58000</DistanceMeters>
            <Extensions>
              <TPX xmlns="http://www.garmin.com/xmlschemas/ActivityExtension/v2">
                <Watts>482</Watts>
              </TPX>
            </Extensions>
          </Trackpoint>
          <Trackpoint>
            <Time>2010-10-19T21:54:50Z</Time>
            <AltitudeMeters>0.0</AltitudeMeters>
            <HeartRateBpm>
              <Value>0</Value>
            </HeartRateBpm>
            <Cadence>78</Cadence>
            <DistanceMeters>29129.05000</DistanceMeters>
            <Extensions>
              <TPX xmlns="http://www.garmin.com/xmlschemas/ActivityExtension/v2">
                <Watts>452</Watts>
              </TPX>
            </Extensions>
          </Trackpoint>
          <Trackpoint>
            <Time>2010-10-19T21:54:53Z</Time>
            <AltitudeMeters>0.0</AltitudeMeters>
            <HeartRateBpm>
              <Value>0</Value>
            </HeartRateBpm>
            <Cadence>77</Cadence>
            <DistanceMeters>29193.42000</DistanceMeters>
            <Extensions>
              <TPX xmlns="http://www.garmin.com/xmlschemas/ActivityExtension/v2">
                <Watts>435</Watts>
              </TPX>
            </Extensions>
          </Trackpoint>
          <Trackpoint>
            <Time>2010-10-19T21:54:56Z</Time>
            <AltitudeMeters>0.0</AltitudeMeters>
            <HeartRateBpm>
              <Value>0</Value>
            </HeartRateBpm>
            <Cadence>77</Cadence>
            <DistanceMeters>29273.89000</DistanceMeters>
            <Extensions>
              <TPX xmlns="http://www.garmin.com/xmlschemas/ActivityExtension/v2">
                <Watts>453</Watts>
              </TPX>
            </Extensions>
          </Trackpoint>
          <Trackpoint>
            <Time>2010-10-19T21:54:59Z</Time>
            <AltitudeMeters>0.0</AltitudeMeters>
            <HeartRateBpm>
              <Value>0</Value>
            </HeartRateBpm>
            <Cadence>78</Cadence>
            <DistanceMeters>29338.26000</DistanceMeters>
            <Extensions>
              <TPX xmlns="http://www.garmin.com/xmlschemas/ActivityExtension/v2">
                <Watts>464</Watts>
              </TPX>
            </Extensions>
          </Trackpoint>
          <Trackpoint>
            <Time>2010-10-19T21:55:02Z</Time>
            <AltitudeMeters>0.0</AltitudeMeters>
            <HeartRateBpm>
              <Value>0</Value>
            </HeartRateBpm>
            <Cadence>77</Cadence>
            <DistanceMeters>29418.73000</DistanceMeters>
            <Extensions>
              <TPX xmlns="http://www.garmin.com/xmlschemas/ActivityExtension/v2">
                <Watts>453</Watts>
              </TPX>
            </Extensions>
          </Trackpoint>
          <Trackpoint>
            <Time>2010-10-19T21:55:05Z</Time>
            <AltitudeMeters>0.0</AltitudeMeters>
            <HeartRateBpm>
              <Value>0</Value>
            </HeartRateBpm>
            <Cadence>76</Cadence>
            <DistanceMeters>29483.10000</DistanceMeters>
            <Extensions>
              <TPX xmlns="http://www.garmin.com/xmlschemas/ActivityExtension/v2">
                <Watts>451</Watts>
              </TPX>
            </Extensions>
          </Trackpoint>
          <Trackpoint>
            <Time>2010-10-19T21:55:08Z</Time>
            <AltitudeMeters>0.0</AltitudeMeters>
            <HeartRateBpm>
              <Value>0</Value>
            </HeartRateBpm>
            <Cadence>76</Cadence>
            <DistanceMeters>29563.57000</DistanceMeters>
            <Extensions>
              <TPX xmlns="http://www.garmin.com/xmlschemas/ActivityExtension/v2">
                <Watts>442</Watts>
              </TPX>
            </Extensions>
          </Trackpoint>
          <Trackpoint>
            <Time>2010-10-19T21:55:11Z</Time>
            <AltitudeMeters>0.0</AltitudeMeters>
            <HeartRateBpm>
              <Value>0</Value>
            </HeartRateBpm>
            <Cadence>76</Cadence>
            <DistanceMeters>29627.94000</DistanceMeters>
            <Extensions>
              <TPX xmlns="http://www.garmin.com/xmlschemas/ActivityExtension/v2">
                <Watts>442</Watts>
              </TPX>
            </Extensions>
          </Trackpoint>
          <Trackpoint>
            <Time>2010-10-19T21:55:14Z</Time>
            <AltitudeMeters>0.0</AltitudeMeters>
            <HeartRateBpm>
              <Value>0</Value>
            </HeartRateBpm>
            <Cadence>74</Cadence>
            <DistanceMeters>29708.41000</DistanceMeters>
            <Extensions>
              <TPX xmlns="http://www.garmin.com/xmlschemas/ActivityExtension/v2">
                <Watts>441</Watts>
              </TPX>
            </Extensions>
          </Trackpoint>
          <Trackpoint>
            <Time>2010-10-19T21:55:17Z</Time>
            <AltitudeMeters>0.0</AltitudeMeters>
            <HeartRateBpm>
              <Value>0</Value>
            </HeartRateBpm>
            <Cadence>74</Cadence>
            <DistanceMeters>29772.78000</DistanceMeters>
            <Extensions>
              <TPX xmlns="http://www.garmin.com/xmlschemas/ActivityExtension/v2">
                <Watts>142</Watts>
              </TPX>
            </Extensions>
          </Trackpoint>
          <Trackpoint>
            <Time>2010-10-19T21:55:20Z</Time>
            <AltitudeMeters>0.0</AltitudeMeters>
            <HeartRateBpm>
              <Value>0</Value>
            </HeartRateBpm>
            <Cadence>75</Cadence>
            <DistanceMeters>29821.07000</DistanceMeters>
            <Extensions>
              <TPX xmlns="http://www.garmin.com/xmlschemas/ActivityExtension/v2">
                <Watts>142</Watts>
              </TPX>
            </Extensions>
          </Trackpoint>
          <Trackpoint>
            <Time>2010-10-19T21:55:23Z</Time>
            <AltitudeMeters>0.0</AltitudeMeters>
            <HeartRateBpm>
              <Value>0</Value>
            </HeartRateBpm>
            <Cadence>78</Cadence>
            <DistanceMeters>29837.16000</DistanceMeters>
            <Extensions>
              <TPX xmlns="http://www.garmin.com/xmlschemas/ActivityExtension/v2">
                <Watts>145</Watts>
              </TPX>
            </Extensions>
          </Trackpoint>
          <Trackpoint>
            <Time>2010-10-19T21:55:26Z</Time>
            <AltitudeMeters>0.0</AltitudeMeters>
            <HeartRateBpm>
              <Value>0</Value>
            </HeartRateBpm>
            <Cadence>84</Cadence>
            <DistanceMeters>29869.35000</DistanceMeters>
            <Extensions>
              <TPX xmlns="http://www.garmin.com/xmlschemas/ActivityExtension/v2">
                <Watts>163</Watts>
              </TPX>
            </Extensions>
          </Trackpoint>
          <Trackpoint>
            <Time>2010-10-19T21:55:29Z</Time>
            <AltitudeMeters>0.0</AltitudeMeters>
            <HeartRateBpm>
              <Value>0</Value>
            </HeartRateBpm>
            <Cadence>82</Cadence>
            <DistanceMeters>29885.44000</DistanceMeters>
            <Extensions>
              <TPX xmlns="http://www.garmin.com/xmlschemas/ActivityExtension/v2">
                <Watts>166</Watts>
              </TPX>
            </Extensions>
          </Trackpoint>
          <Trackpoint>
            <Time>2010-10-19T21:55:32Z</Time>
            <AltitudeMeters>0.0</AltitudeMeters>
            <HeartRateBpm>
              <Value>0</Value>
            </HeartRateBpm>
            <Cadence>81</Cadence>
            <DistanceMeters>29917.63000</DistanceMeters>
            <Extensions>
              <TPX xmlns="http://www.garmin.com/xmlschemas/ActivityExtension/v2">
                <Watts>165</Watts>
              </TPX>
            </Extensions>
          </Trackpoint>
          <Trackpoint>
            <Time>2010-10-19T21:55:35Z</Time>
            <AltitudeMeters>0.0</AltitudeMeters>
            <HeartRateBpm>
              <Value>0</Value>
            </HeartRateBpm>
            <Cadence>81</Cadence>
            <DistanceMeters>29933.72000</DistanceMeters>
            <Extensions>
              <TPX xmlns="http://www.garmin.com/xmlschemas/ActivityExtension/v2">
                <Watts>151</Watts>
              </TPX>
            </Extensions>
          </Trackpoint>
          <Trackpoint>
            <Time>2010-10-19T21:55:38Z</Time>
            <AltitudeMeters>0.0</AltitudeMeters>
            <HeartRateBpm>
              <Value>0</Value>
            </HeartRateBpm>
            <Cadence>81</Cadence>
            <DistanceMeters>29965.91000</DistanceMeters>
            <Extensions>
              <TPX xmlns="http://www.garmin.com/xmlschemas/ActivityExtension/v2">
                <Watts>153</Watts>
              </TPX>
            </Extensions>
          </Trackpoint>
          <Trackpoint>
            <Time>2010-10-19T21:55:41Z</Time>
            <AltitudeMeters>0.0</AltitudeMeters>
            <HeartRateBpm>
              <Value>0</Value>
            </HeartRateBpm>
            <Cadence>80</Cadence>
            <DistanceMeters>29998.09000</DistanceMeters>
            <Extensions>
              <TPX xmlns="http://www.garmin.com/xmlschemas/ActivityExtension/v2">
                <Watts>162</Watts>
              </TPX>
            </Extensions>
          </Trackpoint>
          <Trackpoint>
            <Time>2010-10-19T21:55:44Z</Time>
            <AltitudeMeters>0.0</AltitudeMeters>
            <HeartRateBpm>
              <Value>0</Value>
            </HeartRateBpm>
            <Cadence>82</Cadence>
            <DistanceMeters>30014.19000</DistanceMeters>
            <Extensions>
              <TPX xmlns="http://www.garmin.com/xmlschemas/ActivityExtension/v2">
                <Watts>153</Watts>
              </TPX>
            </Extensions>
          </Trackpoint>
          <Trackpoint>
            <Time>2010-10-19T21:55:47Z</Time>
            <AltitudeMeters>0.0</AltitudeMeters>
            <HeartRateBpm>
              <Value>0</Value>
            </HeartRateBpm>
            <Cadence>82</Cadence>
            <DistanceMeters>30046.37000</DistanceMeters>
            <Extensions>
              <TPX xmlns="http://www.garmin.com/xmlschemas/ActivityExtension/v2">
                <Watts>153</Watts>
              </TPX>
            </Extensions>
          </Trackpoint>
          <Trackpoint>
            <Time>2010-10-19T21:55:50Z</Time>
            <AltitudeMeters>0.0</AltitudeMeters>
            <HeartRateBpm>
              <Value>0</Value>
            </HeartRateBpm>
            <Cadence>82</Cadence>
            <DistanceMeters>30062.47000</DistanceMeters>
            <Extensions>
              <TPX xmlns="http://www.garmin.com/xmlschemas/ActivityExtension/v2">
                <Watts>164</Watts>
              </TPX>
            </Extensions>
          </Trackpoint>
          <Trackpoint>
            <Time>2010-10-19T21:55:53Z</Time>
            <AltitudeMeters>0.0</AltitudeMeters>
            <HeartRateBpm>
              <Value>0</Value>
            </HeartRateBpm>
            <Cadence>82</Cadence>
            <DistanceMeters>30094.65000</DistanceMeters>
            <Extensions>
              <TPX xmlns="http://www.garmin.com/xmlschemas/ActivityExtension/v2">
                <Watts>164</Watts>
              </TPX>
            </Extensions>
          </Trackpoint>
          <Trackpoint>
            <Time>2010-10-19T21:55:56Z</Time>
            <AltitudeMeters>0.0</AltitudeMeters>
            <HeartRateBpm>
              <Value>0</Value>
            </HeartRateBpm>
            <Cadence>83</Cadence>
            <DistanceMeters>30126.84000</DistanceMeters>
            <Extensions>
              <TPX xmlns="http://www.garmin.com/xmlschemas/ActivityExtension/v2">
                <Watts>165</Watts>
              </TPX>
            </Extensions>
          </Trackpoint>
          <Trackpoint>
            <Time>2010-10-19T21:55:59Z</Time>
            <AltitudeMeters>0.0</AltitudeMeters>
            <HeartRateBpm>
              <Value>0</Value>
            </HeartRateBpm>
            <Cadence>81</Cadence>
            <DistanceMeters>30142.93000</DistanceMeters>
            <Extensions>
              <TPX xmlns="http://www.garmin.com/xmlschemas/ActivityExtension/v2">
                <Watts>162</Watts>
              </TPX>
            </Extensions>
          </Trackpoint>
          <Trackpoint>
            <Time>2010-10-19T21:56:02Z</Time>
            <AltitudeMeters>0.0</AltitudeMeters>
            <HeartRateBpm>
              <Value>0</Value>
            </HeartRateBpm>
            <Cadence>103</Cadence>
            <DistanceMeters>30175.12000</DistanceMeters>
            <Extensions>
              <TPX xmlns="http://www.garmin.com/xmlschemas/ActivityExtension/v2">
                <Watts>190</Watts>
              </TPX>
            </Extensions>
          </Trackpoint>
          <Trackpoint>
            <Time>2010-10-19T21:56:05Z</Time>
            <AltitudeMeters>0.0</AltitudeMeters>
            <HeartRateBpm>
              <Value>0</Value>
            </HeartRateBpm>
            <Cadence>100</Cadence>
            <DistanceMeters>30207.31000</DistanceMeters>
            <Extensions>
              <TPX xmlns="http://www.garmin.com/xmlschemas/ActivityExtension/v2">
                <Watts>240</Watts>
              </TPX>
            </Extensions>
          </Trackpoint>
          <Trackpoint>
            <Time>2010-10-19T21:56:08Z</Time>
            <AltitudeMeters>0.0</AltitudeMeters>
            <HeartRateBpm>
              <Value>0</Value>
            </HeartRateBpm>
            <Cadence>106</Cadence>
            <DistanceMeters>30239.49000</DistanceMeters>
            <Extensions>
              <TPX xmlns="http://www.garmin.com/xmlschemas/ActivityExtension/v2">
                <Watts>211</Watts>
              </TPX>
            </Extensions>
          </Trackpoint>
          <Trackpoint>
            <Time>2010-10-19T21:56:11Z</Time>
            <AltitudeMeters>0.0</AltitudeMeters>
            <HeartRateBpm>
              <Value>0</Value>
            </HeartRateBpm>
            <Cadence>105</Cadence>
            <DistanceMeters>30271.68000</DistanceMeters>
            <Extensions>
              <TPX xmlns="http://www.garmin.com/xmlschemas/ActivityExtension/v2">
                <Watts>249</Watts>
              </TPX>
            </Extensions>
          </Trackpoint>
          <Trackpoint>
            <Time>2010-10-19T21:56:14Z</Time>
            <AltitudeMeters>0.0</AltitudeMeters>
            <HeartRateBpm>
              <Value>0</Value>
            </HeartRateBpm>
            <Cadence>103</Cadence>
            <DistanceMeters>30303.87000</DistanceMeters>
            <Extensions>
              <TPX xmlns="http://www.garmin.com/xmlschemas/ActivityExtension/v2">
                <Watts>247</Watts>
              </TPX>
            </Extensions>
          </Trackpoint>
          <Trackpoint>
            <Time>2010-10-19T21:56:17Z</Time>
            <AltitudeMeters>0.0</AltitudeMeters>
            <HeartRateBpm>
              <Value>0</Value>
            </HeartRateBpm>
            <Cadence>102</Cadence>
            <DistanceMeters>30352.15000</DistanceMeters>
            <Extensions>
              <TPX xmlns="http://www.garmin.com/xmlschemas/ActivityExtension/v2">
                <Watts>240</Watts>
              </TPX>
            </Extensions>
          </Trackpoint>
          <Trackpoint>
            <Time>2010-10-19T21:56:20Z</Time>
            <AltitudeMeters>0.0</AltitudeMeters>
            <HeartRateBpm>
              <Value>0</Value>
            </HeartRateBpm>
            <Cadence>102</Cadence>
            <DistanceMeters>30384.33000</DistanceMeters>
            <Extensions>
              <TPX xmlns="http://www.garmin.com/xmlschemas/ActivityExtension/v2">
                <Watts>238</Watts>
              </TPX>
            </Extensions>
          </Trackpoint>
          <Trackpoint>
            <Time>2010-10-19T21:56:23Z</Time>
            <AltitudeMeters>0.0</AltitudeMeters>
            <HeartRateBpm>
              <Value>0</Value>
            </HeartRateBpm>
            <Cadence>113</Cadence>
            <DistanceMeters>30432.61000</DistanceMeters>
            <Extensions>
              <TPX xmlns="http://www.garmin.com/xmlschemas/ActivityExtension/v2">
                <Watts>279</Watts>
              </TPX>
            </Extensions>
          </Trackpoint>
          <Trackpoint>
            <Time>2010-10-19T21:56:26Z</Time>
            <AltitudeMeters>0.0</AltitudeMeters>
            <HeartRateBpm>
              <Value>0</Value>
            </HeartRateBpm>
            <Cadence>110</Cadence>
            <DistanceMeters>30464.80000</DistanceMeters>
            <Extensions>
              <TPX xmlns="http://www.garmin.com/xmlschemas/ActivityExtension/v2">
                <Watts>261</Watts>
              </TPX>
            </Extensions>
          </Trackpoint>
          <Trackpoint>
            <Time>2010-10-19T21:56:29Z</Time>
            <AltitudeMeters>0.0</AltitudeMeters>
            <HeartRateBpm>
              <Value>0</Value>
            </HeartRateBpm>
            <Cadence>111</Cadence>
            <DistanceMeters>30513.08000</DistanceMeters>
            <Extensions>
              <TPX xmlns="http://www.garmin.com/xmlschemas/ActivityExtension/v2">
                <Watts>267</Watts>
              </TPX>
            </Extensions>
          </Trackpoint>
          <Trackpoint>
            <Time>2010-10-19T21:56:32Z</Time>
            <AltitudeMeters>0.0</AltitudeMeters>
            <HeartRateBpm>
              <Value>0</Value>
            </HeartRateBpm>
            <Cadence>112</Cadence>
            <DistanceMeters>30545.27000</DistanceMeters>
            <Extensions>
              <TPX xmlns="http://www.garmin.com/xmlschemas/ActivityExtension/v2">
                <Watts>267</Watts>
              </TPX>
            </Extensions>
          </Trackpoint>
          <Trackpoint>
            <Time>2010-10-19T21:56:35Z</Time>
            <AltitudeMeters>0.0</AltitudeMeters>
            <HeartRateBpm>
              <Value>0</Value>
            </HeartRateBpm>
            <Cadence>105</Cadence>
            <DistanceMeters>30593.55000</DistanceMeters>
            <Extensions>
              <TPX xmlns="http://www.garmin.com/xmlschemas/ActivityExtension/v2">
                <Watts>260</Watts>
              </TPX>
            </Extensions>
          </Trackpoint>
          <Trackpoint>
            <Time>2010-10-19T21:56:38Z</Time>
            <AltitudeMeters>0.0</AltitudeMeters>
            <HeartRateBpm>
              <Value>0</Value>
            </HeartRateBpm>
            <Cadence>102</Cadence>
            <DistanceMeters>30641.83000</DistanceMeters>
            <Extensions>
              <TPX xmlns="http://www.garmin.com/xmlschemas/ActivityExtension/v2">
                <Watts>236</Watts>
              </TPX>
            </Extensions>
          </Trackpoint>
          <Trackpoint>
            <Time>2010-10-19T21:56:41Z</Time>
            <AltitudeMeters>0.0</AltitudeMeters>
            <HeartRateBpm>
              <Value>0</Value>
            </HeartRateBpm>
            <Cadence>97</Cadence>
            <DistanceMeters>30674.02000</DistanceMeters>
            <Extensions>
              <TPX xmlns="http://www.garmin.com/xmlschemas/ActivityExtension/v2">
                <Watts>148</Watts>
              </TPX>
            </Extensions>
          </Trackpoint>
          <Trackpoint>
            <Time>2010-10-19T21:56:44Z</Time>
            <AltitudeMeters>0.0</AltitudeMeters>
            <HeartRateBpm>
              <Value>0</Value>
            </HeartRateBpm>
            <Cadence>94</Cadence>
            <DistanceMeters>30706.20000</DistanceMeters>
            <Extensions>
              <TPX xmlns="http://www.garmin.com/xmlschemas/ActivityExtension/v2">
                <Watts>140</Watts>
              </TPX>
            </Extensions>
          </Trackpoint>
          <Trackpoint>
            <Time>2010-10-19T21:56:47Z</Time>
            <AltitudeMeters>0.0</AltitudeMeters>
            <HeartRateBpm>
              <Value>0</Value>
            </HeartRateBpm>
            <Cadence>93</Cadence>
            <DistanceMeters>30738.39000</DistanceMeters>
            <Extensions>
              <TPX xmlns="http://www.garmin.com/xmlschemas/ActivityExtension/v2">
                <Watts>133</Watts>
              </TPX>
            </Extensions>
          </Trackpoint>
          <Trackpoint>
            <Time>2010-10-19T21:56:50Z</Time>
            <AltitudeMeters>0.0</AltitudeMeters>
            <HeartRateBpm>
              <Value>0</Value>
            </HeartRateBpm>
            <Cadence>95</Cadence>
            <DistanceMeters>30754.48000</DistanceMeters>
            <Extensions>
              <TPX xmlns="http://www.garmin.com/xmlschemas/ActivityExtension/v2">
                <Watts>133</Watts>
              </TPX>
            </Extensions>
          </Trackpoint>
          <Trackpoint>
            <Time>2010-10-19T21:56:53Z</Time>
            <AltitudeMeters>0.0</AltitudeMeters>
            <HeartRateBpm>
              <Value>0</Value>
            </HeartRateBpm>
            <Cadence>95</Cadence>
            <DistanceMeters>30770.58000</DistanceMeters>
            <Extensions>
              <TPX xmlns="http://www.garmin.com/xmlschemas/ActivityExtension/v2">
                <Watts>134</Watts>
              </TPX>
            </Extensions>
          </Trackpoint>
          <Trackpoint>
            <Time>2010-10-19T21:56:56Z</Time>
            <AltitudeMeters>0.0</AltitudeMeters>
            <HeartRateBpm>
              <Value>0</Value>
            </HeartRateBpm>
            <Cadence>95</Cadence>
            <DistanceMeters>30802.76000</DistanceMeters>
            <Extensions>
              <TPX xmlns="http://www.garmin.com/xmlschemas/ActivityExtension/v2">
                <Watts>136</Watts>
              </TPX>
            </Extensions>
          </Trackpoint>
          <Trackpoint>
            <Time>2010-10-19T21:56:59Z</Time>
            <AltitudeMeters>0.0</AltitudeMeters>
            <HeartRateBpm>
              <Value>0</Value>
            </HeartRateBpm>
            <Cadence>84</Cadence>
            <DistanceMeters>30818.86000</DistanceMeters>
            <Extensions>
              <TPX xmlns="http://www.garmin.com/xmlschemas/ActivityExtension/v2">
                <Watts>150</Watts>
              </TPX>
            </Extensions>
          </Trackpoint>
          <Trackpoint>
            <Time>2010-10-19T21:57:02Z</Time>
            <AltitudeMeters>0.0</AltitudeMeters>
            <HeartRateBpm>
              <Value>0</Value>
            </HeartRateBpm>
            <Cadence>92</Cadence>
            <DistanceMeters>30851.04000</DistanceMeters>
            <Extensions>
              <TPX xmlns="http://www.garmin.com/xmlschemas/ActivityExtension/v2">
                <Watts>150</Watts>
              </TPX>
            </Extensions>
          </Trackpoint>
          <Trackpoint>
            <Time>2010-10-19T21:57:05Z</Time>
            <AltitudeMeters>0.0</AltitudeMeters>
            <HeartRateBpm>
              <Value>0</Value>
            </HeartRateBpm>
            <Cadence>90</Cadence>
            <DistanceMeters>30867.14000</DistanceMeters>
            <Extensions>
              <TPX xmlns="http://www.garmin.com/xmlschemas/ActivityExtension/v2">
                <Watts>149</Watts>
              </TPX>
            </Extensions>
          </Trackpoint>
          <Trackpoint>
            <Time>2010-10-19T21:57:08Z</Time>
            <AltitudeMeters>0.0</AltitudeMeters>
            <HeartRateBpm>
              <Value>0</Value>
            </HeartRateBpm>
            <Cadence>91</Cadence>
            <DistanceMeters>30883.23000</DistanceMeters>
            <Extensions>
              <TPX xmlns="http://www.garmin.com/xmlschemas/ActivityExtension/v2">
                <Watts>145</Watts>
              </TPX>
            </Extensions>
          </Trackpoint>
          <Trackpoint>
            <Time>2010-10-19T21:57:11Z</Time>
            <AltitudeMeters>0.0</AltitudeMeters>
            <HeartRateBpm>
              <Value>0</Value>
            </HeartRateBpm>
            <Cadence>92</Cadence>
            <DistanceMeters>30915.42000</DistanceMeters>
            <Extensions>
              <TPX xmlns="http://www.garmin.com/xmlschemas/ActivityExtension/v2">
                <Watts>145</Watts>
              </TPX>
            </Extensions>
          </Trackpoint>
          <Trackpoint>
            <Time>2010-10-19T21:57:14Z</Time>
            <AltitudeMeters>0.0</AltitudeMeters>
            <HeartRateBpm>
              <Value>0</Value>
            </HeartRateBpm>
            <Cadence>90</Cadence>
            <DistanceMeters>30931.51000</DistanceMeters>
            <Extensions>
              <TPX xmlns="http://www.garmin.com/xmlschemas/ActivityExtension/v2">
                <Watts>148</Watts>
              </TPX>
            </Extensions>
          </Trackpoint>
          <Trackpoint>
            <Time>2010-10-19T21:57:17Z</Time>
            <AltitudeMeters>0.0</AltitudeMeters>
            <HeartRateBpm>
              <Value>0</Value>
            </HeartRateBpm>
            <Cadence>89</Cadence>
            <DistanceMeters>30963.70000</DistanceMeters>
            <Extensions>
              <TPX xmlns="http://www.garmin.com/xmlschemas/ActivityExtension/v2">
                <Watts>144</Watts>
              </TPX>
            </Extensions>
          </Trackpoint>
          <Trackpoint>
            <Time>2010-10-19T21:57:20Z</Time>
            <AltitudeMeters>0.0</AltitudeMeters>
            <HeartRateBpm>
              <Value>0</Value>
            </HeartRateBpm>
            <Cadence>90</Cadence>
            <DistanceMeters>30979.79000</DistanceMeters>
            <Extensions>
              <TPX xmlns="http://www.garmin.com/xmlschemas/ActivityExtension/v2">
                <Watts>142</Watts>
              </TPX>
            </Extensions>
          </Trackpoint>
          <Trackpoint>
            <Time>2010-10-19T21:57:23Z</Time>
            <AltitudeMeters>0.0</AltitudeMeters>
            <HeartRateBpm>
              <Value>0</Value>
            </HeartRateBpm>
            <Cadence>89</Cadence>
            <DistanceMeters>31011.98000</DistanceMeters>
            <Extensions>
              <TPX xmlns="http://www.garmin.com/xmlschemas/ActivityExtension/v2">
                <Watts>142</Watts>
              </TPX>
            </Extensions>
          </Trackpoint>
          <Trackpoint>
            <Time>2010-10-19T21:57:26Z</Time>
            <AltitudeMeters>0.0</AltitudeMeters>
            <HeartRateBpm>
              <Value>0</Value>
            </HeartRateBpm>
            <Cadence>92</Cadence>
            <DistanceMeters>31028.07000</DistanceMeters>
            <Extensions>
              <TPX xmlns="http://www.garmin.com/xmlschemas/ActivityExtension/v2">
                <Watts>143</Watts>
              </TPX>
            </Extensions>
          </Trackpoint>
          <Trackpoint>
            <Time>2010-10-19T21:57:29Z</Time>
            <AltitudeMeters>0.0</AltitudeMeters>
            <HeartRateBpm>
              <Value>0</Value>
            </HeartRateBpm>
            <Cadence>94</Cadence>
            <DistanceMeters>31060.26000</DistanceMeters>
            <Extensions>
              <TPX xmlns="http://www.garmin.com/xmlschemas/ActivityExtension/v2">
                <Watts>150</Watts>
              </TPX>
            </Extensions>
          </Trackpoint>
          <Trackpoint>
            <Time>2010-10-19T21:57:32Z</Time>
            <AltitudeMeters>0.0</AltitudeMeters>
            <HeartRateBpm>
              <Value>0</Value>
            </HeartRateBpm>
            <Cadence>93</Cadence>
            <DistanceMeters>31076.35000</DistanceMeters>
            <Extensions>
              <TPX xmlns="http://www.garmin.com/xmlschemas/ActivityExtension/v2">
                <Watts>152</Watts>
              </TPX>
            </Extensions>
          </Trackpoint>
          <Trackpoint>
            <Time>2010-10-19T21:57:35Z</Time>
            <AltitudeMeters>0.0</AltitudeMeters>
            <HeartRateBpm>
              <Value>0</Value>
            </HeartRateBpm>
            <Cadence>88</Cadence>
            <DistanceMeters>31108.54000</DistanceMeters>
            <Extensions>
              <TPX xmlns="http://www.garmin.com/xmlschemas/ActivityExtension/v2">
                <Watts>143</Watts>
              </TPX>
            </Extensions>
          </Trackpoint>
          <Trackpoint>
            <Time>2010-10-19T21:57:38Z</Time>
            <AltitudeMeters>0.0</AltitudeMeters>
            <HeartRateBpm>
              <Value>0</Value>
            </HeartRateBpm>
            <Cadence>89</Cadence>
            <DistanceMeters>31124.63000</DistanceMeters>
            <Extensions>
              <TPX xmlns="http://www.garmin.com/xmlschemas/ActivityExtension/v2">
                <Watts>139</Watts>
              </TPX>
            </Extensions>
          </Trackpoint>
          <Trackpoint>
            <Time>2010-10-19T21:57:41Z</Time>
            <AltitudeMeters>0.0</AltitudeMeters>
            <HeartRateBpm>
              <Value>0</Value>
            </HeartRateBpm>
            <Cadence>87</Cadence>
            <DistanceMeters>31140.72000</DistanceMeters>
            <Extensions>
              <TPX xmlns="http://www.garmin.com/xmlschemas/ActivityExtension/v2">
                <Watts>139</Watts>
              </TPX>
            </Extensions>
          </Trackpoint>
          <Trackpoint>
            <Time>2010-10-19T21:57:44Z</Time>
            <AltitudeMeters>0.0</AltitudeMeters>
            <HeartRateBpm>
              <Value>0</Value>
            </HeartRateBpm>
            <Cadence>88</Cadence>
            <DistanceMeters>31172.91000</DistanceMeters>
            <Extensions>
              <TPX xmlns="http://www.garmin.com/xmlschemas/ActivityExtension/v2">
                <Watts>137</Watts>
              </TPX>
            </Extensions>
          </Trackpoint>
          <Trackpoint>
            <Time>2010-10-19T21:57:47Z</Time>
            <AltitudeMeters>0.0</AltitudeMeters>
            <HeartRateBpm>
              <Value>0</Value>
            </HeartRateBpm>
            <Cadence>88</Cadence>
            <DistanceMeters>31189.00000</DistanceMeters>
            <Extensions>
              <TPX xmlns="http://www.garmin.com/xmlschemas/ActivityExtension/v2">
                <Watts>138</Watts>
              </TPX>
            </Extensions>
          </Trackpoint>
          <Trackpoint>
            <Time>2010-10-19T21:57:50Z</Time>
            <AltitudeMeters>0.0</AltitudeMeters>
            <HeartRateBpm>
              <Value>0</Value>
            </HeartRateBpm>
            <Cadence>76</Cadence>
            <DistanceMeters>31221.19000</DistanceMeters>
            <Extensions>
              <TPX xmlns="http://www.garmin.com/xmlschemas/ActivityExtension/v2">
                <Watts>109</Watts>
              </TPX>
            </Extensions>
          </Trackpoint>
          <Trackpoint>
            <Time>2010-10-19T21:57:53Z</Time>
            <AltitudeMeters>0.0</AltitudeMeters>
            <HeartRateBpm>
              <Value>0</Value>
            </HeartRateBpm>
            <Cadence>78</Cadence>
            <DistanceMeters>31237.28000</DistanceMeters>
            <Extensions>
              <TPX xmlns="http://www.garmin.com/xmlschemas/ActivityExtension/v2">
                <Watts>112</Watts>
              </TPX>
            </Extensions>
          </Trackpoint>
          <Trackpoint>
            <Time>2010-10-19T21:57:56Z</Time>
            <AltitudeMeters>0.0</AltitudeMeters>
            <HeartRateBpm>
              <Value>0</Value>
            </HeartRateBpm>
            <Cadence>87</Cadence>
            <DistanceMeters>31253.38000</DistanceMeters>
            <Extensions>
              <TPX xmlns="http://www.garmin.com/xmlschemas/ActivityExtension/v2">
                <Watts>136</Watts>
              </TPX>
            </Extensions>
          </Trackpoint>
          <Trackpoint>
            <Time>2010-10-19T21:57:59Z</Time>
            <AltitudeMeters>0.0</AltitudeMeters>
            <HeartRateBpm>
              <Value>0</Value>
            </HeartRateBpm>
            <Cadence>77</Cadence>
            <DistanceMeters>31269.47000</DistanceMeters>
            <Extensions>
              <TPX xmlns="http://www.garmin.com/xmlschemas/ActivityExtension/v2">
                <Watts>127</Watts>
              </TPX>
            </Extensions>
          </Trackpoint>
          <Trackpoint>
            <Time>2010-10-19T21:58:02Z</Time>
            <AltitudeMeters>0.0</AltitudeMeters>
            <HeartRateBpm>
              <Value>0</Value>
            </HeartRateBpm>
            <Cadence>85</Cadence>
            <DistanceMeters>31301.66000</DistanceMeters>
            <Extensions>
              <TPX xmlns="http://www.garmin.com/xmlschemas/ActivityExtension/v2">
                <Watts>118</Watts>
              </TPX>
            </Extensions>
          </Trackpoint>
          <Trackpoint>
            <Time>2010-10-19T21:58:05Z</Time>
            <AltitudeMeters>0.0</AltitudeMeters>
            <HeartRateBpm>
              <Value>0</Value>
            </HeartRateBpm>
            <Cadence>85</Cadence>
            <DistanceMeters>31317.75000</DistanceMeters>
            <Extensions>
              <TPX xmlns="http://www.garmin.com/xmlschemas/ActivityExtension/v2">
                <Watts>130</Watts>
              </TPX>
            </Extensions>
          </Trackpoint>
          <Trackpoint>
            <Time>2010-10-19T21:58:08Z</Time>
            <AltitudeMeters>0.0</AltitudeMeters>
            <HeartRateBpm>
              <Value>0</Value>
            </HeartRateBpm>
            <Cadence>86</Cadence>
            <DistanceMeters>31333.84000</DistanceMeters>
            <Extensions>
              <TPX xmlns="http://www.garmin.com/xmlschemas/ActivityExtension/v2">
                <Watts>130</Watts>
              </TPX>
            </Extensions>
          </Trackpoint>
          <Trackpoint>
            <Time>2010-10-19T21:58:11Z</Time>
            <AltitudeMeters>0.0</AltitudeMeters>
            <HeartRateBpm>
              <Value>0</Value>
            </HeartRateBpm>
            <Cadence>85</Cadence>
            <DistanceMeters>31349.94000</DistanceMeters>
            <Extensions>
              <TPX xmlns="http://www.garmin.com/xmlschemas/ActivityExtension/v2">
                <Watts>132</Watts>
              </TPX>
            </Extensions>
          </Trackpoint>
          <Trackpoint>
            <Time>2010-10-19T21:58:14Z</Time>
            <AltitudeMeters>0.0</AltitudeMeters>
            <HeartRateBpm>
              <Value>0</Value>
            </HeartRateBpm>
            <Cadence>83</Cadence>
            <DistanceMeters>31382.12000</DistanceMeters>
            <Extensions>
              <TPX xmlns="http://www.garmin.com/xmlschemas/ActivityExtension/v2">
                <Watts>130</Watts>
              </TPX>
            </Extensions>
          </Trackpoint>
          <Trackpoint>
            <Time>2010-10-19T21:58:17Z</Time>
            <AltitudeMeters>0.0</AltitudeMeters>
            <HeartRateBpm>
              <Value>0</Value>
            </HeartRateBpm>
            <Cadence>83</Cadence>
            <DistanceMeters>31398.22000</DistanceMeters>
            <Extensions>
              <TPX xmlns="http://www.garmin.com/xmlschemas/ActivityExtension/v2">
                <Watts>127</Watts>
              </TPX>
            </Extensions>
          </Trackpoint>
          <Trackpoint>
            <Time>2010-10-19T21:58:20Z</Time>
            <AltitudeMeters>0.0</AltitudeMeters>
            <HeartRateBpm>
              <Value>0</Value>
            </HeartRateBpm>
            <Cadence>85</Cadence>
            <DistanceMeters>31414.31000</DistanceMeters>
            <Extensions>
              <TPX xmlns="http://www.garmin.com/xmlschemas/ActivityExtension/v2">
                <Watts>125</Watts>
              </TPX>
            </Extensions>
          </Trackpoint>
          <Trackpoint>
            <Time>2010-10-19T21:58:23Z</Time>
            <AltitudeMeters>0.0</AltitudeMeters>
            <HeartRateBpm>
              <Value>0</Value>
            </HeartRateBpm>
            <Cadence>84</Cadence>
            <DistanceMeters>31446.50000</DistanceMeters>
            <Extensions>
              <TPX xmlns="http://www.garmin.com/xmlschemas/ActivityExtension/v2">
                <Watts>128</Watts>
              </TPX>
            </Extensions>
          </Trackpoint>
          <Trackpoint>
            <Time>2010-10-19T21:58:26Z</Time>
            <AltitudeMeters>0.0</AltitudeMeters>
            <HeartRateBpm>
              <Value>0</Value>
            </HeartRateBpm>
            <Cadence>85</Cadence>
            <DistanceMeters>31462.59000</DistanceMeters>
            <Extensions>
              <TPX xmlns="http://www.garmin.com/xmlschemas/ActivityExtension/v2">
                <Watts>132</Watts>
              </TPX>
            </Extensions>
          </Trackpoint>
          <Trackpoint>
            <Time>2010-10-19T21:58:29Z</Time>
            <AltitudeMeters>0.0</AltitudeMeters>
            <HeartRateBpm>
              <Value>0</Value>
            </HeartRateBpm>
            <Cadence>84</Cadence>
            <DistanceMeters>31478.69000</DistanceMeters>
            <Extensions>
              <TPX xmlns="http://www.garmin.com/xmlschemas/ActivityExtension/v2">
                <Watts>130</Watts>
              </TPX>
            </Extensions>
          </Trackpoint>
          <Trackpoint>
            <Time>2010-10-19T21:58:32Z</Time>
            <AltitudeMeters>0.0</AltitudeMeters>
            <HeartRateBpm>
              <Value>0</Value>
            </HeartRateBpm>
            <Cadence>84</Cadence>
            <DistanceMeters>31494.78000</DistanceMeters>
            <Extensions>
              <TPX xmlns="http://www.garmin.com/xmlschemas/ActivityExtension/v2">
                <Watts>127</Watts>
              </TPX>
            </Extensions>
          </Trackpoint>
          <Trackpoint>
            <Time>2010-10-19T21:58:35Z</Time>
            <AltitudeMeters>0.0</AltitudeMeters>
            <HeartRateBpm>
              <Value>0</Value>
            </HeartRateBpm>
            <Cadence>83</Cadence>
            <DistanceMeters>31526.97000</DistanceMeters>
            <Extensions>
              <TPX xmlns="http://www.garmin.com/xmlschemas/ActivityExtension/v2">
                <Watts>126</Watts>
              </TPX>
            </Extensions>
          </Trackpoint>
          <Trackpoint>
            <Time>2010-10-19T21:58:38Z</Time>
            <AltitudeMeters>0.0</AltitudeMeters>
            <HeartRateBpm>
              <Value>0</Value>
            </HeartRateBpm>
            <Cadence>83</Cadence>
            <DistanceMeters>31543.06000</DistanceMeters>
            <Extensions>
              <TPX xmlns="http://www.garmin.com/xmlschemas/ActivityExtension/v2">
                <Watts>125</Watts>
              </TPX>
            </Extensions>
          </Trackpoint>
          <Trackpoint>
            <Time>2010-10-19T21:58:41Z</Time>
            <AltitudeMeters>0.0</AltitudeMeters>
            <HeartRateBpm>
              <Value>0</Value>
            </HeartRateBpm>
            <Cadence>83</Cadence>
            <DistanceMeters>31559.15000</DistanceMeters>
            <Extensions>
              <TPX xmlns="http://www.garmin.com/xmlschemas/ActivityExtension/v2">
                <Watts>123</Watts>
              </TPX>
            </Extensions>
          </Trackpoint>
          <Trackpoint>
            <Time>2010-10-19T21:58:44Z</Time>
            <AltitudeMeters>0.0</AltitudeMeters>
            <HeartRateBpm>
              <Value>0</Value>
            </HeartRateBpm>
            <Cadence>82</Cadence>
            <DistanceMeters>31591.34000</DistanceMeters>
            <Extensions>
              <TPX xmlns="http://www.garmin.com/xmlschemas/ActivityExtension/v2">
                <Watts>121</Watts>
              </TPX>
            </Extensions>
          </Trackpoint>
          <Trackpoint>
            <Time>2010-10-19T21:58:47Z</Time>
            <AltitudeMeters>0.0</AltitudeMeters>
            <HeartRateBpm>
              <Value>0</Value>
            </HeartRateBpm>
            <Cadence>84</Cadence>
            <DistanceMeters>31607.43000</DistanceMeters>
            <Extensions>
              <TPX xmlns="http://www.garmin.com/xmlschemas/ActivityExtension/v2">
                <Watts>123</Watts>
              </TPX>
            </Extensions>
          </Trackpoint>
          <Trackpoint>
            <Time>2010-10-19T21:58:50Z</Time>
            <AltitudeMeters>0.0</AltitudeMeters>
            <HeartRateBpm>
              <Value>0</Value>
            </HeartRateBpm>
            <Cadence>82</Cadence>
            <DistanceMeters>31623.53000</DistanceMeters>
            <Extensions>
              <TPX xmlns="http://www.garmin.com/xmlschemas/ActivityExtension/v2">
                <Watts>122</Watts>
              </TPX>
            </Extensions>
          </Trackpoint>
          <Trackpoint>
            <Time>2010-10-19T21:58:53Z</Time>
            <AltitudeMeters>0.0</AltitudeMeters>
            <HeartRateBpm>
              <Value>0</Value>
            </HeartRateBpm>
            <Cadence>85</Cadence>
            <DistanceMeters>31639.62000</DistanceMeters>
            <Extensions>
              <TPX xmlns="http://www.garmin.com/xmlschemas/ActivityExtension/v2">
                <Watts>143</Watts>
              </TPX>
            </Extensions>
          </Trackpoint>
          <Trackpoint>
            <Time>2010-10-19T21:58:56Z</Time>
            <AltitudeMeters>0.0</AltitudeMeters>
            <HeartRateBpm>
              <Value>0</Value>
            </HeartRateBpm>
            <Cadence>88</Cadence>
            <DistanceMeters>31655.71000</DistanceMeters>
            <Extensions>
              <TPX xmlns="http://www.garmin.com/xmlschemas/ActivityExtension/v2">
                <Watts>143</Watts>
              </TPX>
            </Extensions>
          </Trackpoint>
          <Trackpoint>
            <Time>2010-10-19T21:58:59Z</Time>
            <AltitudeMeters>0.0</AltitudeMeters>
            <HeartRateBpm>
              <Value>0</Value>
            </HeartRateBpm>
            <Cadence>86</Cadence>
            <DistanceMeters>31687.90000</DistanceMeters>
            <Extensions>
              <TPX xmlns="http://www.garmin.com/xmlschemas/ActivityExtension/v2">
                <Watts>147</Watts>
              </TPX>
            </Extensions>
          </Trackpoint>
          <Trackpoint>
            <Time>2010-10-19T21:59:02Z</Time>
            <AltitudeMeters>0.0</AltitudeMeters>
            <HeartRateBpm>
              <Value>0</Value>
            </HeartRateBpm>
            <Cadence>85</Cadence>
            <DistanceMeters>31703.99000</DistanceMeters>
            <Extensions>
              <TPX xmlns="http://www.garmin.com/xmlschemas/ActivityExtension/v2">
                <Watts>141</Watts>
              </TPX>
            </Extensions>
          </Trackpoint>
          <Trackpoint>
            <Time>2010-10-19T21:59:05Z</Time>
            <AltitudeMeters>0.0</AltitudeMeters>
            <HeartRateBpm>
              <Value>0</Value>
            </HeartRateBpm>
            <Cadence>86</Cadence>
            <DistanceMeters>31736.18000</DistanceMeters>
            <Extensions>
              <TPX xmlns="http://www.garmin.com/xmlschemas/ActivityExtension/v2">
                <Watts>141</Watts>
              </TPX>
            </Extensions>
          </Trackpoint>
          <Trackpoint>
            <Time>2010-10-19T21:59:08Z</Time>
            <AltitudeMeters>0.0</AltitudeMeters>
            <HeartRateBpm>
              <Value>0</Value>
            </HeartRateBpm>
            <Cadence>86</Cadence>
            <DistanceMeters>31752.27000</DistanceMeters>
            <Extensions>
              <TPX xmlns="http://www.garmin.com/xmlschemas/ActivityExtension/v2">
                <Watts>141</Watts>
              </TPX>
            </Extensions>
          </Trackpoint>
          <Trackpoint>
            <Time>2010-10-19T21:59:11Z</Time>
            <AltitudeMeters>0.0</AltitudeMeters>
            <HeartRateBpm>
              <Value>0</Value>
            </HeartRateBpm>
            <Cadence>84</Cadence>
            <DistanceMeters>31784.46000</DistanceMeters>
            <Extensions>
              <TPX xmlns="http://www.garmin.com/xmlschemas/ActivityExtension/v2">
                <Watts>141</Watts>
              </TPX>
            </Extensions>
          </Trackpoint>
          <Trackpoint>
            <Time>2010-10-19T21:59:14Z</Time>
            <AltitudeMeters>0.0</AltitudeMeters>
            <HeartRateBpm>
              <Value>0</Value>
            </HeartRateBpm>
            <Cadence>83</Cadence>
            <DistanceMeters>31800.55000</DistanceMeters>
            <Extensions>
              <TPX xmlns="http://www.garmin.com/xmlschemas/ActivityExtension/v2">
                <Watts>136</Watts>
              </TPX>
            </Extensions>
          </Trackpoint>
          <Trackpoint>
            <Time>2010-10-19T21:59:17Z</Time>
            <AltitudeMeters>0.0</AltitudeMeters>
            <HeartRateBpm>
              <Value>0</Value>
            </HeartRateBpm>
            <Cadence>82</Cadence>
            <DistanceMeters>31816.65000</DistanceMeters>
            <Extensions>
              <TPX xmlns="http://www.garmin.com/xmlschemas/ActivityExtension/v2">
                <Watts>135</Watts>
              </TPX>
            </Extensions>
          </Trackpoint>
          <Trackpoint>
            <Time>2010-10-19T21:59:20Z</Time>
            <AltitudeMeters>0.0</AltitudeMeters>
            <HeartRateBpm>
              <Value>0</Value>
            </HeartRateBpm>
            <Cadence>82</Cadence>
            <DistanceMeters>31848.83000</DistanceMeters>
            <Extensions>
              <TPX xmlns="http://www.garmin.com/xmlschemas/ActivityExtension/v2">
                <Watts>132</Watts>
              </TPX>
            </Extensions>
          </Trackpoint>
          <Trackpoint>
            <Time>2010-10-19T21:59:23Z</Time>
            <AltitudeMeters>0.0</AltitudeMeters>
            <HeartRateBpm>
              <Value>0</Value>
            </HeartRateBpm>
            <Cadence>83</Cadence>
            <DistanceMeters>31864.93000</DistanceMeters>
            <Extensions>
              <TPX xmlns="http://www.garmin.com/xmlschemas/ActivityExtension/v2">
                <Watts>132</Watts>
              </TPX>
            </Extensions>
          </Trackpoint>
          <Trackpoint>
            <Time>2010-10-19T21:59:26Z</Time>
            <AltitudeMeters>0.0</AltitudeMeters>
            <HeartRateBpm>
              <Value>0</Value>
            </HeartRateBpm>
            <Cadence>84</Cadence>
            <DistanceMeters>31881.02000</DistanceMeters>
            <Extensions>
              <TPX xmlns="http://www.garmin.com/xmlschemas/ActivityExtension/v2">
                <Watts>134</Watts>
              </TPX>
            </Extensions>
          </Trackpoint>
          <Trackpoint>
            <Time>2010-10-19T21:59:29Z</Time>
            <AltitudeMeters>0.0</AltitudeMeters>
            <HeartRateBpm>
              <Value>0</Value>
            </HeartRateBpm>
            <Cadence>84</Cadence>
            <DistanceMeters>31913.21000</DistanceMeters>
            <Extensions>
              <TPX xmlns="http://www.garmin.com/xmlschemas/ActivityExtension/v2">
                <Watts>136</Watts>
              </TPX>
            </Extensions>
          </Trackpoint>
          <Trackpoint>
            <Time>2010-10-19T21:59:32Z</Time>
            <AltitudeMeters>0.0</AltitudeMeters>
            <HeartRateBpm>
              <Value>0</Value>
            </HeartRateBpm>
            <Cadence>84</Cadence>
            <DistanceMeters>31929.30000</DistanceMeters>
            <Extensions>
              <TPX xmlns="http://www.garmin.com/xmlschemas/ActivityExtension/v2">
                <Watts>137</Watts>
              </TPX>
            </Extensions>
          </Trackpoint>
          <Trackpoint>
            <Time>2010-10-19T21:59:35Z</Time>
            <AltitudeMeters>0.0</AltitudeMeters>
            <HeartRateBpm>
              <Value>0</Value>
            </HeartRateBpm>
            <Cadence>83</Cadence>
            <DistanceMeters>31961.49000</DistanceMeters>
            <Extensions>
              <TPX xmlns="http://www.garmin.com/xmlschemas/ActivityExtension/v2">
                <Watts>135</Watts>
              </TPX>
            </Extensions>
          </Trackpoint>
          <Trackpoint>
            <Time>2010-10-19T21:59:38Z</Time>
            <AltitudeMeters>0.0</AltitudeMeters>
            <HeartRateBpm>
              <Value>0</Value>
            </HeartRateBpm>
            <Cadence>83</Cadence>
            <DistanceMeters>31977.58000</DistanceMeters>
            <Extensions>
              <TPX xmlns="http://www.garmin.com/xmlschemas/ActivityExtension/v2">
                <Watts>134</Watts>
              </TPX>
            </Extensions>
          </Trackpoint>
          <Trackpoint>
            <Time>2010-10-19T21:59:41Z</Time>
            <AltitudeMeters>0.0</AltitudeMeters>
            <HeartRateBpm>
              <Value>0</Value>
            </HeartRateBpm>
            <Cadence>85</Cadence>
            <DistanceMeters>31993.67000</DistanceMeters>
            <Extensions>
              <TPX xmlns="http://www.garmin.com/xmlschemas/ActivityExtension/v2">
                <Watts>134</Watts>
              </TPX>
            </Extensions>
          </Trackpoint>
          <Trackpoint>
            <Time>2010-10-19T21:59:44Z</Time>
            <AltitudeMeters>0.0</AltitudeMeters>
            <HeartRateBpm>
              <Value>0</Value>
            </HeartRateBpm>
            <Cadence>85</Cadence>
            <DistanceMeters>32025.86000</DistanceMeters>
            <Extensions>
              <TPX xmlns="http://www.garmin.com/xmlschemas/ActivityExtension/v2">
                <Watts>140</Watts>
              </TPX>
            </Extensions>
          </Trackpoint>
          <Trackpoint>
            <Time>2010-10-19T21:59:47Z</Time>
            <AltitudeMeters>0.0</AltitudeMeters>
            <HeartRateBpm>
              <Value>0</Value>
            </HeartRateBpm>
            <Cadence>86</Cadence>
            <DistanceMeters>32041.95000</DistanceMeters>
            <Extensions>
              <TPX xmlns="http://www.garmin.com/xmlschemas/ActivityExtension/v2">
                <Watts>140</Watts>
              </TPX>
            </Extensions>
          </Trackpoint>
          <Trackpoint>
            <Time>2010-10-19T21:59:50Z</Time>
            <AltitudeMeters>0.0</AltitudeMeters>
            <HeartRateBpm>
              <Value>0</Value>
            </HeartRateBpm>
            <Cadence>86</Cadence>
            <DistanceMeters>32058.05000</DistanceMeters>
            <Extensions>
              <TPX xmlns="http://www.garmin.com/xmlschemas/ActivityExtension/v2">
                <Watts>141</Watts>
              </TPX>
            </Extensions>
          </Trackpoint>
          <Trackpoint>
            <Time>2010-10-19T21:59:53Z</Time>
            <AltitudeMeters>0.0</AltitudeMeters>
            <HeartRateBpm>
              <Value>0</Value>
            </HeartRateBpm>
            <Cadence>87</Cadence>
            <DistanceMeters>32090.23000</DistanceMeters>
            <Extensions>
              <TPX xmlns="http://www.garmin.com/xmlschemas/ActivityExtension/v2">
                <Watts>141</Watts>
              </TPX>
            </Extensions>
          </Trackpoint>
          <Trackpoint>
            <Time>2010-10-19T21:59:56Z</Time>
            <AltitudeMeters>0.0</AltitudeMeters>
            <HeartRateBpm>
              <Value>0</Value>
            </HeartRateBpm>
            <Cadence>92</Cadence>
            <DistanceMeters>32106.33000</DistanceMeters>
            <Extensions>
              <TPX xmlns="http://www.garmin.com/xmlschemas/ActivityExtension/v2">
                <Watts>166</Watts>
              </TPX>
            </Extensions>
          </Trackpoint>
          <Trackpoint>
            <Time>2010-10-19T21:59:59Z</Time>
            <AltitudeMeters>0.0</AltitudeMeters>
            <HeartRateBpm>
              <Value>0</Value>
            </HeartRateBpm>
            <Cadence>90</Cadence>
            <DistanceMeters>32138.51000</DistanceMeters>
            <Extensions>
              <TPX xmlns="http://www.garmin.com/xmlschemas/ActivityExtension/v2">
                <Watts>159</Watts>
              </TPX>
            </Extensions>
          </Trackpoint>
          <Trackpoint>
            <Time>2010-10-19T22:00:02Z</Time>
            <AltitudeMeters>0.0</AltitudeMeters>
            <HeartRateBpm>
              <Value>0</Value>
            </HeartRateBpm>
            <Cadence>88</Cadence>
            <DistanceMeters>32154.61000</DistanceMeters>
            <Extensions>
              <TPX xmlns="http://www.garmin.com/xmlschemas/ActivityExtension/v2">
                <Watts>153</Watts>
              </TPX>
            </Extensions>
          </Trackpoint>
          <Trackpoint>
            <Time>2010-10-19T22:00:05Z</Time>
            <AltitudeMeters>0.0</AltitudeMeters>
            <HeartRateBpm>
              <Value>0</Value>
            </HeartRateBpm>
            <Cadence>89</Cadence>
            <DistanceMeters>32186.80000</DistanceMeters>
            <Extensions>
              <TPX xmlns="http://www.garmin.com/xmlschemas/ActivityExtension/v2">
                <Watts>148</Watts>
              </TPX>
            </Extensions>
          </Trackpoint>
          <Trackpoint>
            <Time>2010-10-19T22:00:08Z</Time>
            <AltitudeMeters>0.0</AltitudeMeters>
            <HeartRateBpm>
              <Value>0</Value>
            </HeartRateBpm>
            <Cadence>87</Cadence>
            <DistanceMeters>32202.89000</DistanceMeters>
            <Extensions>
              <TPX xmlns="http://www.garmin.com/xmlschemas/ActivityExtension/v2">
                <Watts>145</Watts>
              </TPX>
            </Extensions>
          </Trackpoint>
          <Trackpoint>
            <Time>2010-10-19T22:00:11Z</Time>
            <AltitudeMeters>0.0</AltitudeMeters>
            <HeartRateBpm>
              <Value>0</Value>
            </HeartRateBpm>
            <Cadence>89</Cadence>
            <DistanceMeters>32235.08000</DistanceMeters>
            <Extensions>
              <TPX xmlns="http://www.garmin.com/xmlschemas/ActivityExtension/v2">
                <Watts>151</Watts>
              </TPX>
            </Extensions>
          </Trackpoint>
          <Trackpoint>
            <Time>2010-10-19T22:00:14Z</Time>
            <AltitudeMeters>0.0</AltitudeMeters>
            <HeartRateBpm>
              <Value>0</Value>
            </HeartRateBpm>
            <Cadence>89</Cadence>
            <DistanceMeters>32251.17000</DistanceMeters>
            <Extensions>
              <TPX xmlns="http://www.garmin.com/xmlschemas/ActivityExtension/v2">
                <Watts>150</Watts>
              </TPX>
            </Extensions>
          </Trackpoint>
          <Trackpoint>
            <Time>2010-10-19T22:00:17Z</Time>
            <AltitudeMeters>0.0</AltitudeMeters>
            <HeartRateBpm>
              <Value>0</Value>
            </HeartRateBpm>
            <Cadence>90</Cadence>
            <DistanceMeters>32283.36000</DistanceMeters>
            <Extensions>
              <TPX xmlns="http://www.garmin.com/xmlschemas/ActivityExtension/v2">
                <Watts>151</Watts>
              </TPX>
            </Extensions>
          </Trackpoint>
          <Trackpoint>
            <Time>2010-10-19T22:00:20Z</Time>
            <AltitudeMeters>0.0</AltitudeMeters>
            <HeartRateBpm>
              <Value>0</Value>
            </HeartRateBpm>
            <Cadence>93</Cadence>
            <DistanceMeters>32299.45000</DistanceMeters>
            <Extensions>
              <TPX xmlns="http://www.garmin.com/xmlschemas/ActivityExtension/v2">
                <Watts>161</Watts>
              </TPX>
            </Extensions>
          </Trackpoint>
          <Trackpoint>
            <Time>2010-10-19T22:00:23Z</Time>
            <AltitudeMeters>0.0</AltitudeMeters>
            <HeartRateBpm>
              <Value>0</Value>
            </HeartRateBpm>
            <Cadence>94</Cadence>
            <DistanceMeters>32331.64000</DistanceMeters>
            <Extensions>
              <TPX xmlns="http://www.garmin.com/xmlschemas/ActivityExtension/v2">
                <Watts>215</Watts>
              </TPX>
            </Extensions>
          </Trackpoint>
          <Trackpoint>
            <Time>2010-10-19T22:00:26Z</Time>
            <AltitudeMeters>0.0</AltitudeMeters>
            <HeartRateBpm>
              <Value>0</Value>
            </HeartRateBpm>
            <Cadence>94</Cadence>
            <DistanceMeters>32363.82000</DistanceMeters>
            <Extensions>
              <TPX xmlns="http://www.garmin.com/xmlschemas/ActivityExtension/v2">
                <Watts>218</Watts>
              </TPX>
            </Extensions>
          </Trackpoint>
          <Trackpoint>
            <Time>2010-10-19T22:00:29Z</Time>
            <AltitudeMeters>0.0</AltitudeMeters>
            <HeartRateBpm>
              <Value>0</Value>
            </HeartRateBpm>
            <Cadence>93</Cadence>
            <DistanceMeters>32396.01000</DistanceMeters>
            <Extensions>
              <TPX xmlns="http://www.garmin.com/xmlschemas/ActivityExtension/v2">
                <Watts>217</Watts>
              </TPX>
            </Extensions>
          </Trackpoint>
          <Trackpoint>
            <Time>2010-10-19T22:00:32Z</Time>
            <AltitudeMeters>0.0</AltitudeMeters>
            <HeartRateBpm>
              <Value>0</Value>
            </HeartRateBpm>
            <Cadence>91</Cadence>
            <DistanceMeters>32428.20000</DistanceMeters>
            <Extensions>
              <TPX xmlns="http://www.garmin.com/xmlschemas/ActivityExtension/v2">
                <Watts>209</Watts>
              </TPX>
            </Extensions>
          </Trackpoint>
          <Trackpoint>
            <Time>2010-10-19T22:00:35Z</Time>
            <AltitudeMeters>0.0</AltitudeMeters>
            <HeartRateBpm>
              <Value>0</Value>
            </HeartRateBpm>
            <Cadence>90</Cadence>
            <DistanceMeters>32476.48000</DistanceMeters>
            <Extensions>
              <TPX xmlns="http://www.garmin.com/xmlschemas/ActivityExtension/v2">
                <Watts>208</Watts>
              </TPX>
            </Extensions>
          </Trackpoint>
          <Trackpoint>
            <Time>2010-10-19T22:00:38Z</Time>
            <AltitudeMeters>0.0</AltitudeMeters>
            <HeartRateBpm>
              <Value>0</Value>
            </HeartRateBpm>
            <Cadence>88</Cadence>
            <DistanceMeters>32508.66000</DistanceMeters>
            <Extensions>
              <TPX xmlns="http://www.garmin.com/xmlschemas/ActivityExtension/v2">
                <Watts>202</Watts>
              </TPX>
            </Extensions>
          </Trackpoint>
          <Trackpoint>
            <Time>2010-10-19T22:00:41Z</Time>
            <AltitudeMeters>0.0</AltitudeMeters>
            <HeartRateBpm>
              <Value>0</Value>
            </HeartRateBpm>
            <Cadence>88</Cadence>
            <DistanceMeters>32540.85000</DistanceMeters>
            <Extensions>
              <TPX xmlns="http://www.garmin.com/xmlschemas/ActivityExtension/v2">
                <Watts>200</Watts>
              </TPX>
            </Extensions>
          </Trackpoint>
          <Trackpoint>
            <Time>2010-10-19T22:00:44Z</Time>
            <AltitudeMeters>0.0</AltitudeMeters>
            <HeartRateBpm>
              <Value>0</Value>
            </HeartRateBpm>
            <Cadence>89</Cadence>
            <DistanceMeters>32573.04000</DistanceMeters>
            <Extensions>
              <TPX xmlns="http://www.garmin.com/xmlschemas/ActivityExtension/v2">
                <Watts>199</Watts>
              </TPX>
            </Extensions>
          </Trackpoint>
          <Trackpoint>
            <Time>2010-10-19T22:00:47Z</Time>
            <AltitudeMeters>0.0</AltitudeMeters>
            <HeartRateBpm>
              <Value>0</Value>
            </HeartRateBpm>
            <Cadence>88</Cadence>
            <DistanceMeters>32605.22000</DistanceMeters>
            <Extensions>
              <TPX xmlns="http://www.garmin.com/xmlschemas/ActivityExtension/v2">
                <Watts>200</Watts>
              </TPX>
            </Extensions>
          </Trackpoint>
          <Trackpoint>
            <Time>2010-10-19T22:00:50Z</Time>
            <AltitudeMeters>0.0</AltitudeMeters>
            <HeartRateBpm>
              <Value>0</Value>
            </HeartRateBpm>
            <Cadence>91</Cadence>
            <DistanceMeters>32637.41000</DistanceMeters>
            <Extensions>
              <TPX xmlns="http://www.garmin.com/xmlschemas/ActivityExtension/v2">
                <Watts>198</Watts>
              </TPX>
            </Extensions>
          </Trackpoint>
          <Trackpoint>
            <Time>2010-10-19T22:00:53Z</Time>
            <AltitudeMeters>0.0</AltitudeMeters>
            <HeartRateBpm>
              <Value>0</Value>
            </HeartRateBpm>
            <Cadence>93</Cadence>
            <DistanceMeters>32669.60000</DistanceMeters>
            <Extensions>
              <TPX xmlns="http://www.garmin.com/xmlschemas/ActivityExtension/v2">
                <Watts>207</Watts>
              </TPX>
            </Extensions>
          </Trackpoint>
          <Trackpoint>
            <Time>2010-10-19T22:00:56Z</Time>
            <AltitudeMeters>0.0</AltitudeMeters>
            <HeartRateBpm>
              <Value>0</Value>
            </HeartRateBpm>
            <Cadence>94</Cadence>
            <DistanceMeters>32701.78000</DistanceMeters>
            <Extensions>
              <TPX xmlns="http://www.garmin.com/xmlschemas/ActivityExtension/v2">
                <Watts>220</Watts>
              </TPX>
            </Extensions>
          </Trackpoint>
          <Trackpoint>
            <Time>2010-10-19T22:00:59Z</Time>
            <AltitudeMeters>0.0</AltitudeMeters>
            <HeartRateBpm>
              <Value>0</Value>
            </HeartRateBpm>
            <Cadence>91</Cadence>
            <DistanceMeters>32733.97000</DistanceMeters>
            <Extensions>
              <TPX xmlns="http://www.garmin.com/xmlschemas/ActivityExtension/v2">
                <Watts>208</Watts>
              </TPX>
            </Extensions>
          </Trackpoint>
          <Trackpoint>
            <Time>2010-10-19T22:01:02Z</Time>
            <AltitudeMeters>0.0</AltitudeMeters>
            <HeartRateBpm>
              <Value>0</Value>
            </HeartRateBpm>
            <Cadence>90</Cadence>
            <DistanceMeters>32766.16000</DistanceMeters>
            <Extensions>
              <TPX xmlns="http://www.garmin.com/xmlschemas/ActivityExtension/v2">
                <Watts>202</Watts>
              </TPX>
            </Extensions>
          </Trackpoint>
          <Trackpoint>
            <Time>2010-10-19T22:01:05Z</Time>
            <AltitudeMeters>0.0</AltitudeMeters>
            <HeartRateBpm>
              <Value>0</Value>
            </HeartRateBpm>
            <Cadence>91</Cadence>
            <DistanceMeters>32798.34000</DistanceMeters>
            <Extensions>
              <TPX xmlns="http://www.garmin.com/xmlschemas/ActivityExtension/v2">
                <Watts>203</Watts>
              </TPX>
            </Extensions>
          </Trackpoint>
          <Trackpoint>
            <Time>2010-10-19T22:01:08Z</Time>
            <AltitudeMeters>0.0</AltitudeMeters>
            <HeartRateBpm>
              <Value>0</Value>
            </HeartRateBpm>
            <Cadence>90</Cadence>
            <DistanceMeters>32830.53000</DistanceMeters>
            <Extensions>
              <TPX xmlns="http://www.garmin.com/xmlschemas/ActivityExtension/v2">
                <Watts>45</Watts>
              </TPX>
            </Extensions>
          </Trackpoint>
          <Trackpoint>
            <Time>2010-10-19T22:01:11Z</Time>
            <AltitudeMeters>0.0</AltitudeMeters>
            <HeartRateBpm>
              <Value>0</Value>
            </HeartRateBpm>
            <Cadence>87</Cadence>
            <DistanceMeters>32846.62000</DistanceMeters>
            <Extensions>
              <TPX xmlns="http://www.garmin.com/xmlschemas/ActivityExtension/v2">
                <Watts>44</Watts>
              </TPX>
            </Extensions>
          </Trackpoint>
          <Trackpoint>
            <Time>2010-10-19T22:01:14Z</Time>
            <AltitudeMeters>0.0</AltitudeMeters>
            <HeartRateBpm>
              <Value>0</Value>
            </HeartRateBpm>
            <Cadence>87</Cadence>
            <DistanceMeters>32862.72000</DistanceMeters>
            <Extensions>
              <TPX xmlns="http://www.garmin.com/xmlschemas/ActivityExtension/v2">
                <Watts>44</Watts>
              </TPX>
            </Extensions>
          </Trackpoint>
          <Trackpoint>
            <Time>2010-10-19T22:01:17Z</Time>
            <AltitudeMeters>0.0</AltitudeMeters>
            <HeartRateBpm>
              <Value>0</Value>
            </HeartRateBpm>
            <Cadence>82</Cadence>
            <DistanceMeters>32862.72000</DistanceMeters>
            <Extensions>
              <TPX xmlns="http://www.garmin.com/xmlschemas/ActivityExtension/v2">
                <Watts>110</Watts>
              </TPX>
            </Extensions>
          </Trackpoint>
          <Trackpoint>
            <Time>2010-10-19T22:01:20Z</Time>
            <AltitudeMeters>0.0</AltitudeMeters>
            <HeartRateBpm>
              <Value>0</Value>
            </HeartRateBpm>
            <Cadence>74</Cadence>
            <DistanceMeters>32878.81000</DistanceMeters>
            <Extensions>
              <TPX xmlns="http://www.garmin.com/xmlschemas/ActivityExtension/v2">
                <Watts>92</Watts>
              </TPX>
            </Extensions>
          </Trackpoint>
          <Trackpoint>
            <Time>2010-10-19T22:01:23Z</Time>
            <AltitudeMeters>0.0</AltitudeMeters>
            <HeartRateBpm>
              <Value>0</Value>
            </HeartRateBpm>
            <Cadence>71</Cadence>
            <DistanceMeters>32894.90000</DistanceMeters>
            <Extensions>
              <TPX xmlns="http://www.garmin.com/xmlschemas/ActivityExtension/v2">
                <Watts>85</Watts>
              </TPX>
            </Extensions>
          </Trackpoint>
          <Trackpoint>
            <Time>2010-10-19T22:01:26Z</Time>
            <AltitudeMeters>0.0</AltitudeMeters>
            <HeartRateBpm>
              <Value>0</Value>
            </HeartRateBpm>
            <Cadence>67</Cadence>
            <DistanceMeters>32911.00000</DistanceMeters>
            <Extensions>
              <TPX xmlns="http://www.garmin.com/xmlschemas/ActivityExtension/v2">
                <Watts>77</Watts>
              </TPX>
            </Extensions>
          </Trackpoint>
          <Trackpoint>
            <Time>2010-10-19T22:01:29Z</Time>
            <AltitudeMeters>0.0</AltitudeMeters>
            <HeartRateBpm>
              <Value>0</Value>
            </HeartRateBpm>
            <Cadence>63</Cadence>
            <DistanceMeters>32927.09000</DistanceMeters>
            <Extensions>
              <TPX xmlns="http://www.garmin.com/xmlschemas/ActivityExtension/v2">
                <Watts>68</Watts>
              </TPX>
            </Extensions>
          </Trackpoint>
          <Trackpoint>
            <Time>2010-10-19T22:01:32Z</Time>
            <AltitudeMeters>0.0</AltitudeMeters>
            <HeartRateBpm>
              <Value>0</Value>
            </HeartRateBpm>
            <Cadence>66</Cadence>
            <DistanceMeters>32927.09000</DistanceMeters>
            <Extensions>
              <TPX xmlns="http://www.garmin.com/xmlschemas/ActivityExtension/v2">
                <Watts>71</Watts>
              </TPX>
            </Extensions>
          </Trackpoint>
          <Trackpoint>
            <Time>2010-10-19T22:01:35Z</Time>
            <AltitudeMeters>0.0</AltitudeMeters>
            <HeartRateBpm>
              <Value>0</Value>
            </HeartRateBpm>
            <Cadence>65</Cadence>
            <DistanceMeters>32943.18000</DistanceMeters>
            <Extensions>
              <TPX xmlns="http://www.garmin.com/xmlschemas/ActivityExtension/v2">
                <Watts>71</Watts>
              </TPX>
            </Extensions>
          </Trackpoint>
          <Trackpoint>
            <Time>2010-10-19T22:01:38Z</Time>
            <AltitudeMeters>0.0</AltitudeMeters>
            <HeartRateBpm>
              <Value>0</Value>
            </HeartRateBpm>
            <Cadence>64</Cadence>
            <DistanceMeters>32959.28000</DistanceMeters>
            <Extensions>
              <TPX xmlns="http://www.garmin.com/xmlschemas/ActivityExtension/v2">
                <Watts>71</Watts>
              </TPX>
            </Extensions>
          </Trackpoint>
          <Trackpoint>
            <Time>2010-10-19T22:01:41Z</Time>
            <AltitudeMeters>0.0</AltitudeMeters>
            <HeartRateBpm>
              <Value>0</Value>
            </HeartRateBpm>
            <Cadence>61</Cadence>
            <DistanceMeters>32975.37000</DistanceMeters>
            <Extensions>
              <TPX xmlns="http://www.garmin.com/xmlschemas/ActivityExtension/v2">
                <Watts>63</Watts>
              </TPX>
            </Extensions>
          </Trackpoint>
          <Trackpoint>
            <Time>2010-10-19T22:01:44Z</Time>
            <AltitudeMeters>0.0</AltitudeMeters>
            <HeartRateBpm>
              <Value>0</Value>
            </HeartRateBpm>
            <Cadence>69</Cadence>
            <DistanceMeters>32975.37000</DistanceMeters>
            <Extensions>
              <TPX xmlns="http://www.garmin.com/xmlschemas/ActivityExtension/v2">
                <Watts>64</Watts>
              </TPX>
            </Extensions>
          </Trackpoint>
          <Trackpoint>
            <Time>2010-10-19T22:01:47Z</Time>
            <AltitudeMeters>0.0</AltitudeMeters>
            <HeartRateBpm>
              <Value>0</Value>
            </HeartRateBpm>
            <Cadence>61</Cadence>
            <DistanceMeters>32991.47000</DistanceMeters>
            <Extensions>
              <TPX xmlns="http://www.garmin.com/xmlschemas/ActivityExtension/v2">
                <Watts>63</Watts>
              </TPX>
            </Extensions>
          </Trackpoint>
          <Trackpoint>
            <Time>2010-10-19T22:01:50Z</Time>
            <AltitudeMeters>0.0</AltitudeMeters>
            <HeartRateBpm>
              <Value>0</Value>
            </HeartRateBpm>
            <Cadence>62</Cadence>
            <DistanceMeters>33007.56000</DistanceMeters>
            <Extensions>
              <TPX xmlns="http://www.garmin.com/xmlschemas/ActivityExtension/v2">
                <Watts>63</Watts>
              </TPX>
            </Extensions>
          </Trackpoint>
          <Trackpoint>
            <Time>2010-10-19T22:01:53Z</Time>
            <AltitudeMeters>0.0</AltitudeMeters>
            <HeartRateBpm>
              <Value>0</Value>
            </HeartRateBpm>
            <Cadence>64</Cadence>
            <DistanceMeters>33007.56000</DistanceMeters>
            <Extensions>
              <TPX xmlns="http://www.garmin.com/xmlschemas/ActivityExtension/v2">
                <Watts>65</Watts>
              </TPX>
            </Extensions>
          </Trackpoint>
          <Trackpoint>
            <Time>2010-10-19T22:01:56Z</Time>
            <AltitudeMeters>0.0</AltitudeMeters>
            <HeartRateBpm>
              <Value>0</Value>
            </HeartRateBpm>
            <Cadence>65</Cadence>
            <DistanceMeters>33023.65000</DistanceMeters>
            <Extensions>
              <TPX xmlns="http://www.garmin.com/xmlschemas/ActivityExtension/v2">
                <Watts>68</Watts>
              </TPX>
            </Extensions>
          </Trackpoint>
          <Trackpoint>
            <Time>2010-10-19T22:01:59Z</Time>
            <AltitudeMeters>0.0</AltitudeMeters>
            <HeartRateBpm>
              <Value>0</Value>
            </HeartRateBpm>
            <Cadence>64</Cadence>
            <DistanceMeters>33039.75000</DistanceMeters>
            <Extensions>
              <TPX xmlns="http://www.garmin.com/xmlschemas/ActivityExtension/v2">
                <Watts>69</Watts>
              </TPX>
            </Extensions>
          </Trackpoint>
          <Trackpoint>
            <Time>2010-10-19T22:02:02Z</Time>
            <AltitudeMeters>0.0</AltitudeMeters>
            <HeartRateBpm>
              <Value>0</Value>
            </HeartRateBpm>
            <Cadence>63</Cadence>
            <DistanceMeters>33039.75000</DistanceMeters>
            <Extensions>
              <TPX xmlns="http://www.garmin.com/xmlschemas/ActivityExtension/v2">
                <Watts>66</Watts>
              </TPX>
            </Extensions>
          </Trackpoint>
          <Trackpoint>
            <Time>2010-10-19T22:02:05Z</Time>
            <AltitudeMeters>0.0</AltitudeMeters>
            <HeartRateBpm>
              <Value>0</Value>
            </HeartRateBpm>
            <Cadence>63</Cadence>
            <DistanceMeters>33055.84000</DistanceMeters>
            <Extensions>
              <TPX xmlns="http://www.garmin.com/xmlschemas/ActivityExtension/v2">
                <Watts>67</Watts>
              </TPX>
            </Extensions>
          </Trackpoint>
          <Trackpoint>
            <Time>2010-10-19T22:02:08Z</Time>
            <AltitudeMeters>0.0</AltitudeMeters>
            <HeartRateBpm>
              <Value>0</Value>
            </HeartRateBpm>
            <Cadence>61</Cadence>
            <DistanceMeters>33071.93000</DistanceMeters>
            <Extensions>
              <TPX xmlns="http://www.garmin.com/xmlschemas/ActivityExtension/v2">
                <Watts>65</Watts>
              </TPX>
            </Extensions>
          </Trackpoint>
          <Trackpoint>
            <Time>2010-10-19T22:02:11Z</Time>
            <AltitudeMeters>0.0</AltitudeMeters>
            <HeartRateBpm>
              <Value>0</Value>
            </HeartRateBpm>
            <Cadence>63</Cadence>
            <DistanceMeters>33071.93000</DistanceMeters>
            <Extensions>
              <TPX xmlns="http://www.garmin.com/xmlschemas/ActivityExtension/v2">
                <Watts>64</Watts>
              </TPX>
            </Extensions>
          </Trackpoint>
          <Trackpoint>
            <Time>2010-10-19T22:02:14Z</Time>
            <AltitudeMeters>0.0</AltitudeMeters>
            <HeartRateBpm>
              <Value>0</Value>
            </HeartRateBpm>
            <Cadence>73</Cadence>
            <DistanceMeters>33088.03000</DistanceMeters>
            <Extensions>
              <TPX xmlns="http://www.garmin.com/xmlschemas/ActivityExtension/v2">
                <Watts>90</Watts>
              </TPX>
            </Extensions>
          </Trackpoint>
          <Trackpoint>
            <Time>2010-10-19T22:02:17Z</Time>
            <AltitudeMeters>0.0</AltitudeMeters>
            <HeartRateBpm>
              <Value>0</Value>
            </HeartRateBpm>
            <Cadence>63</Cadence>
            <DistanceMeters>33104.12000</DistanceMeters>
            <Extensions>
              <TPX xmlns="http://www.garmin.com/xmlschemas/ActivityExtension/v2">
                <Watts>173</Watts>
              </TPX>
            </Extensions>
          </Trackpoint>
          <Trackpoint>
            <Time>2010-10-19T22:02:20Z</Time>
            <AltitudeMeters>0.0</AltitudeMeters>
            <HeartRateBpm>
              <Value>0</Value>
            </HeartRateBpm>
            <Cadence>77</Cadence>
            <DistanceMeters>33120.21000</DistanceMeters>
            <Extensions>
              <TPX xmlns="http://www.garmin.com/xmlschemas/ActivityExtension/v2">
                <Watts>589</Watts>
              </TPX>
            </Extensions>
          </Trackpoint>
          <Trackpoint>
            <Time>2010-10-19T22:02:23Z</Time>
            <AltitudeMeters>0.0</AltitudeMeters>
            <HeartRateBpm>
              <Value>0</Value>
            </HeartRateBpm>
            <Cadence>76</Cadence>
            <DistanceMeters>33184.59000</DistanceMeters>
            <Extensions>
              <TPX xmlns="http://www.garmin.com/xmlschemas/ActivityExtension/v2">
                <Watts>588</Watts>
              </TPX>
            </Extensions>
          </Trackpoint>
          <Trackpoint>
            <Time>2010-10-19T22:02:26Z</Time>
            <AltitudeMeters>0.0</AltitudeMeters>
            <HeartRateBpm>
              <Value>0</Value>
            </HeartRateBpm>
            <Cadence>81</Cadence>
            <DistanceMeters>33281.15000</DistanceMeters>
            <Extensions>
              <TPX xmlns="http://www.garmin.com/xmlschemas/ActivityExtension/v2">
                <Watts>654</Watts>
              </TPX>
            </Extensions>
          </Trackpoint>
          <Trackpoint>
            <Time>2010-10-19T22:02:29Z</Time>
            <AltitudeMeters>0.0</AltitudeMeters>
            <HeartRateBpm>
              <Value>0</Value>
            </HeartRateBpm>
            <Cadence>83</Cadence>
            <DistanceMeters>33361.61000</DistanceMeters>
            <Extensions>
              <TPX xmlns="http://www.garmin.com/xmlschemas/ActivityExtension/v2">
                <Watts>708</Watts>
              </TPX>
            </Extensions>
          </Trackpoint>
          <Trackpoint>
            <Time>2010-10-19T22:02:32Z</Time>
            <AltitudeMeters>0.0</AltitudeMeters>
            <HeartRateBpm>
              <Value>0</Value>
            </HeartRateBpm>
            <Cadence>82</Cadence>
            <DistanceMeters>33474.27000</DistanceMeters>
            <Extensions>
              <TPX xmlns="http://www.garmin.com/xmlschemas/ActivityExtension/v2">
                <Watts>670</Watts>
              </TPX>
            </Extensions>
          </Trackpoint>
          <Trackpoint>
            <Time>2010-10-19T22:02:35Z</Time>
            <AltitudeMeters>0.0</AltitudeMeters>
            <HeartRateBpm>
              <Value>0</Value>
            </HeartRateBpm>
            <Cadence>76</Cadence>
            <DistanceMeters>33586.92000</DistanceMeters>
            <Extensions>
              <TPX xmlns="http://www.garmin.com/xmlschemas/ActivityExtension/v2">
                <Watts>585</Watts>
              </TPX>
            </Extensions>
          </Trackpoint>
          <Trackpoint>
            <Time>2010-10-19T22:02:38Z</Time>
            <AltitudeMeters>0.0</AltitudeMeters>
            <HeartRateBpm>
              <Value>0</Value>
            </HeartRateBpm>
            <Cadence>76</Cadence>
            <DistanceMeters>33683.48000</DistanceMeters>
            <Extensions>
              <TPX xmlns="http://www.garmin.com/xmlschemas/ActivityExtension/v2">
                <Watts>579</Watts>
              </TPX>
            </Extensions>
          </Trackpoint>
          <Trackpoint>
            <Time>2010-10-19T22:02:41Z</Time>
            <AltitudeMeters>0.0</AltitudeMeters>
            <HeartRateBpm>
              <Value>0</Value>
            </HeartRateBpm>
            <Cadence>73</Cadence>
            <DistanceMeters>33780.04000</DistanceMeters>
            <Extensions>
              <TPX xmlns="http://www.garmin.com/xmlschemas/ActivityExtension/v2">
                <Watts>565</Watts>
              </TPX>
            </Extensions>
          </Trackpoint>
          <Trackpoint>
            <Time>2010-10-19T22:02:44Z</Time>
            <AltitudeMeters>0.0</AltitudeMeters>
            <HeartRateBpm>
              <Value>0</Value>
            </HeartRateBpm>
            <Cadence>71</Cadence>
            <DistanceMeters>33876.60000</DistanceMeters>
            <Extensions>
              <TPX xmlns="http://www.garmin.com/xmlschemas/ActivityExtension/v2">
                <Watts>200</Watts>
              </TPX>
            </Extensions>
          </Trackpoint>
          <Trackpoint>
            <Time>2010-10-19T22:02:47Z</Time>
            <AltitudeMeters>0.0</AltitudeMeters>
            <HeartRateBpm>
              <Value>0</Value>
            </HeartRateBpm>
            <Cadence>86</Cadence>
            <DistanceMeters>33924.88000</DistanceMeters>
            <Extensions>
              <TPX xmlns="http://www.garmin.com/xmlschemas/ActivityExtension/v2">
                <Watts>203</Watts>
              </TPX>
            </Extensions>
          </Trackpoint>
          <Trackpoint>
            <Time>2010-10-19T22:02:50Z</Time>
            <AltitudeMeters>0.0</AltitudeMeters>
            <HeartRateBpm>
              <Value>0</Value>
            </HeartRateBpm>
            <Cadence>84</Cadence>
            <DistanceMeters>33957.07000</DistanceMeters>
            <Extensions>
              <TPX xmlns="http://www.garmin.com/xmlschemas/ActivityExtension/v2">
                <Watts>268</Watts>
              </TPX>
            </Extensions>
          </Trackpoint>
          <Trackpoint>
            <Time>2010-10-19T22:02:53Z</Time>
            <AltitudeMeters>0.0</AltitudeMeters>
            <HeartRateBpm>
              <Value>0</Value>
            </HeartRateBpm>
            <Cadence>82</Cadence>
            <DistanceMeters>34005.35000</DistanceMeters>
            <Extensions>
              <TPX xmlns="http://www.garmin.com/xmlschemas/ActivityExtension/v2">
                <Watts>247</Watts>
              </TPX>
            </Extensions>
          </Trackpoint>
          <Trackpoint>
            <Time>2010-10-19T22:02:56Z</Time>
            <AltitudeMeters>0.0</AltitudeMeters>
            <HeartRateBpm>
              <Value>0</Value>
            </HeartRateBpm>
            <Cadence>82</Cadence>
            <DistanceMeters>34053.63000</DistanceMeters>
            <Extensions>
              <TPX xmlns="http://www.garmin.com/xmlschemas/ActivityExtension/v2">
                <Watts>195</Watts>
              </TPX>
            </Extensions>
          </Trackpoint>
          <Trackpoint>
            <Time>2010-10-19T22:02:59Z</Time>
            <AltitudeMeters>0.0</AltitudeMeters>
            <HeartRateBpm>
              <Value>0</Value>
            </HeartRateBpm>
            <Cadence>84</Cadence>
            <DistanceMeters>34085.82000</DistanceMeters>
            <Extensions>
              <TPX xmlns="http://www.garmin.com/xmlschemas/ActivityExtension/v2">
                <Watts>198</Watts>
              </TPX>
            </Extensions>
          </Trackpoint>
          <Trackpoint>
            <Time>2010-10-19T22:03:02Z</Time>
            <AltitudeMeters>0.0</AltitudeMeters>
            <HeartRateBpm>
              <Value>0</Value>
            </HeartRateBpm>
            <Cadence>74</Cadence>
            <DistanceMeters>34118.00000</DistanceMeters>
            <Extensions>
              <TPX xmlns="http://www.garmin.com/xmlschemas/ActivityExtension/v2">
                <Watts>142</Watts>
              </TPX>
            </Extensions>
          </Trackpoint>
          <Trackpoint>
            <Time>2010-10-19T22:03:05Z</Time>
            <AltitudeMeters>0.0</AltitudeMeters>
            <HeartRateBpm>
              <Value>0</Value>
            </HeartRateBpm>
            <Cadence>85</Cadence>
            <DistanceMeters>34150.19000</DistanceMeters>
            <Extensions>
              <TPX xmlns="http://www.garmin.com/xmlschemas/ActivityExtension/v2">
                <Watts>156</Watts>
              </TPX>
            </Extensions>
          </Trackpoint>
          <Trackpoint>
            <Time>2010-10-19T22:03:08Z</Time>
            <AltitudeMeters>0.0</AltitudeMeters>
            <HeartRateBpm>
              <Value>0</Value>
            </HeartRateBpm>
            <Cadence>83</Cadence>
            <DistanceMeters>34166.28000</DistanceMeters>
            <Extensions>
              <TPX xmlns="http://www.garmin.com/xmlschemas/ActivityExtension/v2">
                <Watts>173</Watts>
              </TPX>
            </Extensions>
          </Trackpoint>
          <Trackpoint>
            <Time>2010-10-19T22:03:11Z</Time>
            <AltitudeMeters>0.0</AltitudeMeters>
            <HeartRateBpm>
              <Value>0</Value>
            </HeartRateBpm>
            <Cadence>79</Cadence>
            <DistanceMeters>34198.47000</DistanceMeters>
            <Extensions>
              <TPX xmlns="http://www.garmin.com/xmlschemas/ActivityExtension/v2">
                <Watts>131</Watts>
              </TPX>
            </Extensions>
          </Trackpoint>
          <Trackpoint>
            <Time>2010-10-19T22:03:14Z</Time>
            <AltitudeMeters>0.0</AltitudeMeters>
            <HeartRateBpm>
              <Value>0</Value>
            </HeartRateBpm>
            <Cadence>79</Cadence>
            <DistanceMeters>34214.56000</DistanceMeters>
            <Extensions>
              <TPX xmlns="http://www.garmin.com/xmlschemas/ActivityExtension/v2">
                <Watts>130</Watts>
              </TPX>
            </Extensions>
          </Trackpoint>
          <Trackpoint>
            <Time>2010-10-19T22:03:17Z</Time>
            <AltitudeMeters>0.0</AltitudeMeters>
            <HeartRateBpm>
              <Value>0</Value>
            </HeartRateBpm>
            <Cadence>81</Cadence>
            <DistanceMeters>34246.75000</DistanceMeters>
            <Extensions>
              <TPX xmlns="http://www.garmin.com/xmlschemas/ActivityExtension/v2">
                <Watts>129</Watts>
              </TPX>
            </Extensions>
          </Trackpoint>
          <Trackpoint>
            <Time>2010-10-19T22:03:20Z</Time>
            <AltitudeMeters>0.0</AltitudeMeters>
            <HeartRateBpm>
              <Value>0</Value>
            </HeartRateBpm>
            <Cadence>82</Cadence>
            <DistanceMeters>34262.84000</DistanceMeters>
            <Extensions>
              <TPX xmlns="http://www.garmin.com/xmlschemas/ActivityExtension/v2">
                <Watts>135</Watts>
              </TPX>
            </Extensions>
          </Trackpoint>
          <Trackpoint>
            <Time>2010-10-19T22:03:23Z</Time>
            <AltitudeMeters>0.0</AltitudeMeters>
            <HeartRateBpm>
              <Value>0</Value>
            </HeartRateBpm>
            <Cadence>82</Cadence>
            <DistanceMeters>34278.94000</DistanceMeters>
            <Extensions>
              <TPX xmlns="http://www.garmin.com/xmlschemas/ActivityExtension/v2">
                <Watts>138</Watts>
              </TPX>
            </Extensions>
          </Trackpoint>
          <Trackpoint>
            <Time>2010-10-19T22:03:26Z</Time>
            <AltitudeMeters>0.0</AltitudeMeters>
            <HeartRateBpm>
              <Value>0</Value>
            </HeartRateBpm>
            <Cadence>80</Cadence>
            <DistanceMeters>34311.12000</DistanceMeters>
            <Extensions>
              <TPX xmlns="http://www.garmin.com/xmlschemas/ActivityExtension/v2">
                <Watts>132</Watts>
              </TPX>
            </Extensions>
          </Trackpoint>
          <Trackpoint>
            <Time>2010-10-19T22:03:29Z</Time>
            <AltitudeMeters>0.0</AltitudeMeters>
            <HeartRateBpm>
              <Value>0</Value>
            </HeartRateBpm>
            <Cadence>79</Cadence>
            <DistanceMeters>34327.22000</DistanceMeters>
            <Extensions>
              <TPX xmlns="http://www.garmin.com/xmlschemas/ActivityExtension/v2">
                <Watts>130</Watts>
              </TPX>
            </Extensions>
          </Trackpoint>
          <Trackpoint>
            <Time>2010-10-19T22:03:32Z</Time>
            <AltitudeMeters>0.0</AltitudeMeters>
            <HeartRateBpm>
              <Value>0</Value>
            </HeartRateBpm>
            <Cadence>79</Cadence>
            <DistanceMeters>34343.31000</DistanceMeters>
            <Extensions>
              <TPX xmlns="http://www.garmin.com/xmlschemas/ActivityExtension/v2">
                <Watts>128</Watts>
              </TPX>
            </Extensions>
          </Trackpoint>
          <Trackpoint>
            <Time>2010-10-19T22:03:35Z</Time>
            <AltitudeMeters>0.0</AltitudeMeters>
            <HeartRateBpm>
              <Value>0</Value>
            </HeartRateBpm>
            <Cadence>78</Cadence>
            <DistanceMeters>34375.50000</DistanceMeters>
            <Extensions>
              <TPX xmlns="http://www.garmin.com/xmlschemas/ActivityExtension/v2">
                <Watts>127</Watts>
              </TPX>
            </Extensions>
          </Trackpoint>
          <Trackpoint>
            <Time>2010-10-19T22:03:38Z</Time>
            <AltitudeMeters>0.0</AltitudeMeters>
            <HeartRateBpm>
              <Value>0</Value>
            </HeartRateBpm>
            <Cadence>79</Cadence>
            <DistanceMeters>34391.59000</DistanceMeters>
            <Extensions>
              <TPX xmlns="http://www.garmin.com/xmlschemas/ActivityExtension/v2">
                <Watts>126</Watts>
              </TPX>
            </Extensions>
          </Trackpoint>
          <Trackpoint>
            <Time>2010-10-19T22:03:41Z</Time>
            <AltitudeMeters>0.0</AltitudeMeters>
            <HeartRateBpm>
              <Value>0</Value>
            </HeartRateBpm>
            <Cadence>77</Cadence>
            <DistanceMeters>34407.68000</DistanceMeters>
            <Extensions>
              <TPX xmlns="http://www.garmin.com/xmlschemas/ActivityExtension/v2">
                <Watts>123</Watts>
              </TPX>
            </Extensions>
          </Trackpoint>
          <Trackpoint>
            <Time>2010-10-19T22:03:44Z</Time>
            <AltitudeMeters>0.0</AltitudeMeters>
            <HeartRateBpm>
              <Value>0</Value>
            </HeartRateBpm>
            <Cadence>76</Cadence>
            <DistanceMeters>34423.78000</DistanceMeters>
            <Extensions>
              <TPX xmlns="http://www.garmin.com/xmlschemas/ActivityExtension/v2">
                <Watts>122</Watts>
              </TPX>
            </Extensions>
          </Trackpoint>
          <Trackpoint>
            <Time>2010-10-19T22:03:47Z</Time>
            <AltitudeMeters>0.0</AltitudeMeters>
            <HeartRateBpm>
              <Value>0</Value>
            </HeartRateBpm>
            <Cadence>79</Cadence>
            <DistanceMeters>34455.96000</DistanceMeters>
            <Extensions>
              <TPX xmlns="http://www.garmin.com/xmlschemas/ActivityExtension/v2">
                <Watts>122</Watts>
              </TPX>
            </Extensions>
          </Trackpoint>
          <Trackpoint>
            <Time>2010-10-19T22:03:50Z</Time>
            <AltitudeMeters>0.0</AltitudeMeters>
            <HeartRateBpm>
              <Value>0</Value>
            </HeartRateBpm>
            <Cadence>68</Cadence>
            <DistanceMeters>34472.06000</DistanceMeters>
            <Extensions>
              <TPX xmlns="http://www.garmin.com/xmlschemas/ActivityExtension/v2">
                <Watts>114</Watts>
              </TPX>
            </Extensions>
          </Trackpoint>
          <Trackpoint>
            <Time>2010-10-19T22:03:53Z</Time>
            <AltitudeMeters>0.0</AltitudeMeters>
            <HeartRateBpm>
              <Value>0</Value>
            </HeartRateBpm>
            <Cadence>75</Cadence>
            <DistanceMeters>34488.15000</DistanceMeters>
            <Extensions>
              <TPX xmlns="http://www.garmin.com/xmlschemas/ActivityExtension/v2">
                <Watts>119</Watts>
              </TPX>
            </Extensions>
          </Trackpoint>
          <Trackpoint>
            <Time>2010-10-19T22:03:56Z</Time>
            <AltitudeMeters>0.0</AltitudeMeters>
            <HeartRateBpm>
              <Value>0</Value>
            </HeartRateBpm>
            <Cadence>74</Cadence>
            <DistanceMeters>34504.24000</DistanceMeters>
            <Extensions>
              <TPX xmlns="http://www.garmin.com/xmlschemas/ActivityExtension/v2">
                <Watts>117</Watts>
              </TPX>
            </Extensions>
          </Trackpoint>
          <Trackpoint>
            <Time>2010-10-19T22:03:59Z</Time>
            <AltitudeMeters>0.0</AltitudeMeters>
            <HeartRateBpm>
              <Value>0</Value>
            </HeartRateBpm>
            <Cadence>73</Cadence>
            <DistanceMeters>34520.34000</DistanceMeters>
            <Extensions>
              <TPX xmlns="http://www.garmin.com/xmlschemas/ActivityExtension/v2">
                <Watts>110</Watts>
              </TPX>
            </Extensions>
          </Trackpoint>
          <Trackpoint>
            <Time>2010-10-19T22:04:02Z</Time>
            <AltitudeMeters>0.0</AltitudeMeters>
            <HeartRateBpm>
              <Value>0</Value>
            </HeartRateBpm>
            <Cadence>72</Cadence>
            <DistanceMeters>34552.52000</DistanceMeters>
            <Extensions>
              <TPX xmlns="http://www.garmin.com/xmlschemas/ActivityExtension/v2">
                <Watts>110</Watts>
              </TPX>
            </Extensions>
          </Trackpoint>
          <Trackpoint>
            <Time>2010-10-19T22:04:05Z</Time>
            <AltitudeMeters>0.0</AltitudeMeters>
            <HeartRateBpm>
              <Value>0</Value>
            </HeartRateBpm>
            <Cadence>72</Cadence>
            <DistanceMeters>34568.62000</DistanceMeters>
            <Extensions>
              <TPX xmlns="http://www.garmin.com/xmlschemas/ActivityExtension/v2">
                <Watts>109</Watts>
              </TPX>
            </Extensions>
          </Trackpoint>
          <Trackpoint>
            <Time>2010-10-19T22:04:08Z</Time>
            <AltitudeMeters>0.0</AltitudeMeters>
            <HeartRateBpm>
              <Value>0</Value>
            </HeartRateBpm>
            <Cadence>69</Cadence>
            <DistanceMeters>34584.71000</DistanceMeters>
            <Extensions>
              <TPX xmlns="http://www.garmin.com/xmlschemas/ActivityExtension/v2">
                <Watts>107</Watts>
              </TPX>
            </Extensions>
          </Trackpoint>
          <Trackpoint>
            <Time>2010-10-19T22:04:11Z</Time>
            <AltitudeMeters>0.0</AltitudeMeters>
            <HeartRateBpm>
              <Value>0</Value>
            </HeartRateBpm>
            <Cadence>65</Cadence>
            <DistanceMeters>34600.81000</DistanceMeters>
            <Extensions>
              <TPX xmlns="http://www.garmin.com/xmlschemas/ActivityExtension/v2">
                <Watts>42</Watts>
              </TPX>
            </Extensions>
          </Trackpoint>
          <Trackpoint>
            <Time>2010-10-19T22:04:14Z</Time>
            <AltitudeMeters>0.0</AltitudeMeters>
            <HeartRateBpm>
              <Value>0</Value>
            </HeartRateBpm>
            <Cadence>65</Cadence>
            <DistanceMeters>34616.90000</DistanceMeters>
            <Extensions>
              <TPX xmlns="http://www.garmin.com/xmlschemas/ActivityExtension/v2">
                <Watts>32</Watts>
              </TPX>
            </Extensions>
          </Trackpoint>
          <Trackpoint>
            <Time>2010-10-19T22:04:17Z</Time>
            <AltitudeMeters>0.0</AltitudeMeters>
            <HeartRateBpm>
              <Value>0</Value>
            </HeartRateBpm>
            <Cadence>59</Cadence>
            <DistanceMeters>34616.90000</DistanceMeters>
            <Extensions>
              <TPX xmlns="http://www.garmin.com/xmlschemas/ActivityExtension/v2">
                <Watts>30</Watts>
              </TPX>
            </Extensions>
          </Trackpoint>
          <Trackpoint>
            <Time>2010-10-19T22:04:20Z</Time>
            <AltitudeMeters>0.0</AltitudeMeters>
            <HeartRateBpm>
              <Value>0</Value>
            </HeartRateBpm>
            <Cadence>64</Cadence>
            <DistanceMeters>34616.90000</DistanceMeters>
            <Extensions>
              <TPX xmlns="http://www.garmin.com/xmlschemas/ActivityExtension/v2">
                <Watts>31</Watts>
              </TPX>
            </Extensions>
          </Trackpoint>
          <Trackpoint>
            <Time>2010-10-19T22:04:23Z</Time>
            <AltitudeMeters>0.0</AltitudeMeters>
            <HeartRateBpm>
              <Value>0</Value>
            </HeartRateBpm>
            <Cadence>42</Cadence>
            <DistanceMeters>34632.99000</DistanceMeters>
            <Extensions>
              <TPX xmlns="http://www.garmin.com/xmlschemas/ActivityExtension/v2">
                <Watts>14</Watts>
              </TPX>
            </Extensions>
          </Trackpoint>
          <Trackpoint>
            <Time>2010-10-19T22:04:26Z</Time>
            <AltitudeMeters>0.0</AltitudeMeters>
            <HeartRateBpm>
              <Value>0</Value>
            </HeartRateBpm>
            <Cadence>26</Cadence>
            <DistanceMeters>34632.99000</DistanceMeters>
            <Extensions>
              <TPX xmlns="http://www.garmin.com/xmlschemas/ActivityExtension/v2">
                <Watts>5</Watts>
              </TPX>
            </Extensions>
          </Trackpoint>
          <Trackpoint>
            <Time>2010-10-19T22:04:29Z</Time>
            <AltitudeMeters>0.0</AltitudeMeters>
            <HeartRateBpm>
              <Value>0</Value>
            </HeartRateBpm>
            <Cadence>17</Cadence>
            <DistanceMeters>34632.99000</DistanceMeters>
            <Extensions>
              <TPX xmlns="http://www.garmin.com/xmlschemas/ActivityExtension/v2">
                <Watts>3</Watts>
              </TPX>
            </Extensions>
          </Trackpoint>
          <Trackpoint>
            <Time>2010-10-19T22:04:32Z</Time>
            <AltitudeMeters>0.0</AltitudeMeters>
            <HeartRateBpm>
              <Value>0</Value>
            </HeartRateBpm>
            <Cadence>6</Cadence>
            <DistanceMeters>34632.99000</DistanceMeters>
            <Extensions>
              <TPX xmlns="http://www.garmin.com/xmlschemas/ActivityExtension/v2">
                <Watts>2</Watts>
              </TPX>
            </Extensions>
          </Trackpoint>
          <Trackpoint>
            <Time>2010-10-19T22:04:35Z</Time>
            <AltitudeMeters>0.0</AltitudeMeters>
            <HeartRateBpm>
              <Value>0</Value>
            </HeartRateBpm>
            <Cadence>6</Cadence>
            <DistanceMeters>34632.99000</DistanceMeters>
            <Extensions>
              <TPX xmlns="http://www.garmin.com/xmlschemas/ActivityExtension/v2">
                <Watts>0</Watts>
              </TPX>
            </Extensions>
          </Trackpoint>
          <Trackpoint>
            <Time>2010-10-19T22:04:38Z</Time>
            <AltitudeMeters>0.0</AltitudeMeters>
            <HeartRateBpm>
              <Value>0</Value>
            </HeartRateBpm>
            <Cadence>5</Cadence>
            <DistanceMeters>34632.99000</DistanceMeters>
            <Extensions>
              <TPX xmlns="http://www.garmin.com/xmlschemas/ActivityExtension/v2">
                <Watts>0</Watts>
              </TPX>
            </Extensions>
          </Trackpoint>
          <Trackpoint>
            <Time>2010-10-19T22:04:41Z</Time>
            <AltitudeMeters>0.0</AltitudeMeters>
            <HeartRateBpm>
              <Value>0</Value>
            </HeartRateBpm>
            <Cadence>0</Cadence>
            <DistanceMeters>34632.99000</DistanceMeters>
            <Extensions>
              <TPX xmlns="http://www.garmin.com/xmlschemas/ActivityExtension/v2">
                <Watts>0</Watts>
              </TPX>
            </Extensions>
          </Trackpoint>
        </Track>
      </Lap>
    </Activity>
  </Activities>
</TrainingCenterDatabase>
