<?xml version='1.0' encoding='utf-8'?>
<TrainingCenterDatabase xmlns:ns2="http://www.garmin.com/xmlschemas/UserProfile/v2" xmlns:ns3="http://www.garmin.com/xmlschemas/ActivityExtension/v2" xmlns:ns5="http://www.garmin.com/xmlschemas/ActivityGoals/v1" xmlns:xsi="http://www.w3.org/2001/XMLSchema-instance" xmlns="http://www.garmin.com/xmlschemas/TrainingCenterDatabase/v2" xsi:schemaLocation="http://www.garmin.com/xmlschemas/TrainingCenterDatabase/v2 http://www.garmin.com/xmlschemas/TrainingCenterDatabasev2.xsd">
  <Activities>
    <Activity Sport="Biking">
      <Id>2010-10-19T20:56:35Z</Id>
      <Lap StartTime="2010-10-19T20:56:35Z">
        <TotalTimeSeconds>1778</TotalTimeSeconds>
        <DistanceMeters>0.0</DistanceMeters>
        <MaximumSpeed>0</MaximumSpeed>
        <Calories>0</Calories>
        <AverageHeartRateBpm>
          <Value>0</Value>
        </AverageHeartRateBpm>
        <MaximumHeartRateBpm>
          <Value>0</Value>
        </MaximumHeartRateBpm>
        <Intensity>Active</Intensity>
        <Cadence>0</Cadence>
        <TriggerMethod>Manual</TriggerMethod>
        <Track>
          <Trackpoint>
            <Time>2010-10-19T20:56:35Z</Time>
            <HeartRateBpm>
              <Value>0</Value>
            </HeartRateBpm>
            <Cadence>85</Cadence>
            <DistanceMeters>0.00000</DistanceMeters>
            <Extensions>
              <TPX xmlns="http://www.garmin.com/xmlschemas/ActivityExtension/v2">
                <Watts>0</Watts>
              </TPX>
            </Extensions>
          </Trackpoint>
          <Trackpoint>
            <Time>2010-10-19T20:56:36Z</Time>
            <HeartRateBpm>
              <Value>0</Value>
            </HeartRateBpm>
            <Cadence>82</Cadence>
            <DistanceMeters>0.00000</DistanceMeters>
            <Extensions>
              <TPX xmlns="http://www.garmin.com/xmlschemas/ActivityExtension/v2">
                <Watts>0</Watts>
              </TPX>
            </Extensions>
          </Trackpoint>
          <Trackpoint>
            <Time>2010-10-19T20:56:37Z</Time>
            <HeartRateBpm>
              <Value>0</Value>
            </HeartRateBpm>
            <Cadence>80</Cadence>
            <DistanceMeters>0.00000</DistanceMeters>
            <Extensions>
              <TPX xmlns="http://www.garmin.com/xmlschemas/ActivityExtension/v2">
                <Watts>0</Watts>
              </TPX>
            </Extensions>
          </Trackpoint>
          <Trackpoint>
            <Time>2010-10-19T20:56:38Z</Time>
            <HeartRateBpm>
              <Value>0</Value>
            </HeartRateBpm>
            <Cadence>76</Cadence>
            <DistanceMeters>0.00000</DistanceMeters>
            <Extensions>
              <TPX xmlns="http://www.garmin.com/xmlschemas/ActivityExtension/v2">
                <Watts>0</Watts>
              </TPX>
            </Extensions>
          </Trackpoint>
          <Trackpoint>
            <Time>2010-10-19T20:56:39Z</Time>
            <HeartRateBpm>
              <Value>0</Value>
            </HeartRateBpm>
            <Cadence>72</Cadence>
            <DistanceMeters>0.00000</DistanceMeters>
            <Extensions>
              <TPX xmlns="http://www.garmin.com/xmlschemas/ActivityExtension/v2">
                <Watts>0</Watts>
              </TPX>
            </Extensions>
          </Trackpoint>
          <Trackpoint>
            <Time>2010-10-19T20:56:40Z</Time>
            <HeartRateBpm>
              <Value>0</Value>
            </HeartRateBpm>
            <Cadence>65</Cadence>
            <DistanceMeters>0.00000</DistanceMeters>
            <Extensions>
              <TPX xmlns="http://www.garmin.com/xmlschemas/ActivityExtension/v2">
                <Watts>0</Watts>
              </TPX>
            </Extensions>
          </Trackpoint>
          <Trackpoint>
            <Time>2010-10-19T20:56:41Z</Time>
            <HeartRateBpm>
              <Value>0</Value>
            </HeartRateBpm>
            <Cadence>56</Cadence>
            <DistanceMeters>0.00000</DistanceMeters>
            <Extensions>
              <TPX xmlns="http://www.garmin.com/xmlschemas/ActivityExtension/v2">
                <Watts>0</Watts>
              </TPX>
            </Extensions>
          </Trackpoint>
          <Trackpoint>
            <Time>2010-10-19T20:56:42Z</Time>
            <HeartRateBpm>
              <Value>0</Value>
            </HeartRateBpm>
            <Cadence>53</Cadence>
            <DistanceMeters>0.00000</DistanceMeters>
            <Extensions>
              <TPX xmlns="http://www.garmin.com/xmlschemas/ActivityExtension/v2">
                <Watts>0</Watts>
              </TPX>
            </Extensions>
          </Trackpoint>
          <Trackpoint>
            <Time>2010-10-19T20:56:43Z</Time>
            <HeartRateBpm>
              <Value>0</Value>
            </HeartRateBpm>
            <Cadence>53</Cadence>
            <DistanceMeters>0.00000</DistanceMeters>
            <Extensions>
              <TPX xmlns="http://www.garmin.com/xmlschemas/ActivityExtension/v2">
                <Watts>0</Watts>
              </TPX>
            </Extensions>
          </Trackpoint>
          <Trackpoint>
            <Time>2010-10-19T20:56:44Z</Time>
            <HeartRateBpm>
              <Value>0</Value>
            </HeartRateBpm>
            <Cadence>53</Cadence>
            <DistanceMeters>0.00000</DistanceMeters>
            <Extensions>
              <TPX xmlns="http://www.garmin.com/xmlschemas/ActivityExtension/v2">
                <Watts>0</Watts>
              </TPX>
            </Extensions>
          </Trackpoint>
          <Trackpoint>
            <Time>2010-10-19T20:56:45Z</Time>
            <HeartRateBpm>
              <Value>0</Value>
            </HeartRateBpm>
            <Cadence>53</Cadence>
            <DistanceMeters>0.00000</DistanceMeters>
            <Extensions>
              <TPX xmlns="http://www.garmin.com/xmlschemas/ActivityExtension/v2">
                <Watts>0</Watts>
              </TPX>
            </Extensions>
          </Trackpoint>
          <Trackpoint>
            <Time>2010-10-19T20:56:46Z</Time>
            <HeartRateBpm>
              <Value>0</Value>
            </HeartRateBpm>
            <Cadence>48</Cadence>
            <DistanceMeters>0.00000</DistanceMeters>
            <Extensions>
              <TPX xmlns="http://www.garmin.com/xmlschemas/ActivityExtension/v2">
                <Watts>0</Watts>
              </TPX>
            </Extensions>
          </Trackpoint>
          <Trackpoint>
            <Time>2010-10-19T20:56:47Z</Time>
            <HeartRateBpm>
              <Value>0</Value>
            </HeartRateBpm>
            <Cadence>35</Cadence>
            <DistanceMeters>0.00000</DistanceMeters>
            <Extensions>
              <TPX xmlns="http://www.garmin.com/xmlschemas/ActivityExtension/v2">
                <Watts>0</Watts>
              </TPX>
            </Extensions>
          </Trackpoint>
          <Trackpoint>
            <Time>2010-10-19T20:56:48Z</Time>
            <HeartRateBpm>
              <Value>0</Value>
            </HeartRateBpm>
            <Cadence>27</Cadence>
            <DistanceMeters>0.00000</DistanceMeters>
            <Extensions>
              <TPX xmlns="http://www.garmin.com/xmlschemas/ActivityExtension/v2">
                <Watts>0</Watts>
              </TPX>
            </Extensions>
          </Trackpoint>
          <Trackpoint>
            <Time>2010-10-19T20:56:49Z</Time>
            <HeartRateBpm>
              <Value>0</Value>
            </HeartRateBpm>
            <Cadence>34</Cadence>
            <DistanceMeters>0.00000</DistanceMeters>
            <Extensions>
              <TPX xmlns="http://www.garmin.com/xmlschemas/ActivityExtension/v2">
                <Watts>0</Watts>
              </TPX>
            </Extensions>
          </Trackpoint>
          <Trackpoint>
            <Time>2010-10-19T20:56:50Z</Time>
            <HeartRateBpm>
              <Value>0</Value>
            </HeartRateBpm>
            <Cadence>40</Cadence>
            <DistanceMeters>0.00000</DistanceMeters>
            <Extensions>
              <TPX xmlns="http://www.garmin.com/xmlschemas/ActivityExtension/v2">
                <Watts>0</Watts>
              </TPX>
            </Extensions>
          </Trackpoint>
          <Trackpoint>
            <Time>2010-10-19T20:56:51Z</Time>
            <HeartRateBpm>
              <Value>0</Value>
            </HeartRateBpm>
            <Cadence>40</Cadence>
            <DistanceMeters>0.00000</DistanceMeters>
            <Extensions>
              <TPX xmlns="http://www.garmin.com/xmlschemas/ActivityExtension/v2">
                <Watts>0</Watts>
              </TPX>
            </Extensions>
          </Trackpoint>
          <Trackpoint>
            <Time>2010-10-19T20:56:52Z</Time>
            <HeartRateBpm>
              <Value>0</Value>
            </HeartRateBpm>
            <Cadence>40</Cadence>
            <DistanceMeters>0.00000</DistanceMeters>
            <Extensions>
              <TPX xmlns="http://www.garmin.com/xmlschemas/ActivityExtension/v2">
                <Watts>0</Watts>
              </TPX>
            </Extensions>
          </Trackpoint>
          <Trackpoint>
            <Time>2010-10-19T20:56:53Z</Time>
            <HeartRateBpm>
              <Value>0</Value>
            </HeartRateBpm>
            <Cadence>40</Cadence>
            <DistanceMeters>0.00000</DistanceMeters>
            <Extensions>
              <TPX xmlns="http://www.garmin.com/xmlschemas/ActivityExtension/v2">
                <Watts>0</Watts>
              </TPX>
            </Extensions>
          </Trackpoint>
          <Trackpoint>
            <Time>2010-10-19T20:56:54Z</Time>
            <HeartRateBpm>
              <Value>0</Value>
            </HeartRateBpm>
            <Cadence>40</Cadence>
            <DistanceMeters>0.00000</DistanceMeters>
            <Extensions>
              <TPX xmlns="http://www.garmin.com/xmlschemas/ActivityExtension/v2">
                <Watts>0</Watts>
              </TPX>
            </Extensions>
          </Trackpoint>
          <Trackpoint>
            <Time>2010-10-19T20:56:55Z</Time>
            <HeartRateBpm>
              <Value>0</Value>
            </HeartRateBpm>
            <Cadence>40</Cadence>
            <DistanceMeters>0.00000</DistanceMeters>
            <Extensions>
              <TPX xmlns="http://www.garmin.com/xmlschemas/ActivityExtension/v2">
                <Watts>0</Watts>
              </TPX>
            </Extensions>
          </Trackpoint>
          <Trackpoint>
            <Time>2010-10-19T20:56:56Z</Time>
            <HeartRateBpm>
              <Value>0</Value>
            </HeartRateBpm>
            <Cadence>40</Cadence>
            <DistanceMeters>0.00000</DistanceMeters>
            <Extensions>
              <TPX xmlns="http://www.garmin.com/xmlschemas/ActivityExtension/v2">
                <Watts>0</Watts>
              </TPX>
            </Extensions>
          </Trackpoint>
          <Trackpoint>
            <Time>2010-10-19T20:56:57Z</Time>
            <HeartRateBpm>
              <Value>0</Value>
            </HeartRateBpm>
            <Cadence>31</Cadence>
            <DistanceMeters>0.00000</DistanceMeters>
            <Extensions>
              <TPX xmlns="http://www.garmin.com/xmlschemas/ActivityExtension/v2">
                <Watts>0</Watts>
              </TPX>
            </Extensions>
          </Trackpoint>
          <Trackpoint>
            <Time>2010-10-19T20:56:58Z</Time>
            <HeartRateBpm>
              <Value>0</Value>
            </HeartRateBpm>
            <Cadence>20</Cadence>
            <DistanceMeters>0.00000</DistanceMeters>
            <Extensions>
              <TPX xmlns="http://www.garmin.com/xmlschemas/ActivityExtension/v2">
                <Watts>0</Watts>
              </TPX>
            </Extensions>
          </Trackpoint>
          <Trackpoint>
            <Time>2010-10-19T20:56:59Z</Time>
            <HeartRateBpm>
              <Value>0</Value>
            </HeartRateBpm>
            <Cadence>33</Cadence>
            <DistanceMeters>0.00000</DistanceMeters>
            <Extensions>
              <TPX xmlns="http://www.garmin.com/xmlschemas/ActivityExtension/v2">
                <Watts>0</Watts>
              </TPX>
            </Extensions>
          </Trackpoint>
          <Trackpoint>
            <Time>2010-10-19T20:57:00Z</Time>
            <HeartRateBpm>
              <Value>0</Value>
            </HeartRateBpm>
            <Cadence>62</Cadence>
            <DistanceMeters>0.00000</DistanceMeters>
            <Extensions>
              <TPX xmlns="http://www.garmin.com/xmlschemas/ActivityExtension/v2">
                <Watts>0</Watts>
              </TPX>
            </Extensions>
          </Trackpoint>
          <Trackpoint>
            <Time>2010-10-19T20:57:01Z</Time>
            <HeartRateBpm>
              <Value>0</Value>
            </HeartRateBpm>
            <Cadence>78</Cadence>
            <DistanceMeters>0.00000</DistanceMeters>
            <Extensions>
              <TPX xmlns="http://www.garmin.com/xmlschemas/ActivityExtension/v2">
                <Watts>0</Watts>
              </TPX>
            </Extensions>
          </Trackpoint>
          <Trackpoint>
            <Time>2010-10-19T20:57:02Z</Time>
            <HeartRateBpm>
              <Value>0</Value>
            </HeartRateBpm>
            <Cadence>78</Cadence>
            <DistanceMeters>0.00000</DistanceMeters>
            <Extensions>
              <TPX xmlns="http://www.garmin.com/xmlschemas/ActivityExtension/v2">
                <Watts>0</Watts>
              </TPX>
            </Extensions>
          </Trackpoint>
          <Trackpoint>
            <Time>2010-10-19T20:57:03Z</Time>
            <HeartRateBpm>
              <Value>0</Value>
            </HeartRateBpm>
            <Cadence>79</Cadence>
            <DistanceMeters>0.92030</DistanceMeters>
            <Extensions>
              <TPX xmlns="http://www.garmin.com/xmlschemas/ActivityExtension/v2">
                <Watts>7</Watts>
              </TPX>
            </Extensions>
          </Trackpoint>
          <Trackpoint>
            <Time>2010-10-19T20:57:04Z</Time>
            <HeartRateBpm>
              <Value>0</Value>
            </HeartRateBpm>
            <Cadence>79</Cadence>
            <DistanceMeters>3.53721</DistanceMeters>
            <Extensions>
              <TPX xmlns="http://www.garmin.com/xmlschemas/ActivityExtension/v2">
                <Watts>29</Watts>
              </TPX>
            </Extensions>
          </Trackpoint>
          <Trackpoint>
            <Time>2010-10-19T20:57:05Z</Time>
            <HeartRateBpm>
              <Value>0</Value>
            </HeartRateBpm>
            <Cadence>81</Cadence>
            <DistanceMeters>6.12671</DistanceMeters>
            <Extensions>
              <TPX xmlns="http://www.garmin.com/xmlschemas/ActivityExtension/v2">
                <Watts>46</Watts>
              </TPX>
            </Extensions>
          </Trackpoint>
          <Trackpoint>
            <Time>2010-10-19T20:57:06Z</Time>
            <HeartRateBpm>
              <Value>0</Value>
            </HeartRateBpm>
            <Cadence>85</Cadence>
            <DistanceMeters>8.62171</DistanceMeters>
            <Extensions>
              <TPX xmlns="http://www.garmin.com/xmlschemas/ActivityExtension/v2">
                <Watts>44</Watts>
              </TPX>
            </Extensions>
          </Trackpoint>
          <Trackpoint>
            <Time>2010-10-19T20:57:07Z</Time>
            <HeartRateBpm>
              <Value>0</Value>
            </HeartRateBpm>
            <Cadence>90</Cadence>
            <DistanceMeters>11.11918</DistanceMeters>
            <Extensions>
              <TPX xmlns="http://www.garmin.com/xmlschemas/ActivityExtension/v2">
                <Watts>42</Watts>
              </TPX>
            </Extensions>
          </Trackpoint>
          <Trackpoint>
            <Time>2010-10-19T20:57:08Z</Time>
            <HeartRateBpm>
              <Value>0</Value>
            </HeartRateBpm>
            <Cadence>90</Cadence>
            <DistanceMeters>13.63941</DistanceMeters>
            <Extensions>
              <TPX xmlns="http://www.garmin.com/xmlschemas/ActivityExtension/v2">
                <Watts>42</Watts>
              </TPX>
            </Extensions>
          </Trackpoint>
          <Trackpoint>
            <Time>2010-10-19T20:57:09Z</Time>
            <HeartRateBpm>
              <Value>0</Value>
            </HeartRateBpm>
            <Cadence>90</Cadence>
            <DistanceMeters>16.15963</DistanceMeters>
            <Extensions>
              <TPX xmlns="http://www.garmin.com/xmlschemas/ActivityExtension/v2">
                <Watts>42</Watts>
              </TPX>
            </Extensions>
          </Trackpoint>
          <Trackpoint>
            <Time>2010-10-19T20:57:10Z</Time>
            <HeartRateBpm>
              <Value>0</Value>
            </HeartRateBpm>
            <Cadence>89</Cadence>
            <DistanceMeters>18.62881</DistanceMeters>
            <Extensions>
              <TPX xmlns="http://www.garmin.com/xmlschemas/ActivityExtension/v2">
                <Watts>42</Watts>
              </TPX>
            </Extensions>
          </Trackpoint>
          <Trackpoint>
            <Time>2010-10-19T20:57:11Z</Time>
            <HeartRateBpm>
              <Value>0</Value>
            </HeartRateBpm>
            <Cadence>87</Cadence>
            <DistanceMeters>21.09649</DistanceMeters>
            <Extensions>
              <TPX xmlns="http://www.garmin.com/xmlschemas/ActivityExtension/v2">
                <Watts>41</Watts>
              </TPX>
            </Extensions>
          </Trackpoint>
          <Trackpoint>
            <Time>2010-10-19T20:57:12Z</Time>
            <HeartRateBpm>
              <Value>0</Value>
            </HeartRateBpm>
            <Cadence>85</Cadence>
            <DistanceMeters>23.75055</DistanceMeters>
            <Extensions>
              <TPX xmlns="http://www.garmin.com/xmlschemas/ActivityExtension/v2">
                <Watts>44</Watts>
              </TPX>
            </Extensions>
          </Trackpoint>
          <Trackpoint>
            <Time>2010-10-19T20:57:13Z</Time>
            <HeartRateBpm>
              <Value>0</Value>
            </HeartRateBpm>
            <Cadence>84</Cadence>
            <DistanceMeters>26.43893</DistanceMeters>
            <Extensions>
              <TPX xmlns="http://www.garmin.com/xmlschemas/ActivityExtension/v2">
                <Watts>48</Watts>
              </TPX>
            </Extensions>
          </Trackpoint>
          <Trackpoint>
            <Time>2010-10-19T20:57:14Z</Time>
            <HeartRateBpm>
              <Value>0</Value>
            </HeartRateBpm>
            <Cadence>83</Cadence>
            <DistanceMeters>29.17407</DistanceMeters>
            <Extensions>
              <TPX xmlns="http://www.garmin.com/xmlschemas/ActivityExtension/v2">
                <Watts>51</Watts>
              </TPX>
            </Extensions>
          </Trackpoint>
          <Trackpoint>
            <Time>2010-10-19T20:57:15Z</Time>
            <HeartRateBpm>
              <Value>0</Value>
            </HeartRateBpm>
            <Cadence>82</Cadence>
            <DistanceMeters>31.92761</DistanceMeters>
            <Extensions>
              <TPX xmlns="http://www.garmin.com/xmlschemas/ActivityExtension/v2">
                <Watts>52</Watts>
              </TPX>
            </Extensions>
          </Trackpoint>
          <Trackpoint>
            <Time>2010-10-19T20:57:16Z</Time>
            <HeartRateBpm>
              <Value>0</Value>
            </HeartRateBpm>
            <Cadence>81</Cadence>
            <DistanceMeters>34.41162</DistanceMeters>
            <Extensions>
              <TPX xmlns="http://www.garmin.com/xmlschemas/ActivityExtension/v2">
                <Watts>47</Watts>
              </TPX>
            </Extensions>
          </Trackpoint>
          <Trackpoint>
            <Time>2010-10-19T20:57:17Z</Time>
            <HeartRateBpm>
              <Value>0</Value>
            </HeartRateBpm>
            <Cadence>79</Cadence>
            <DistanceMeters>36.70904</DistanceMeters>
            <Extensions>
              <TPX xmlns="http://www.garmin.com/xmlschemas/ActivityExtension/v2">
                <Watts>39</Watts>
              </TPX>
            </Extensions>
          </Trackpoint>
          <Trackpoint>
            <Time>2010-10-19T20:57:18Z</Time>
            <HeartRateBpm>
              <Value>0</Value>
            </HeartRateBpm>
            <Cadence>80</Cadence>
            <DistanceMeters>39.33912</DistanceMeters>
            <Extensions>
              <TPX xmlns="http://www.garmin.com/xmlschemas/ActivityExtension/v2">
                <Watts>41</Watts>
              </TPX>
            </Extensions>
          </Trackpoint>
          <Trackpoint>
            <Time>2010-10-19T20:57:19Z</Time>
            <HeartRateBpm>
              <Value>0</Value>
            </HeartRateBpm>
            <Cadence>82</Cadence>
            <DistanceMeters>42.35329</DistanceMeters>
            <Extensions>
              <TPX xmlns="http://www.garmin.com/xmlschemas/ActivityExtension/v2">
                <Watts>56</Watts>
              </TPX>
            </Extensions>
          </Trackpoint>
          <Trackpoint>
            <Time>2010-10-19T20:57:20Z</Time>
            <HeartRateBpm>
              <Value>0</Value>
            </HeartRateBpm>
            <Cadence>84</Cadence>
            <DistanceMeters>45.46957</DistanceMeters>
            <Extensions>
              <TPX xmlns="http://www.garmin.com/xmlschemas/ActivityExtension/v2">
                <Watts>68</Watts>
              </TPX>
            </Extensions>
          </Trackpoint>
          <Trackpoint>
            <Time>2010-10-19T20:57:21Z</Time>
            <HeartRateBpm>
              <Value>0</Value>
            </HeartRateBpm>
            <Cadence>86</Cadence>
            <DistanceMeters>48.78643</DistanceMeters>
            <Extensions>
              <TPX xmlns="http://www.garmin.com/xmlschemas/ActivityExtension/v2">
                <Watts>77</Watts>
              </TPX>
            </Extensions>
          </Trackpoint>
          <Trackpoint>
            <Time>2010-10-19T20:57:22Z</Time>
            <HeartRateBpm>
              <Value>0</Value>
            </HeartRateBpm>
            <Cadence>88</Cadence>
            <DistanceMeters>52.06567</DistanceMeters>
            <Extensions>
              <TPX xmlns="http://www.garmin.com/xmlschemas/ActivityExtension/v2">
                <Watts>82</Watts>
              </TPX>
            </Extensions>
          </Trackpoint>
          <Trackpoint>
            <Time>2010-10-19T20:57:23Z</Time>
            <HeartRateBpm>
              <Value>0</Value>
            </HeartRateBpm>
            <Cadence>89</Cadence>
            <DistanceMeters>55.20387</DistanceMeters>
            <Extensions>
              <TPX xmlns="http://www.garmin.com/xmlschemas/ActivityExtension/v2">
                <Watts>77</Watts>
              </TPX>
            </Extensions>
          </Trackpoint>
          <Trackpoint>
            <Time>2010-10-19T20:57:24Z</Time>
            <HeartRateBpm>
              <Value>0</Value>
            </HeartRateBpm>
            <Cadence>90</Cadence>
            <DistanceMeters>58.35174</DistanceMeters>
            <Extensions>
              <TPX xmlns="http://www.garmin.com/xmlschemas/ActivityExtension/v2">
                <Watts>73</Watts>
              </TPX>
            </Extensions>
          </Trackpoint>
          <Trackpoint>
            <Time>2010-10-19T20:57:25Z</Time>
            <HeartRateBpm>
              <Value>0</Value>
            </HeartRateBpm>
            <Cadence>90</Cadence>
            <DistanceMeters>61.60554</DistanceMeters>
            <Extensions>
              <TPX xmlns="http://www.garmin.com/xmlschemas/ActivityExtension/v2">
                <Watts>76</Watts>
              </TPX>
            </Extensions>
          </Trackpoint>
          <Trackpoint>
            <Time>2010-10-19T20:57:26Z</Time>
            <HeartRateBpm>
              <Value>0</Value>
            </HeartRateBpm>
            <Cadence>90</Cadence>
            <DistanceMeters>64.85934</DistanceMeters>
            <Extensions>
              <TPX xmlns="http://www.garmin.com/xmlschemas/ActivityExtension/v2">
                <Watts>79</Watts>
              </TPX>
            </Extensions>
          </Trackpoint>
          <Trackpoint>
            <Time>2010-10-19T20:57:27Z</Time>
            <HeartRateBpm>
              <Value>0</Value>
            </HeartRateBpm>
            <Cadence>90</Cadence>
            <DistanceMeters>68.03469</DistanceMeters>
            <Extensions>
              <TPX xmlns="http://www.garmin.com/xmlschemas/ActivityExtension/v2">
                <Watts>77</Watts>
              </TPX>
            </Extensions>
          </Trackpoint>
          <Trackpoint>
            <Time>2010-10-19T20:57:28Z</Time>
            <HeartRateBpm>
              <Value>0</Value>
            </HeartRateBpm>
            <Cadence>90</Cadence>
            <DistanceMeters>71.20652</DistanceMeters>
            <Extensions>
              <TPX xmlns="http://www.garmin.com/xmlschemas/ActivityExtension/v2">
                <Watts>75</Watts>
              </TPX>
            </Extensions>
          </Trackpoint>
          <Trackpoint>
            <Time>2010-10-19T20:57:29Z</Time>
            <HeartRateBpm>
              <Value>0</Value>
            </HeartRateBpm>
            <Cadence>90</Cadence>
            <DistanceMeters>74.20036</DistanceMeters>
            <Extensions>
              <TPX xmlns="http://www.garmin.com/xmlschemas/ActivityExtension/v2">
                <Watts>70</Watts>
              </TPX>
            </Extensions>
          </Trackpoint>
          <Trackpoint>
            <Time>2010-10-19T20:57:30Z</Time>
            <HeartRateBpm>
              <Value>0</Value>
            </HeartRateBpm>
            <Cadence>90</Cadence>
            <DistanceMeters>77.15779</DistanceMeters>
            <Extensions>
              <TPX xmlns="http://www.garmin.com/xmlschemas/ActivityExtension/v2">
                <Watts>64</Watts>
              </TPX>
            </Extensions>
          </Trackpoint>
          <Trackpoint>
            <Time>2010-10-19T20:57:31Z</Time>
            <HeartRateBpm>
              <Value>0</Value>
            </HeartRateBpm>
            <Cadence>89</Cadence>
            <DistanceMeters>79.98807</DistanceMeters>
            <Extensions>
              <TPX xmlns="http://www.garmin.com/xmlschemas/ActivityExtension/v2">
                <Watts>60</Watts>
              </TPX>
            </Extensions>
          </Trackpoint>
          <Trackpoint>
            <Time>2010-10-19T20:57:32Z</Time>
            <HeartRateBpm>
              <Value>0</Value>
            </HeartRateBpm>
            <Cadence>87</Cadence>
            <DistanceMeters>82.76473</DistanceMeters>
            <Extensions>
              <TPX xmlns="http://www.garmin.com/xmlschemas/ActivityExtension/v2">
                <Watts>55</Watts>
              </TPX>
            </Extensions>
          </Trackpoint>
          <Trackpoint>
            <Time>2010-10-19T20:57:33Z</Time>
            <HeartRateBpm>
              <Value>0</Value>
            </HeartRateBpm>
            <Cadence>87</Cadence>
            <DistanceMeters>85.50382</DistanceMeters>
            <Extensions>
              <TPX xmlns="http://www.garmin.com/xmlschemas/ActivityExtension/v2">
                <Watts>53</Watts>
              </TPX>
            </Extensions>
          </Trackpoint>
          <Trackpoint>
            <Time>2010-10-19T20:57:34Z</Time>
            <HeartRateBpm>
              <Value>0</Value>
            </HeartRateBpm>
            <Cadence>87</Cadence>
            <DistanceMeters>88.21532</DistanceMeters>
            <Extensions>
              <TPX xmlns="http://www.garmin.com/xmlschemas/ActivityExtension/v2">
                <Watts>51</Watts>
              </TPX>
            </Extensions>
          </Trackpoint>
          <Trackpoint>
            <Time>2010-10-19T20:57:35Z</Time>
            <HeartRateBpm>
              <Value>0</Value>
            </HeartRateBpm>
            <Cadence>86</Cadence>
            <DistanceMeters>90.99394</DistanceMeters>
            <Extensions>
              <TPX xmlns="http://www.garmin.com/xmlschemas/ActivityExtension/v2">
                <Watts>52</Watts>
              </TPX>
            </Extensions>
          </Trackpoint>
          <Trackpoint>
            <Time>2010-10-19T20:57:36Z</Time>
            <HeartRateBpm>
              <Value>0</Value>
            </HeartRateBpm>
            <Cadence>85</Cadence>
            <DistanceMeters>93.85468</DistanceMeters>
            <Extensions>
              <TPX xmlns="http://www.garmin.com/xmlschemas/ActivityExtension/v2">
                <Watts>55</Watts>
              </TPX>
            </Extensions>
          </Trackpoint>
          <Trackpoint>
            <Time>2010-10-19T20:57:37Z</Time>
            <HeartRateBpm>
              <Value>0</Value>
            </HeartRateBpm>
            <Cadence>84</Cadence>
            <DistanceMeters>96.66722</DistanceMeters>
            <Extensions>
              <TPX xmlns="http://www.garmin.com/xmlschemas/ActivityExtension/v2">
                <Watts>56</Watts>
              </TPX>
            </Extensions>
          </Trackpoint>
          <Trackpoint>
            <Time>2010-10-19T20:57:38Z</Time>
            <HeartRateBpm>
              <Value>0</Value>
            </HeartRateBpm>
            <Cadence>83</Cadence>
            <DistanceMeters>99.37872</DistanceMeters>
            <Extensions>
              <TPX xmlns="http://www.garmin.com/xmlschemas/ActivityExtension/v2">
                <Watts>53</Watts>
              </TPX>
            </Extensions>
          </Trackpoint>
          <Trackpoint>
            <Time>2010-10-19T20:57:39Z</Time>
            <HeartRateBpm>
              <Value>0</Value>
            </HeartRateBpm>
            <Cadence>83</Cadence>
            <DistanceMeters>102.11496</DistanceMeters>
            <Extensions>
              <TPX xmlns="http://www.garmin.com/xmlschemas/ActivityExtension/v2">
                <Watts>51</Watts>
              </TPX>
            </Extensions>
          </Trackpoint>
          <Trackpoint>
            <Time>2010-10-19T20:57:40Z</Time>
            <HeartRateBpm>
              <Value>0</Value>
            </HeartRateBpm>
            <Cadence>83</Cadence>
            <DistanceMeters>104.95257</DistanceMeters>
            <Extensions>
              <TPX xmlns="http://www.garmin.com/xmlschemas/ActivityExtension/v2">
                <Watts>54</Watts>
              </TPX>
            </Extensions>
          </Trackpoint>
          <Trackpoint>
            <Time>2010-10-19T20:57:41Z</Time>
            <HeartRateBpm>
              <Value>0</Value>
            </HeartRateBpm>
            <Cadence>82</Cadence>
            <DistanceMeters>107.79310</DistanceMeters>
            <Extensions>
              <TPX xmlns="http://www.garmin.com/xmlschemas/ActivityExtension/v2">
                <Watts>57</Watts>
              </TPX>
            </Extensions>
          </Trackpoint>
          <Trackpoint>
            <Time>2010-10-19T20:57:42Z</Time>
            <HeartRateBpm>
              <Value>0</Value>
            </HeartRateBpm>
            <Cadence>81</Cadence>
            <DistanceMeters>110.67276</DistanceMeters>
            <Extensions>
              <TPX xmlns="http://www.garmin.com/xmlschemas/ActivityExtension/v2">
                <Watts>58</Watts>
              </TPX>
            </Extensions>
          </Trackpoint>
          <Trackpoint>
            <Time>2010-10-19T20:57:43Z</Time>
            <HeartRateBpm>
              <Value>0</Value>
            </HeartRateBpm>
            <Cadence>80</Cadence>
            <DistanceMeters>113.55241</DistanceMeters>
            <Extensions>
              <TPX xmlns="http://www.garmin.com/xmlschemas/ActivityExtension/v2">
                <Watts>58</Watts>
              </TPX>
            </Extensions>
          </Trackpoint>
          <Trackpoint>
            <Time>2010-10-19T20:57:44Z</Time>
            <HeartRateBpm>
              <Value>0</Value>
            </HeartRateBpm>
            <Cadence>81</Cadence>
            <DistanceMeters>116.52321</DistanceMeters>
            <Extensions>
              <TPX xmlns="http://www.garmin.com/xmlschemas/ActivityExtension/v2">
                <Watts>61</Watts>
              </TPX>
            </Extensions>
          </Trackpoint>
          <Trackpoint>
            <Time>2010-10-19T20:57:45Z</Time>
            <HeartRateBpm>
              <Value>0</Value>
            </HeartRateBpm>
            <Cadence>82</Cadence>
            <DistanceMeters>119.49955</DistanceMeters>
            <Extensions>
              <TPX xmlns="http://www.garmin.com/xmlschemas/ActivityExtension/v2">
                <Watts>63</Watts>
              </TPX>
            </Extensions>
          </Trackpoint>
          <Trackpoint>
            <Time>2010-10-19T20:57:46Z</Time>
            <HeartRateBpm>
              <Value>0</Value>
            </HeartRateBpm>
            <Cadence>84</Cadence>
            <DistanceMeters>122.70224</DistanceMeters>
            <Extensions>
              <TPX xmlns="http://www.garmin.com/xmlschemas/ActivityExtension/v2">
                <Watts>70</Watts>
              </TPX>
            </Extensions>
          </Trackpoint>
          <Trackpoint>
            <Time>2010-10-19T20:57:47Z</Time>
            <HeartRateBpm>
              <Value>0</Value>
            </HeartRateBpm>
            <Cadence>86</Cadence>
            <DistanceMeters>125.95604</DistanceMeters>
            <Extensions>
              <TPX xmlns="http://www.garmin.com/xmlschemas/ActivityExtension/v2">
                <Watts>77</Watts>
              </TPX>
            </Extensions>
          </Trackpoint>
          <Trackpoint>
            <Time>2010-10-19T20:57:48Z</Time>
            <HeartRateBpm>
              <Value>0</Value>
            </HeartRateBpm>
            <Cadence>88</Cadence>
            <DistanceMeters>129.58493</DistanceMeters>
            <Extensions>
              <TPX xmlns="http://www.garmin.com/xmlschemas/ActivityExtension/v2">
                <Watts>92</Watts>
              </TPX>
            </Extensions>
          </Trackpoint>
          <Trackpoint>
            <Time>2010-10-19T20:57:49Z</Time>
            <HeartRateBpm>
              <Value>0</Value>
            </HeartRateBpm>
            <Cadence>91</Cadence>
            <DistanceMeters>133.38313</DistanceMeters>
            <Extensions>
              <TPX xmlns="http://www.garmin.com/xmlschemas/ActivityExtension/v2">
                <Watts>110</Watts>
              </TPX>
            </Extensions>
          </Trackpoint>
          <Trackpoint>
            <Time>2010-10-19T20:57:50Z</Time>
            <HeartRateBpm>
              <Value>0</Value>
            </HeartRateBpm>
            <Cadence>93</Cadence>
            <DistanceMeters>136.90245</DistanceMeters>
            <Extensions>
              <TPX xmlns="http://www.garmin.com/xmlschemas/ActivityExtension/v2">
                <Watts>109</Watts>
              </TPX>
            </Extensions>
          </Trackpoint>
          <Trackpoint>
            <Time>2010-10-19T20:57:51Z</Time>
            <HeartRateBpm>
              <Value>0</Value>
            </HeartRateBpm>
            <Cadence>95</Cadence>
            <DistanceMeters>140.20459</DistanceMeters>
            <Extensions>
              <TPX xmlns="http://www.garmin.com/xmlschemas/ActivityExtension/v2">
                <Watts>92</Watts>
              </TPX>
            </Extensions>
          </Trackpoint>
          <Trackpoint>
            <Time>2010-10-19T20:57:52Z</Time>
            <HeartRateBpm>
              <Value>0</Value>
            </HeartRateBpm>
            <Cadence>95</Cadence>
            <DistanceMeters>143.39691</DistanceMeters>
            <Extensions>
              <TPX xmlns="http://www.garmin.com/xmlschemas/ActivityExtension/v2">
                <Watts>79</Watts>
              </TPX>
            </Extensions>
          </Trackpoint>
          <Trackpoint>
            <Time>2010-10-19T20:57:53Z</Time>
            <HeartRateBpm>
              <Value>0</Value>
            </HeartRateBpm>
            <Cadence>93</Cadence>
            <DistanceMeters>146.44682</DistanceMeters>
            <Extensions>
              <TPX xmlns="http://www.garmin.com/xmlschemas/ActivityExtension/v2">
                <Watts>72</Watts>
              </TPX>
            </Extensions>
          </Trackpoint>
          <Trackpoint>
            <Time>2010-10-19T20:57:54Z</Time>
            <HeartRateBpm>
              <Value>0</Value>
            </HeartRateBpm>
            <Cadence>91</Cadence>
            <DistanceMeters>149.51360</DistanceMeters>
            <Extensions>
              <TPX xmlns="http://www.garmin.com/xmlschemas/ActivityExtension/v2">
                <Watts>68</Watts>
              </TPX>
            </Extensions>
          </Trackpoint>
          <Trackpoint>
            <Time>2010-10-19T20:57:55Z</Time>
            <HeartRateBpm>
              <Value>0</Value>
            </HeartRateBpm>
            <Cadence>90</Cadence>
            <DistanceMeters>152.61816</DistanceMeters>
            <Extensions>
              <TPX xmlns="http://www.garmin.com/xmlschemas/ActivityExtension/v2">
                <Watts>69</Watts>
              </TPX>
            </Extensions>
          </Trackpoint>
          <Trackpoint>
            <Time>2010-10-19T20:57:56Z</Time>
            <HeartRateBpm>
              <Value>0</Value>
            </HeartRateBpm>
            <Cadence>90</Cadence>
            <DistanceMeters>155.60693</DistanceMeters>
            <Extensions>
              <TPX xmlns="http://www.garmin.com/xmlschemas/ActivityExtension/v2">
                <Watts>68</Watts>
              </TPX>
            </Extensions>
          </Trackpoint>
          <Trackpoint>
            <Time>2010-10-19T20:57:57Z</Time>
            <HeartRateBpm>
              <Value>0</Value>
            </HeartRateBpm>
            <Cadence>91</Cadence>
            <DistanceMeters>158.07460</DistanceMeters>
            <Extensions>
              <TPX xmlns="http://www.garmin.com/xmlschemas/ActivityExtension/v2">
                <Watts>54</Watts>
              </TPX>
            </Extensions>
          </Trackpoint>
          <Trackpoint>
            <Time>2010-10-19T20:57:58Z</Time>
            <HeartRateBpm>
              <Value>0</Value>
            </HeartRateBpm>
            <Cadence>91</Cadence>
            <DistanceMeters>160.51163</DistanceMeters>
            <Extensions>
              <TPX xmlns="http://www.garmin.com/xmlschemas/ActivityExtension/v2">
                <Watts>40</Watts>
              </TPX>
            </Extensions>
          </Trackpoint>
          <Trackpoint>
            <Time>2010-10-19T20:57:59Z</Time>
            <HeartRateBpm>
              <Value>0</Value>
            </HeartRateBpm>
            <Cadence>91</Cadence>
            <DistanceMeters>162.42229</DistanceMeters>
            <Extensions>
              <TPX xmlns="http://www.garmin.com/xmlschemas/ActivityExtension/v2">
                <Watts>32</Watts>
              </TPX>
            </Extensions>
          </Trackpoint>
          <Trackpoint>
            <Time>2010-10-19T20:58:00Z</Time>
            <HeartRateBpm>
              <Value>0</Value>
            </HeartRateBpm>
            <Cadence>91</Cadence>
            <DistanceMeters>164.33295</DistanceMeters>
            <Extensions>
              <TPX xmlns="http://www.garmin.com/xmlschemas/ActivityExtension/v2">
                <Watts>24</Watts>
              </TPX>
            </Extensions>
          </Trackpoint>
          <Trackpoint>
            <Time>2010-10-19T20:58:01Z</Time>
            <HeartRateBpm>
              <Value>0</Value>
            </HeartRateBpm>
            <Cadence>91</Cadence>
            <DistanceMeters>166.07777</DistanceMeters>
            <Extensions>
              <TPX xmlns="http://www.garmin.com/xmlschemas/ActivityExtension/v2">
                <Watts>22</Watts>
              </TPX>
            </Extensions>
          </Trackpoint>
          <Trackpoint>
            <Time>2010-10-19T20:58:02Z</Time>
            <HeartRateBpm>
              <Value>0</Value>
            </HeartRateBpm>
            <Cadence>91</Cadence>
            <DistanceMeters>167.80976</DistanceMeters>
            <Extensions>
              <TPX xmlns="http://www.garmin.com/xmlschemas/ActivityExtension/v2">
                <Watts>20</Watts>
              </TPX>
            </Extensions>
          </Trackpoint>
          <Trackpoint>
            <Time>2010-10-19T20:58:03Z</Time>
            <HeartRateBpm>
              <Value>0</Value>
            </HeartRateBpm>
            <Cadence>90</Cadence>
            <DistanceMeters>169.57882</DistanceMeters>
            <Extensions>
              <TPX xmlns="http://www.garmin.com/xmlschemas/ActivityExtension/v2">
                <Watts>20</Watts>
              </TPX>
            </Extensions>
          </Trackpoint>
          <Trackpoint>
            <Time>2010-10-19T20:58:04Z</Time>
            <HeartRateBpm>
              <Value>0</Value>
            </HeartRateBpm>
            <Cadence>90</Cadence>
            <DistanceMeters>171.35706</DistanceMeters>
            <Extensions>
              <TPX xmlns="http://www.garmin.com/xmlschemas/ActivityExtension/v2">
                <Watts>20</Watts>
              </TPX>
            </Extensions>
          </Trackpoint>
          <Trackpoint>
            <Time>2010-10-19T20:58:05Z</Time>
            <HeartRateBpm>
              <Value>0</Value>
            </HeartRateBpm>
            <Cadence>89</Cadence>
            <DistanceMeters>173.35226</DistanceMeters>
            <Extensions>
              <TPX xmlns="http://www.garmin.com/xmlschemas/ActivityExtension/v2">
                <Watts>23</Watts>
              </TPX>
            </Extensions>
          </Trackpoint>
          <Trackpoint>
            <Time>2010-10-19T20:58:06Z</Time>
            <HeartRateBpm>
              <Value>0</Value>
            </HeartRateBpm>
            <Cadence>89</Cadence>
            <DistanceMeters>175.45210</DistanceMeters>
            <Extensions>
              <TPX xmlns="http://www.garmin.com/xmlschemas/ActivityExtension/v2">
                <Watts>27</Watts>
              </TPX>
            </Extensions>
          </Trackpoint>
          <Trackpoint>
            <Time>2010-10-19T20:58:07Z</Time>
            <HeartRateBpm>
              <Value>0</Value>
            </HeartRateBpm>
            <Cadence>89</Cadence>
            <DistanceMeters>177.60836</DistanceMeters>
            <Extensions>
              <TPX xmlns="http://www.garmin.com/xmlschemas/ActivityExtension/v2">
                <Watts>29</Watts>
              </TPX>
            </Extensions>
          </Trackpoint>
          <Trackpoint>
            <Time>2010-10-19T20:58:08Z</Time>
            <HeartRateBpm>
              <Value>0</Value>
            </HeartRateBpm>
            <Cadence>89</Cadence>
            <DistanceMeters>179.81119</DistanceMeters>
            <Extensions>
              <TPX xmlns="http://www.garmin.com/xmlschemas/ActivityExtension/v2">
                <Watts>31</Watts>
              </TPX>
            </Extensions>
          </Trackpoint>
          <Trackpoint>
            <Time>2010-10-19T20:58:09Z</Time>
            <HeartRateBpm>
              <Value>0</Value>
            </HeartRateBpm>
            <Cadence>89</Cadence>
            <DistanceMeters>181.92463</DistanceMeters>
            <Extensions>
              <TPX xmlns="http://www.garmin.com/xmlschemas/ActivityExtension/v2">
                <Watts>30</Watts>
              </TPX>
            </Extensions>
          </Trackpoint>
          <Trackpoint>
            <Time>2010-10-19T20:58:10Z</Time>
            <HeartRateBpm>
              <Value>0</Value>
            </HeartRateBpm>
            <Cadence>89</Cadence>
            <DistanceMeters>183.91517</DistanceMeters>
            <Extensions>
              <TPX xmlns="http://www.garmin.com/xmlschemas/ActivityExtension/v2">
                <Watts>27</Watts>
              </TPX>
            </Extensions>
          </Trackpoint>
          <Trackpoint>
            <Time>2010-10-19T20:58:11Z</Time>
            <HeartRateBpm>
              <Value>0</Value>
            </HeartRateBpm>
            <Cadence>89</Cadence>
            <DistanceMeters>186.01332</DistanceMeters>
            <Extensions>
              <TPX xmlns="http://www.garmin.com/xmlschemas/ActivityExtension/v2">
                <Watts>27</Watts>
              </TPX>
            </Extensions>
          </Trackpoint>
          <Trackpoint>
            <Time>2010-10-19T20:58:12Z</Time>
            <HeartRateBpm>
              <Value>0</Value>
            </HeartRateBpm>
            <Cadence>90</Cadence>
            <DistanceMeters>188.36960</DistanceMeters>
            <Extensions>
              <TPX xmlns="http://www.garmin.com/xmlschemas/ActivityExtension/v2">
                <Watts>32</Watts>
              </TPX>
            </Extensions>
          </Trackpoint>
          <Trackpoint>
            <Time>2010-10-19T20:58:13Z</Time>
            <HeartRateBpm>
              <Value>0</Value>
            </HeartRateBpm>
            <Cadence>91</Cadence>
            <DistanceMeters>190.62132</DistanceMeters>
            <Extensions>
              <TPX xmlns="http://www.garmin.com/xmlschemas/ActivityExtension/v2">
                <Watts>35</Watts>
              </TPX>
            </Extensions>
          </Trackpoint>
          <Trackpoint>
            <Time>2010-10-19T20:58:14Z</Time>
            <HeartRateBpm>
              <Value>0</Value>
            </HeartRateBpm>
            <Cadence>91</Cadence>
            <DistanceMeters>192.35332</DistanceMeters>
            <Extensions>
              <TPX xmlns="http://www.garmin.com/xmlschemas/ActivityExtension/v2">
                <Watts>27</Watts>
              </TPX>
            </Extensions>
          </Trackpoint>
          <Trackpoint>
            <Time>2010-10-19T20:58:15Z</Time>
            <HeartRateBpm>
              <Value>0</Value>
            </HeartRateBpm>
            <Cadence>90</Cadence>
            <DistanceMeters>194.10028</DistanceMeters>
            <Extensions>
              <TPX xmlns="http://www.garmin.com/xmlschemas/ActivityExtension/v2">
                <Watts>20</Watts>
              </TPX>
            </Extensions>
          </Trackpoint>
          <Trackpoint>
            <Time>2010-10-19T20:58:16Z</Time>
            <HeartRateBpm>
              <Value>0</Value>
            </HeartRateBpm>
            <Cadence>90</Cadence>
            <DistanceMeters>196.20011</DistanceMeters>
            <Extensions>
              <TPX xmlns="http://www.garmin.com/xmlschemas/ActivityExtension/v2">
                <Watts>24</Watts>
              </TPX>
            </Extensions>
          </Trackpoint>
          <Trackpoint>
            <Time>2010-10-19T20:58:17Z</Time>
            <HeartRateBpm>
              <Value>0</Value>
            </HeartRateBpm>
            <Cadence>89</Cadence>
            <DistanceMeters>198.29995</DistanceMeters>
            <Extensions>
              <TPX xmlns="http://www.garmin.com/xmlschemas/ActivityExtension/v2">
                <Watts>28</Watts>
              </TPX>
            </Extensions>
          </Trackpoint>
          <Trackpoint>
            <Time>2010-10-19T20:58:18Z</Time>
            <HeartRateBpm>
              <Value>0</Value>
            </HeartRateBpm>
            <Cadence>88</Cadence>
            <DistanceMeters>200.46317</DistanceMeters>
            <Extensions>
              <TPX xmlns="http://www.garmin.com/xmlschemas/ActivityExtension/v2">
                <Watts>29</Watts>
              </TPX>
            </Extensions>
          </Trackpoint>
          <Trackpoint>
            <Time>2010-10-19T20:58:19Z</Time>
            <HeartRateBpm>
              <Value>0</Value>
            </HeartRateBpm>
            <Cadence>88</Cadence>
            <DistanceMeters>202.63237</DistanceMeters>
            <Extensions>
              <TPX xmlns="http://www.garmin.com/xmlschemas/ActivityExtension/v2">
                <Watts>30</Watts>
              </TPX>
            </Extensions>
          </Trackpoint>
          <Trackpoint>
            <Time>2010-10-19T20:58:20Z</Time>
            <HeartRateBpm>
              <Value>0</Value>
            </HeartRateBpm>
            <Cadence>87</Cadence>
            <DistanceMeters>204.80157</DistanceMeters>
            <Extensions>
              <TPX xmlns="http://www.garmin.com/xmlschemas/ActivityExtension/v2">
                <Watts>31</Watts>
              </TPX>
            </Extensions>
          </Trackpoint>
          <Trackpoint>
            <Time>2010-10-19T20:58:21Z</Time>
            <HeartRateBpm>
              <Value>0</Value>
            </HeartRateBpm>
            <Cadence>87</Cadence>
            <DistanceMeters>206.97077</DistanceMeters>
            <Extensions>
              <TPX xmlns="http://www.garmin.com/xmlschemas/ActivityExtension/v2">
                <Watts>31</Watts>
              </TPX>
            </Extensions>
          </Trackpoint>
          <Trackpoint>
            <Time>2010-10-19T20:58:22Z</Time>
            <HeartRateBpm>
              <Value>0</Value>
            </HeartRateBpm>
            <Cadence>88</Cadence>
            <DistanceMeters>209.31901</DistanceMeters>
            <Extensions>
              <TPX xmlns="http://www.garmin.com/xmlschemas/ActivityExtension/v2">
                <Watts>33</Watts>
              </TPX>
            </Extensions>
          </Trackpoint>
          <Trackpoint>
            <Time>2010-10-19T20:58:23Z</Time>
            <HeartRateBpm>
              <Value>0</Value>
            </HeartRateBpm>
            <Cadence>90</Cadence>
            <DistanceMeters>211.75936</DistanceMeters>
            <Extensions>
              <TPX xmlns="http://www.garmin.com/xmlschemas/ActivityExtension/v2">
                <Watts>38</Watts>
              </TPX>
            </Extensions>
          </Trackpoint>
          <Trackpoint>
            <Time>2010-10-19T20:58:24Z</Time>
            <HeartRateBpm>
              <Value>0</Value>
            </HeartRateBpm>
            <Cadence>91</Cadence>
            <DistanceMeters>213.91712</DistanceMeters>
            <Extensions>
              <TPX xmlns="http://www.garmin.com/xmlschemas/ActivityExtension/v2">
                <Watts>35</Watts>
              </TPX>
            </Extensions>
          </Trackpoint>
          <Trackpoint>
            <Time>2010-10-19T20:58:25Z</Time>
            <HeartRateBpm>
              <Value>0</Value>
            </HeartRateBpm>
            <Cadence>91</Cadence>
            <DistanceMeters>215.82779</DistanceMeters>
            <Extensions>
              <TPX xmlns="http://www.garmin.com/xmlschemas/ActivityExtension/v2">
                <Watts>28</Watts>
              </TPX>
            </Extensions>
          </Trackpoint>
          <Trackpoint>
            <Time>2010-10-19T20:58:26Z</Time>
            <HeartRateBpm>
              <Value>0</Value>
            </HeartRateBpm>
            <Cadence>90</Cadence>
            <DistanceMeters>217.77093</DistanceMeters>
            <Extensions>
              <TPX xmlns="http://www.garmin.com/xmlschemas/ActivityExtension/v2">
                <Watts>24</Watts>
              </TPX>
            </Extensions>
          </Trackpoint>
          <Trackpoint>
            <Time>2010-10-19T20:58:27Z</Time>
            <HeartRateBpm>
              <Value>0</Value>
            </HeartRateBpm>
            <Cadence>90</Cadence>
            <DistanceMeters>219.76147</DistanceMeters>
            <Extensions>
              <TPX xmlns="http://www.garmin.com/xmlschemas/ActivityExtension/v2">
                <Watts>25</Watts>
              </TPX>
            </Extensions>
          </Trackpoint>
          <Trackpoint>
            <Time>2010-10-19T20:58:28Z</Time>
            <HeartRateBpm>
              <Value>0</Value>
            </HeartRateBpm>
            <Cadence>90</Cadence>
            <DistanceMeters>221.95380</DistanceMeters>
            <Extensions>
              <TPX xmlns="http://www.garmin.com/xmlschemas/ActivityExtension/v2">
                <Watts>29</Watts>
              </TPX>
            </Extensions>
          </Trackpoint>
          <Trackpoint>
            <Time>2010-10-19T20:58:29Z</Time>
            <HeartRateBpm>
              <Value>0</Value>
            </HeartRateBpm>
            <Cadence>90</Cadence>
            <DistanceMeters>224.66530</DistanceMeters>
            <Extensions>
              <TPX xmlns="http://www.garmin.com/xmlschemas/ActivityExtension/v2">
                <Watts>41</Watts>
              </TPX>
            </Extensions>
          </Trackpoint>
          <Trackpoint>
            <Time>2010-10-19T20:58:30Z</Time>
            <HeartRateBpm>
              <Value>0</Value>
            </HeartRateBpm>
            <Cadence>91</Cadence>
            <DistanceMeters>227.25419</DistanceMeters>
            <Extensions>
              <TPX xmlns="http://www.garmin.com/xmlschemas/ActivityExtension/v2">
                <Watts>49</Watts>
              </TPX>
            </Extensions>
          </Trackpoint>
          <Trackpoint>
            <Time>2010-10-19T20:58:31Z</Time>
            <HeartRateBpm>
              <Value>0</Value>
            </HeartRateBpm>
            <Cadence>92</Cadence>
            <DistanceMeters>229.16485</DistanceMeters>
            <Extensions>
              <TPX xmlns="http://www.garmin.com/xmlschemas/ActivityExtension/v2">
                <Watts>36</Watts>
              </TPX>
            </Extensions>
          </Trackpoint>
          <Trackpoint>
            <Time>2010-10-19T20:58:32Z</Time>
            <HeartRateBpm>
              <Value>0</Value>
            </HeartRateBpm>
            <Cadence>92</Cadence>
            <DistanceMeters>231.06052</DistanceMeters>
            <Extensions>
              <TPX xmlns="http://www.garmin.com/xmlschemas/ActivityExtension/v2">
                <Watts>23</Watts>
              </TPX>
            </Extensions>
          </Trackpoint>
          <Trackpoint>
            <Time>2010-10-19T20:58:33Z</Time>
            <HeartRateBpm>
              <Value>0</Value>
            </HeartRateBpm>
            <Cadence>91</Cadence>
            <DistanceMeters>232.40155</DistanceMeters>
            <Extensions>
              <TPX xmlns="http://www.garmin.com/xmlschemas/ActivityExtension/v2">
                <Watts>18</Watts>
              </TPX>
            </Extensions>
          </Trackpoint>
          <Trackpoint>
            <Time>2010-10-19T20:58:34Z</Time>
            <HeartRateBpm>
              <Value>0</Value>
            </HeartRateBpm>
            <Cadence>89</Cadence>
            <DistanceMeters>233.74259</DistanceMeters>
            <Extensions>
              <TPX xmlns="http://www.garmin.com/xmlschemas/ActivityExtension/v2">
                <Watts>13</Watts>
              </TPX>
            </Extensions>
          </Trackpoint>
          <Trackpoint>
            <Time>2010-10-19T20:58:35Z</Time>
            <HeartRateBpm>
              <Value>0</Value>
            </HeartRateBpm>
            <Cadence>88</Cadence>
            <DistanceMeters>235.02501</DistanceMeters>
            <Extensions>
              <TPX xmlns="http://www.garmin.com/xmlschemas/ActivityExtension/v2">
                <Watts>12</Watts>
              </TPX>
            </Extensions>
          </Trackpoint>
          <Trackpoint>
            <Time>2010-10-19T20:58:36Z</Time>
            <HeartRateBpm>
              <Value>0</Value>
            </HeartRateBpm>
            <Cadence>87</Cadence>
            <DistanceMeters>236.30089</DistanceMeters>
            <Extensions>
              <TPX xmlns="http://www.garmin.com/xmlschemas/ActivityExtension/v2">
                <Watts>12</Watts>
              </TPX>
            </Extensions>
          </Trackpoint>
          <Trackpoint>
            <Time>2010-10-19T20:58:37Z</Time>
            <HeartRateBpm>
              <Value>0</Value>
            </HeartRateBpm>
            <Cadence>86</Cadence>
            <DistanceMeters>237.57677</DistanceMeters>
            <Extensions>
              <TPX xmlns="http://www.garmin.com/xmlschemas/ActivityExtension/v2">
                <Watts>12</Watts>
              </TPX>
            </Extensions>
          </Trackpoint>
          <Trackpoint>
            <Time>2010-10-19T20:58:38Z</Time>
            <HeartRateBpm>
              <Value>0</Value>
            </HeartRateBpm>
            <Cadence>86</Cadence>
            <DistanceMeters>238.85264</DistanceMeters>
            <Extensions>
              <TPX xmlns="http://www.garmin.com/xmlschemas/ActivityExtension/v2">
                <Watts>12</Watts>
              </TPX>
            </Extensions>
          </Trackpoint>
          <Trackpoint>
            <Time>2010-10-19T20:58:39Z</Time>
            <HeartRateBpm>
              <Value>0</Value>
            </HeartRateBpm>
            <Cadence>85</Cadence>
            <DistanceMeters>240.12852</DistanceMeters>
            <Extensions>
              <TPX xmlns="http://www.garmin.com/xmlschemas/ActivityExtension/v2">
                <Watts>12</Watts>
              </TPX>
            </Extensions>
          </Trackpoint>
          <Trackpoint>
            <Time>2010-10-19T20:58:40Z</Time>
            <HeartRateBpm>
              <Value>0</Value>
            </HeartRateBpm>
            <Cadence>84</Cadence>
            <DistanceMeters>241.40439</DistanceMeters>
            <Extensions>
              <TPX xmlns="http://www.garmin.com/xmlschemas/ActivityExtension/v2">
                <Watts>12</Watts>
              </TPX>
            </Extensions>
          </Trackpoint>
          <Trackpoint>
            <Time>2010-10-19T20:58:41Z</Time>
            <HeartRateBpm>
              <Value>0</Value>
            </HeartRateBpm>
            <Cadence>83</Cadence>
            <DistanceMeters>242.47185</DistanceMeters>
            <Extensions>
              <TPX xmlns="http://www.garmin.com/xmlschemas/ActivityExtension/v2">
                <Watts>10</Watts>
              </TPX>
            </Extensions>
          </Trackpoint>
          <Trackpoint>
            <Time>2010-10-19T20:58:42Z</Time>
            <HeartRateBpm>
              <Value>0</Value>
            </HeartRateBpm>
            <Cadence>83</Cadence>
            <DistanceMeters>243.34626</DistanceMeters>
            <Extensions>
              <TPX xmlns="http://www.garmin.com/xmlschemas/ActivityExtension/v2">
                <Watts>8</Watts>
              </TPX>
            </Extensions>
          </Trackpoint>
          <Trackpoint>
            <Time>2010-10-19T20:58:43Z</Time>
            <HeartRateBpm>
              <Value>0</Value>
            </HeartRateBpm>
            <Cadence>82</Cadence>
            <DistanceMeters>244.28911</DistanceMeters>
            <Extensions>
              <TPX xmlns="http://www.garmin.com/xmlschemas/ActivityExtension/v2">
                <Watts>7</Watts>
              </TPX>
            </Extensions>
          </Trackpoint>
          <Trackpoint>
            <Time>2010-10-19T20:58:44Z</Time>
            <HeartRateBpm>
              <Value>0</Value>
            </HeartRateBpm>
            <Cadence>81</Cadence>
            <DistanceMeters>245.33798</DistanceMeters>
            <Extensions>
              <TPX xmlns="http://www.garmin.com/xmlschemas/ActivityExtension/v2">
                <Watts>8</Watts>
              </TPX>
            </Extensions>
          </Trackpoint>
          <Trackpoint>
            <Time>2010-10-19T20:58:45Z</Time>
            <HeartRateBpm>
              <Value>0</Value>
            </HeartRateBpm>
            <Cadence>81</Cadence>
            <DistanceMeters>246.42815</DistanceMeters>
            <Extensions>
              <TPX xmlns="http://www.garmin.com/xmlschemas/ActivityExtension/v2">
                <Watts>9</Watts>
              </TPX>
            </Extensions>
          </Trackpoint>
          <Trackpoint>
            <Time>2010-10-19T20:58:46Z</Time>
            <HeartRateBpm>
              <Value>0</Value>
            </HeartRateBpm>
            <Cadence>81</Cadence>
            <DistanceMeters>247.63256</DistanceMeters>
            <Extensions>
              <TPX xmlns="http://www.garmin.com/xmlschemas/ActivityExtension/v2">
                <Watts>10</Watts>
              </TPX>
            </Extensions>
          </Trackpoint>
          <Trackpoint>
            <Time>2010-10-19T20:58:47Z</Time>
            <HeartRateBpm>
              <Value>0</Value>
            </HeartRateBpm>
            <Cadence>81</Cadence>
            <DistanceMeters>248.90347</DistanceMeters>
            <Extensions>
              <TPX xmlns="http://www.garmin.com/xmlschemas/ActivityExtension/v2">
                <Watts>11</Watts>
              </TPX>
            </Extensions>
          </Trackpoint>
          <Trackpoint>
            <Time>2010-10-19T20:58:48Z</Time>
            <HeartRateBpm>
              <Value>0</Value>
            </HeartRateBpm>
            <Cadence>81</Cadence>
            <DistanceMeters>250.58712</DistanceMeters>
            <Extensions>
              <TPX xmlns="http://www.garmin.com/xmlschemas/ActivityExtension/v2">
                <Watts>15</Watts>
              </TPX>
            </Extensions>
          </Trackpoint>
          <Trackpoint>
            <Time>2010-10-19T20:58:49Z</Time>
            <HeartRateBpm>
              <Value>0</Value>
            </HeartRateBpm>
            <Cadence>81</Cadence>
            <DistanceMeters>252.26954</DistanceMeters>
            <Extensions>
              <TPX xmlns="http://www.garmin.com/xmlschemas/ActivityExtension/v2">
                <Watts>18</Watts>
              </TPX>
            </Extensions>
          </Trackpoint>
          <Trackpoint>
            <Time>2010-10-19T20:58:50Z</Time>
            <HeartRateBpm>
              <Value>0</Value>
            </HeartRateBpm>
            <Cadence>81</Cadence>
            <DistanceMeters>253.85020</DistanceMeters>
            <Extensions>
              <TPX xmlns="http://www.garmin.com/xmlschemas/ActivityExtension/v2">
                <Watts>18</Watts>
              </TPX>
            </Extensions>
          </Trackpoint>
          <Trackpoint>
            <Time>2010-10-19T20:58:51Z</Time>
            <HeartRateBpm>
              <Value>0</Value>
            </HeartRateBpm>
            <Cadence>82</Cadence>
            <DistanceMeters>255.43086</DistanceMeters>
            <Extensions>
              <TPX xmlns="http://www.garmin.com/xmlschemas/ActivityExtension/v2">
                <Watts>17</Watts>
              </TPX>
            </Extensions>
          </Trackpoint>
          <Trackpoint>
            <Time>2010-10-19T20:58:52Z</Time>
            <HeartRateBpm>
              <Value>0</Value>
            </HeartRateBpm>
            <Cadence>81</Cadence>
            <DistanceMeters>256.54079</DistanceMeters>
            <Extensions>
              <TPX xmlns="http://www.garmin.com/xmlschemas/ActivityExtension/v2">
                <Watts>13</Watts>
              </TPX>
            </Extensions>
          </Trackpoint>
          <Trackpoint>
            <Time>2010-10-19T20:58:53Z</Time>
            <HeartRateBpm>
              <Value>0</Value>
            </HeartRateBpm>
            <Cadence>80</Cadence>
            <DistanceMeters>257.58966</DistanceMeters>
            <Extensions>
              <TPX xmlns="http://www.garmin.com/xmlschemas/ActivityExtension/v2">
                <Watts>9</Watts>
              </TPX>
            </Extensions>
          </Trackpoint>
          <Trackpoint>
            <Time>2010-10-19T20:58:54Z</Time>
            <HeartRateBpm>
              <Value>0</Value>
            </HeartRateBpm>
            <Cadence>80</Cadence>
            <DistanceMeters>259.11993</DistanceMeters>
            <Extensions>
              <TPX xmlns="http://www.garmin.com/xmlschemas/ActivityExtension/v2">
                <Watts>12</Watts>
              </TPX>
            </Extensions>
          </Trackpoint>
          <Trackpoint>
            <Time>2010-10-19T20:58:55Z</Time>
            <HeartRateBpm>
              <Value>0</Value>
            </HeartRateBpm>
            <Cadence>81</Cadence>
            <DistanceMeters>260.80358</DistanceMeters>
            <Extensions>
              <TPX xmlns="http://www.garmin.com/xmlschemas/ActivityExtension/v2">
                <Watts>17</Watts>
              </TPX>
            </Extensions>
          </Trackpoint>
          <Trackpoint>
            <Time>2010-10-19T20:58:56Z</Time>
            <HeartRateBpm>
              <Value>0</Value>
            </HeartRateBpm>
            <Cadence>82</Cadence>
            <DistanceMeters>262.38634</DistanceMeters>
            <Extensions>
              <TPX xmlns="http://www.garmin.com/xmlschemas/ActivityExtension/v2">
                <Watts>18</Watts>
              </TPX>
            </Extensions>
          </Trackpoint>
          <Trackpoint>
            <Time>2010-10-19T20:58:57Z</Time>
            <HeartRateBpm>
              <Value>0</Value>
            </HeartRateBpm>
            <Cadence>82</Cadence>
            <DistanceMeters>263.91024</DistanceMeters>
            <Extensions>
              <TPX xmlns="http://www.garmin.com/xmlschemas/ActivityExtension/v2">
                <Watts>16</Watts>
              </TPX>
            </Extensions>
          </Trackpoint>
          <Trackpoint>
            <Time>2010-10-19T20:58:58Z</Time>
            <HeartRateBpm>
              <Value>0</Value>
            </HeartRateBpm>
            <Cadence>81</Cadence>
            <DistanceMeters>265.37473</DistanceMeters>
            <Extensions>
              <TPX xmlns="http://www.garmin.com/xmlschemas/ActivityExtension/v2">
                <Watts>15</Watts>
              </TPX>
            </Extensions>
          </Trackpoint>
          <Trackpoint>
            <Time>2010-10-19T20:58:59Z</Time>
            <HeartRateBpm>
              <Value>0</Value>
            </HeartRateBpm>
            <Cadence>81</Cadence>
            <DistanceMeters>266.78093</DistanceMeters>
            <Extensions>
              <TPX xmlns="http://www.garmin.com/xmlschemas/ActivityExtension/v2">
                <Watts>14</Watts>
              </TPX>
            </Extensions>
          </Trackpoint>
          <Trackpoint>
            <Time>2010-10-19T20:59:00Z</Time>
            <HeartRateBpm>
              <Value>0</Value>
            </HeartRateBpm>
            <Cadence>81</Cadence>
            <DistanceMeters>267.65559</DistanceMeters>
            <Extensions>
              <TPX xmlns="http://www.garmin.com/xmlschemas/ActivityExtension/v2">
                <Watts>11</Watts>
              </TPX>
            </Extensions>
          </Trackpoint>
          <Trackpoint>
            <Time>2010-10-19T20:59:01Z</Time>
            <HeartRateBpm>
              <Value>0</Value>
            </HeartRateBpm>
            <Cadence>81</Cadence>
            <DistanceMeters>267.65559</DistanceMeters>
            <Extensions>
              <TPX xmlns="http://www.garmin.com/xmlschemas/ActivityExtension/v2">
                <Watts>4</Watts>
              </TPX>
            </Extensions>
          </Trackpoint>
          <Trackpoint>
            <Time>2010-10-19T20:59:02Z</Time>
            <HeartRateBpm>
              <Value>0</Value>
            </HeartRateBpm>
            <Cadence>81</Cadence>
            <DistanceMeters>268.64242</DistanceMeters>
            <Extensions>
              <TPX xmlns="http://www.garmin.com/xmlschemas/ActivityExtension/v2">
                <Watts>15</Watts>
              </TPX>
            </Extensions>
          </Trackpoint>
          <Trackpoint>
            <Time>2010-10-19T20:59:03Z</Time>
            <HeartRateBpm>
              <Value>0</Value>
            </HeartRateBpm>
            <Cadence>82</Cadence>
            <DistanceMeters>272.57094</DistanceMeters>
            <Extensions>
              <TPX xmlns="http://www.garmin.com/xmlschemas/ActivityExtension/v2">
                <Watts>76</Watts>
              </TPX>
            </Extensions>
          </Trackpoint>
          <Trackpoint>
            <Time>2010-10-19T20:59:04Z</Time>
            <HeartRateBpm>
              <Value>0</Value>
            </HeartRateBpm>
            <Cadence>84</Cadence>
            <DistanceMeters>276.01075</DistanceMeters>
            <Extensions>
              <TPX xmlns="http://www.garmin.com/xmlschemas/ActivityExtension/v2">
                <Watts>122</Watts>
              </TPX>
            </Extensions>
          </Trackpoint>
          <Trackpoint>
            <Time>2010-10-19T20:59:05Z</Time>
            <HeartRateBpm>
              <Value>0</Value>
            </HeartRateBpm>
            <Cadence>87</Cadence>
            <DistanceMeters>276.01075</DistanceMeters>
            <Extensions>
              <TPX xmlns="http://www.garmin.com/xmlschemas/ActivityExtension/v2">
                <Watts>61</Watts>
              </TPX>
            </Extensions>
          </Trackpoint>
          <Trackpoint>
            <Time>2010-10-19T20:59:06Z</Time>
            <HeartRateBpm>
              <Value>0</Value>
            </HeartRateBpm>
            <Cadence>90</Cadence>
            <DistanceMeters>276.01075</DistanceMeters>
            <Extensions>
              <TPX xmlns="http://www.garmin.com/xmlschemas/ActivityExtension/v2">
                <Watts>0</Watts>
              </TPX>
            </Extensions>
          </Trackpoint>
          <Trackpoint>
            <Time>2010-10-19T20:59:07Z</Time>
            <HeartRateBpm>
              <Value>0</Value>
            </HeartRateBpm>
            <Cadence>92</Cadence>
            <DistanceMeters>276.01075</DistanceMeters>
            <Extensions>
              <TPX xmlns="http://www.garmin.com/xmlschemas/ActivityExtension/v2">
                <Watts>0</Watts>
              </TPX>
            </Extensions>
          </Trackpoint>
          <Trackpoint>
            <Time>2010-10-19T20:59:08Z</Time>
            <HeartRateBpm>
              <Value>0</Value>
            </HeartRateBpm>
            <Cadence>94</Cadence>
            <DistanceMeters>276.01075</DistanceMeters>
            <Extensions>
              <TPX xmlns="http://www.garmin.com/xmlschemas/ActivityExtension/v2">
                <Watts>0</Watts>
              </TPX>
            </Extensions>
          </Trackpoint>
          <Trackpoint>
            <Time>2010-10-19T20:59:09Z</Time>
            <HeartRateBpm>
              <Value>0</Value>
            </HeartRateBpm>
            <Cadence>92</Cadence>
            <DistanceMeters>276.01075</DistanceMeters>
            <Extensions>
              <TPX xmlns="http://www.garmin.com/xmlschemas/ActivityExtension/v2">
                <Watts>0</Watts>
              </TPX>
            </Extensions>
          </Trackpoint>
          <Trackpoint>
            <Time>2010-10-19T20:59:10Z</Time>
            <HeartRateBpm>
              <Value>0</Value>
            </HeartRateBpm>
            <Cadence>89</Cadence>
            <DistanceMeters>276.01075</DistanceMeters>
            <Extensions>
              <TPX xmlns="http://www.garmin.com/xmlschemas/ActivityExtension/v2">
                <Watts>0</Watts>
              </TPX>
            </Extensions>
          </Trackpoint>
          <Trackpoint>
            <Time>2010-10-19T20:59:11Z</Time>
            <HeartRateBpm>
              <Value>0</Value>
            </HeartRateBpm>
            <Cadence>87</Cadence>
            <DistanceMeters>276.51119</DistanceMeters>
            <Extensions>
              <TPX xmlns="http://www.garmin.com/xmlschemas/ActivityExtension/v2">
                <Watts>1</Watts>
              </TPX>
            </Extensions>
          </Trackpoint>
          <Trackpoint>
            <Time>2010-10-19T20:59:12Z</Time>
            <HeartRateBpm>
              <Value>0</Value>
            </HeartRateBpm>
            <Cadence>86</Cadence>
            <DistanceMeters>277.18381</DistanceMeters>
            <Extensions>
              <TPX xmlns="http://www.garmin.com/xmlschemas/ActivityExtension/v2">
                <Watts>4</Watts>
              </TPX>
            </Extensions>
          </Trackpoint>
          <Trackpoint>
            <Time>2010-10-19T20:59:13Z</Time>
            <HeartRateBpm>
              <Value>0</Value>
            </HeartRateBpm>
            <Cadence>85</Cadence>
            <DistanceMeters>278.94752</DistanceMeters>
            <Extensions>
              <TPX xmlns="http://www.garmin.com/xmlschemas/ActivityExtension/v2">
                <Watts>15</Watts>
              </TPX>
            </Extensions>
          </Trackpoint>
          <Trackpoint>
            <Time>2010-10-19T20:59:14Z</Time>
            <HeartRateBpm>
              <Value>0</Value>
            </HeartRateBpm>
            <Cadence>85</Cadence>
            <DistanceMeters>281.38787</DistanceMeters>
            <Extensions>
              <TPX xmlns="http://www.garmin.com/xmlschemas/ActivityExtension/v2">
                <Watts>31</Watts>
              </TPX>
            </Extensions>
          </Trackpoint>
          <Trackpoint>
            <Time>2010-10-19T20:59:15Z</Time>
            <HeartRateBpm>
              <Value>0</Value>
            </HeartRateBpm>
            <Cadence>85</Cadence>
            <DistanceMeters>283.75812</DistanceMeters>
            <Extensions>
              <TPX xmlns="http://www.garmin.com/xmlschemas/ActivityExtension/v2">
                <Watts>38</Watts>
              </TPX>
            </Extensions>
          </Trackpoint>
          <Trackpoint>
            <Time>2010-10-19T20:59:16Z</Time>
            <HeartRateBpm>
              <Value>0</Value>
            </HeartRateBpm>
            <Cadence>85</Cadence>
            <DistanceMeters>286.05554</DistanceMeters>
            <Extensions>
              <TPX xmlns="http://www.garmin.com/xmlschemas/ActivityExtension/v2">
                <Watts>36</Watts>
              </TPX>
            </Extensions>
          </Trackpoint>
          <Trackpoint>
            <Time>2010-10-19T20:59:17Z</Time>
            <HeartRateBpm>
              <Value>0</Value>
            </HeartRateBpm>
            <Cadence>86</Cadence>
            <DistanceMeters>288.28111</DistanceMeters>
            <Extensions>
              <TPX xmlns="http://www.garmin.com/xmlschemas/ActivityExtension/v2">
                <Watts>33</Watts>
              </TPX>
            </Extensions>
          </Trackpoint>
          <Trackpoint>
            <Time>2010-10-19T20:59:18Z</Time>
            <HeartRateBpm>
              <Value>0</Value>
            </HeartRateBpm>
            <Cadence>88</Cadence>
            <DistanceMeters>290.38094</DistanceMeters>
            <Extensions>
              <TPX xmlns="http://www.garmin.com/xmlschemas/ActivityExtension/v2">
                <Watts>31</Watts>
              </TPX>
            </Extensions>
          </Trackpoint>
          <Trackpoint>
            <Time>2010-10-19T20:59:19Z</Time>
            <HeartRateBpm>
              <Value>0</Value>
            </HeartRateBpm>
            <Cadence>90</Cadence>
            <DistanceMeters>292.52011</DistanceMeters>
            <Extensions>
              <TPX xmlns="http://www.garmin.com/xmlschemas/ActivityExtension/v2">
                <Watts>29</Watts>
              </TPX>
            </Extensions>
          </Trackpoint>
          <Trackpoint>
            <Time>2010-10-19T20:59:20Z</Time>
            <HeartRateBpm>
              <Value>0</Value>
            </HeartRateBpm>
            <Cadence>90</Cadence>
            <DistanceMeters>294.78600</DistanceMeters>
            <Extensions>
              <TPX xmlns="http://www.garmin.com/xmlschemas/ActivityExtension/v2">
                <Watts>31</Watts>
              </TPX>
            </Extensions>
          </Trackpoint>
          <Trackpoint>
            <Time>2010-10-19T20:59:21Z</Time>
            <HeartRateBpm>
              <Value>0</Value>
            </HeartRateBpm>
            <Cadence>90</Cadence>
            <DistanceMeters>297.03754</DistanceMeters>
            <Extensions>
              <TPX xmlns="http://www.garmin.com/xmlschemas/ActivityExtension/v2">
                <Watts>33</Watts>
              </TPX>
            </Extensions>
          </Trackpoint>
          <Trackpoint>
            <Time>2010-10-19T20:59:22Z</Time>
            <HeartRateBpm>
              <Value>0</Value>
            </HeartRateBpm>
            <Cadence>91</Cadence>
            <DistanceMeters>299.17311</DistanceMeters>
            <Extensions>
              <TPX xmlns="http://www.garmin.com/xmlschemas/ActivityExtension/v2">
                <Watts>31</Watts>
              </TPX>
            </Extensions>
          </Trackpoint>
          <Trackpoint>
            <Time>2010-10-19T20:59:23Z</Time>
            <HeartRateBpm>
              <Value>0</Value>
            </HeartRateBpm>
            <Cadence>91</Cadence>
            <DistanceMeters>301.30868</DistanceMeters>
            <Extensions>
              <TPX xmlns="http://www.garmin.com/xmlschemas/ActivityExtension/v2">
                <Watts>30</Watts>
              </TPX>
            </Extensions>
          </Trackpoint>
          <Trackpoint>
            <Time>2010-10-19T20:59:24Z</Time>
            <HeartRateBpm>
              <Value>0</Value>
            </HeartRateBpm>
            <Cadence>93</Cadence>
            <DistanceMeters>301.64412</DistanceMeters>
            <Extensions>
              <TPX xmlns="http://www.garmin.com/xmlschemas/ActivityExtension/v2">
                <Watts>17</Watts>
              </TPX>
            </Extensions>
          </Trackpoint>
          <Trackpoint>
            <Time>2010-10-19T20:59:25Z</Time>
            <HeartRateBpm>
              <Value>0</Value>
            </HeartRateBpm>
            <Cadence>94</Cadence>
            <DistanceMeters>301.94890</DistanceMeters>
            <Extensions>
              <TPX xmlns="http://www.garmin.com/xmlschemas/ActivityExtension/v2">
                <Watts>3</Watts>
              </TPX>
            </Extensions>
          </Trackpoint>
          <Trackpoint>
            <Time>2010-10-19T20:59:26Z</Time>
            <HeartRateBpm>
              <Value>0</Value>
            </HeartRateBpm>
            <Cadence>92</Cadence>
            <DistanceMeters>303.47604</DistanceMeters>
            <Extensions>
              <TPX xmlns="http://www.garmin.com/xmlschemas/ActivityExtension/v2">
                <Watts>9</Watts>
              </TPX>
            </Extensions>
          </Trackpoint>
          <Trackpoint>
            <Time>2010-10-19T20:59:27Z</Time>
            <HeartRateBpm>
              <Value>0</Value>
            </HeartRateBpm>
            <Cadence>90</Cadence>
            <DistanceMeters>305.20803</DistanceMeters>
            <Extensions>
              <TPX xmlns="http://www.garmin.com/xmlschemas/ActivityExtension/v2">
                <Watts>17</Watts>
              </TPX>
            </Extensions>
          </Trackpoint>
          <Trackpoint>
            <Time>2010-10-19T20:59:28Z</Time>
            <HeartRateBpm>
              <Value>0</Value>
            </HeartRateBpm>
            <Cadence>90</Cadence>
            <DistanceMeters>306.97377</DistanceMeters>
            <Extensions>
              <TPX xmlns="http://www.garmin.com/xmlschemas/ActivityExtension/v2">
                <Watts>20</Watts>
              </TPX>
            </Extensions>
          </Trackpoint>
          <Trackpoint>
            <Time>2010-10-19T20:59:29Z</Time>
            <HeartRateBpm>
              <Value>0</Value>
            </HeartRateBpm>
            <Cadence>90</Cadence>
            <DistanceMeters>308.75201</DistanceMeters>
            <Extensions>
              <TPX xmlns="http://www.garmin.com/xmlschemas/ActivityExtension/v2">
                <Watts>20</Watts>
              </TPX>
            </Extensions>
          </Trackpoint>
          <Trackpoint>
            <Time>2010-10-19T20:59:30Z</Time>
            <HeartRateBpm>
              <Value>0</Value>
            </HeartRateBpm>
            <Cadence>89</Cadence>
            <DistanceMeters>310.53025</DistanceMeters>
            <Extensions>
              <TPX xmlns="http://www.garmin.com/xmlschemas/ActivityExtension/v2">
                <Watts>21</Watts>
              </TPX>
            </Extensions>
          </Trackpoint>
          <Trackpoint>
            <Time>2010-10-19T20:59:31Z</Time>
            <HeartRateBpm>
              <Value>0</Value>
            </HeartRateBpm>
            <Cadence>88</Cadence>
            <DistanceMeters>312.30849</DistanceMeters>
            <Extensions>
              <TPX xmlns="http://www.garmin.com/xmlschemas/ActivityExtension/v2">
                <Watts>21</Watts>
              </TPX>
            </Extensions>
          </Trackpoint>
          <Trackpoint>
            <Time>2010-10-19T20:59:32Z</Time>
            <HeartRateBpm>
              <Value>0</Value>
            </HeartRateBpm>
            <Cadence>88</Cadence>
            <DistanceMeters>314.27285</DistanceMeters>
            <Extensions>
              <TPX xmlns="http://www.garmin.com/xmlschemas/ActivityExtension/v2">
                <Watts>23</Watts>
              </TPX>
            </Extensions>
          </Trackpoint>
          <Trackpoint>
            <Time>2010-10-19T20:59:33Z</Time>
            <HeartRateBpm>
              <Value>0</Value>
            </HeartRateBpm>
            <Cadence>88</Cadence>
            <DistanceMeters>316.44205</DistanceMeters>
            <Extensions>
              <TPX xmlns="http://www.garmin.com/xmlschemas/ActivityExtension/v2">
                <Watts>27</Watts>
              </TPX>
            </Extensions>
          </Trackpoint>
          <Trackpoint>
            <Time>2010-10-19T20:59:34Z</Time>
            <HeartRateBpm>
              <Value>0</Value>
            </HeartRateBpm>
            <Cadence>89</Cadence>
            <DistanceMeters>318.73386</DistanceMeters>
            <Extensions>
              <TPX xmlns="http://www.garmin.com/xmlschemas/ActivityExtension/v2">
                <Watts>32</Watts>
              </TPX>
            </Extensions>
          </Trackpoint>
          <Trackpoint>
            <Time>2010-10-19T20:59:35Z</Time>
            <HeartRateBpm>
              <Value>0</Value>
            </HeartRateBpm>
            <Cadence>90</Cadence>
            <DistanceMeters>321.25408</DistanceMeters>
            <Extensions>
              <TPX xmlns="http://www.garmin.com/xmlschemas/ActivityExtension/v2">
                <Watts>38</Watts>
              </TPX>
            </Extensions>
          </Trackpoint>
          <Trackpoint>
            <Time>2010-10-19T20:59:36Z</Time>
            <HeartRateBpm>
              <Value>0</Value>
            </HeartRateBpm>
            <Cadence>92</Cadence>
            <DistanceMeters>323.73128</DistanceMeters>
            <Extensions>
              <TPX xmlns="http://www.garmin.com/xmlschemas/ActivityExtension/v2">
                <Watts>42</Watts>
              </TPX>
            </Extensions>
          </Trackpoint>
          <Trackpoint>
            <Time>2010-10-19T20:59:37Z</Time>
            <HeartRateBpm>
              <Value>0</Value>
            </HeartRateBpm>
            <Cadence>93</Cadence>
            <DistanceMeters>326.05813</DistanceMeters>
            <Extensions>
              <TPX xmlns="http://www.garmin.com/xmlschemas/ActivityExtension/v2">
                <Watts>38</Watts>
              </TPX>
            </Extensions>
          </Trackpoint>
          <Trackpoint>
            <Time>2010-10-19T20:59:38Z</Time>
            <HeartRateBpm>
              <Value>0</Value>
            </HeartRateBpm>
            <Cadence>94</Cadence>
            <DistanceMeters>328.37612</DistanceMeters>
            <Extensions>
              <TPX xmlns="http://www.garmin.com/xmlschemas/ActivityExtension/v2">
                <Watts>35</Watts>
              </TPX>
            </Extensions>
          </Trackpoint>
          <Trackpoint>
            <Time>2010-10-19T20:59:39Z</Time>
            <HeartRateBpm>
              <Value>0</Value>
            </HeartRateBpm>
            <Cadence>94</Cadence>
            <DistanceMeters>330.61048</DistanceMeters>
            <Extensions>
              <TPX xmlns="http://www.garmin.com/xmlschemas/ActivityExtension/v2">
                <Watts>34</Watts>
              </TPX>
            </Extensions>
          </Trackpoint>
          <Trackpoint>
            <Time>2010-10-19T20:59:40Z</Time>
            <HeartRateBpm>
              <Value>0</Value>
            </HeartRateBpm>
            <Cadence>94</Cadence>
            <DistanceMeters>332.84484</DistanceMeters>
            <Extensions>
              <TPX xmlns="http://www.garmin.com/xmlschemas/ActivityExtension/v2">
                <Watts>33</Watts>
              </TPX>
            </Extensions>
          </Trackpoint>
          <Trackpoint>
            <Time>2010-10-19T20:59:41Z</Time>
            <HeartRateBpm>
              <Value>0</Value>
            </HeartRateBpm>
            <Cadence>95</Cadence>
            <DistanceMeters>335.49670</DistanceMeters>
            <Extensions>
              <TPX xmlns="http://www.garmin.com/xmlschemas/ActivityExtension/v2">
                <Watts>40</Watts>
              </TPX>
            </Extensions>
          </Trackpoint>
          <Trackpoint>
            <Time>2010-10-19T20:59:42Z</Time>
            <HeartRateBpm>
              <Value>0</Value>
            </HeartRateBpm>
            <Cadence>96</Cadence>
            <DistanceMeters>338.16195</DistanceMeters>
            <Extensions>
              <TPX xmlns="http://www.garmin.com/xmlschemas/ActivityExtension/v2">
                <Watts>47</Watts>
              </TPX>
            </Extensions>
          </Trackpoint>
          <Trackpoint>
            <Time>2010-10-19T20:59:43Z</Time>
            <HeartRateBpm>
              <Value>0</Value>
            </HeartRateBpm>
            <Cadence>97</Cadence>
            <DistanceMeters>340.51745</DistanceMeters>
            <Extensions>
              <TPX xmlns="http://www.garmin.com/xmlschemas/ActivityExtension/v2">
                <Watts>43</Watts>
              </TPX>
            </Extensions>
          </Trackpoint>
          <Trackpoint>
            <Time>2010-10-19T20:59:44Z</Time>
            <HeartRateBpm>
              <Value>0</Value>
            </HeartRateBpm>
            <Cadence>98</Cadence>
            <DistanceMeters>342.81487</DistanceMeters>
            <Extensions>
              <TPX xmlns="http://www.garmin.com/xmlschemas/ActivityExtension/v2">
                <Watts>36</Watts>
              </TPX>
            </Extensions>
          </Trackpoint>
          <Trackpoint>
            <Time>2010-10-19T20:59:45Z</Time>
            <HeartRateBpm>
              <Value>0</Value>
            </HeartRateBpm>
            <Cadence>98</Cadence>
            <DistanceMeters>345.27166</DistanceMeters>
            <Extensions>
              <TPX xmlns="http://www.garmin.com/xmlschemas/ActivityExtension/v2">
                <Watts>37</Watts>
              </TPX>
            </Extensions>
          </Trackpoint>
          <Trackpoint>
            <Time>2010-10-19T20:59:46Z</Time>
            <HeartRateBpm>
              <Value>0</Value>
            </HeartRateBpm>
            <Cadence>97</Cadence>
            <DistanceMeters>347.79189</DistanceMeters>
            <Extensions>
              <TPX xmlns="http://www.garmin.com/xmlschemas/ActivityExtension/v2">
                <Watts>41</Watts>
              </TPX>
            </Extensions>
          </Trackpoint>
          <Trackpoint>
            <Time>2010-10-19T20:59:47Z</Time>
            <HeartRateBpm>
              <Value>0</Value>
            </HeartRateBpm>
            <Cadence>96</Cadence>
            <DistanceMeters>350.34180</DistanceMeters>
            <Extensions>
              <TPX xmlns="http://www.garmin.com/xmlschemas/ActivityExtension/v2">
                <Watts>43</Watts>
              </TPX>
            </Extensions>
          </Trackpoint>
          <Trackpoint>
            <Time>2010-10-19T20:59:48Z</Time>
            <HeartRateBpm>
              <Value>0</Value>
            </HeartRateBpm>
            <Cadence>95</Cadence>
            <DistanceMeters>352.91247</DistanceMeters>
            <Extensions>
              <TPX xmlns="http://www.garmin.com/xmlschemas/ActivityExtension/v2">
                <Watts>44</Watts>
              </TPX>
            </Extensions>
          </Trackpoint>
          <Trackpoint>
            <Time>2010-10-19T20:59:49Z</Time>
            <HeartRateBpm>
              <Value>0</Value>
            </HeartRateBpm>
            <Cadence>95</Cadence>
            <DistanceMeters>355.60639</DistanceMeters>
            <Extensions>
              <TPX xmlns="http://www.garmin.com/xmlschemas/ActivityExtension/v2">
                <Watts>47</Watts>
              </TPX>
            </Extensions>
          </Trackpoint>
          <Trackpoint>
            <Time>2010-10-19T20:59:50Z</Time>
            <HeartRateBpm>
              <Value>0</Value>
            </HeartRateBpm>
            <Cadence>95</Cadence>
            <DistanceMeters>358.44401</DistanceMeters>
            <Extensions>
              <TPX xmlns="http://www.garmin.com/xmlschemas/ActivityExtension/v2">
                <Watts>53</Watts>
              </TPX>
            </Extensions>
          </Trackpoint>
          <Trackpoint>
            <Time>2010-10-19T20:59:51Z</Time>
            <HeartRateBpm>
              <Value>0</Value>
            </HeartRateBpm>
            <Cadence>95</Cadence>
            <DistanceMeters>361.26121</DistanceMeters>
            <Extensions>
              <TPX xmlns="http://www.garmin.com/xmlschemas/ActivityExtension/v2">
                <Watts>56</Watts>
              </TPX>
            </Extensions>
          </Trackpoint>
          <Trackpoint>
            <Time>2010-10-19T20:59:52Z</Time>
            <HeartRateBpm>
              <Value>0</Value>
            </HeartRateBpm>
            <Cadence>95</Cadence>
            <DistanceMeters>364.03787</DistanceMeters>
            <Extensions>
              <TPX xmlns="http://www.garmin.com/xmlschemas/ActivityExtension/v2">
                <Watts>55</Watts>
              </TPX>
            </Extensions>
          </Trackpoint>
          <Trackpoint>
            <Time>2010-10-19T20:59:53Z</Time>
            <HeartRateBpm>
              <Value>0</Value>
            </HeartRateBpm>
            <Cadence>94</Cadence>
            <DistanceMeters>366.85609</DistanceMeters>
            <Extensions>
              <TPX xmlns="http://www.garmin.com/xmlschemas/ActivityExtension/v2">
                <Watts>54</Watts>
              </TPX>
            </Extensions>
          </Trackpoint>
          <Trackpoint>
            <Time>2010-10-19T20:59:54Z</Time>
            <HeartRateBpm>
              <Value>0</Value>
            </HeartRateBpm>
            <Cadence>94</Cadence>
            <DistanceMeters>369.83243</DistanceMeters>
            <Extensions>
              <TPX xmlns="http://www.garmin.com/xmlschemas/ActivityExtension/v2">
                <Watts>59</Watts>
              </TPX>
            </Extensions>
          </Trackpoint>
          <Trackpoint>
            <Time>2010-10-19T20:59:55Z</Time>
            <HeartRateBpm>
              <Value>0</Value>
            </HeartRateBpm>
            <Cadence>94</Cadence>
            <DistanceMeters>372.81767</DistanceMeters>
            <Extensions>
              <TPX xmlns="http://www.garmin.com/xmlschemas/ActivityExtension/v2">
                <Watts>64</Watts>
              </TPX>
            </Extensions>
          </Trackpoint>
          <Trackpoint>
            <Time>2010-10-19T20:59:56Z</Time>
            <HeartRateBpm>
              <Value>0</Value>
            </HeartRateBpm>
            <Cadence>94</Cadence>
            <DistanceMeters>375.90331</DistanceMeters>
            <Extensions>
              <TPX xmlns="http://www.garmin.com/xmlschemas/ActivityExtension/v2">
                <Watts>67</Watts>
              </TPX>
            </Extensions>
          </Trackpoint>
          <Trackpoint>
            <Time>2010-10-19T20:59:57Z</Time>
            <HeartRateBpm>
              <Value>0</Value>
            </HeartRateBpm>
            <Cadence>94</Cadence>
            <DistanceMeters>378.98895</DistanceMeters>
            <Extensions>
              <TPX xmlns="http://www.garmin.com/xmlschemas/ActivityExtension/v2">
                <Watts>69</Watts>
              </TPX>
            </Extensions>
          </Trackpoint>
          <Trackpoint>
            <Time>2010-10-19T20:59:58Z</Time>
            <HeartRateBpm>
              <Value>0</Value>
            </HeartRateBpm>
            <Cadence>94</Cadence>
            <DistanceMeters>382.02444</DistanceMeters>
            <Extensions>
              <TPX xmlns="http://www.garmin.com/xmlschemas/ActivityExtension/v2">
                <Watts>68</Watts>
              </TPX>
            </Extensions>
          </Trackpoint>
          <Trackpoint>
            <Time>2010-10-19T20:59:59Z</Time>
            <HeartRateBpm>
              <Value>0</Value>
            </HeartRateBpm>
            <Cadence>94</Cadence>
            <DistanceMeters>385.05754</DistanceMeters>
            <Extensions>
              <TPX xmlns="http://www.garmin.com/xmlschemas/ActivityExtension/v2">
                <Watts>67</Watts>
              </TPX>
            </Extensions>
          </Trackpoint>
          <Trackpoint>
            <Time>2010-10-19T21:00:00Z</Time>
            <HeartRateBpm>
              <Value>0</Value>
            </HeartRateBpm>
            <Cadence>93</Cadence>
            <DistanceMeters>388.01234</DistanceMeters>
            <Extensions>
              <TPX xmlns="http://www.garmin.com/xmlschemas/ActivityExtension/v2">
                <Watts>65</Watts>
              </TPX>
            </Extensions>
          </Trackpoint>
          <Trackpoint>
            <Time>2010-10-19T21:00:01Z</Time>
            <HeartRateBpm>
              <Value>0</Value>
            </HeartRateBpm>
            <Cadence>93</Cadence>
            <DistanceMeters>390.95085</DistanceMeters>
            <Extensions>
              <TPX xmlns="http://www.garmin.com/xmlschemas/ActivityExtension/v2">
                <Watts>62</Watts>
              </TPX>
            </Extensions>
          </Trackpoint>
          <Trackpoint>
            <Time>2010-10-19T21:00:02Z</Time>
            <HeartRateBpm>
              <Value>0</Value>
            </HeartRateBpm>
            <Cadence>93</Cadence>
            <DistanceMeters>393.94240</DistanceMeters>
            <Extensions>
              <TPX xmlns="http://www.garmin.com/xmlschemas/ActivityExtension/v2">
                <Watts>63</Watts>
              </TPX>
            </Extensions>
          </Trackpoint>
          <Trackpoint>
            <Time>2010-10-19T21:00:03Z</Time>
            <HeartRateBpm>
              <Value>0</Value>
            </HeartRateBpm>
            <Cadence>93</Cadence>
            <DistanceMeters>396.95657</DistanceMeters>
            <Extensions>
              <TPX xmlns="http://www.garmin.com/xmlschemas/ActivityExtension/v2">
                <Watts>65</Watts>
              </TPX>
            </Extensions>
          </Trackpoint>
          <Trackpoint>
            <Time>2010-10-19T21:00:04Z</Time>
            <HeartRateBpm>
              <Value>0</Value>
            </HeartRateBpm>
            <Cadence>93</Cadence>
            <DistanceMeters>400.10833</DistanceMeters>
            <Extensions>
              <TPX xmlns="http://www.garmin.com/xmlschemas/ActivityExtension/v2">
                <Watts>69</Watts>
              </TPX>
            </Extensions>
          </Trackpoint>
          <Trackpoint>
            <Time>2010-10-19T21:00:05Z</Time>
            <HeartRateBpm>
              <Value>0</Value>
            </HeartRateBpm>
            <Cadence>93</Cadence>
            <DistanceMeters>403.36213</DistanceMeters>
            <Extensions>
              <TPX xmlns="http://www.garmin.com/xmlschemas/ActivityExtension/v2">
                <Watts>76</Watts>
              </TPX>
            </Extensions>
          </Trackpoint>
          <Trackpoint>
            <Time>2010-10-19T21:00:06Z</Time>
            <HeartRateBpm>
              <Value>0</Value>
            </HeartRateBpm>
            <Cadence>93</Cadence>
            <DistanceMeters>406.57174</DistanceMeters>
            <Extensions>
              <TPX xmlns="http://www.garmin.com/xmlschemas/ActivityExtension/v2">
                <Watts>78</Watts>
              </TPX>
            </Extensions>
          </Trackpoint>
          <Trackpoint>
            <Time>2010-10-19T21:00:07Z</Time>
            <HeartRateBpm>
              <Value>0</Value>
            </HeartRateBpm>
            <Cadence>93</Cadence>
            <DistanceMeters>409.72675</DistanceMeters>
            <Extensions>
              <TPX xmlns="http://www.garmin.com/xmlschemas/ActivityExtension/v2">
                <Watts>75</Watts>
              </TPX>
            </Extensions>
          </Trackpoint>
          <Trackpoint>
            <Time>2010-10-19T21:00:08Z</Time>
            <HeartRateBpm>
              <Value>0</Value>
            </HeartRateBpm>
            <Cadence>92</Cadence>
            <DistanceMeters>412.84806</DistanceMeters>
            <Extensions>
              <TPX xmlns="http://www.garmin.com/xmlschemas/ActivityExtension/v2">
                <Watts>73</Watts>
              </TPX>
            </Extensions>
          </Trackpoint>
          <Trackpoint>
            <Time>2010-10-19T21:00:09Z</Time>
            <HeartRateBpm>
              <Value>0</Value>
            </HeartRateBpm>
            <Cadence>92</Cadence>
            <DistanceMeters>415.89797</DistanceMeters>
            <Extensions>
              <TPX xmlns="http://www.garmin.com/xmlschemas/ActivityExtension/v2">
                <Watts>70</Watts>
              </TPX>
            </Extensions>
          </Trackpoint>
          <Trackpoint>
            <Time>2010-10-19T21:00:10Z</Time>
            <HeartRateBpm>
              <Value>0</Value>
            </HeartRateBpm>
            <Cadence>92</Cadence>
            <DistanceMeters>418.95114</DistanceMeters>
            <Extensions>
              <TPX xmlns="http://www.garmin.com/xmlschemas/ActivityExtension/v2">
                <Watts>68</Watts>
              </TPX>
            </Extensions>
          </Trackpoint>
          <Trackpoint>
            <Time>2010-10-19T21:00:11Z</Time>
            <HeartRateBpm>
              <Value>0</Value>
            </HeartRateBpm>
            <Cadence>92</Cadence>
            <DistanceMeters>422.01787</DistanceMeters>
            <Extensions>
              <TPX xmlns="http://www.garmin.com/xmlschemas/ActivityExtension/v2">
                <Watts>68</Watts>
              </TPX>
            </Extensions>
          </Trackpoint>
          <Trackpoint>
            <Time>2010-10-19T21:00:12Z</Time>
            <HeartRateBpm>
              <Value>0</Value>
            </HeartRateBpm>
            <Cadence>92</Cadence>
            <DistanceMeters>425.09600</DistanceMeters>
            <Extensions>
              <TPX xmlns="http://www.garmin.com/xmlschemas/ActivityExtension/v2">
                <Watts>69</Watts>
              </TPX>
            </Extensions>
          </Trackpoint>
          <Trackpoint>
            <Time>2010-10-19T21:00:13Z</Time>
            <HeartRateBpm>
              <Value>0</Value>
            </HeartRateBpm>
            <Cadence>92</Cadence>
            <DistanceMeters>428.33299</DistanceMeters>
            <Extensions>
              <TPX xmlns="http://www.garmin.com/xmlschemas/ActivityExtension/v2">
                <Watts>74</Watts>
              </TPX>
            </Extensions>
          </Trackpoint>
          <Trackpoint>
            <Time>2010-10-19T21:00:14Z</Time>
            <HeartRateBpm>
              <Value>0</Value>
            </HeartRateBpm>
            <Cadence>92</Cadence>
            <DistanceMeters>431.56997</DistanceMeters>
            <Extensions>
              <TPX xmlns="http://www.garmin.com/xmlschemas/ActivityExtension/v2">
                <Watts>78</Watts>
              </TPX>
            </Extensions>
          </Trackpoint>
          <Trackpoint>
            <Time>2010-10-19T21:00:15Z</Time>
            <HeartRateBpm>
              <Value>0</Value>
            </HeartRateBpm>
            <Cadence>92</Cadence>
            <DistanceMeters>434.93936</DistanceMeters>
            <Extensions>
              <TPX xmlns="http://www.garmin.com/xmlschemas/ActivityExtension/v2">
                <Watts>82</Watts>
              </TPX>
            </Extensions>
          </Trackpoint>
          <Trackpoint>
            <Time>2010-10-19T21:00:16Z</Time>
            <HeartRateBpm>
              <Value>0</Value>
            </HeartRateBpm>
            <Cadence>92</Cadence>
            <DistanceMeters>438.31718</DistanceMeters>
            <Extensions>
              <TPX xmlns="http://www.garmin.com/xmlschemas/ActivityExtension/v2">
                <Watts>87</Watts>
              </TPX>
            </Extensions>
          </Trackpoint>
          <Trackpoint>
            <Time>2010-10-19T21:00:17Z</Time>
            <HeartRateBpm>
              <Value>0</Value>
            </HeartRateBpm>
            <Cadence>93</Cadence>
            <DistanceMeters>441.45734</DistanceMeters>
            <Extensions>
              <TPX xmlns="http://www.garmin.com/xmlschemas/ActivityExtension/v2">
                <Watts>81</Watts>
              </TPX>
            </Extensions>
          </Trackpoint>
          <Trackpoint>
            <Time>2010-10-19T21:00:18Z</Time>
            <HeartRateBpm>
              <Value>0</Value>
            </HeartRateBpm>
            <Cadence>93</Cadence>
            <DistanceMeters>444.54298</DistanceMeters>
            <Extensions>
              <TPX xmlns="http://www.garmin.com/xmlschemas/ActivityExtension/v2">
                <Watts>72</Watts>
              </TPX>
            </Extensions>
          </Trackpoint>
          <Trackpoint>
            <Time>2010-10-19T21:00:19Z</Time>
            <HeartRateBpm>
              <Value>0</Value>
            </HeartRateBpm>
            <Cadence>94</Cadence>
            <DistanceMeters>447.91005</DistanceMeters>
            <Extensions>
              <TPX xmlns="http://www.garmin.com/xmlschemas/ActivityExtension/v2">
                <Watts>78</Watts>
              </TPX>
            </Extensions>
          </Trackpoint>
          <Trackpoint>
            <Time>2010-10-19T21:00:20Z</Time>
            <HeartRateBpm>
              <Value>0</Value>
            </HeartRateBpm>
            <Cadence>94</Cadence>
            <DistanceMeters>451.40557</DistanceMeters>
            <Extensions>
              <TPX xmlns="http://www.garmin.com/xmlschemas/ActivityExtension/v2">
                <Watts>90</Watts>
              </TPX>
            </Extensions>
          </Trackpoint>
          <Trackpoint>
            <Time>2010-10-19T21:00:21Z</Time>
            <HeartRateBpm>
              <Value>0</Value>
            </HeartRateBpm>
            <Cadence>95</Cadence>
            <DistanceMeters>454.87639</DistanceMeters>
            <Extensions>
              <TPX xmlns="http://www.garmin.com/xmlschemas/ActivityExtension/v2">
                <Watts>95</Watts>
              </TPX>
            </Extensions>
          </Trackpoint>
          <Trackpoint>
            <Time>2010-10-19T21:00:22Z</Time>
            <HeartRateBpm>
              <Value>0</Value>
            </HeartRateBpm>
            <Cadence>97</Cadence>
            <DistanceMeters>458.32777</DistanceMeters>
            <Extensions>
              <TPX xmlns="http://www.garmin.com/xmlschemas/ActivityExtension/v2">
                <Watts>93</Watts>
              </TPX>
            </Extensions>
          </Trackpoint>
          <Trackpoint>
            <Time>2010-10-19T21:00:23Z</Time>
            <HeartRateBpm>
              <Value>0</Value>
            </HeartRateBpm>
            <Cadence>98</Cadence>
            <DistanceMeters>461.59803</DistanceMeters>
            <Extensions>
              <TPX xmlns="http://www.garmin.com/xmlschemas/ActivityExtension/v2">
                <Watts>87</Watts>
              </TPX>
            </Extensions>
          </Trackpoint>
          <Trackpoint>
            <Time>2010-10-19T21:00:24Z</Time>
            <HeartRateBpm>
              <Value>0</Value>
            </HeartRateBpm>
            <Cadence>98</Cadence>
            <DistanceMeters>464.63112</DistanceMeters>
            <Extensions>
              <TPX xmlns="http://www.garmin.com/xmlschemas/ActivityExtension/v2">
                <Watts>75</Watts>
              </TPX>
            </Extensions>
          </Trackpoint>
          <Trackpoint>
            <Time>2010-10-19T21:00:25Z</Time>
            <HeartRateBpm>
              <Value>0</Value>
            </HeartRateBpm>
            <Cadence>98</Cadence>
            <DistanceMeters>467.76527</DistanceMeters>
            <Extensions>
              <TPX xmlns="http://www.garmin.com/xmlschemas/ActivityExtension/v2">
                <Watts>69</Watts>
              </TPX>
            </Extensions>
          </Trackpoint>
          <Trackpoint>
            <Time>2010-10-19T21:00:26Z</Time>
            <HeartRateBpm>
              <Value>0</Value>
            </HeartRateBpm>
            <Cadence>100</Cadence>
            <DistanceMeters>471.12837</DistanceMeters>
            <Extensions>
              <TPX xmlns="http://www.garmin.com/xmlschemas/ActivityExtension/v2">
                <Watts>79</Watts>
              </TPX>
            </Extensions>
          </Trackpoint>
          <Trackpoint>
            <Time>2010-10-19T21:00:27Z</Time>
            <HeartRateBpm>
              <Value>0</Value>
            </HeartRateBpm>
            <Cadence>101</Cadence>
            <DistanceMeters>474.50731</DistanceMeters>
            <Extensions>
              <TPX xmlns="http://www.garmin.com/xmlschemas/ActivityExtension/v2">
                <Watts>87</Watts>
              </TPX>
            </Extensions>
          </Trackpoint>
          <Trackpoint>
            <Time>2010-10-19T21:00:28Z</Time>
            <HeartRateBpm>
              <Value>0</Value>
            </HeartRateBpm>
            <Cadence>101</Cadence>
            <DistanceMeters>477.95869</DistanceMeters>
            <Extensions>
              <TPX xmlns="http://www.garmin.com/xmlschemas/ActivityExtension/v2">
                <Watts>90</Watts>
              </TPX>
            </Extensions>
          </Trackpoint>
          <Trackpoint>
            <Time>2010-10-19T21:00:29Z</Time>
            <HeartRateBpm>
              <Value>0</Value>
            </HeartRateBpm>
            <Cadence>100</Cadence>
            <DistanceMeters>481.39083</DistanceMeters>
            <Extensions>
              <TPX xmlns="http://www.garmin.com/xmlschemas/ActivityExtension/v2">
                <Watts>92</Watts>
              </TPX>
            </Extensions>
          </Trackpoint>
          <Trackpoint>
            <Time>2010-10-19T21:00:30Z</Time>
            <HeartRateBpm>
              <Value>0</Value>
            </HeartRateBpm>
            <Cadence>100</Cadence>
            <DistanceMeters>484.47647</DistanceMeters>
            <Extensions>
              <TPX xmlns="http://www.garmin.com/xmlschemas/ActivityExtension/v2">
                <Watts>81</Watts>
              </TPX>
            </Extensions>
          </Trackpoint>
          <Trackpoint>
            <Time>2010-10-19T21:00:31Z</Time>
            <HeartRateBpm>
              <Value>0</Value>
            </HeartRateBpm>
            <Cadence>100</Cadence>
            <DistanceMeters>487.56211</DistanceMeters>
            <Extensions>
              <TPX xmlns="http://www.garmin.com/xmlschemas/ActivityExtension/v2">
                <Watts>70</Watts>
              </TPX>
            </Extensions>
          </Trackpoint>
          <Trackpoint>
            <Time>2010-10-19T21:00:32Z</Time>
            <HeartRateBpm>
              <Value>0</Value>
            </HeartRateBpm>
            <Cadence>100</Cadence>
            <DistanceMeters>490.94550</DistanceMeters>
            <Extensions>
              <TPX xmlns="http://www.garmin.com/xmlschemas/ActivityExtension/v2">
                <Watts>78</Watts>
              </TPX>
            </Extensions>
          </Trackpoint>
          <Trackpoint>
            <Time>2010-10-19T21:00:33Z</Time>
            <HeartRateBpm>
              <Value>0</Value>
            </HeartRateBpm>
            <Cadence>100</Cadence>
            <DistanceMeters>494.35275</DistanceMeters>
            <Extensions>
              <TPX xmlns="http://www.garmin.com/xmlschemas/ActivityExtension/v2">
                <Watts>88</Watts>
              </TPX>
            </Extensions>
          </Trackpoint>
          <Trackpoint>
            <Time>2010-10-19T21:00:34Z</Time>
            <HeartRateBpm>
              <Value>0</Value>
            </HeartRateBpm>
            <Cadence>99</Cadence>
            <DistanceMeters>497.75999</DistanceMeters>
            <Extensions>
              <TPX xmlns="http://www.garmin.com/xmlschemas/ActivityExtension/v2">
                <Watts>90</Watts>
              </TPX>
            </Extensions>
          </Trackpoint>
          <Trackpoint>
            <Time>2010-10-19T21:00:35Z</Time>
            <HeartRateBpm>
              <Value>0</Value>
            </HeartRateBpm>
            <Cadence>98</Cadence>
            <DistanceMeters>501.16723</DistanceMeters>
            <Extensions>
              <TPX xmlns="http://www.garmin.com/xmlschemas/ActivityExtension/v2">
                <Watts>90</Watts>
              </TPX>
            </Extensions>
          </Trackpoint>
          <Trackpoint>
            <Time>2010-10-19T21:00:36Z</Time>
            <HeartRateBpm>
              <Value>0</Value>
            </HeartRateBpm>
            <Cadence>97</Cadence>
            <DistanceMeters>504.57447</DistanceMeters>
            <Extensions>
              <TPX xmlns="http://www.garmin.com/xmlschemas/ActivityExtension/v2">
                <Watts>90</Watts>
              </TPX>
            </Extensions>
          </Trackpoint>
          <Trackpoint>
            <Time>2010-10-19T21:00:37Z</Time>
            <HeartRateBpm>
              <Value>0</Value>
            </HeartRateBpm>
            <Cadence>97</Cadence>
            <DistanceMeters>507.98171</DistanceMeters>
            <Extensions>
              <TPX xmlns="http://www.garmin.com/xmlschemas/ActivityExtension/v2">
                <Watts>90</Watts>
              </TPX>
            </Extensions>
          </Trackpoint>
          <Trackpoint>
            <Time>2010-10-19T21:00:38Z</Time>
            <HeartRateBpm>
              <Value>0</Value>
            </HeartRateBpm>
            <Cadence>96</Cadence>
            <DistanceMeters>511.51163</DistanceMeters>
            <Extensions>
              <TPX xmlns="http://www.garmin.com/xmlschemas/ActivityExtension/v2">
                <Watts>94</Watts>
              </TPX>
            </Extensions>
          </Trackpoint>
          <Trackpoint>
            <Time>2010-10-19T21:00:39Z</Time>
            <HeartRateBpm>
              <Value>0</Value>
            </HeartRateBpm>
            <Cadence>94</Cadence>
            <DistanceMeters>515.14378</DistanceMeters>
            <Extensions>
              <TPX xmlns="http://www.garmin.com/xmlschemas/ActivityExtension/v2">
                <Watts>101</Watts>
              </TPX>
            </Extensions>
          </Trackpoint>
          <Trackpoint>
            <Time>2010-10-19T21:00:40Z</Time>
            <HeartRateBpm>
              <Value>0</Value>
            </HeartRateBpm>
            <Cadence>93</Cadence>
            <DistanceMeters>518.58320</DistanceMeters>
            <Extensions>
              <TPX xmlns="http://www.garmin.com/xmlschemas/ActivityExtension/v2">
                <Watts>99</Watts>
              </TPX>
            </Extensions>
          </Trackpoint>
          <Trackpoint>
            <Time>2010-10-19T21:00:41Z</Time>
            <HeartRateBpm>
              <Value>0</Value>
            </HeartRateBpm>
            <Cadence>91</Cadence>
            <DistanceMeters>521.75503</DistanceMeters>
            <Extensions>
              <TPX xmlns="http://www.garmin.com/xmlschemas/ActivityExtension/v2">
                <Watts>85</Watts>
              </TPX>
            </Extensions>
          </Trackpoint>
          <Trackpoint>
            <Time>2010-10-19T21:00:42Z</Time>
            <HeartRateBpm>
              <Value>0</Value>
            </HeartRateBpm>
            <Cadence>90</Cadence>
            <DistanceMeters>524.96489</DistanceMeters>
            <Extensions>
              <TPX xmlns="http://www.garmin.com/xmlschemas/ActivityExtension/v2">
                <Watts>76</Watts>
              </TPX>
            </Extensions>
          </Trackpoint>
          <Trackpoint>
            <Time>2010-10-19T21:00:43Z</Time>
            <HeartRateBpm>
              <Value>0</Value>
            </HeartRateBpm>
            <Cadence>90</Cadence>
            <DistanceMeters>528.26703</DistanceMeters>
            <Extensions>
              <TPX xmlns="http://www.garmin.com/xmlschemas/ActivityExtension/v2">
                <Watts>79</Watts>
              </TPX>
            </Extensions>
          </Trackpoint>
          <Trackpoint>
            <Time>2010-10-19T21:00:44Z</Time>
            <HeartRateBpm>
              <Value>0</Value>
            </HeartRateBpm>
            <Cadence>90</Cadence>
            <DistanceMeters>531.62122</DistanceMeters>
            <Extensions>
              <TPX xmlns="http://www.garmin.com/xmlschemas/ActivityExtension/v2">
                <Watts>84</Watts>
              </TPX>
            </Extensions>
          </Trackpoint>
          <Trackpoint>
            <Time>2010-10-19T21:00:45Z</Time>
            <HeartRateBpm>
              <Value>0</Value>
            </HeartRateBpm>
            <Cadence>90</Cadence>
            <DistanceMeters>535.23866</DistanceMeters>
            <Extensions>
              <TPX xmlns="http://www.garmin.com/xmlschemas/ActivityExtension/v2">
                <Watts>95</Watts>
              </TPX>
            </Extensions>
          </Trackpoint>
          <Trackpoint>
            <Time>2010-10-19T21:00:46Z</Time>
            <HeartRateBpm>
              <Value>0</Value>
            </HeartRateBpm>
            <Cadence>90</Cadence>
            <DistanceMeters>538.86341</DistanceMeters>
            <Extensions>
              <TPX xmlns="http://www.garmin.com/xmlschemas/ActivityExtension/v2">
                <Watts>105</Watts>
              </TPX>
            </Extensions>
          </Trackpoint>
          <Trackpoint>
            <Time>2010-10-19T21:00:47Z</Time>
            <HeartRateBpm>
              <Value>0</Value>
            </HeartRateBpm>
            <Cadence>90</Cadence>
            <DistanceMeters>542.67212</DistanceMeters>
            <Extensions>
              <TPX xmlns="http://www.garmin.com/xmlschemas/ActivityExtension/v2">
                <Watts>112</Watts>
              </TPX>
            </Extensions>
          </Trackpoint>
          <Trackpoint>
            <Time>2010-10-19T21:00:48Z</Time>
            <HeartRateBpm>
              <Value>0</Value>
            </HeartRateBpm>
            <Cadence>91</Cadence>
            <DistanceMeters>546.48083</DistanceMeters>
            <Extensions>
              <TPX xmlns="http://www.garmin.com/xmlschemas/ActivityExtension/v2">
                <Watts>119</Watts>
              </TPX>
            </Extensions>
          </Trackpoint>
          <Trackpoint>
            <Time>2010-10-19T21:00:49Z</Time>
            <HeartRateBpm>
              <Value>0</Value>
            </HeartRateBpm>
            <Cadence>92</Cadence>
            <DistanceMeters>550.09221</DistanceMeters>
            <Extensions>
              <TPX xmlns="http://www.garmin.com/xmlschemas/ActivityExtension/v2">
                <Watts>112</Watts>
              </TPX>
            </Extensions>
          </Trackpoint>
          <Trackpoint>
            <Time>2010-10-19T21:00:50Z</Time>
            <HeartRateBpm>
              <Value>0</Value>
            </HeartRateBpm>
            <Cadence>93</Cadence>
            <DistanceMeters>553.68442</DistanceMeters>
            <Extensions>
              <TPX xmlns="http://www.garmin.com/xmlschemas/ActivityExtension/v2">
                <Watts>104</Watts>
              </TPX>
            </Extensions>
          </Trackpoint>
          <Trackpoint>
            <Time>2010-10-19T21:00:51Z</Time>
            <HeartRateBpm>
              <Value>0</Value>
            </HeartRateBpm>
            <Cadence>94</Cadence>
            <DistanceMeters>557.30797</DistanceMeters>
            <Extensions>
              <TPX xmlns="http://www.garmin.com/xmlschemas/ActivityExtension/v2">
                <Watts>104</Watts>
              </TPX>
            </Extensions>
          </Trackpoint>
          <Trackpoint>
            <Time>2010-10-19T21:00:52Z</Time>
            <HeartRateBpm>
              <Value>0</Value>
            </HeartRateBpm>
            <Cadence>95</Cadence>
            <DistanceMeters>560.94012</DistanceMeters>
            <Extensions>
              <TPX xmlns="http://www.garmin.com/xmlschemas/ActivityExtension/v2">
                <Watts>105</Watts>
              </TPX>
            </Extensions>
          </Trackpoint>
          <Trackpoint>
            <Time>2010-10-19T21:00:53Z</Time>
            <HeartRateBpm>
              <Value>0</Value>
            </HeartRateBpm>
            <Cadence>94</Cadence>
            <DistanceMeters>564.31229</DistanceMeters>
            <Extensions>
              <TPX xmlns="http://www.garmin.com/xmlschemas/ActivityExtension/v2">
                <Watts>97</Watts>
              </TPX>
            </Extensions>
          </Trackpoint>
          <Trackpoint>
            <Time>2010-10-19T21:00:54Z</Time>
            <HeartRateBpm>
              <Value>0</Value>
            </HeartRateBpm>
            <Cadence>92</Cadence>
            <DistanceMeters>567.54927</DistanceMeters>
            <Extensions>
              <TPX xmlns="http://www.garmin.com/xmlschemas/ActivityExtension/v2">
                <Watts>84</Watts>
              </TPX>
            </Extensions>
          </Trackpoint>
          <Trackpoint>
            <Time>2010-10-19T21:00:55Z</Time>
            <HeartRateBpm>
              <Value>0</Value>
            </HeartRateBpm>
            <Cadence>91</Cadence>
            <DistanceMeters>570.86887</DistanceMeters>
            <Extensions>
              <TPX xmlns="http://www.garmin.com/xmlschemas/ActivityExtension/v2">
                <Watts>81</Watts>
              </TPX>
            </Extensions>
          </Trackpoint>
          <Trackpoint>
            <Time>2010-10-19T21:00:56Z</Time>
            <HeartRateBpm>
              <Value>0</Value>
            </HeartRateBpm>
            <Cadence>91</Cadence>
            <DistanceMeters>574.26139</DistanceMeters>
            <Extensions>
              <TPX xmlns="http://www.garmin.com/xmlschemas/ActivityExtension/v2">
                <Watts>86</Watts>
              </TPX>
            </Extensions>
          </Trackpoint>
          <Trackpoint>
            <Time>2010-10-19T21:00:57Z</Time>
            <HeartRateBpm>
              <Value>0</Value>
            </HeartRateBpm>
            <Cadence>91</Cadence>
            <DistanceMeters>577.81794</DistanceMeters>
            <Extensions>
              <TPX xmlns="http://www.garmin.com/xmlschemas/ActivityExtension/v2">
                <Watts>94</Watts>
              </TPX>
            </Extensions>
          </Trackpoint>
          <Trackpoint>
            <Time>2010-10-19T21:00:58Z</Time>
            <HeartRateBpm>
              <Value>0</Value>
            </HeartRateBpm>
            <Cadence>92</Cadence>
            <DistanceMeters>581.61614</DistanceMeters>
            <Extensions>
              <TPX xmlns="http://www.garmin.com/xmlschemas/ActivityExtension/v2">
                <Watts>108</Watts>
              </TPX>
            </Extensions>
          </Trackpoint>
          <Trackpoint>
            <Time>2010-10-19T21:00:59Z</Time>
            <HeartRateBpm>
              <Value>0</Value>
            </HeartRateBpm>
            <Cadence>93</Cadence>
            <DistanceMeters>585.37584</DistanceMeters>
            <Extensions>
              <TPX xmlns="http://www.garmin.com/xmlschemas/ActivityExtension/v2">
                <Watts>117</Watts>
              </TPX>
            </Extensions>
          </Trackpoint>
          <Trackpoint>
            <Time>2010-10-19T21:01:00Z</Time>
            <HeartRateBpm>
              <Value>0</Value>
            </HeartRateBpm>
            <Cadence>93</Cadence>
            <DistanceMeters>589.03532</DistanceMeters>
            <Extensions>
              <TPX xmlns="http://www.garmin.com/xmlschemas/ActivityExtension/v2">
                <Watts>112</Watts>
              </TPX>
            </Extensions>
          </Trackpoint>
          <Trackpoint>
            <Time>2010-10-19T21:01:01Z</Time>
            <HeartRateBpm>
              <Value>0</Value>
            </HeartRateBpm>
            <Cadence>92</Cadence>
            <DistanceMeters>592.67420</DistanceMeters>
            <Extensions>
              <TPX xmlns="http://www.garmin.com/xmlschemas/ActivityExtension/v2">
                <Watts>107</Watts>
              </TPX>
            </Extensions>
          </Trackpoint>
          <Trackpoint>
            <Time>2010-10-19T21:01:02Z</Time>
            <HeartRateBpm>
              <Value>0</Value>
            </HeartRateBpm>
            <Cadence>92</Cadence>
            <DistanceMeters>596.19704</DistanceMeters>
            <Extensions>
              <TPX xmlns="http://www.garmin.com/xmlschemas/ActivityExtension/v2">
                <Watts>102</Watts>
              </TPX>
            </Extensions>
          </Trackpoint>
          <Trackpoint>
            <Time>2010-10-19T21:01:03Z</Time>
            <HeartRateBpm>
              <Value>0</Value>
            </HeartRateBpm>
            <Cadence>92</Cadence>
            <DistanceMeters>599.72216</DistanceMeters>
            <Extensions>
              <TPX xmlns="http://www.garmin.com/xmlschemas/ActivityExtension/v2">
                <Watts>98</Watts>
              </TPX>
            </Extensions>
          </Trackpoint>
          <Trackpoint>
            <Time>2010-10-19T21:01:04Z</Time>
            <HeartRateBpm>
              <Value>0</Value>
            </HeartRateBpm>
            <Cadence>92</Cadence>
            <DistanceMeters>603.33959</DistanceMeters>
            <Extensions>
              <TPX xmlns="http://www.garmin.com/xmlschemas/ActivityExtension/v2">
                <Watts>101</Watts>
              </TPX>
            </Extensions>
          </Trackpoint>
          <Trackpoint>
            <Time>2010-10-19T21:01:05Z</Time>
            <HeartRateBpm>
              <Value>0</Value>
            </HeartRateBpm>
            <Cadence>92</Cadence>
            <DistanceMeters>606.95702</DistanceMeters>
            <Extensions>
              <TPX xmlns="http://www.garmin.com/xmlschemas/ActivityExtension/v2">
                <Watts>104</Watts>
              </TPX>
            </Extensions>
          </Trackpoint>
          <Trackpoint>
            <Time>2010-10-19T21:01:06Z</Time>
            <HeartRateBpm>
              <Value>0</Value>
            </HeartRateBpm>
            <Cadence>92</Cadence>
            <DistanceMeters>610.46509</DistanceMeters>
            <Extensions>
              <TPX xmlns="http://www.garmin.com/xmlschemas/ActivityExtension/v2">
                <Watts>101</Watts>
              </TPX>
            </Extensions>
          </Trackpoint>
          <Trackpoint>
            <Time>2010-10-19T21:01:07Z</Time>
            <HeartRateBpm>
              <Value>0</Value>
            </HeartRateBpm>
            <Cadence>92</Cadence>
            <DistanceMeters>613.96061</DistanceMeters>
            <Extensions>
              <TPX xmlns="http://www.garmin.com/xmlschemas/ActivityExtension/v2">
                <Watts>96</Watts>
              </TPX>
            </Extensions>
          </Trackpoint>
          <Trackpoint>
            <Time>2010-10-19T21:01:08Z</Time>
            <HeartRateBpm>
              <Value>0</Value>
            </HeartRateBpm>
            <Cadence>92</Cadence>
            <DistanceMeters>617.68930</DistanceMeters>
            <Extensions>
              <TPX xmlns="http://www.garmin.com/xmlschemas/ActivityExtension/v2">
                <Watts>104</Watts>
              </TPX>
            </Extensions>
          </Trackpoint>
          <Trackpoint>
            <Time>2010-10-19T21:01:09Z</Time>
            <HeartRateBpm>
              <Value>0</Value>
            </HeartRateBpm>
            <Cadence>92</Cadence>
            <DistanceMeters>621.48750</DistanceMeters>
            <Extensions>
              <TPX xmlns="http://www.garmin.com/xmlschemas/ActivityExtension/v2">
                <Watts>115</Watts>
              </TPX>
            </Extensions>
          </Trackpoint>
          <Trackpoint>
            <Time>2010-10-19T21:01:10Z</Time>
            <HeartRateBpm>
              <Value>0</Value>
            </HeartRateBpm>
            <Cadence>93</Cadence>
            <DistanceMeters>625.25323</DistanceMeters>
            <Extensions>
              <TPX xmlns="http://www.garmin.com/xmlschemas/ActivityExtension/v2">
                <Watts>117</Watts>
              </TPX>
            </Extensions>
          </Trackpoint>
          <Trackpoint>
            <Time>2010-10-19T21:01:11Z</Time>
            <HeartRateBpm>
              <Value>0</Value>
            </HeartRateBpm>
            <Cadence>93</Cadence>
            <DistanceMeters>629.00099</DistanceMeters>
            <Extensions>
              <TPX xmlns="http://www.garmin.com/xmlschemas/ActivityExtension/v2">
                <Watts>115</Watts>
              </TPX>
            </Extensions>
          </Trackpoint>
          <Trackpoint>
            <Time>2010-10-19T21:01:12Z</Time>
            <HeartRateBpm>
              <Value>0</Value>
            </HeartRateBpm>
            <Cadence>94</Cadence>
            <DistanceMeters>632.71616</DistanceMeters>
            <Extensions>
              <TPX xmlns="http://www.garmin.com/xmlschemas/ActivityExtension/v2">
                <Watts>113</Watts>
              </TPX>
            </Extensions>
          </Trackpoint>
          <Trackpoint>
            <Time>2010-10-19T21:01:13Z</Time>
            <HeartRateBpm>
              <Value>0</Value>
            </HeartRateBpm>
            <Cadence>94</Cadence>
            <DistanceMeters>636.40086</DistanceMeters>
            <Extensions>
              <TPX xmlns="http://www.garmin.com/xmlschemas/ActivityExtension/v2">
                <Watts>111</Watts>
              </TPX>
            </Extensions>
          </Trackpoint>
          <Trackpoint>
            <Time>2010-10-19T21:01:14Z</Time>
            <HeartRateBpm>
              <Value>0</Value>
            </HeartRateBpm>
            <Cadence>94</Cadence>
            <DistanceMeters>639.97162</DistanceMeters>
            <Extensions>
              <TPX xmlns="http://www.garmin.com/xmlschemas/ActivityExtension/v2">
                <Watts>106</Watts>
              </TPX>
            </Extensions>
          </Trackpoint>
          <Trackpoint>
            <Time>2010-10-19T21:01:15Z</Time>
            <HeartRateBpm>
              <Value>0</Value>
            </HeartRateBpm>
            <Cadence>94</Cadence>
            <DistanceMeters>643.36415</DistanceMeters>
            <Extensions>
              <TPX xmlns="http://www.garmin.com/xmlschemas/ActivityExtension/v2">
                <Watts>96</Watts>
              </TPX>
            </Extensions>
          </Trackpoint>
          <Trackpoint>
            <Time>2010-10-19T21:01:16Z</Time>
            <HeartRateBpm>
              <Value>0</Value>
            </HeartRateBpm>
            <Cadence>93</Cadence>
            <DistanceMeters>646.75280</DistanceMeters>
            <Extensions>
              <TPX xmlns="http://www.garmin.com/xmlschemas/ActivityExtension/v2">
                <Watts>88</Watts>
              </TPX>
            </Extensions>
          </Trackpoint>
          <Trackpoint>
            <Time>2010-10-19T21:01:17Z</Time>
            <HeartRateBpm>
              <Value>0</Value>
            </HeartRateBpm>
            <Cadence>93</Cadence>
            <DistanceMeters>650.13062</DistanceMeters>
            <Extensions>
              <TPX xmlns="http://www.garmin.com/xmlschemas/ActivityExtension/v2">
                <Watts>88</Watts>
              </TPX>
            </Extensions>
          </Trackpoint>
          <Trackpoint>
            <Time>2010-10-19T21:01:18Z</Time>
            <HeartRateBpm>
              <Value>0</Value>
            </HeartRateBpm>
            <Cadence>93</Cadence>
            <DistanceMeters>653.56891</DistanceMeters>
            <Extensions>
              <TPX xmlns="http://www.garmin.com/xmlschemas/ActivityExtension/v2">
                <Watts>90</Watts>
              </TPX>
            </Extensions>
          </Trackpoint>
          <Trackpoint>
            <Time>2010-10-19T21:01:19Z</Time>
            <HeartRateBpm>
              <Value>0</Value>
            </HeartRateBpm>
            <Cadence>93</Cadence>
            <DistanceMeters>657.39023</DistanceMeters>
            <Extensions>
              <TPX xmlns="http://www.garmin.com/xmlschemas/ActivityExtension/v2">
                <Watts>105</Watts>
              </TPX>
            </Extensions>
          </Trackpoint>
          <Trackpoint>
            <Time>2010-10-19T21:01:20Z</Time>
            <HeartRateBpm>
              <Value>0</Value>
            </HeartRateBpm>
            <Cadence>93</Cadence>
            <DistanceMeters>661.20987</DistanceMeters>
            <Extensions>
              <TPX xmlns="http://www.garmin.com/xmlschemas/ActivityExtension/v2">
                <Watts>120</Watts>
              </TPX>
            </Extensions>
          </Trackpoint>
          <Trackpoint>
            <Time>2010-10-19T21:01:21Z</Time>
            <HeartRateBpm>
              <Value>0</Value>
            </HeartRateBpm>
            <Cadence>94</Cadence>
            <DistanceMeters>664.85462</DistanceMeters>
            <Extensions>
              <TPX xmlns="http://www.garmin.com/xmlschemas/ActivityExtension/v2">
                <Watts>114</Watts>
              </TPX>
            </Extensions>
          </Trackpoint>
          <Trackpoint>
            <Time>2010-10-19T21:01:22Z</Time>
            <HeartRateBpm>
              <Value>0</Value>
            </HeartRateBpm>
            <Cadence>96</Cadence>
            <DistanceMeters>668.49938</DistanceMeters>
            <Extensions>
              <TPX xmlns="http://www.garmin.com/xmlschemas/ActivityExtension/v2">
                <Watts>107</Watts>
              </TPX>
            </Extensions>
          </Trackpoint>
          <Trackpoint>
            <Time>2010-10-19T21:01:23Z</Time>
            <HeartRateBpm>
              <Value>0</Value>
            </HeartRateBpm>
            <Cadence>97</Cadence>
            <DistanceMeters>672.25733</DistanceMeters>
            <Extensions>
              <TPX xmlns="http://www.garmin.com/xmlschemas/ActivityExtension/v2">
                <Watts>111</Watts>
              </TPX>
            </Extensions>
          </Trackpoint>
          <Trackpoint>
            <Time>2010-10-19T21:01:24Z</Time>
            <HeartRateBpm>
              <Value>0</Value>
            </HeartRateBpm>
            <Cadence>97</Cadence>
            <DistanceMeters>676.03031</DistanceMeters>
            <Extensions>
              <TPX xmlns="http://www.garmin.com/xmlschemas/ActivityExtension/v2">
                <Watts>115</Watts>
              </TPX>
            </Extensions>
          </Trackpoint>
          <Trackpoint>
            <Time>2010-10-19T21:01:25Z</Time>
            <HeartRateBpm>
              <Value>0</Value>
            </HeartRateBpm>
            <Cadence>97</Cadence>
            <DistanceMeters>679.59354</DistanceMeters>
            <Extensions>
              <TPX xmlns="http://www.garmin.com/xmlschemas/ActivityExtension/v2">
                <Watts>109</Watts>
              </TPX>
            </Extensions>
          </Trackpoint>
          <Trackpoint>
            <Time>2010-10-19T21:01:26Z</Time>
            <HeartRateBpm>
              <Value>0</Value>
            </HeartRateBpm>
            <Cadence>96</Cadence>
            <DistanceMeters>683.08906</DistanceMeters>
            <Extensions>
              <TPX xmlns="http://www.garmin.com/xmlschemas/ActivityExtension/v2">
                <Watts>99</Watts>
              </TPX>
            </Extensions>
          </Trackpoint>
          <Trackpoint>
            <Time>2010-10-19T21:01:27Z</Time>
            <HeartRateBpm>
              <Value>0</Value>
            </HeartRateBpm>
            <Cadence>95</Cadence>
            <DistanceMeters>686.58458</DistanceMeters>
            <Extensions>
              <TPX xmlns="http://www.garmin.com/xmlschemas/ActivityExtension/v2">
                <Watts>96</Watts>
              </TPX>
            </Extensions>
          </Trackpoint>
          <Trackpoint>
            <Time>2010-10-19T21:01:28Z</Time>
            <HeartRateBpm>
              <Value>0</Value>
            </HeartRateBpm>
            <Cadence>95</Cadence>
            <DistanceMeters>690.08010</DistanceMeters>
            <Extensions>
              <TPX xmlns="http://www.garmin.com/xmlschemas/ActivityExtension/v2">
                <Watts>96</Watts>
              </TPX>
            </Extensions>
          </Trackpoint>
          <Trackpoint>
            <Time>2010-10-19T21:01:29Z</Time>
            <HeartRateBpm>
              <Value>0</Value>
            </HeartRateBpm>
            <Cadence>94</Cadence>
            <DistanceMeters>693.70868</DistanceMeters>
            <Extensions>
              <TPX xmlns="http://www.garmin.com/xmlschemas/ActivityExtension/v2">
                <Watts>100</Watts>
              </TPX>
            </Extensions>
          </Trackpoint>
          <Trackpoint>
            <Time>2010-10-19T21:01:30Z</Time>
            <HeartRateBpm>
              <Value>0</Value>
            </HeartRateBpm>
            <Cadence>93</Cadence>
            <DistanceMeters>697.46905</DistanceMeters>
            <Extensions>
              <TPX xmlns="http://www.garmin.com/xmlschemas/ActivityExtension/v2">
                <Watts>110</Watts>
              </TPX>
            </Extensions>
          </Trackpoint>
          <Trackpoint>
            <Time>2010-10-19T21:01:31Z</Time>
            <HeartRateBpm>
              <Value>0</Value>
            </HeartRateBpm>
            <Cadence>92</Cadence>
            <DistanceMeters>701.22468</DistanceMeters>
            <Extensions>
              <TPX xmlns="http://www.garmin.com/xmlschemas/ActivityExtension/v2">
                <Watts>115</Watts>
              </TPX>
            </Extensions>
          </Trackpoint>
          <Trackpoint>
            <Time>2010-10-19T21:01:32Z</Time>
            <HeartRateBpm>
              <Value>0</Value>
            </HeartRateBpm>
            <Cadence>92</Cadence>
            <DistanceMeters>704.97243</DistanceMeters>
            <Extensions>
              <TPX xmlns="http://www.garmin.com/xmlschemas/ActivityExtension/v2">
                <Watts>115</Watts>
              </TPX>
            </Extensions>
          </Trackpoint>
          <Trackpoint>
            <Time>2010-10-19T21:01:33Z</Time>
            <HeartRateBpm>
              <Value>0</Value>
            </HeartRateBpm>
            <Cadence>91</Cadence>
            <DistanceMeters>708.70450</DistanceMeters>
            <Extensions>
              <TPX xmlns="http://www.garmin.com/xmlschemas/ActivityExtension/v2">
                <Watts>114</Watts>
              </TPX>
            </Extensions>
          </Trackpoint>
          <Trackpoint>
            <Time>2010-10-19T21:01:34Z</Time>
            <HeartRateBpm>
              <Value>0</Value>
            </HeartRateBpm>
            <Cadence>90</Cadence>
            <DistanceMeters>712.38920</DistanceMeters>
            <Extensions>
              <TPX xmlns="http://www.garmin.com/xmlschemas/ActivityExtension/v2">
                <Watts>112</Watts>
              </TPX>
            </Extensions>
          </Trackpoint>
          <Trackpoint>
            <Time>2010-10-19T21:01:35Z</Time>
            <HeartRateBpm>
              <Value>0</Value>
            </HeartRateBpm>
            <Cadence>90</Cadence>
            <DistanceMeters>716.05235</DistanceMeters>
            <Extensions>
              <TPX xmlns="http://www.garmin.com/xmlschemas/ActivityExtension/v2">
                <Watts>109</Watts>
              </TPX>
            </Extensions>
          </Trackpoint>
          <Trackpoint>
            <Time>2010-10-19T21:01:36Z</Time>
            <HeartRateBpm>
              <Value>0</Value>
            </HeartRateBpm>
            <Cadence>91</Cadence>
            <DistanceMeters>719.56048</DistanceMeters>
            <Extensions>
              <TPX xmlns="http://www.garmin.com/xmlschemas/ActivityExtension/v2">
                <Watts>103</Watts>
              </TPX>
            </Extensions>
          </Trackpoint>
          <Trackpoint>
            <Time>2010-10-19T21:01:37Z</Time>
            <HeartRateBpm>
              <Value>0</Value>
            </HeartRateBpm>
            <Cadence>92</Cadence>
            <DistanceMeters>723.06862</DistanceMeters>
            <Extensions>
              <TPX xmlns="http://www.garmin.com/xmlschemas/ActivityExtension/v2">
                <Watts>97</Watts>
              </TPX>
            </Extensions>
          </Trackpoint>
          <Trackpoint>
            <Time>2010-10-19T21:01:38Z</Time>
            <HeartRateBpm>
              <Value>0</Value>
            </HeartRateBpm>
            <Cadence>92</Cadence>
            <DistanceMeters>726.50563</DistanceMeters>
            <Extensions>
              <TPX xmlns="http://www.garmin.com/xmlschemas/ActivityExtension/v2">
                <Watts>94</Watts>
              </TPX>
            </Extensions>
          </Trackpoint>
          <Trackpoint>
            <Time>2010-10-19T21:01:39Z</Time>
            <HeartRateBpm>
              <Value>0</Value>
            </HeartRateBpm>
            <Cadence>91</Cadence>
            <DistanceMeters>729.94230</DistanceMeters>
            <Extensions>
              <TPX xmlns="http://www.garmin.com/xmlschemas/ActivityExtension/v2">
                <Watts>92</Watts>
              </TPX>
            </Extensions>
          </Trackpoint>
          <Trackpoint>
            <Time>2010-10-19T21:01:40Z</Time>
            <HeartRateBpm>
              <Value>0</Value>
            </HeartRateBpm>
            <Cadence>91</Cadence>
            <DistanceMeters>733.52499</DistanceMeters>
            <Extensions>
              <TPX xmlns="http://www.garmin.com/xmlschemas/ActivityExtension/v2">
                <Watts>96</Watts>
              </TPX>
            </Extensions>
          </Trackpoint>
          <Trackpoint>
            <Time>2010-10-19T21:01:41Z</Time>
            <HeartRateBpm>
              <Value>0</Value>
            </HeartRateBpm>
            <Cadence>91</Cadence>
            <DistanceMeters>737.12982</DistanceMeters>
            <Extensions>
              <TPX xmlns="http://www.garmin.com/xmlschemas/ActivityExtension/v2">
                <Watts>102</Watts>
              </TPX>
            </Extensions>
          </Trackpoint>
          <Trackpoint>
            <Time>2010-10-19T21:01:42Z</Time>
            <HeartRateBpm>
              <Value>0</Value>
            </HeartRateBpm>
            <Cadence>92</Cadence>
            <DistanceMeters>741.00900</DistanceMeters>
            <Extensions>
              <TPX xmlns="http://www.garmin.com/xmlschemas/ActivityExtension/v2">
                <Watts>114</Watts>
              </TPX>
            </Extensions>
          </Trackpoint>
          <Trackpoint>
            <Time>2010-10-19T21:01:43Z</Time>
            <HeartRateBpm>
              <Value>0</Value>
            </HeartRateBpm>
            <Cadence>92</Cadence>
            <DistanceMeters>744.98376</DistanceMeters>
            <Extensions>
              <TPX xmlns="http://www.garmin.com/xmlschemas/ActivityExtension/v2">
                <Watts>128</Watts>
              </TPX>
            </Extensions>
          </Trackpoint>
          <Trackpoint>
            <Time>2010-10-19T21:01:44Z</Time>
            <HeartRateBpm>
              <Value>0</Value>
            </HeartRateBpm>
            <Cadence>93</Cadence>
            <DistanceMeters>748.84221</DistanceMeters>
            <Extensions>
              <TPX xmlns="http://www.garmin.com/xmlschemas/ActivityExtension/v2">
                <Watts>129</Watts>
              </TPX>
            </Extensions>
          </Trackpoint>
          <Trackpoint>
            <Time>2010-10-19T21:01:45Z</Time>
            <HeartRateBpm>
              <Value>0</Value>
            </HeartRateBpm>
            <Cadence>95</Cadence>
            <DistanceMeters>752.62780</DistanceMeters>
            <Extensions>
              <TPX xmlns="http://www.garmin.com/xmlschemas/ActivityExtension/v2">
                <Watts>121</Watts>
              </TPX>
            </Extensions>
          </Trackpoint>
          <Trackpoint>
            <Time>2010-10-19T21:01:46Z</Time>
            <HeartRateBpm>
              <Value>0</Value>
            </HeartRateBpm>
            <Cadence>97</Cadence>
            <DistanceMeters>756.29850</DistanceMeters>
            <Extensions>
              <TPX xmlns="http://www.garmin.com/xmlschemas/ActivityExtension/v2">
                <Watts>113</Watts>
              </TPX>
            </Extensions>
          </Trackpoint>
          <Trackpoint>
            <Time>2010-10-19T21:01:47Z</Time>
            <HeartRateBpm>
              <Value>0</Value>
            </HeartRateBpm>
            <Cadence>98</Cadence>
            <DistanceMeters>759.84867</DistanceMeters>
            <Extensions>
              <TPX xmlns="http://www.garmin.com/xmlschemas/ActivityExtension/v2">
                <Watts>105</Watts>
              </TPX>
            </Extensions>
          </Trackpoint>
          <Trackpoint>
            <Time>2010-10-19T21:01:48Z</Time>
            <HeartRateBpm>
              <Value>0</Value>
            </HeartRateBpm>
            <Cadence>98</Cadence>
            <DistanceMeters>763.33127</DistanceMeters>
            <Extensions>
              <TPX xmlns="http://www.garmin.com/xmlschemas/ActivityExtension/v2">
                <Watts>97</Watts>
              </TPX>
            </Extensions>
          </Trackpoint>
          <Trackpoint>
            <Time>2010-10-19T21:01:49Z</Time>
            <HeartRateBpm>
              <Value>0</Value>
            </HeartRateBpm>
            <Cadence>95</Cadence>
            <DistanceMeters>766.69437</DistanceMeters>
            <Extensions>
              <TPX xmlns="http://www.garmin.com/xmlschemas/ActivityExtension/v2">
                <Watts>91</Watts>
              </TPX>
            </Extensions>
          </Trackpoint>
          <Trackpoint>
            <Time>2010-10-19T21:01:50Z</Time>
            <HeartRateBpm>
              <Value>0</Value>
            </HeartRateBpm>
            <Cadence>93</Cadence>
            <DistanceMeters>770.05353</DistanceMeters>
            <Extensions>
              <TPX xmlns="http://www.garmin.com/xmlschemas/ActivityExtension/v2">
                <Watts>86</Watts>
              </TPX>
            </Extensions>
          </Trackpoint>
          <Trackpoint>
            <Time>2010-10-19T21:01:51Z</Time>
            <HeartRateBpm>
              <Value>0</Value>
            </HeartRateBpm>
            <Cadence>93</Cadence>
            <DistanceMeters>773.39981</DistanceMeters>
            <Extensions>
              <TPX xmlns="http://www.garmin.com/xmlschemas/ActivityExtension/v2">
                <Watts>86</Watts>
              </TPX>
            </Extensions>
          </Trackpoint>
          <Trackpoint>
            <Time>2010-10-19T21:01:52Z</Time>
            <HeartRateBpm>
              <Value>0</Value>
            </HeartRateBpm>
            <Cadence>92</Cadence>
            <DistanceMeters>776.77393</DistanceMeters>
            <Extensions>
              <TPX xmlns="http://www.garmin.com/xmlschemas/ActivityExtension/v2">
                <Watts>86</Watts>
              </TPX>
            </Extensions>
          </Trackpoint>
          <Trackpoint>
            <Time>2010-10-19T21:01:53Z</Time>
            <HeartRateBpm>
              <Value>0</Value>
            </HeartRateBpm>
            <Cadence>92</Cadence>
            <DistanceMeters>780.37875</DistanceMeters>
            <Extensions>
              <TPX xmlns="http://www.garmin.com/xmlschemas/ActivityExtension/v2">
                <Watts>95</Watts>
              </TPX>
            </Extensions>
          </Trackpoint>
          <Trackpoint>
            <Time>2010-10-19T21:01:54Z</Time>
            <HeartRateBpm>
              <Value>0</Value>
            </HeartRateBpm>
            <Cadence>92</Cadence>
            <DistanceMeters>783.98357</DistanceMeters>
            <Extensions>
              <TPX xmlns="http://www.garmin.com/xmlschemas/ActivityExtension/v2">
                <Watts>103</Watts>
              </TPX>
            </Extensions>
          </Trackpoint>
          <Trackpoint>
            <Time>2010-10-19T21:01:55Z</Time>
            <HeartRateBpm>
              <Value>0</Value>
            </HeartRateBpm>
            <Cadence>92</Cadence>
            <DistanceMeters>787.49356</DistanceMeters>
            <Extensions>
              <TPX xmlns="http://www.garmin.com/xmlschemas/ActivityExtension/v2">
                <Watts>100</Watts>
              </TPX>
            </Extensions>
          </Trackpoint>
          <Trackpoint>
            <Time>2010-10-19T21:01:56Z</Time>
            <HeartRateBpm>
              <Value>0</Value>
            </HeartRateBpm>
            <Cadence>92</Cadence>
            <DistanceMeters>791.00169</DistanceMeters>
            <Extensions>
              <TPX xmlns="http://www.garmin.com/xmlschemas/ActivityExtension/v2">
                <Watts>97</Watts>
              </TPX>
            </Extensions>
          </Trackpoint>
          <Trackpoint>
            <Time>2010-10-19T21:01:57Z</Time>
            <HeartRateBpm>
              <Value>0</Value>
            </HeartRateBpm>
            <Cadence>92</Cadence>
            <DistanceMeters>794.49906</DistanceMeters>
            <Extensions>
              <TPX xmlns="http://www.garmin.com/xmlschemas/ActivityExtension/v2">
                <Watts>96</Watts>
              </TPX>
            </Extensions>
          </Trackpoint>
          <Trackpoint>
            <Time>2010-10-19T21:01:58Z</Time>
            <HeartRateBpm>
              <Value>0</Value>
            </HeartRateBpm>
            <Cadence>91</Cadence>
            <DistanceMeters>797.99458</DistanceMeters>
            <Extensions>
              <TPX xmlns="http://www.garmin.com/xmlschemas/ActivityExtension/v2">
                <Watts>96</Watts>
              </TPX>
            </Extensions>
          </Trackpoint>
          <Trackpoint>
            <Time>2010-10-19T21:01:59Z</Time>
            <HeartRateBpm>
              <Value>0</Value>
            </HeartRateBpm>
            <Cadence>90</Cadence>
            <DistanceMeters>801.46870</DistanceMeters>
            <Extensions>
              <TPX xmlns="http://www.garmin.com/xmlschemas/ActivityExtension/v2">
                <Watts>95</Watts>
              </TPX>
            </Extensions>
          </Trackpoint>
          <Trackpoint>
            <Time>2010-10-19T21:02:00Z</Time>
            <HeartRateBpm>
              <Value>0</Value>
            </HeartRateBpm>
            <Cadence>90</Cadence>
            <DistanceMeters>804.93479</DistanceMeters>
            <Extensions>
              <TPX xmlns="http://www.garmin.com/xmlschemas/ActivityExtension/v2">
                <Watts>94</Watts>
              </TPX>
            </Extensions>
          </Trackpoint>
          <Trackpoint>
            <Time>2010-10-19T21:02:01Z</Time>
            <HeartRateBpm>
              <Value>0</Value>
            </HeartRateBpm>
            <Cadence>90</Cadence>
            <DistanceMeters>808.38322</DistanceMeters>
            <Extensions>
              <TPX xmlns="http://www.garmin.com/xmlschemas/ActivityExtension/v2">
                <Watts>93</Watts>
              </TPX>
            </Extensions>
          </Trackpoint>
          <Trackpoint>
            <Time>2010-10-19T21:02:02Z</Time>
            <HeartRateBpm>
              <Value>0</Value>
            </HeartRateBpm>
            <Cadence>90</Cadence>
            <DistanceMeters>811.81989</DistanceMeters>
            <Extensions>
              <TPX xmlns="http://www.garmin.com/xmlschemas/ActivityExtension/v2">
                <Watts>92</Watts>
              </TPX>
            </Extensions>
          </Trackpoint>
          <Trackpoint>
            <Time>2010-10-19T21:02:03Z</Time>
            <HeartRateBpm>
              <Value>0</Value>
            </HeartRateBpm>
            <Cadence>89</Cadence>
            <DistanceMeters>815.33023</DistanceMeters>
            <Extensions>
              <TPX xmlns="http://www.garmin.com/xmlschemas/ActivityExtension/v2">
                <Watts>94</Watts>
              </TPX>
            </Extensions>
          </Trackpoint>
          <Trackpoint>
            <Time>2010-10-19T21:02:04Z</Time>
            <HeartRateBpm>
              <Value>0</Value>
            </HeartRateBpm>
            <Cadence>89</Cadence>
            <DistanceMeters>818.92244</DistanceMeters>
            <Extensions>
              <TPX xmlns="http://www.garmin.com/xmlschemas/ActivityExtension/v2">
                <Watts>99</Watts>
              </TPX>
            </Extensions>
          </Trackpoint>
          <Trackpoint>
            <Time>2010-10-19T21:02:05Z</Time>
            <HeartRateBpm>
              <Value>0</Value>
            </HeartRateBpm>
            <Cadence>89</Cadence>
            <DistanceMeters>822.48549</DistanceMeters>
            <Extensions>
              <TPX xmlns="http://www.garmin.com/xmlschemas/ActivityExtension/v2">
                <Watts>102</Watts>
              </TPX>
            </Extensions>
          </Trackpoint>
          <Trackpoint>
            <Time>2010-10-19T21:02:06Z</Time>
            <HeartRateBpm>
              <Value>0</Value>
            </HeartRateBpm>
            <Cadence>89</Cadence>
            <DistanceMeters>825.99362</DistanceMeters>
            <Extensions>
              <TPX xmlns="http://www.garmin.com/xmlschemas/ActivityExtension/v2">
                <Watts>99</Watts>
              </TPX>
            </Extensions>
          </Trackpoint>
          <Trackpoint>
            <Time>2010-10-19T21:02:07Z</Time>
            <HeartRateBpm>
              <Value>0</Value>
            </HeartRateBpm>
            <Cadence>89</Cadence>
            <DistanceMeters>829.52905</DistanceMeters>
            <Extensions>
              <TPX xmlns="http://www.garmin.com/xmlschemas/ActivityExtension/v2">
                <Watts>97</Watts>
              </TPX>
            </Extensions>
          </Trackpoint>
          <Trackpoint>
            <Time>2010-10-19T21:02:08Z</Time>
            <HeartRateBpm>
              <Value>0</Value>
            </HeartRateBpm>
            <Cadence>89</Cadence>
            <DistanceMeters>833.16120</DistanceMeters>
            <Extensions>
              <TPX xmlns="http://www.garmin.com/xmlschemas/ActivityExtension/v2">
                <Watts>102</Watts>
              </TPX>
            </Extensions>
          </Trackpoint>
          <Trackpoint>
            <Time>2010-10-19T21:02:09Z</Time>
            <HeartRateBpm>
              <Value>0</Value>
            </HeartRateBpm>
            <Cadence>89</Cadence>
            <DistanceMeters>836.79198</DistanceMeters>
            <Extensions>
              <TPX xmlns="http://www.garmin.com/xmlschemas/ActivityExtension/v2">
                <Watts>105</Watts>
              </TPX>
            </Extensions>
          </Trackpoint>
          <Trackpoint>
            <Time>2010-10-19T21:02:10Z</Time>
            <HeartRateBpm>
              <Value>0</Value>
            </HeartRateBpm>
            <Cadence>90</Cadence>
            <DistanceMeters>840.40941</DistanceMeters>
            <Extensions>
              <TPX xmlns="http://www.garmin.com/xmlschemas/ActivityExtension/v2">
                <Watts>105</Watts>
              </TPX>
            </Extensions>
          </Trackpoint>
          <Trackpoint>
            <Time>2010-10-19T21:02:11Z</Time>
            <HeartRateBpm>
              <Value>0</Value>
            </HeartRateBpm>
            <Cadence>90</Cadence>
            <DistanceMeters>844.02685</DistanceMeters>
            <Extensions>
              <TPX xmlns="http://www.garmin.com/xmlschemas/ActivityExtension/v2">
                <Watts>105</Watts>
              </TPX>
            </Extensions>
          </Trackpoint>
          <Trackpoint>
            <Time>2010-10-19T21:02:12Z</Time>
            <HeartRateBpm>
              <Value>0</Value>
            </HeartRateBpm>
            <Cadence>90</Cadence>
            <DistanceMeters>847.41269</DistanceMeters>
            <Extensions>
              <TPX xmlns="http://www.garmin.com/xmlschemas/ActivityExtension/v2">
                <Watts>97</Watts>
              </TPX>
            </Extensions>
          </Trackpoint>
          <Trackpoint>
            <Time>2010-10-19T21:02:13Z</Time>
            <HeartRateBpm>
              <Value>0</Value>
            </HeartRateBpm>
            <Cadence>90</Cadence>
            <DistanceMeters>850.79050</DistanceMeters>
            <Extensions>
              <TPX xmlns="http://www.garmin.com/xmlschemas/ActivityExtension/v2">
                <Watts>89</Watts>
              </TPX>
            </Extensions>
          </Trackpoint>
          <Trackpoint>
            <Time>2010-10-19T21:02:14Z</Time>
            <HeartRateBpm>
              <Value>0</Value>
            </HeartRateBpm>
            <Cadence>89</Cadence>
            <DistanceMeters>854.24244</DistanceMeters>
            <Extensions>
              <TPX xmlns="http://www.garmin.com/xmlschemas/ActivityExtension/v2">
                <Watts>90</Watts>
              </TPX>
            </Extensions>
          </Trackpoint>
          <Trackpoint>
            <Time>2010-10-19T21:02:15Z</Time>
            <HeartRateBpm>
              <Value>0</Value>
            </HeartRateBpm>
            <Cadence>88</Cadence>
            <DistanceMeters>857.70854</DistanceMeters>
            <Extensions>
              <TPX xmlns="http://www.garmin.com/xmlschemas/ActivityExtension/v2">
                <Watts>93</Watts>
              </TPX>
            </Extensions>
          </Trackpoint>
          <Trackpoint>
            <Time>2010-10-19T21:02:16Z</Time>
            <HeartRateBpm>
              <Value>0</Value>
            </HeartRateBpm>
            <Cadence>88</Cadence>
            <DistanceMeters>861.42788</DistanceMeters>
            <Extensions>
              <TPX xmlns="http://www.garmin.com/xmlschemas/ActivityExtension/v2">
                <Watts>103</Watts>
              </TPX>
            </Extensions>
          </Trackpoint>
          <Trackpoint>
            <Time>2010-10-19T21:02:17Z</Time>
            <HeartRateBpm>
              <Value>0</Value>
            </HeartRateBpm>
            <Cadence>89</Cadence>
            <DistanceMeters>865.24921</DistanceMeters>
            <Extensions>
              <TPX xmlns="http://www.garmin.com/xmlschemas/ActivityExtension/v2">
                <Watts>115</Watts>
              </TPX>
            </Extensions>
          </Trackpoint>
          <Trackpoint>
            <Time>2010-10-19T21:02:18Z</Time>
            <HeartRateBpm>
              <Value>0</Value>
            </HeartRateBpm>
            <Cadence>91</Cadence>
            <DistanceMeters>869.30707</DistanceMeters>
            <Extensions>
              <TPX xmlns="http://www.garmin.com/xmlschemas/ActivityExtension/v2">
                <Watts>130</Watts>
              </TPX>
            </Extensions>
          </Trackpoint>
          <Trackpoint>
            <Time>2010-10-19T21:02:19Z</Time>
            <HeartRateBpm>
              <Value>0</Value>
            </HeartRateBpm>
            <Cadence>92</Cadence>
            <DistanceMeters>873.53197</DistanceMeters>
            <Extensions>
              <TPX xmlns="http://www.garmin.com/xmlschemas/ActivityExtension/v2">
                <Watts>147</Watts>
              </TPX>
            </Extensions>
          </Trackpoint>
          <Trackpoint>
            <Time>2010-10-19T21:02:20Z</Time>
            <HeartRateBpm>
              <Value>0</Value>
            </HeartRateBpm>
            <Cadence>94</Cadence>
            <DistanceMeters>877.40832</DistanceMeters>
            <Extensions>
              <TPX xmlns="http://www.garmin.com/xmlschemas/ActivityExtension/v2">
                <Watts>143</Watts>
              </TPX>
            </Extensions>
          </Trackpoint>
          <Trackpoint>
            <Time>2010-10-19T21:02:21Z</Time>
            <HeartRateBpm>
              <Value>0</Value>
            </HeartRateBpm>
            <Cadence>95</Cadence>
            <DistanceMeters>880.87442</DistanceMeters>
            <Extensions>
              <TPX xmlns="http://www.garmin.com/xmlschemas/ActivityExtension/v2">
                <Watts>113</Watts>
              </TPX>
            </Extensions>
          </Trackpoint>
          <Trackpoint>
            <Time>2010-10-19T21:02:22Z</Time>
            <HeartRateBpm>
              <Value>0</Value>
            </HeartRateBpm>
            <Cadence>95</Cadence>
            <DistanceMeters>884.24825</DistanceMeters>
            <Extensions>
              <TPX xmlns="http://www.garmin.com/xmlschemas/ActivityExtension/v2">
                <Watts>91</Watts>
              </TPX>
            </Extensions>
          </Trackpoint>
          <Trackpoint>
            <Time>2010-10-19T21:02:23Z</Time>
            <HeartRateBpm>
              <Value>0</Value>
            </HeartRateBpm>
            <Cadence>95</Cadence>
            <DistanceMeters>887.43689</DistanceMeters>
            <Extensions>
              <TPX xmlns="http://www.garmin.com/xmlschemas/ActivityExtension/v2">
                <Watts>82</Watts>
              </TPX>
            </Extensions>
          </Trackpoint>
          <Trackpoint>
            <Time>2010-10-19T21:02:24Z</Time>
            <HeartRateBpm>
              <Value>0</Value>
            </HeartRateBpm>
            <Cadence>94</Cadence>
            <DistanceMeters>890.63201</DistanceMeters>
            <Extensions>
              <TPX xmlns="http://www.garmin.com/xmlschemas/ActivityExtension/v2">
                <Watts>76</Watts>
              </TPX>
            </Extensions>
          </Trackpoint>
          <Trackpoint>
            <Time>2010-10-19T21:02:25Z</Time>
            <HeartRateBpm>
              <Value>0</Value>
            </HeartRateBpm>
            <Cadence>92</Cadence>
            <DistanceMeters>893.85218</DistanceMeters>
            <Extensions>
              <TPX xmlns="http://www.garmin.com/xmlschemas/ActivityExtension/v2">
                <Watts>77</Watts>
              </TPX>
            </Extensions>
          </Trackpoint>
          <Trackpoint>
            <Time>2010-10-19T21:02:26Z</Time>
            <HeartRateBpm>
              <Value>0</Value>
            </HeartRateBpm>
            <Cadence>90</Cadence>
            <DistanceMeters>897.08596</DistanceMeters>
            <Extensions>
              <TPX xmlns="http://www.garmin.com/xmlschemas/ActivityExtension/v2">
                <Watts>78</Watts>
              </TPX>
            </Extensions>
          </Trackpoint>
          <Trackpoint>
            <Time>2010-10-19T21:02:27Z</Time>
            <HeartRateBpm>
              <Value>0</Value>
            </HeartRateBpm>
            <Cadence>89</Cadence>
            <DistanceMeters>900.47848</DistanceMeters>
            <Extensions>
              <TPX xmlns="http://www.garmin.com/xmlschemas/ActivityExtension/v2">
                <Watts>83</Watts>
              </TPX>
            </Extensions>
          </Trackpoint>
          <Trackpoint>
            <Time>2010-10-19T21:02:28Z</Time>
            <HeartRateBpm>
              <Value>0</Value>
            </HeartRateBpm>
            <Cadence>88</Cadence>
            <DistanceMeters>903.87101</DistanceMeters>
            <Extensions>
              <TPX xmlns="http://www.garmin.com/xmlschemas/ActivityExtension/v2">
                <Watts>88</Watts>
              </TPX>
            </Extensions>
          </Trackpoint>
          <Trackpoint>
            <Time>2010-10-19T21:02:29Z</Time>
            <HeartRateBpm>
              <Value>0</Value>
            </HeartRateBpm>
            <Cadence>87</Cadence>
            <DistanceMeters>907.13145</DistanceMeters>
            <Extensions>
              <TPX xmlns="http://www.garmin.com/xmlschemas/ActivityExtension/v2">
                <Watts>84</Watts>
              </TPX>
            </Extensions>
          </Trackpoint>
          <Trackpoint>
            <Time>2010-10-19T21:02:30Z</Time>
            <HeartRateBpm>
              <Value>0</Value>
            </HeartRateBpm>
            <Cadence>87</Cadence>
            <DistanceMeters>910.38525</DistanceMeters>
            <Extensions>
              <TPX xmlns="http://www.garmin.com/xmlschemas/ActivityExtension/v2">
                <Watts>80</Watts>
              </TPX>
            </Extensions>
          </Trackpoint>
          <Trackpoint>
            <Time>2010-10-19T21:02:31Z</Time>
            <HeartRateBpm>
              <Value>0</Value>
            </HeartRateBpm>
            <Cadence>87</Cadence>
            <DistanceMeters>913.81427</DistanceMeters>
            <Extensions>
              <TPX xmlns="http://www.garmin.com/xmlschemas/ActivityExtension/v2">
                <Watts>85</Watts>
              </TPX>
            </Extensions>
          </Trackpoint>
          <Trackpoint>
            <Time>2010-10-19T21:02:32Z</Time>
            <HeartRateBpm>
              <Value>0</Value>
            </HeartRateBpm>
            <Cadence>87</Cadence>
            <DistanceMeters>917.28036</DistanceMeters>
            <Extensions>
              <TPX xmlns="http://www.garmin.com/xmlschemas/ActivityExtension/v2">
                <Watts>92</Watts>
              </TPX>
            </Extensions>
          </Trackpoint>
          <Trackpoint>
            <Time>2010-10-19T21:02:33Z</Time>
            <HeartRateBpm>
              <Value>0</Value>
            </HeartRateBpm>
            <Cadence>88</Cadence>
            <DistanceMeters>920.79491</DistanceMeters>
            <Extensions>
              <TPX xmlns="http://www.garmin.com/xmlschemas/ActivityExtension/v2">
                <Watts>95</Watts>
              </TPX>
            </Extensions>
          </Trackpoint>
          <Trackpoint>
            <Time>2010-10-19T21:02:34Z</Time>
            <HeartRateBpm>
              <Value>0</Value>
            </HeartRateBpm>
            <Cadence>89</Cadence>
            <DistanceMeters>924.33037</DistanceMeters>
            <Extensions>
              <TPX xmlns="http://www.garmin.com/xmlschemas/ActivityExtension/v2">
                <Watts>97</Watts>
              </TPX>
            </Extensions>
          </Trackpoint>
          <Trackpoint>
            <Time>2010-10-19T21:02:35Z</Time>
            <HeartRateBpm>
              <Value>0</Value>
            </HeartRateBpm>
            <Cadence>90</Cadence>
            <DistanceMeters>927.80093</DistanceMeters>
            <Extensions>
              <TPX xmlns="http://www.garmin.com/xmlschemas/ActivityExtension/v2">
                <Watts>96</Watts>
              </TPX>
            </Extensions>
          </Trackpoint>
          <Trackpoint>
            <Time>2010-10-19T21:02:36Z</Time>
            <HeartRateBpm>
              <Value>0</Value>
            </HeartRateBpm>
            <Cadence>90</Cadence>
            <DistanceMeters>931.22289</DistanceMeters>
            <Extensions>
              <TPX xmlns="http://www.garmin.com/xmlschemas/ActivityExtension/v2">
                <Watts>93</Watts>
              </TPX>
            </Extensions>
          </Trackpoint>
          <Trackpoint>
            <Time>2010-10-19T21:02:37Z</Time>
            <HeartRateBpm>
              <Value>0</Value>
            </HeartRateBpm>
            <Cadence>89</Cadence>
            <DistanceMeters>934.68974</DistanceMeters>
            <Extensions>
              <TPX xmlns="http://www.garmin.com/xmlschemas/ActivityExtension/v2">
                <Watts>92</Watts>
              </TPX>
            </Extensions>
          </Trackpoint>
          <Trackpoint>
            <Time>2010-10-19T21:02:38Z</Time>
            <HeartRateBpm>
              <Value>0</Value>
            </HeartRateBpm>
            <Cadence>89</Cadence>
            <DistanceMeters>938.21258</DistanceMeters>
            <Extensions>
              <TPX xmlns="http://www.garmin.com/xmlschemas/ActivityExtension/v2">
                <Watts>95</Watts>
              </TPX>
            </Extensions>
          </Trackpoint>
          <Trackpoint>
            <Time>2010-10-19T21:02:39Z</Time>
            <HeartRateBpm>
              <Value>0</Value>
            </HeartRateBpm>
            <Cadence>89</Cadence>
            <DistanceMeters>941.77890</DistanceMeters>
            <Extensions>
              <TPX xmlns="http://www.garmin.com/xmlschemas/ActivityExtension/v2">
                <Watts>99</Watts>
              </TPX>
            </Extensions>
          </Trackpoint>
          <Trackpoint>
            <Time>2010-10-19T21:02:40Z</Time>
            <HeartRateBpm>
              <Value>0</Value>
            </HeartRateBpm>
            <Cadence>90</Cadence>
            <DistanceMeters>945.43838</DistanceMeters>
            <Extensions>
              <TPX xmlns="http://www.garmin.com/xmlschemas/ActivityExtension/v2">
                <Watts>104</Watts>
              </TPX>
            </Extensions>
          </Trackpoint>
          <Trackpoint>
            <Time>2010-10-19T21:02:41Z</Time>
            <HeartRateBpm>
              <Value>0</Value>
            </HeartRateBpm>
            <Cadence>91</Cadence>
            <DistanceMeters>949.06647</DistanceMeters>
            <Extensions>
              <TPX xmlns="http://www.garmin.com/xmlschemas/ActivityExtension/v2">
                <Watts>106</Watts>
              </TPX>
            </Extensions>
          </Trackpoint>
          <Trackpoint>
            <Time>2010-10-19T21:02:42Z</Time>
            <HeartRateBpm>
              <Value>0</Value>
            </HeartRateBpm>
            <Cadence>91</Cadence>
            <DistanceMeters>952.56199</DistanceMeters>
            <Extensions>
              <TPX xmlns="http://www.garmin.com/xmlschemas/ActivityExtension/v2">
                <Watts>101</Watts>
              </TPX>
            </Extensions>
          </Trackpoint>
          <Trackpoint>
            <Time>2010-10-19T21:02:43Z</Time>
            <HeartRateBpm>
              <Value>0</Value>
            </HeartRateBpm>
            <Cadence>91</Cadence>
            <DistanceMeters>956.05562</DistanceMeters>
            <Extensions>
              <TPX xmlns="http://www.garmin.com/xmlschemas/ActivityExtension/v2">
                <Watts>95</Watts>
              </TPX>
            </Extensions>
          </Trackpoint>
          <Trackpoint>
            <Time>2010-10-19T21:02:44Z</Time>
            <HeartRateBpm>
              <Value>0</Value>
            </HeartRateBpm>
            <Cadence>91</Cadence>
            <DistanceMeters>959.52171</DistanceMeters>
            <Extensions>
              <TPX xmlns="http://www.garmin.com/xmlschemas/ActivityExtension/v2">
                <Watts>94</Watts>
              </TPX>
            </Extensions>
          </Trackpoint>
          <Trackpoint>
            <Time>2010-10-19T21:02:45Z</Time>
            <HeartRateBpm>
              <Value>0</Value>
            </HeartRateBpm>
            <Cadence>91</Cadence>
            <DistanceMeters>962.98781</DistanceMeters>
            <Extensions>
              <TPX xmlns="http://www.garmin.com/xmlschemas/ActivityExtension/v2">
                <Watts>94</Watts>
              </TPX>
            </Extensions>
          </Trackpoint>
          <Trackpoint>
            <Time>2010-10-19T21:02:46Z</Time>
            <HeartRateBpm>
              <Value>0</Value>
            </HeartRateBpm>
            <Cadence>91</Cadence>
            <DistanceMeters>966.46770</DistanceMeters>
            <Extensions>
              <TPX xmlns="http://www.garmin.com/xmlschemas/ActivityExtension/v2">
                <Watts>94</Watts>
              </TPX>
            </Extensions>
          </Trackpoint>
          <Trackpoint>
            <Time>2010-10-19T21:02:47Z</Time>
            <HeartRateBpm>
              <Value>0</Value>
            </HeartRateBpm>
            <Cadence>91</Cadence>
            <DistanceMeters>969.94851</DistanceMeters>
            <Extensions>
              <TPX xmlns="http://www.garmin.com/xmlschemas/ActivityExtension/v2">
                <Watts>94</Watts>
              </TPX>
            </Extensions>
          </Trackpoint>
          <Trackpoint>
            <Time>2010-10-19T21:02:48Z</Time>
            <HeartRateBpm>
              <Value>0</Value>
            </HeartRateBpm>
            <Cadence>91</Cadence>
            <DistanceMeters>973.34579</DistanceMeters>
            <Extensions>
              <TPX xmlns="http://www.garmin.com/xmlschemas/ActivityExtension/v2">
                <Watts>92</Watts>
              </TPX>
            </Extensions>
          </Trackpoint>
          <Trackpoint>
            <Time>2010-10-19T21:02:49Z</Time>
            <HeartRateBpm>
              <Value>0</Value>
            </HeartRateBpm>
            <Cadence>90</Cadence>
            <DistanceMeters>976.72360</DistanceMeters>
            <Extensions>
              <TPX xmlns="http://www.garmin.com/xmlschemas/ActivityExtension/v2">
                <Watts>89</Watts>
              </TPX>
            </Extensions>
          </Trackpoint>
          <Trackpoint>
            <Time>2010-10-19T21:02:50Z</Time>
            <HeartRateBpm>
              <Value>0</Value>
            </HeartRateBpm>
            <Cadence>89</Cadence>
            <DistanceMeters>980.19058</DistanceMeters>
            <Extensions>
              <TPX xmlns="http://www.garmin.com/xmlschemas/ActivityExtension/v2">
                <Watts>90</Watts>
              </TPX>
            </Extensions>
          </Trackpoint>
          <Trackpoint>
            <Time>2010-10-19T21:02:51Z</Time>
            <HeartRateBpm>
              <Value>0</Value>
            </HeartRateBpm>
            <Cadence>88</Cadence>
            <DistanceMeters>983.69872</DistanceMeters>
            <Extensions>
              <TPX xmlns="http://www.garmin.com/xmlschemas/ActivityExtension/v2">
                <Watts>95</Watts>
              </TPX>
            </Extensions>
          </Trackpoint>
          <Trackpoint>
            <Time>2010-10-19T21:02:52Z</Time>
            <HeartRateBpm>
              <Value>0</Value>
            </HeartRateBpm>
            <Cadence>88</Cadence>
            <DistanceMeters>987.31933</DistanceMeters>
            <Extensions>
              <TPX xmlns="http://www.garmin.com/xmlschemas/ActivityExtension/v2">
                <Watts>100</Watts>
              </TPX>
            </Extensions>
          </Trackpoint>
          <Trackpoint>
            <Time>2010-10-19T21:02:53Z</Time>
            <HeartRateBpm>
              <Value>0</Value>
            </HeartRateBpm>
            <Cadence>88</Cadence>
            <DistanceMeters>991.02925</DistanceMeters>
            <Extensions>
              <TPX xmlns="http://www.garmin.com/xmlschemas/ActivityExtension/v2">
                <Watts>107</Watts>
              </TPX>
            </Extensions>
          </Trackpoint>
          <Trackpoint>
            <Time>2010-10-19T21:02:54Z</Time>
            <HeartRateBpm>
              <Value>0</Value>
            </HeartRateBpm>
            <Cadence>88</Cadence>
            <DistanceMeters>994.72831</DistanceMeters>
            <Extensions>
              <TPX xmlns="http://www.garmin.com/xmlschemas/ActivityExtension/v2">
                <Watts>111</Watts>
              </TPX>
            </Extensions>
          </Trackpoint>
          <Trackpoint>
            <Time>2010-10-19T21:02:55Z</Time>
            <HeartRateBpm>
              <Value>0</Value>
            </HeartRateBpm>
            <Cadence>89</Cadence>
            <DistanceMeters>998.41300</DistanceMeters>
            <Extensions>
              <TPX xmlns="http://www.garmin.com/xmlschemas/ActivityExtension/v2">
                <Watts>110</Watts>
              </TPX>
            </Extensions>
          </Trackpoint>
          <Trackpoint>
            <Time>2010-10-19T21:02:56Z</Time>
            <HeartRateBpm>
              <Value>0</Value>
            </HeartRateBpm>
            <Cadence>90</Cadence>
            <DistanceMeters>1002.04022</DistanceMeters>
            <Extensions>
              <TPX xmlns="http://www.garmin.com/xmlschemas/ActivityExtension/v2">
                <Watts>107</Watts>
              </TPX>
            </Extensions>
          </Trackpoint>
          <Trackpoint>
            <Time>2010-10-19T21:02:57Z</Time>
            <HeartRateBpm>
              <Value>0</Value>
            </HeartRateBpm>
            <Cadence>90</Cadence>
            <DistanceMeters>1005.53575</DistanceMeters>
            <Extensions>
              <TPX xmlns="http://www.garmin.com/xmlschemas/ActivityExtension/v2">
                <Watts>101</Watts>
              </TPX>
            </Extensions>
          </Trackpoint>
          <Trackpoint>
            <Time>2010-10-19T21:02:58Z</Time>
            <HeartRateBpm>
              <Value>0</Value>
            </HeartRateBpm>
            <Cadence>89</Cadence>
            <DistanceMeters>1009.04094</DistanceMeters>
            <Extensions>
              <TPX xmlns="http://www.garmin.com/xmlschemas/ActivityExtension/v2">
                <Watts>96</Watts>
              </TPX>
            </Extensions>
          </Trackpoint>
          <Trackpoint>
            <Time>2010-10-19T21:02:59Z</Time>
            <HeartRateBpm>
              <Value>0</Value>
            </HeartRateBpm>
            <Cadence>89</Cadence>
            <DistanceMeters>1012.59112</DistanceMeters>
            <Extensions>
              <TPX xmlns="http://www.garmin.com/xmlschemas/ActivityExtension/v2">
                <Watts>98</Watts>
              </TPX>
            </Extensions>
          </Trackpoint>
          <Trackpoint>
            <Time>2010-10-19T21:03:00Z</Time>
            <HeartRateBpm>
              <Value>0</Value>
            </HeartRateBpm>
            <Cadence>88</Cadence>
            <DistanceMeters>1016.14129</DistanceMeters>
            <Extensions>
              <TPX xmlns="http://www.garmin.com/xmlschemas/ActivityExtension/v2">
                <Watts>100</Watts>
              </TPX>
            </Extensions>
          </Trackpoint>
          <Trackpoint>
            <Time>2010-10-19T21:03:01Z</Time>
            <HeartRateBpm>
              <Value>0</Value>
            </HeartRateBpm>
            <Cadence>88</Cadence>
            <DistanceMeters>1019.69146</DistanceMeters>
            <Extensions>
              <TPX xmlns="http://www.garmin.com/xmlschemas/ActivityExtension/v2">
                <Watts>100</Watts>
              </TPX>
            </Extensions>
          </Trackpoint>
          <Trackpoint>
            <Time>2010-10-19T21:03:02Z</Time>
            <HeartRateBpm>
              <Value>0</Value>
            </HeartRateBpm>
            <Cadence>88</Cadence>
            <DistanceMeters>1023.24163</DistanceMeters>
            <Extensions>
              <TPX xmlns="http://www.garmin.com/xmlschemas/ActivityExtension/v2">
                <Watts>100</Watts>
              </TPX>
            </Extensions>
          </Trackpoint>
          <Trackpoint>
            <Time>2010-10-19T21:03:03Z</Time>
            <HeartRateBpm>
              <Value>0</Value>
            </HeartRateBpm>
            <Cadence>87</Cadence>
            <DistanceMeters>1026.65982</DistanceMeters>
            <Extensions>
              <TPX xmlns="http://www.garmin.com/xmlschemas/ActivityExtension/v2">
                <Watts>95</Watts>
              </TPX>
            </Extensions>
          </Trackpoint>
          <Trackpoint>
            <Time>2010-10-19T21:03:04Z</Time>
            <HeartRateBpm>
              <Value>0</Value>
            </HeartRateBpm>
            <Cadence>87</Cadence>
            <DistanceMeters>1030.06706</DistanceMeters>
            <Extensions>
              <TPX xmlns="http://www.garmin.com/xmlschemas/ActivityExtension/v2">
                <Watts>90</Watts>
              </TPX>
            </Extensions>
          </Trackpoint>
          <Trackpoint>
            <Time>2010-10-19T21:03:05Z</Time>
            <HeartRateBpm>
              <Value>0</Value>
            </HeartRateBpm>
            <Cadence>87</Cadence>
            <DistanceMeters>1033.60993</DistanceMeters>
            <Extensions>
              <TPX xmlns="http://www.garmin.com/xmlschemas/ActivityExtension/v2">
                <Watts>94</Watts>
              </TPX>
            </Extensions>
          </Trackpoint>
          <Trackpoint>
            <Time>2010-10-19T21:03:06Z</Time>
            <HeartRateBpm>
              <Value>0</Value>
            </HeartRateBpm>
            <Cadence>87</Cadence>
            <DistanceMeters>1037.18743</DistanceMeters>
            <Extensions>
              <TPX xmlns="http://www.garmin.com/xmlschemas/ActivityExtension/v2">
                <Watts>100</Watts>
              </TPX>
            </Extensions>
          </Trackpoint>
          <Trackpoint>
            <Time>2010-10-19T21:03:07Z</Time>
            <HeartRateBpm>
              <Value>0</Value>
            </HeartRateBpm>
            <Cadence>88</Cadence>
            <DistanceMeters>1040.60019</DistanceMeters>
            <Extensions>
              <TPX xmlns="http://www.garmin.com/xmlschemas/ActivityExtension/v2">
                <Watts>96</Watts>
              </TPX>
            </Extensions>
          </Trackpoint>
          <Trackpoint>
            <Time>2010-10-19T21:03:08Z</Time>
            <HeartRateBpm>
              <Value>0</Value>
            </HeartRateBpm>
            <Cadence>89</Cadence>
            <DistanceMeters>1043.93177</DistanceMeters>
            <Extensions>
              <TPX xmlns="http://www.garmin.com/xmlschemas/ActivityExtension/v2">
                <Watts>88</Watts>
              </TPX>
            </Extensions>
          </Trackpoint>
          <Trackpoint>
            <Time>2010-10-19T21:03:09Z</Time>
            <HeartRateBpm>
              <Value>0</Value>
            </HeartRateBpm>
            <Cadence>89</Cadence>
            <DistanceMeters>1047.28046</DistanceMeters>
            <Extensions>
              <TPX xmlns="http://www.garmin.com/xmlschemas/ActivityExtension/v2">
                <Watts>85</Watts>
              </TPX>
            </Extensions>
          </Trackpoint>
          <Trackpoint>
            <Time>2010-10-19T21:03:10Z</Time>
            <HeartRateBpm>
              <Value>0</Value>
            </HeartRateBpm>
            <Cadence>89</Cadence>
            <DistanceMeters>1050.64356</DistanceMeters>
            <Extensions>
              <TPX xmlns="http://www.garmin.com/xmlschemas/ActivityExtension/v2">
                <Watts>86</Watts>
              </TPX>
            </Extensions>
          </Trackpoint>
          <Trackpoint>
            <Time>2010-10-19T21:03:11Z</Time>
            <HeartRateBpm>
              <Value>0</Value>
            </HeartRateBpm>
            <Cadence>88</Cadence>
            <DistanceMeters>1054.07841</DistanceMeters>
            <Extensions>
              <TPX xmlns="http://www.garmin.com/xmlschemas/ActivityExtension/v2">
                <Watts>89</Watts>
              </TPX>
            </Extensions>
          </Trackpoint>
          <Trackpoint>
            <Time>2010-10-19T21:03:12Z</Time>
            <HeartRateBpm>
              <Value>0</Value>
            </HeartRateBpm>
            <Cadence>88</Cadence>
            <DistanceMeters>1057.61387</DistanceMeters>
            <Extensions>
              <TPX xmlns="http://www.garmin.com/xmlschemas/ActivityExtension/v2">
                <Watts>94</Watts>
              </TPX>
            </Extensions>
          </Trackpoint>
          <Trackpoint>
            <Time>2010-10-19T21:03:13Z</Time>
            <HeartRateBpm>
              <Value>0</Value>
            </HeartRateBpm>
            <Cadence>88</Cadence>
            <DistanceMeters>1061.30570</DistanceMeters>
            <Extensions>
              <TPX xmlns="http://www.garmin.com/xmlschemas/ActivityExtension/v2">
                <Watts>104</Watts>
              </TPX>
            </Extensions>
          </Trackpoint>
          <Trackpoint>
            <Time>2010-10-19T21:03:14Z</Time>
            <HeartRateBpm>
              <Value>0</Value>
            </HeartRateBpm>
            <Cadence>91</Cadence>
            <DistanceMeters>1065.38136</DistanceMeters>
            <Extensions>
              <TPX xmlns="http://www.garmin.com/xmlschemas/ActivityExtension/v2">
                <Watts>125</Watts>
              </TPX>
            </Extensions>
          </Trackpoint>
          <Trackpoint>
            <Time>2010-10-19T21:03:15Z</Time>
            <HeartRateBpm>
              <Value>0</Value>
            </HeartRateBpm>
            <Cadence>94</Cadence>
            <DistanceMeters>1069.39546</DistanceMeters>
            <Extensions>
              <TPX xmlns="http://www.garmin.com/xmlschemas/ActivityExtension/v2">
                <Watts>140</Watts>
              </TPX>
            </Extensions>
          </Trackpoint>
          <Trackpoint>
            <Time>2010-10-19T21:03:16Z</Time>
            <HeartRateBpm>
              <Value>0</Value>
            </HeartRateBpm>
            <Cadence>95</Cadence>
            <DistanceMeters>1073.09277</DistanceMeters>
            <Extensions>
              <TPX xmlns="http://www.garmin.com/xmlschemas/ActivityExtension/v2">
                <Watts>125</Watts>
              </TPX>
            </Extensions>
          </Trackpoint>
          <Trackpoint>
            <Time>2010-10-19T21:03:17Z</Time>
            <HeartRateBpm>
              <Value>0</Value>
            </HeartRateBpm>
            <Cadence>96</Cadence>
            <DistanceMeters>1076.78631</DistanceMeters>
            <Extensions>
              <TPX xmlns="http://www.garmin.com/xmlschemas/ActivityExtension/v2">
                <Watts>110</Watts>
              </TPX>
            </Extensions>
          </Trackpoint>
          <Trackpoint>
            <Time>2010-10-19T21:03:18Z</Time>
            <HeartRateBpm>
              <Value>0</Value>
            </HeartRateBpm>
            <Cadence>96</Cadence>
            <DistanceMeters>1080.37852</DistanceMeters>
            <Extensions>
              <TPX xmlns="http://www.garmin.com/xmlschemas/ActivityExtension/v2">
                <Watts>107</Watts>
              </TPX>
            </Extensions>
          </Trackpoint>
          <Trackpoint>
            <Time>2010-10-19T21:03:19Z</Time>
            <HeartRateBpm>
              <Value>0</Value>
            </HeartRateBpm>
            <Cadence>96</Cadence>
            <DistanceMeters>1083.97073</DistanceMeters>
            <Extensions>
              <TPX xmlns="http://www.garmin.com/xmlschemas/ActivityExtension/v2">
                <Watts>103</Watts>
              </TPX>
            </Extensions>
          </Trackpoint>
          <Trackpoint>
            <Time>2010-10-19T21:03:20Z</Time>
            <HeartRateBpm>
              <Value>0</Value>
            </HeartRateBpm>
            <Cadence>95</Cadence>
            <DistanceMeters>1087.64702</DistanceMeters>
            <Extensions>
              <TPX xmlns="http://www.garmin.com/xmlschemas/ActivityExtension/v2">
                <Watts>105</Watts>
              </TPX>
            </Extensions>
          </Trackpoint>
          <Trackpoint>
            <Time>2010-10-19T21:03:21Z</Time>
            <HeartRateBpm>
              <Value>0</Value>
            </HeartRateBpm>
            <Cadence>95</Cadence>
            <DistanceMeters>1091.33172</DistanceMeters>
            <Extensions>
              <TPX xmlns="http://www.garmin.com/xmlschemas/ActivityExtension/v2">
                <Watts>109</Watts>
              </TPX>
            </Extensions>
          </Trackpoint>
          <Trackpoint>
            <Time>2010-10-19T21:03:22Z</Time>
            <HeartRateBpm>
              <Value>0</Value>
            </HeartRateBpm>
            <Cadence>94</Cadence>
            <DistanceMeters>1094.46227</DistanceMeters>
            <Extensions>
              <TPX xmlns="http://www.garmin.com/xmlschemas/ActivityExtension/v2">
                <Watts>93</Watts>
              </TPX>
            </Extensions>
          </Trackpoint>
          <Trackpoint>
            <Time>2010-10-19T21:03:23Z</Time>
            <HeartRateBpm>
              <Value>0</Value>
            </HeartRateBpm>
            <Cadence>93</Cadence>
            <DistanceMeters>1097.43861</DistanceMeters>
            <Extensions>
              <TPX xmlns="http://www.garmin.com/xmlschemas/ActivityExtension/v2">
                <Watts>71</Watts>
              </TPX>
            </Extensions>
          </Trackpoint>
          <Trackpoint>
            <Time>2010-10-19T21:03:24Z</Time>
            <HeartRateBpm>
              <Value>0</Value>
            </HeartRateBpm>
            <Cadence>92</Cadence>
            <DistanceMeters>1100.48661</DistanceMeters>
            <Extensions>
              <TPX xmlns="http://www.garmin.com/xmlschemas/ActivityExtension/v2">
                <Watts>65</Watts>
              </TPX>
            </Extensions>
          </Trackpoint>
          <Trackpoint>
            <Time>2010-10-19T21:03:25Z</Time>
            <HeartRateBpm>
              <Value>0</Value>
            </HeartRateBpm>
            <Cadence>91</Cadence>
            <DistanceMeters>1103.57225</DistanceMeters>
            <Extensions>
              <TPX xmlns="http://www.garmin.com/xmlschemas/ActivityExtension/v2">
                <Watts>68</Watts>
              </TPX>
            </Extensions>
          </Trackpoint>
          <Trackpoint>
            <Time>2010-10-19T21:03:26Z</Time>
            <HeartRateBpm>
              <Value>0</Value>
            </HeartRateBpm>
            <Cadence>91</Cadence>
            <DistanceMeters>1106.98795</DistanceMeters>
            <Extensions>
              <TPX xmlns="http://www.garmin.com/xmlschemas/ActivityExtension/v2">
                <Watts>80</Watts>
              </TPX>
            </Extensions>
          </Trackpoint>
          <Trackpoint>
            <Time>2010-10-19T21:03:27Z</Time>
            <HeartRateBpm>
              <Value>0</Value>
            </HeartRateBpm>
            <Cadence>91</Cadence>
            <DistanceMeters>1110.69787</DistanceMeters>
            <Extensions>
              <TPX xmlns="http://www.garmin.com/xmlschemas/ActivityExtension/v2">
                <Watts>100</Watts>
              </TPX>
            </Extensions>
          </Trackpoint>
          <Trackpoint>
            <Time>2010-10-19T21:03:28Z</Time>
            <HeartRateBpm>
              <Value>0</Value>
            </HeartRateBpm>
            <Cadence>91</Cadence>
            <DistanceMeters>1114.29206</DistanceMeters>
            <Extensions>
              <TPX xmlns="http://www.garmin.com/xmlschemas/ActivityExtension/v2">
                <Watts>108</Watts>
              </TPX>
            </Extensions>
          </Trackpoint>
          <Trackpoint>
            <Time>2010-10-19T21:03:29Z</Time>
            <HeartRateBpm>
              <Value>0</Value>
            </HeartRateBpm>
            <Cadence>91</Cadence>
            <DistanceMeters>1117.71401</DistanceMeters>
            <Extensions>
              <TPX xmlns="http://www.garmin.com/xmlschemas/ActivityExtension/v2">
                <Watts>98</Watts>
              </TPX>
            </Extensions>
          </Trackpoint>
          <Trackpoint>
            <Time>2010-10-19T21:03:30Z</Time>
            <HeartRateBpm>
              <Value>0</Value>
            </HeartRateBpm>
            <Cadence>91</Cadence>
            <DistanceMeters>1121.17471</DistanceMeters>
            <Extensions>
              <TPX xmlns="http://www.garmin.com/xmlschemas/ActivityExtension/v2">
                <Watts>92</Watts>
              </TPX>
            </Extensions>
          </Trackpoint>
          <Trackpoint>
            <Time>2010-10-19T21:03:31Z</Time>
            <HeartRateBpm>
              <Value>0</Value>
            </HeartRateBpm>
            <Cadence>91</Cadence>
            <DistanceMeters>1124.73749</DistanceMeters>
            <Extensions>
              <TPX xmlns="http://www.garmin.com/xmlschemas/ActivityExtension/v2">
                <Watts>96</Watts>
              </TPX>
            </Extensions>
          </Trackpoint>
          <Trackpoint>
            <Time>2010-10-19T21:03:32Z</Time>
            <HeartRateBpm>
              <Value>0</Value>
            </HeartRateBpm>
            <Cadence>91</Cadence>
            <DistanceMeters>1128.32959</DistanceMeters>
            <Extensions>
              <TPX xmlns="http://www.garmin.com/xmlschemas/ActivityExtension/v2">
                <Watts>102</Watts>
              </TPX>
            </Extensions>
          </Trackpoint>
          <Trackpoint>
            <Time>2010-10-19T21:03:33Z</Time>
            <HeartRateBpm>
              <Value>0</Value>
            </HeartRateBpm>
            <Cadence>92</Cadence>
            <DistanceMeters>1132.08995</DistanceMeters>
            <Extensions>
              <TPX xmlns="http://www.garmin.com/xmlschemas/ActivityExtension/v2">
                <Watts>109</Watts>
              </TPX>
            </Extensions>
          </Trackpoint>
          <Trackpoint>
            <Time>2010-10-19T21:03:34Z</Time>
            <HeartRateBpm>
              <Value>0</Value>
            </HeartRateBpm>
            <Cadence>93</Cadence>
            <DistanceMeters>1135.84489</DistanceMeters>
            <Extensions>
              <TPX xmlns="http://www.garmin.com/xmlschemas/ActivityExtension/v2">
                <Watts>115</Watts>
              </TPX>
            </Extensions>
          </Trackpoint>
          <Trackpoint>
            <Time>2010-10-19T21:03:35Z</Time>
            <HeartRateBpm>
              <Value>0</Value>
            </HeartRateBpm>
            <Cadence>93</Cadence>
            <DistanceMeters>1139.35302</DistanceMeters>
            <Extensions>
              <TPX xmlns="http://www.garmin.com/xmlschemas/ActivityExtension/v2">
                <Watts>106</Watts>
              </TPX>
            </Extensions>
          </Trackpoint>
          <Trackpoint>
            <Time>2010-10-19T21:03:36Z</Time>
            <HeartRateBpm>
              <Value>0</Value>
            </HeartRateBpm>
            <Cadence>93</Cadence>
            <DistanceMeters>1142.86115</DistanceMeters>
            <Extensions>
              <TPX xmlns="http://www.garmin.com/xmlschemas/ActivityExtension/v2">
                <Watts>97</Watts>
              </TPX>
            </Extensions>
          </Trackpoint>
          <Trackpoint>
            <Time>2010-10-19T21:03:37Z</Time>
            <HeartRateBpm>
              <Value>0</Value>
            </HeartRateBpm>
            <Cadence>94</Cadence>
            <DistanceMeters>1146.54983</DistanceMeters>
            <Extensions>
              <TPX xmlns="http://www.garmin.com/xmlschemas/ActivityExtension/v2">
                <Watts>103</Watts>
              </TPX>
            </Extensions>
          </Trackpoint>
          <Trackpoint>
            <Time>2010-10-19T21:03:38Z</Time>
            <HeartRateBpm>
              <Value>0</Value>
            </HeartRateBpm>
            <Cadence>96</Cadence>
            <DistanceMeters>1150.25975</DistanceMeters>
            <Extensions>
              <TPX xmlns="http://www.garmin.com/xmlschemas/ActivityExtension/v2">
                <Watts>110</Watts>
              </TPX>
            </Extensions>
          </Trackpoint>
          <Trackpoint>
            <Time>2010-10-19T21:03:39Z</Time>
            <HeartRateBpm>
              <Value>0</Value>
            </HeartRateBpm>
            <Cadence>95</Cadence>
            <DistanceMeters>1153.75983</DistanceMeters>
            <Extensions>
              <TPX xmlns="http://www.garmin.com/xmlschemas/ActivityExtension/v2">
                <Watts>104</Watts>
              </TPX>
            </Extensions>
          </Trackpoint>
          <Trackpoint>
            <Time>2010-10-19T21:03:40Z</Time>
            <HeartRateBpm>
              <Value>0</Value>
            </HeartRateBpm>
            <Cadence>94</Cadence>
            <DistanceMeters>1157.19650</DistanceMeters>
            <Extensions>
              <TPX xmlns="http://www.garmin.com/xmlschemas/ActivityExtension/v2">
                <Watts>95</Watts>
              </TPX>
            </Extensions>
          </Trackpoint>
          <Trackpoint>
            <Time>2010-10-19T21:03:41Z</Time>
            <HeartRateBpm>
              <Value>0</Value>
            </HeartRateBpm>
            <Cadence>94</Cadence>
            <DistanceMeters>1160.79219</DistanceMeters>
            <Extensions>
              <TPX xmlns="http://www.garmin.com/xmlschemas/ActivityExtension/v2">
                <Watts>97</Watts>
              </TPX>
            </Extensions>
          </Trackpoint>
          <Trackpoint>
            <Time>2010-10-19T21:03:42Z</Time>
            <HeartRateBpm>
              <Value>0</Value>
            </HeartRateBpm>
            <Cadence>94</Cadence>
            <DistanceMeters>1164.47689</DistanceMeters>
            <Extensions>
              <TPX xmlns="http://www.garmin.com/xmlschemas/ActivityExtension/v2">
                <Watts>105</Watts>
              </TPX>
            </Extensions>
          </Trackpoint>
          <Trackpoint>
            <Time>2010-10-19T21:03:43Z</Time>
            <HeartRateBpm>
              <Value>0</Value>
            </HeartRateBpm>
            <Cadence>94</Cadence>
            <DistanceMeters>1167.81670</DistanceMeters>
            <Extensions>
              <TPX xmlns="http://www.garmin.com/xmlschemas/ActivityExtension/v2">
                <Watts>99</Watts>
              </TPX>
            </Extensions>
          </Trackpoint>
          <Trackpoint>
            <Time>2010-10-19T21:03:44Z</Time>
            <HeartRateBpm>
              <Value>0</Value>
            </HeartRateBpm>
            <Cadence>93</Cadence>
            <DistanceMeters>1170.83088</DistanceMeters>
            <Extensions>
              <TPX xmlns="http://www.garmin.com/xmlschemas/ActivityExtension/v2">
                <Watts>78</Watts>
              </TPX>
            </Extensions>
          </Trackpoint>
          <Trackpoint>
            <Time>2010-10-19T21:03:45Z</Time>
            <HeartRateBpm>
              <Value>0</Value>
            </HeartRateBpm>
            <Cadence>92</Cadence>
            <DistanceMeters>1173.86542</DistanceMeters>
            <Extensions>
              <TPX xmlns="http://www.garmin.com/xmlschemas/ActivityExtension/v2">
                <Watts>66</Watts>
              </TPX>
            </Extensions>
          </Trackpoint>
          <Trackpoint>
            <Time>2010-10-19T21:03:46Z</Time>
            <HeartRateBpm>
              <Value>0</Value>
            </HeartRateBpm>
            <Cadence>91</Cadence>
            <DistanceMeters>1176.93215</DistanceMeters>
            <Extensions>
              <TPX xmlns="http://www.garmin.com/xmlschemas/ActivityExtension/v2">
                <Watts>67</Watts>
              </TPX>
            </Extensions>
          </Trackpoint>
          <Trackpoint>
            <Time>2010-10-19T21:03:47Z</Time>
            <HeartRateBpm>
              <Value>0</Value>
            </HeartRateBpm>
            <Cadence>90</Cadence>
            <DistanceMeters>1180.06027</DistanceMeters>
            <Extensions>
              <TPX xmlns="http://www.garmin.com/xmlschemas/ActivityExtension/v2">
                <Watts>70</Watts>
              </TPX>
            </Extensions>
          </Trackpoint>
          <Trackpoint>
            <Time>2010-10-19T21:03:48Z</Time>
            <HeartRateBpm>
              <Value>0</Value>
            </HeartRateBpm>
            <Cadence>90</Cadence>
            <DistanceMeters>1183.36241</DistanceMeters>
            <Extensions>
              <TPX xmlns="http://www.garmin.com/xmlschemas/ActivityExtension/v2">
                <Watts>77</Watts>
              </TPX>
            </Extensions>
          </Trackpoint>
          <Trackpoint>
            <Time>2010-10-19T21:03:49Z</Time>
            <HeartRateBpm>
              <Value>0</Value>
            </HeartRateBpm>
            <Cadence>89</Cadence>
            <DistanceMeters>1186.67863</DistanceMeters>
            <Extensions>
              <TPX xmlns="http://www.garmin.com/xmlschemas/ActivityExtension/v2">
                <Watts>83</Watts>
              </TPX>
            </Extensions>
          </Trackpoint>
          <Trackpoint>
            <Time>2010-10-19T21:03:50Z</Time>
            <HeartRateBpm>
              <Value>0</Value>
            </HeartRateBpm>
            <Cadence>88</Cadence>
            <DistanceMeters>1190.08588</DistanceMeters>
            <Extensions>
              <TPX xmlns="http://www.garmin.com/xmlschemas/ActivityExtension/v2">
                <Watts>86</Watts>
              </TPX>
            </Extensions>
          </Trackpoint>
          <Trackpoint>
            <Time>2010-10-19T21:03:51Z</Time>
            <HeartRateBpm>
              <Value>0</Value>
            </HeartRateBpm>
            <Cadence>86</Cadence>
            <DistanceMeters>1193.49247</DistanceMeters>
            <Extensions>
              <TPX xmlns="http://www.garmin.com/xmlschemas/ActivityExtension/v2">
                <Watts>89</Watts>
              </TPX>
            </Extensions>
          </Trackpoint>
          <Trackpoint>
            <Time>2010-10-19T21:03:52Z</Time>
            <HeartRateBpm>
              <Value>0</Value>
            </HeartRateBpm>
            <Cadence>86</Cadence>
            <DistanceMeters>1196.80933</DistanceMeters>
            <Extensions>
              <TPX xmlns="http://www.garmin.com/xmlschemas/ActivityExtension/v2">
                <Watts>87</Watts>
              </TPX>
            </Extensions>
          </Trackpoint>
          <Trackpoint>
            <Time>2010-10-19T21:03:53Z</Time>
            <HeartRateBpm>
              <Value>0</Value>
            </HeartRateBpm>
            <Cadence>86</Cadence>
            <DistanceMeters>1200.12618</DistanceMeters>
            <Extensions>
              <TPX xmlns="http://www.garmin.com/xmlschemas/ActivityExtension/v2">
                <Watts>84</Watts>
              </TPX>
            </Extensions>
          </Trackpoint>
          <Trackpoint>
            <Time>2010-10-19T21:03:54Z</Time>
            <HeartRateBpm>
              <Value>0</Value>
            </HeartRateBpm>
            <Cadence>83</Cadence>
            <DistanceMeters>1202.96746</DistanceMeters>
            <Extensions>
              <TPX xmlns="http://www.garmin.com/xmlschemas/ActivityExtension/v2">
                <Watts>71</Watts>
              </TPX>
            </Extensions>
          </Trackpoint>
          <Trackpoint>
            <Time>2010-10-19T21:03:55Z</Time>
            <HeartRateBpm>
              <Value>0</Value>
            </HeartRateBpm>
            <Cadence>79</Cadence>
            <DistanceMeters>1205.74412</DistanceMeters>
            <Extensions>
              <TPX xmlns="http://www.garmin.com/xmlschemas/ActivityExtension/v2">
                <Watts>57</Watts>
              </TPX>
            </Extensions>
          </Trackpoint>
          <Trackpoint>
            <Time>2010-10-19T21:03:56Z</Time>
            <HeartRateBpm>
              <Value>0</Value>
            </HeartRateBpm>
            <Cadence>78</Cadence>
            <DistanceMeters>1208.68551</DistanceMeters>
            <Extensions>
              <TPX xmlns="http://www.garmin.com/xmlschemas/ActivityExtension/v2">
                <Watts>57</Watts>
              </TPX>
            </Extensions>
          </Trackpoint>
          <Trackpoint>
            <Time>2010-10-19T21:03:57Z</Time>
            <HeartRateBpm>
              <Value>0</Value>
            </HeartRateBpm>
            <Cadence>78</Cadence>
            <DistanceMeters>1211.68078</DistanceMeters>
            <Extensions>
              <TPX xmlns="http://www.garmin.com/xmlschemas/ActivityExtension/v2">
                <Watts>63</Watts>
              </TPX>
            </Extensions>
          </Trackpoint>
          <Trackpoint>
            <Time>2010-10-19T21:03:58Z</Time>
            <HeartRateBpm>
              <Value>0</Value>
            </HeartRateBpm>
            <Cadence>78</Cadence>
            <DistanceMeters>1215.13979</DistanceMeters>
            <Extensions>
              <TPX xmlns="http://www.garmin.com/xmlschemas/ActivityExtension/v2">
                <Watts>79</Watts>
              </TPX>
            </Extensions>
          </Trackpoint>
          <Trackpoint>
            <Time>2010-10-19T21:03:59Z</Time>
            <HeartRateBpm>
              <Value>0</Value>
            </HeartRateBpm>
            <Cadence>78</Cadence>
            <DistanceMeters>1218.87493</DistanceMeters>
            <Extensions>
              <TPX xmlns="http://www.garmin.com/xmlschemas/ActivityExtension/v2">
                <Watts>102</Watts>
              </TPX>
            </Extensions>
          </Trackpoint>
          <Trackpoint>
            <Time>2010-10-19T21:04:00Z</Time>
            <HeartRateBpm>
              <Value>0</Value>
            </HeartRateBpm>
            <Cadence>82</Cadence>
            <DistanceMeters>1222.52390</DistanceMeters>
            <Extensions>
              <TPX xmlns="http://www.garmin.com/xmlschemas/ActivityExtension/v2">
                <Watts>110</Watts>
              </TPX>
            </Extensions>
          </Trackpoint>
          <Trackpoint>
            <Time>2010-10-19T21:04:01Z</Time>
            <HeartRateBpm>
              <Value>0</Value>
            </HeartRateBpm>
            <Cadence>88</Cadence>
            <DistanceMeters>1226.08668</DistanceMeters>
            <Extensions>
              <TPX xmlns="http://www.garmin.com/xmlschemas/ActivityExtension/v2">
                <Watts>104</Watts>
              </TPX>
            </Extensions>
          </Trackpoint>
          <Trackpoint>
            <Time>2010-10-19T21:04:02Z</Time>
            <HeartRateBpm>
              <Value>0</Value>
            </HeartRateBpm>
            <Cadence>92</Cadence>
            <DistanceMeters>1229.29646</DistanceMeters>
            <Extensions>
              <TPX xmlns="http://www.garmin.com/xmlschemas/ActivityExtension/v2">
                <Watts>91</Watts>
              </TPX>
            </Extensions>
          </Trackpoint>
          <Trackpoint>
            <Time>2010-10-19T21:04:03Z</Time>
            <HeartRateBpm>
              <Value>0</Value>
            </HeartRateBpm>
            <Cadence>93</Cadence>
            <DistanceMeters>1231.91337</DistanceMeters>
            <Extensions>
              <TPX xmlns="http://www.garmin.com/xmlschemas/ActivityExtension/v2">
                <Watts>66</Watts>
              </TPX>
            </Extensions>
          </Trackpoint>
          <Trackpoint>
            <Time>2010-10-19T21:04:04Z</Time>
            <HeartRateBpm>
              <Value>0</Value>
            </HeartRateBpm>
            <Cadence>93</Cadence>
            <DistanceMeters>1234.59503</DistanceMeters>
            <Extensions>
              <TPX xmlns="http://www.garmin.com/xmlschemas/ActivityExtension/v2">
                <Watts>48</Watts>
              </TPX>
            </Extensions>
          </Trackpoint>
          <Trackpoint>
            <Time>2010-10-19T21:04:05Z</Time>
            <HeartRateBpm>
              <Value>0</Value>
            </HeartRateBpm>
            <Cadence>89</Cadence>
            <DistanceMeters>1237.47468</DistanceMeters>
            <Extensions>
              <TPX xmlns="http://www.garmin.com/xmlschemas/ActivityExtension/v2">
                <Watts>54</Watts>
              </TPX>
            </Extensions>
          </Trackpoint>
          <Trackpoint>
            <Time>2010-10-19T21:04:06Z</Time>
            <HeartRateBpm>
              <Value>0</Value>
            </HeartRateBpm>
            <Cadence>85</Cadence>
            <DistanceMeters>1240.40487</DistanceMeters>
            <Extensions>
              <TPX xmlns="http://www.garmin.com/xmlschemas/ActivityExtension/v2">
                <Watts>60</Watts>
              </TPX>
            </Extensions>
          </Trackpoint>
          <Trackpoint>
            <Time>2010-10-19T21:04:07Z</Time>
            <HeartRateBpm>
              <Value>0</Value>
            </HeartRateBpm>
            <Cadence>85</Cadence>
            <DistanceMeters>1243.70702</DistanceMeters>
            <Extensions>
              <TPX xmlns="http://www.garmin.com/xmlschemas/ActivityExtension/v2">
                <Watts>71</Watts>
              </TPX>
            </Extensions>
          </Trackpoint>
          <Trackpoint>
            <Time>2010-10-19T21:04:08Z</Time>
            <HeartRateBpm>
              <Value>0</Value>
            </HeartRateBpm>
            <Cadence>85</Cadence>
            <DistanceMeters>1247.00916</DistanceMeters>
            <Extensions>
              <TPX xmlns="http://www.garmin.com/xmlschemas/ActivityExtension/v2">
                <Watts>82</Watts>
              </TPX>
            </Extensions>
          </Trackpoint>
          <Trackpoint>
            <Time>2010-10-19T21:04:09Z</Time>
            <HeartRateBpm>
              <Value>0</Value>
            </HeartRateBpm>
            <Cadence>83</Cadence>
            <DistanceMeters>1249.76664</DistanceMeters>
            <Extensions>
              <TPX xmlns="http://www.garmin.com/xmlschemas/ActivityExtension/v2">
                <Watts>68</Watts>
              </TPX>
            </Extensions>
          </Trackpoint>
          <Trackpoint>
            <Time>2010-10-19T21:04:10Z</Time>
            <HeartRateBpm>
              <Value>0</Value>
            </HeartRateBpm>
            <Cadence>82</Cadence>
            <DistanceMeters>1252.52018</DistanceMeters>
            <Extensions>
              <TPX xmlns="http://www.garmin.com/xmlschemas/ActivityExtension/v2">
                <Watts>54</Watts>
              </TPX>
            </Extensions>
          </Trackpoint>
          <Trackpoint>
            <Time>2010-10-19T21:04:11Z</Time>
            <HeartRateBpm>
              <Value>0</Value>
            </HeartRateBpm>
            <Cadence>71</Cadence>
            <DistanceMeters>1252.88907</DistanceMeters>
            <Extensions>
              <TPX xmlns="http://www.garmin.com/xmlschemas/ActivityExtension/v2">
                <Watts>31</Watts>
              </TPX>
            </Extensions>
          </Trackpoint>
          <Trackpoint>
            <Time>2010-10-19T21:04:12Z</Time>
            <HeartRateBpm>
              <Value>0</Value>
            </HeartRateBpm>
            <Cadence>59</Cadence>
            <DistanceMeters>1252.88907</DistanceMeters>
            <Extensions>
              <TPX xmlns="http://www.garmin.com/xmlschemas/ActivityExtension/v2">
                <Watts>6</Watts>
              </TPX>
            </Extensions>
          </Trackpoint>
          <Trackpoint>
            <Time>2010-10-19T21:04:13Z</Time>
            <HeartRateBpm>
              <Value>0</Value>
            </HeartRateBpm>
            <Cadence>56</Cadence>
            <DistanceMeters>1252.88907</DistanceMeters>
            <Extensions>
              <TPX xmlns="http://www.garmin.com/xmlschemas/ActivityExtension/v2">
                <Watts>0</Watts>
              </TPX>
            </Extensions>
          </Trackpoint>
          <Trackpoint>
            <Time>2010-10-19T21:04:14Z</Time>
            <HeartRateBpm>
              <Value>0</Value>
            </HeartRateBpm>
            <Cadence>56</Cadence>
            <DistanceMeters>1252.88907</DistanceMeters>
            <Extensions>
              <TPX xmlns="http://www.garmin.com/xmlschemas/ActivityExtension/v2">
                <Watts>0</Watts>
              </TPX>
            </Extensions>
          </Trackpoint>
          <Trackpoint>
            <Time>2010-10-19T21:04:15Z</Time>
            <HeartRateBpm>
              <Value>0</Value>
            </HeartRateBpm>
            <Cadence>56</Cadence>
            <DistanceMeters>1252.88907</DistanceMeters>
            <Extensions>
              <TPX xmlns="http://www.garmin.com/xmlschemas/ActivityExtension/v2">
                <Watts>0</Watts>
              </TPX>
            </Extensions>
          </Trackpoint>
          <Trackpoint>
            <Time>2010-10-19T21:04:16Z</Time>
            <HeartRateBpm>
              <Value>0</Value>
            </HeartRateBpm>
            <Cadence>56</Cadence>
            <DistanceMeters>1252.88907</DistanceMeters>
            <Extensions>
              <TPX xmlns="http://www.garmin.com/xmlschemas/ActivityExtension/v2">
                <Watts>0</Watts>
              </TPX>
            </Extensions>
          </Trackpoint>
          <Trackpoint>
            <Time>2010-10-19T21:04:17Z</Time>
            <HeartRateBpm>
              <Value>0</Value>
            </HeartRateBpm>
            <Cadence>56</Cadence>
            <DistanceMeters>1252.88907</DistanceMeters>
            <Extensions>
              <TPX xmlns="http://www.garmin.com/xmlschemas/ActivityExtension/v2">
                <Watts>0</Watts>
              </TPX>
            </Extensions>
          </Trackpoint>
          <Trackpoint>
            <Time>2010-10-19T21:04:18Z</Time>
            <HeartRateBpm>
              <Value>0</Value>
            </HeartRateBpm>
            <Cadence>56</Cadence>
            <DistanceMeters>1252.88907</DistanceMeters>
            <Extensions>
              <TPX xmlns="http://www.garmin.com/xmlschemas/ActivityExtension/v2">
                <Watts>0</Watts>
              </TPX>
            </Extensions>
          </Trackpoint>
          <Trackpoint>
            <Time>2010-10-19T21:04:19Z</Time>
            <HeartRateBpm>
              <Value>0</Value>
            </HeartRateBpm>
            <Cadence>56</Cadence>
            <DistanceMeters>1252.88907</DistanceMeters>
            <Extensions>
              <TPX xmlns="http://www.garmin.com/xmlschemas/ActivityExtension/v2">
                <Watts>0</Watts>
              </TPX>
            </Extensions>
          </Trackpoint>
          <Trackpoint>
            <Time>2010-10-19T21:04:20Z</Time>
            <HeartRateBpm>
              <Value>0</Value>
            </HeartRateBpm>
            <Cadence>56</Cadence>
            <DistanceMeters>1252.88907</DistanceMeters>
            <Extensions>
              <TPX xmlns="http://www.garmin.com/xmlschemas/ActivityExtension/v2">
                <Watts>0</Watts>
              </TPX>
            </Extensions>
          </Trackpoint>
          <Trackpoint>
            <Time>2010-10-19T21:04:21Z</Time>
            <HeartRateBpm>
              <Value>0</Value>
            </HeartRateBpm>
            <Cadence>56</Cadence>
            <DistanceMeters>1252.88907</DistanceMeters>
            <Extensions>
              <TPX xmlns="http://www.garmin.com/xmlschemas/ActivityExtension/v2">
                <Watts>0</Watts>
              </TPX>
            </Extensions>
          </Trackpoint>
          <Trackpoint>
            <Time>2010-10-19T21:04:22Z</Time>
            <HeartRateBpm>
              <Value>0</Value>
            </HeartRateBpm>
            <Cadence>56</Cadence>
            <DistanceMeters>1252.88907</DistanceMeters>
            <Extensions>
              <TPX xmlns="http://www.garmin.com/xmlschemas/ActivityExtension/v2">
                <Watts>0</Watts>
              </TPX>
            </Extensions>
          </Trackpoint>
          <Trackpoint>
            <Time>2010-10-19T21:04:23Z</Time>
            <HeartRateBpm>
              <Value>0</Value>
            </HeartRateBpm>
            <Cadence>56</Cadence>
            <DistanceMeters>1252.88907</DistanceMeters>
            <Extensions>
              <TPX xmlns="http://www.garmin.com/xmlschemas/ActivityExtension/v2">
                <Watts>0</Watts>
              </TPX>
            </Extensions>
          </Trackpoint>
          <Trackpoint>
            <Time>2010-10-19T21:04:24Z</Time>
            <HeartRateBpm>
              <Value>0</Value>
            </HeartRateBpm>
            <Cadence>56</Cadence>
            <DistanceMeters>1252.88907</DistanceMeters>
            <Extensions>
              <TPX xmlns="http://www.garmin.com/xmlschemas/ActivityExtension/v2">
                <Watts>0</Watts>
              </TPX>
            </Extensions>
          </Trackpoint>
          <Trackpoint>
            <Time>2010-10-19T21:04:25Z</Time>
            <HeartRateBpm>
              <Value>0</Value>
            </HeartRateBpm>
            <Cadence>56</Cadence>
            <DistanceMeters>1252.88907</DistanceMeters>
            <Extensions>
              <TPX xmlns="http://www.garmin.com/xmlschemas/ActivityExtension/v2">
                <Watts>0</Watts>
              </TPX>
            </Extensions>
          </Trackpoint>
          <Trackpoint>
            <Time>2010-10-19T21:04:26Z</Time>
            <HeartRateBpm>
              <Value>0</Value>
            </HeartRateBpm>
            <Cadence>56</Cadence>
            <DistanceMeters>1252.88907</DistanceMeters>
            <Extensions>
              <TPX xmlns="http://www.garmin.com/xmlschemas/ActivityExtension/v2">
                <Watts>0</Watts>
              </TPX>
            </Extensions>
          </Trackpoint>
          <Trackpoint>
            <Time>2010-10-19T21:04:27Z</Time>
            <HeartRateBpm>
              <Value>0</Value>
            </HeartRateBpm>
            <Cadence>56</Cadence>
            <DistanceMeters>1252.88907</DistanceMeters>
            <Extensions>
              <TPX xmlns="http://www.garmin.com/xmlschemas/ActivityExtension/v2">
                <Watts>0</Watts>
              </TPX>
            </Extensions>
          </Trackpoint>
          <Trackpoint>
            <Time>2010-10-19T21:04:28Z</Time>
            <HeartRateBpm>
              <Value>0</Value>
            </HeartRateBpm>
            <Cadence>56</Cadence>
            <DistanceMeters>1252.88907</DistanceMeters>
            <Extensions>
              <TPX xmlns="http://www.garmin.com/xmlschemas/ActivityExtension/v2">
                <Watts>0</Watts>
              </TPX>
            </Extensions>
          </Trackpoint>
          <Trackpoint>
            <Time>2010-10-19T21:04:29Z</Time>
            <HeartRateBpm>
              <Value>0</Value>
            </HeartRateBpm>
            <Cadence>56</Cadence>
            <DistanceMeters>1252.88907</DistanceMeters>
            <Extensions>
              <TPX xmlns="http://www.garmin.com/xmlschemas/ActivityExtension/v2">
                <Watts>0</Watts>
              </TPX>
            </Extensions>
          </Trackpoint>
          <Trackpoint>
            <Time>2010-10-19T21:04:30Z</Time>
            <HeartRateBpm>
              <Value>0</Value>
            </HeartRateBpm>
            <Cadence>56</Cadence>
            <DistanceMeters>1252.88907</DistanceMeters>
            <Extensions>
              <TPX xmlns="http://www.garmin.com/xmlschemas/ActivityExtension/v2">
                <Watts>0</Watts>
              </TPX>
            </Extensions>
          </Trackpoint>
          <Trackpoint>
            <Time>2010-10-19T21:04:31Z</Time>
            <HeartRateBpm>
              <Value>0</Value>
            </HeartRateBpm>
            <Cadence>56</Cadence>
            <DistanceMeters>1252.88907</DistanceMeters>
            <Extensions>
              <TPX xmlns="http://www.garmin.com/xmlschemas/ActivityExtension/v2">
                <Watts>0</Watts>
              </TPX>
            </Extensions>
          </Trackpoint>
          <Trackpoint>
            <Time>2010-10-19T21:04:32Z</Time>
            <HeartRateBpm>
              <Value>0</Value>
            </HeartRateBpm>
            <Cadence>56</Cadence>
            <DistanceMeters>1252.88907</DistanceMeters>
            <Extensions>
              <TPX xmlns="http://www.garmin.com/xmlschemas/ActivityExtension/v2">
                <Watts>0</Watts>
              </TPX>
            </Extensions>
          </Trackpoint>
          <Trackpoint>
            <Time>2010-10-19T21:04:33Z</Time>
            <HeartRateBpm>
              <Value>0</Value>
            </HeartRateBpm>
            <Cadence>56</Cadence>
            <DistanceMeters>1252.88907</DistanceMeters>
            <Extensions>
              <TPX xmlns="http://www.garmin.com/xmlschemas/ActivityExtension/v2">
                <Watts>0</Watts>
              </TPX>
            </Extensions>
          </Trackpoint>
          <Trackpoint>
            <Time>2010-10-19T21:04:34Z</Time>
            <HeartRateBpm>
              <Value>0</Value>
            </HeartRateBpm>
            <Cadence>56</Cadence>
            <DistanceMeters>1252.88907</DistanceMeters>
            <Extensions>
              <TPX xmlns="http://www.garmin.com/xmlschemas/ActivityExtension/v2">
                <Watts>0</Watts>
              </TPX>
            </Extensions>
          </Trackpoint>
          <Trackpoint>
            <Time>2010-10-19T21:04:35Z</Time>
            <HeartRateBpm>
              <Value>0</Value>
            </HeartRateBpm>
            <Cadence>56</Cadence>
            <DistanceMeters>1252.88907</DistanceMeters>
            <Extensions>
              <TPX xmlns="http://www.garmin.com/xmlschemas/ActivityExtension/v2">
                <Watts>0</Watts>
              </TPX>
            </Extensions>
          </Trackpoint>
          <Trackpoint>
            <Time>2010-10-19T21:04:36Z</Time>
            <HeartRateBpm>
              <Value>0</Value>
            </HeartRateBpm>
            <Cadence>56</Cadence>
            <DistanceMeters>1252.88907</DistanceMeters>
            <Extensions>
              <TPX xmlns="http://www.garmin.com/xmlschemas/ActivityExtension/v2">
                <Watts>0</Watts>
              </TPX>
            </Extensions>
          </Trackpoint>
          <Trackpoint>
            <Time>2010-10-19T21:04:37Z</Time>
            <HeartRateBpm>
              <Value>0</Value>
            </HeartRateBpm>
            <Cadence>56</Cadence>
            <DistanceMeters>1252.88907</DistanceMeters>
            <Extensions>
              <TPX xmlns="http://www.garmin.com/xmlschemas/ActivityExtension/v2">
                <Watts>0</Watts>
              </TPX>
            </Extensions>
          </Trackpoint>
          <Trackpoint>
            <Time>2010-10-19T21:04:38Z</Time>
            <HeartRateBpm>
              <Value>0</Value>
            </HeartRateBpm>
            <Cadence>58</Cadence>
            <DistanceMeters>1253.78825</DistanceMeters>
            <Extensions>
              <TPX xmlns="http://www.garmin.com/xmlschemas/ActivityExtension/v2">
                <Watts>15</Watts>
              </TPX>
            </Extensions>
          </Trackpoint>
          <Trackpoint>
            <Time>2010-10-19T21:04:39Z</Time>
            <HeartRateBpm>
              <Value>0</Value>
            </HeartRateBpm>
            <Cadence>69</Cadence>
            <DistanceMeters>1257.91856</DistanceMeters>
            <Extensions>
              <TPX xmlns="http://www.garmin.com/xmlschemas/ActivityExtension/v2">
                <Watts>84</Watts>
              </TPX>
            </Extensions>
          </Trackpoint>
          <Trackpoint>
            <Time>2010-10-19T21:04:40Z</Time>
            <HeartRateBpm>
              <Value>0</Value>
            </HeartRateBpm>
            <Cadence>80</Cadence>
            <DistanceMeters>1262.04486</DistanceMeters>
            <Extensions>
              <TPX xmlns="http://www.garmin.com/xmlschemas/ActivityExtension/v2">
                <Watts>147</Watts>
              </TPX>
            </Extensions>
          </Trackpoint>
          <Trackpoint>
            <Time>2010-10-19T21:04:41Z</Time>
            <HeartRateBpm>
              <Value>0</Value>
            </HeartRateBpm>
            <Cadence>86</Cadence>
            <DistanceMeters>1266.13102</DistanceMeters>
            <Extensions>
              <TPX xmlns="http://www.garmin.com/xmlschemas/ActivityExtension/v2">
                <Watts>145</Watts>
              </TPX>
            </Extensions>
          </Trackpoint>
          <Trackpoint>
            <Time>2010-10-19T21:04:42Z</Time>
            <HeartRateBpm>
              <Value>0</Value>
            </HeartRateBpm>
            <Cadence>92</Cadence>
            <DistanceMeters>1270.21719</DistanceMeters>
            <Extensions>
              <TPX xmlns="http://www.garmin.com/xmlschemas/ActivityExtension/v2">
                <Watts>144</Watts>
              </TPX>
            </Extensions>
          </Trackpoint>
          <Trackpoint>
            <Time>2010-10-19T21:04:43Z</Time>
            <HeartRateBpm>
              <Value>0</Value>
            </HeartRateBpm>
            <Cadence>92</Cadence>
            <DistanceMeters>1274.04802</DistanceMeters>
            <Extensions>
              <TPX xmlns="http://www.garmin.com/xmlschemas/ActivityExtension/v2">
                <Watts>133</Watts>
              </TPX>
            </Extensions>
          </Trackpoint>
          <Trackpoint>
            <Time>2010-10-19T21:04:44Z</Time>
            <HeartRateBpm>
              <Value>0</Value>
            </HeartRateBpm>
            <Cadence>92</Cadence>
            <DistanceMeters>1277.86934</DistanceMeters>
            <Extensions>
              <TPX xmlns="http://www.garmin.com/xmlschemas/ActivityExtension/v2">
                <Watts>122</Watts>
              </TPX>
            </Extensions>
          </Trackpoint>
          <Trackpoint>
            <Time>2010-10-19T21:04:45Z</Time>
            <HeartRateBpm>
              <Value>0</Value>
            </HeartRateBpm>
            <Cadence>93</Cadence>
            <DistanceMeters>1281.54282</DistanceMeters>
            <Extensions>
              <TPX xmlns="http://www.garmin.com/xmlschemas/ActivityExtension/v2">
                <Watts>115</Watts>
              </TPX>
            </Extensions>
          </Trackpoint>
          <Trackpoint>
            <Time>2010-10-19T21:04:46Z</Time>
            <HeartRateBpm>
              <Value>0</Value>
            </HeartRateBpm>
            <Cadence>94</Cadence>
            <DistanceMeters>1285.18758</DistanceMeters>
            <Extensions>
              <TPX xmlns="http://www.garmin.com/xmlschemas/ActivityExtension/v2">
                <Watts>108</Watts>
              </TPX>
            </Extensions>
          </Trackpoint>
          <Trackpoint>
            <Time>2010-10-19T21:04:47Z</Time>
            <HeartRateBpm>
              <Value>0</Value>
            </HeartRateBpm>
            <Cadence>93</Cadence>
            <DistanceMeters>1288.60981</DistanceMeters>
            <Extensions>
              <TPX xmlns="http://www.garmin.com/xmlschemas/ActivityExtension/v2">
                <Watts>99</Watts>
              </TPX>
            </Extensions>
          </Trackpoint>
          <Trackpoint>
            <Time>2010-10-19T21:04:48Z</Time>
            <HeartRateBpm>
              <Value>0</Value>
            </HeartRateBpm>
            <Cadence>92</Cadence>
            <DistanceMeters>1291.94138</DistanceMeters>
            <Extensions>
              <TPX xmlns="http://www.garmin.com/xmlschemas/ActivityExtension/v2">
                <Watts>89</Watts>
              </TPX>
            </Extensions>
          </Trackpoint>
          <Trackpoint>
            <Time>2010-10-19T21:04:49Z</Time>
            <HeartRateBpm>
              <Value>0</Value>
            </HeartRateBpm>
            <Cadence>91</Cadence>
            <DistanceMeters>1295.56620</DistanceMeters>
            <Extensions>
              <TPX xmlns="http://www.garmin.com/xmlschemas/ActivityExtension/v2">
                <Watts>95</Watts>
              </TPX>
            </Extensions>
          </Trackpoint>
          <Trackpoint>
            <Time>2010-10-19T21:04:50Z</Time>
            <HeartRateBpm>
              <Value>0</Value>
            </HeartRateBpm>
            <Cadence>91</Cadence>
            <DistanceMeters>1299.40013</DistanceMeters>
            <Extensions>
              <TPX xmlns="http://www.garmin.com/xmlschemas/ActivityExtension/v2">
                <Watts>112</Watts>
              </TPX>
            </Extensions>
          </Trackpoint>
          <Trackpoint>
            <Time>2010-10-19T21:04:51Z</Time>
            <HeartRateBpm>
              <Value>0</Value>
            </HeartRateBpm>
            <Cadence>91</Cadence>
            <DistanceMeters>1303.04582</DistanceMeters>
            <Extensions>
              <TPX xmlns="http://www.garmin.com/xmlschemas/ActivityExtension/v2">
                <Watts>115</Watts>
              </TPX>
            </Extensions>
          </Trackpoint>
          <Trackpoint>
            <Time>2010-10-19T21:04:52Z</Time>
            <HeartRateBpm>
              <Value>0</Value>
            </HeartRateBpm>
            <Cadence>92</Cadence>
            <DistanceMeters>1306.46777</DistanceMeters>
            <Extensions>
              <TPX xmlns="http://www.garmin.com/xmlschemas/ActivityExtension/v2">
                <Watts>100</Watts>
              </TPX>
            </Extensions>
          </Trackpoint>
          <Trackpoint>
            <Time>2010-10-19T21:04:53Z</Time>
            <HeartRateBpm>
              <Value>0</Value>
            </HeartRateBpm>
            <Cadence>93</Cadence>
            <DistanceMeters>1309.82866</DistanceMeters>
            <Extensions>
              <TPX xmlns="http://www.garmin.com/xmlschemas/ActivityExtension/v2">
                <Watts>89</Watts>
              </TPX>
            </Extensions>
          </Trackpoint>
          <Trackpoint>
            <Time>2010-10-19T21:04:54Z</Time>
            <HeartRateBpm>
              <Value>0</Value>
            </HeartRateBpm>
            <Cadence>94</Cadence>
            <DistanceMeters>1313.06565</DistanceMeters>
            <Extensions>
              <TPX xmlns="http://www.garmin.com/xmlschemas/ActivityExtension/v2">
                <Watts>83</Watts>
              </TPX>
            </Extensions>
          </Trackpoint>
          <Trackpoint>
            <Time>2010-10-19T21:04:55Z</Time>
            <HeartRateBpm>
              <Value>0</Value>
            </HeartRateBpm>
            <Cadence>94</Cadence>
            <DistanceMeters>1316.42402</DistanceMeters>
            <Extensions>
              <TPX xmlns="http://www.garmin.com/xmlschemas/ActivityExtension/v2">
                <Watts>83</Watts>
              </TPX>
            </Extensions>
          </Trackpoint>
          <Trackpoint>
            <Time>2010-10-19T21:04:56Z</Time>
            <HeartRateBpm>
              <Value>0</Value>
            </HeartRateBpm>
            <Cadence>93</Cadence>
            <DistanceMeters>1320.25795</DistanceMeters>
            <Extensions>
              <TPX xmlns="http://www.garmin.com/xmlschemas/ActivityExtension/v2">
                <Watts>103</Watts>
              </TPX>
            </Extensions>
          </Trackpoint>
          <Trackpoint>
            <Time>2010-10-19T21:04:57Z</Time>
            <HeartRateBpm>
              <Value>0</Value>
            </HeartRateBpm>
            <Cadence>92</Cadence>
            <DistanceMeters>1324.09285</DistanceMeters>
            <Extensions>
              <TPX xmlns="http://www.garmin.com/xmlschemas/ActivityExtension/v2">
                <Watts>122</Watts>
              </TPX>
            </Extensions>
          </Trackpoint>
          <Trackpoint>
            <Time>2010-10-19T21:04:58Z</Time>
            <HeartRateBpm>
              <Value>0</Value>
            </HeartRateBpm>
            <Cadence>94</Cadence>
            <DistanceMeters>1327.93940</DistanceMeters>
            <Extensions>
              <TPX xmlns="http://www.garmin.com/xmlschemas/ActivityExtension/v2">
                <Watts>122</Watts>
              </TPX>
            </Extensions>
          </Trackpoint>
          <Trackpoint>
            <Time>2010-10-19T21:04:59Z</Time>
            <HeartRateBpm>
              <Value>0</Value>
            </HeartRateBpm>
            <Cadence>95</Cadence>
            <DistanceMeters>1331.78594</DistanceMeters>
            <Extensions>
              <TPX xmlns="http://www.garmin.com/xmlschemas/ActivityExtension/v2">
                <Watts>122</Watts>
              </TPX>
            </Extensions>
          </Trackpoint>
          <Trackpoint>
            <Time>2010-10-19T21:05:00Z</Time>
            <HeartRateBpm>
              <Value>0</Value>
            </HeartRateBpm>
            <Cadence>95</Cadence>
            <DistanceMeters>1335.60853</DistanceMeters>
            <Extensions>
              <TPX xmlns="http://www.garmin.com/xmlschemas/ActivityExtension/v2">
                <Watts>122</Watts>
              </TPX>
            </Extensions>
          </Trackpoint>
          <Trackpoint>
            <Time>2010-10-19T21:05:01Z</Time>
            <HeartRateBpm>
              <Value>0</Value>
            </HeartRateBpm>
            <Cadence>95</Cadence>
            <DistanceMeters>1339.42986</DistanceMeters>
            <Extensions>
              <TPX xmlns="http://www.garmin.com/xmlschemas/ActivityExtension/v2">
                <Watts>121</Watts>
              </TPX>
            </Extensions>
          </Trackpoint>
          <Trackpoint>
            <Time>2010-10-19T21:05:02Z</Time>
            <HeartRateBpm>
              <Value>0</Value>
            </HeartRateBpm>
            <Cadence>94</Cadence>
            <DistanceMeters>1342.99344</DistanceMeters>
            <Extensions>
              <TPX xmlns="http://www.garmin.com/xmlschemas/ActivityExtension/v2">
                <Watts>111</Watts>
              </TPX>
            </Extensions>
          </Trackpoint>
          <Trackpoint>
            <Time>2010-10-19T21:05:03Z</Time>
            <HeartRateBpm>
              <Value>0</Value>
            </HeartRateBpm>
            <Cadence>93</Cadence>
            <DistanceMeters>1346.50157</DistanceMeters>
            <Extensions>
              <TPX xmlns="http://www.garmin.com/xmlschemas/ActivityExtension/v2">
                <Watts>100</Watts>
              </TPX>
            </Extensions>
          </Trackpoint>
          <Trackpoint>
            <Time>2010-10-19T21:05:04Z</Time>
            <HeartRateBpm>
              <Value>0</Value>
            </HeartRateBpm>
            <Cadence>103</Cadence>
            <DistanceMeters>1351.52569</DistanceMeters>
            <Extensions>
              <TPX xmlns="http://www.garmin.com/xmlschemas/ActivityExtension/v2">
                <Watts>178</Watts>
              </TPX>
            </Extensions>
          </Trackpoint>
          <Trackpoint>
            <Time>2010-10-19T21:05:05Z</Time>
            <HeartRateBpm>
              <Value>0</Value>
            </HeartRateBpm>
            <Cadence>118</Cadence>
            <DistanceMeters>1357.21143</DistanceMeters>
            <Extensions>
              <TPX xmlns="http://www.garmin.com/xmlschemas/ActivityExtension/v2">
                <Watts>296</Watts>
              </TPX>
            </Extensions>
          </Trackpoint>
          <Trackpoint>
            <Time>2010-10-19T21:05:06Z</Time>
            <HeartRateBpm>
              <Value>0</Value>
            </HeartRateBpm>
            <Cadence>124</Cadence>
            <DistanceMeters>1362.25809</DistanceMeters>
            <Extensions>
              <TPX xmlns="http://www.garmin.com/xmlschemas/ActivityExtension/v2">
                <Watts>305</Watts>
              </TPX>
            </Extensions>
          </Trackpoint>
          <Trackpoint>
            <Time>2010-10-19T21:05:07Z</Time>
            <HeartRateBpm>
              <Value>0</Value>
            </HeartRateBpm>
            <Cadence>124</Cadence>
            <DistanceMeters>1366.82139</DistanceMeters>
            <Extensions>
              <TPX xmlns="http://www.garmin.com/xmlschemas/ActivityExtension/v2">
                <Watts>232</Watts>
              </TPX>
            </Extensions>
          </Trackpoint>
          <Trackpoint>
            <Time>2010-10-19T21:05:08Z</Time>
            <HeartRateBpm>
              <Value>0</Value>
            </HeartRateBpm>
            <Cadence>123</Cadence>
            <DistanceMeters>1371.46563</DistanceMeters>
            <Extensions>
              <TPX xmlns="http://www.garmin.com/xmlschemas/ActivityExtension/v2">
                <Watts>196</Watts>
              </TPX>
            </Extensions>
          </Trackpoint>
          <Trackpoint>
            <Time>2010-10-19T21:05:09Z</Time>
            <HeartRateBpm>
              <Value>0</Value>
            </HeartRateBpm>
            <Cadence>121</Cadence>
            <DistanceMeters>1376.21181</DistanceMeters>
            <Extensions>
              <TPX xmlns="http://www.garmin.com/xmlschemas/ActivityExtension/v2">
                <Watts>206</Watts>
              </TPX>
            </Extensions>
          </Trackpoint>
          <Trackpoint>
            <Time>2010-10-19T21:05:10Z</Time>
            <HeartRateBpm>
              <Value>0</Value>
            </HeartRateBpm>
            <Cadence>120</Cadence>
            <DistanceMeters>1381.10003</DistanceMeters>
            <Extensions>
              <TPX xmlns="http://www.garmin.com/xmlschemas/ActivityExtension/v2">
                <Watts>221</Watts>
              </TPX>
            </Extensions>
          </Trackpoint>
          <Trackpoint>
            <Time>2010-10-19T21:05:11Z</Time>
            <HeartRateBpm>
              <Value>0</Value>
            </HeartRateBpm>
            <Cadence>119</Cadence>
            <DistanceMeters>1386.29602</DistanceMeters>
            <Extensions>
              <TPX xmlns="http://www.garmin.com/xmlschemas/ActivityExtension/v2">
                <Watts>248</Watts>
              </TPX>
            </Extensions>
          </Trackpoint>
          <Trackpoint>
            <Time>2010-10-19T21:05:12Z</Time>
            <HeartRateBpm>
              <Value>0</Value>
            </HeartRateBpm>
            <Cadence>118</Cadence>
            <DistanceMeters>1391.44235</DistanceMeters>
            <Extensions>
              <TPX xmlns="http://www.garmin.com/xmlschemas/ActivityExtension/v2">
                <Watts>267</Watts>
              </TPX>
            </Extensions>
          </Trackpoint>
          <Trackpoint>
            <Time>2010-10-19T21:05:13Z</Time>
            <HeartRateBpm>
              <Value>0</Value>
            </HeartRateBpm>
            <Cadence>119</Cadence>
            <DistanceMeters>1396.37560</DistanceMeters>
            <Extensions>
              <TPX xmlns="http://www.garmin.com/xmlschemas/ActivityExtension/v2">
                <Watts>251</Watts>
              </TPX>
            </Extensions>
          </Trackpoint>
          <Trackpoint>
            <Time>2010-10-19T21:05:14Z</Time>
            <HeartRateBpm>
              <Value>0</Value>
            </HeartRateBpm>
            <Cadence>119</Cadence>
            <DistanceMeters>1401.34232</DistanceMeters>
            <Extensions>
              <TPX xmlns="http://www.garmin.com/xmlschemas/ActivityExtension/v2">
                <Watts>238</Watts>
              </TPX>
            </Extensions>
          </Trackpoint>
          <Trackpoint>
            <Time>2010-10-19T21:05:15Z</Time>
            <HeartRateBpm>
              <Value>0</Value>
            </HeartRateBpm>
            <Cadence>118</Cadence>
            <DistanceMeters>1406.81366</DistanceMeters>
            <Extensions>
              <TPX xmlns="http://www.garmin.com/xmlschemas/ActivityExtension/v2">
                <Watts>273</Watts>
              </TPX>
            </Extensions>
          </Trackpoint>
          <Trackpoint>
            <Time>2010-10-19T21:05:16Z</Time>
            <HeartRateBpm>
              <Value>0</Value>
            </HeartRateBpm>
            <Cadence>117</Cadence>
            <DistanceMeters>1412.28501</DistanceMeters>
            <Extensions>
              <TPX xmlns="http://www.garmin.com/xmlschemas/ActivityExtension/v2">
                <Watts>309</Watts>
              </TPX>
            </Extensions>
          </Trackpoint>
          <Trackpoint>
            <Time>2010-10-19T21:05:17Z</Time>
            <HeartRateBpm>
              <Value>0</Value>
            </HeartRateBpm>
            <Cadence>118</Cadence>
            <DistanceMeters>1416.97382</DistanceMeters>
            <Extensions>
              <TPX xmlns="http://www.garmin.com/xmlschemas/ActivityExtension/v2">
                <Watts>262</Watts>
              </TPX>
            </Extensions>
          </Trackpoint>
          <Trackpoint>
            <Time>2010-10-19T21:05:18Z</Time>
            <HeartRateBpm>
              <Value>0</Value>
            </HeartRateBpm>
            <Cadence>119</Cadence>
            <DistanceMeters>1421.60859</DistanceMeters>
            <Extensions>
              <TPX xmlns="http://www.garmin.com/xmlschemas/ActivityExtension/v2">
                <Watts>210</Watts>
              </TPX>
            </Extensions>
          </Trackpoint>
          <Trackpoint>
            <Time>2010-10-19T21:05:19Z</Time>
            <HeartRateBpm>
              <Value>0</Value>
            </HeartRateBpm>
            <Cadence>116</Cadence>
            <DistanceMeters>1426.26376</DistanceMeters>
            <Extensions>
              <TPX xmlns="http://www.garmin.com/xmlschemas/ActivityExtension/v2">
                <Watts>201</Watts>
              </TPX>
            </Extensions>
          </Trackpoint>
          <Trackpoint>
            <Time>2010-10-19T21:05:20Z</Time>
            <HeartRateBpm>
              <Value>0</Value>
            </HeartRateBpm>
            <Cadence>111</Cadence>
            <DistanceMeters>1430.92375</DistanceMeters>
            <Extensions>
              <TPX xmlns="http://www.garmin.com/xmlschemas/ActivityExtension/v2">
                <Watts>202</Watts>
              </TPX>
            </Extensions>
          </Trackpoint>
          <Trackpoint>
            <Time>2010-10-19T21:05:21Z</Time>
            <HeartRateBpm>
              <Value>0</Value>
            </HeartRateBpm>
            <Cadence>110</Cadence>
            <DistanceMeters>1435.73279</DistanceMeters>
            <Extensions>
              <TPX xmlns="http://www.garmin.com/xmlschemas/ActivityExtension/v2">
                <Watts>211</Watts>
              </TPX>
            </Extensions>
          </Trackpoint>
          <Trackpoint>
            <Time>2010-10-19T21:05:22Z</Time>
            <HeartRateBpm>
              <Value>0</Value>
            </HeartRateBpm>
            <Cadence>110</Cadence>
            <DistanceMeters>1440.61139</DistanceMeters>
            <Extensions>
              <TPX xmlns="http://www.garmin.com/xmlschemas/ActivityExtension/v2">
                <Watts>223</Watts>
              </TPX>
            </Extensions>
          </Trackpoint>
          <Trackpoint>
            <Time>2010-10-19T21:05:23Z</Time>
            <HeartRateBpm>
              <Value>0</Value>
            </HeartRateBpm>
            <Cadence>111</Cadence>
            <DistanceMeters>1445.61365</DistanceMeters>
            <Extensions>
              <TPX xmlns="http://www.garmin.com/xmlschemas/ActivityExtension/v2">
                <Watts>236</Watts>
              </TPX>
            </Extensions>
          </Trackpoint>
          <Trackpoint>
            <Time>2010-10-19T21:05:24Z</Time>
            <HeartRateBpm>
              <Value>0</Value>
            </HeartRateBpm>
            <Cadence>111</Cadence>
            <DistanceMeters>1450.71505</DistanceMeters>
            <Extensions>
              <TPX xmlns="http://www.garmin.com/xmlschemas/ActivityExtension/v2">
                <Watts>250</Watts>
              </TPX>
            </Extensions>
          </Trackpoint>
          <Trackpoint>
            <Time>2010-10-19T21:05:25Z</Time>
            <HeartRateBpm>
              <Value>0</Value>
            </HeartRateBpm>
            <Cadence>111</Cadence>
            <DistanceMeters>1455.83536</DistanceMeters>
            <Extensions>
              <TPX xmlns="http://www.garmin.com/xmlschemas/ActivityExtension/v2">
                <Watts>259</Watts>
              </TPX>
            </Extensions>
          </Trackpoint>
          <Trackpoint>
            <Time>2010-10-19T21:05:26Z</Time>
            <HeartRateBpm>
              <Value>0</Value>
            </HeartRateBpm>
            <Cadence>113</Cadence>
            <DistanceMeters>1460.98090</DistanceMeters>
            <Extensions>
              <TPX xmlns="http://www.garmin.com/xmlschemas/ActivityExtension/v2">
                <Watts>262</Watts>
              </TPX>
            </Extensions>
          </Trackpoint>
          <Trackpoint>
            <Time>2010-10-19T21:05:27Z</Time>
            <HeartRateBpm>
              <Value>0</Value>
            </HeartRateBpm>
            <Cadence>115</Cadence>
            <DistanceMeters>1466.09286</DistanceMeters>
            <Extensions>
              <TPX xmlns="http://www.garmin.com/xmlschemas/ActivityExtension/v2">
                <Watts>261</Watts>
              </TPX>
            </Extensions>
          </Trackpoint>
          <Trackpoint>
            <Time>2010-10-19T21:05:28Z</Time>
            <HeartRateBpm>
              <Value>0</Value>
            </HeartRateBpm>
            <Cadence>115</Cadence>
            <DistanceMeters>1471.12701</DistanceMeters>
            <Extensions>
              <TPX xmlns="http://www.garmin.com/xmlschemas/ActivityExtension/v2">
                <Watts>254</Watts>
              </TPX>
            </Extensions>
          </Trackpoint>
          <Trackpoint>
            <Time>2010-10-19T21:05:29Z</Time>
            <HeartRateBpm>
              <Value>0</Value>
            </HeartRateBpm>
            <Cadence>115</Cadence>
            <DistanceMeters>1476.11379</DistanceMeters>
            <Extensions>
              <TPX xmlns="http://www.garmin.com/xmlschemas/ActivityExtension/v2">
                <Watts>246</Watts>
              </TPX>
            </Extensions>
          </Trackpoint>
          <Trackpoint>
            <Time>2010-10-19T21:05:30Z</Time>
            <HeartRateBpm>
              <Value>0</Value>
            </HeartRateBpm>
            <Cadence>113</Cadence>
            <DistanceMeters>1480.87678</DistanceMeters>
            <Extensions>
              <TPX xmlns="http://www.garmin.com/xmlschemas/ActivityExtension/v2">
                <Watts>230</Watts>
              </TPX>
            </Extensions>
          </Trackpoint>
          <Trackpoint>
            <Time>2010-10-19T21:05:31Z</Time>
            <HeartRateBpm>
              <Value>0</Value>
            </HeartRateBpm>
            <Cadence>112</Cadence>
            <DistanceMeters>1485.65627</DistanceMeters>
            <Extensions>
              <TPX xmlns="http://www.garmin.com/xmlschemas/ActivityExtension/v2">
                <Watts>215</Watts>
              </TPX>
            </Extensions>
          </Trackpoint>
          <Trackpoint>
            <Time>2010-10-19T21:05:32Z</Time>
            <HeartRateBpm>
              <Value>0</Value>
            </HeartRateBpm>
            <Cadence>112</Cadence>
            <DistanceMeters>1490.76398</DistanceMeters>
            <Extensions>
              <TPX xmlns="http://www.garmin.com/xmlschemas/ActivityExtension/v2">
                <Watts>236</Watts>
              </TPX>
            </Extensions>
          </Trackpoint>
          <Trackpoint>
            <Time>2010-10-19T21:05:33Z</Time>
            <HeartRateBpm>
              <Value>0</Value>
            </HeartRateBpm>
            <Cadence>112</Cadence>
            <DistanceMeters>1495.87168</DistanceMeters>
            <Extensions>
              <TPX xmlns="http://www.garmin.com/xmlschemas/ActivityExtension/v2">
                <Watts>257</Watts>
              </TPX>
            </Extensions>
          </Trackpoint>
          <Trackpoint>
            <Time>2010-10-19T21:05:34Z</Time>
            <HeartRateBpm>
              <Value>0</Value>
            </HeartRateBpm>
            <Cadence>113</Cadence>
            <DistanceMeters>1501.02005</DistanceMeters>
            <Extensions>
              <TPX xmlns="http://www.garmin.com/xmlschemas/ActivityExtension/v2">
                <Watts>261</Watts>
              </TPX>
            </Extensions>
          </Trackpoint>
          <Trackpoint>
            <Time>2010-10-19T21:05:35Z</Time>
            <HeartRateBpm>
              <Value>0</Value>
            </HeartRateBpm>
            <Cadence>113</Cadence>
            <DistanceMeters>1506.17190</DistanceMeters>
            <Extensions>
              <TPX xmlns="http://www.garmin.com/xmlschemas/ActivityExtension/v2">
                <Watts>264</Watts>
              </TPX>
            </Extensions>
          </Trackpoint>
          <Trackpoint>
            <Time>2010-10-19T21:05:36Z</Time>
            <HeartRateBpm>
              <Value>0</Value>
            </HeartRateBpm>
            <Cadence>114</Cadence>
            <DistanceMeters>1510.91806</DistanceMeters>
            <Extensions>
              <TPX xmlns="http://www.garmin.com/xmlschemas/ActivityExtension/v2">
                <Watts>241</Watts>
              </TPX>
            </Extensions>
          </Trackpoint>
          <Trackpoint>
            <Time>2010-10-19T21:05:37Z</Time>
            <HeartRateBpm>
              <Value>0</Value>
            </HeartRateBpm>
            <Cadence>114</Cadence>
            <DistanceMeters>1515.55914</DistanceMeters>
            <Extensions>
              <TPX xmlns="http://www.garmin.com/xmlschemas/ActivityExtension/v2">
                <Watts>211</Watts>
              </TPX>
            </Extensions>
          </Trackpoint>
          <Trackpoint>
            <Time>2010-10-19T21:05:38Z</Time>
            <HeartRateBpm>
              <Value>0</Value>
            </HeartRateBpm>
            <Cadence>113</Cadence>
            <DistanceMeters>1519.73303</DistanceMeters>
            <Extensions>
              <TPX xmlns="http://www.garmin.com/xmlschemas/ActivityExtension/v2">
                <Watts>179</Watts>
              </TPX>
            </Extensions>
          </Trackpoint>
          <Trackpoint>
            <Time>2010-10-19T21:05:39Z</Time>
            <HeartRateBpm>
              <Value>0</Value>
            </HeartRateBpm>
            <Cadence>113</Cadence>
            <DistanceMeters>1523.67416</DistanceMeters>
            <Extensions>
              <TPX xmlns="http://www.garmin.com/xmlschemas/ActivityExtension/v2">
                <Watts>146</Watts>
              </TPX>
            </Extensions>
          </Trackpoint>
          <Trackpoint>
            <Time>2010-10-19T21:05:40Z</Time>
            <HeartRateBpm>
              <Value>0</Value>
            </HeartRateBpm>
            <Cadence>113</Cadence>
            <DistanceMeters>1526.70954</DistanceMeters>
            <Extensions>
              <TPX xmlns="http://www.garmin.com/xmlschemas/ActivityExtension/v2">
                <Watts>106</Watts>
              </TPX>
            </Extensions>
          </Trackpoint>
          <Trackpoint>
            <Time>2010-10-19T21:05:41Z</Time>
            <HeartRateBpm>
              <Value>0</Value>
            </HeartRateBpm>
            <Cadence>113</Cadence>
            <DistanceMeters>1528.97543</DistanceMeters>
            <Extensions>
              <TPX xmlns="http://www.garmin.com/xmlschemas/ActivityExtension/v2">
                <Watts>60</Watts>
              </TPX>
            </Extensions>
          </Trackpoint>
          <Trackpoint>
            <Time>2010-10-19T21:05:42Z</Time>
            <HeartRateBpm>
              <Value>0</Value>
            </HeartRateBpm>
            <Cadence>111</Cadence>
            <DistanceMeters>1530.95772</DistanceMeters>
            <Extensions>
              <TPX xmlns="http://www.garmin.com/xmlschemas/ActivityExtension/v2">
                <Watts>30</Watts>
              </TPX>
            </Extensions>
          </Trackpoint>
          <Trackpoint>
            <Time>2010-10-19T21:05:43Z</Time>
            <HeartRateBpm>
              <Value>0</Value>
            </HeartRateBpm>
            <Cadence>106</Cadence>
            <DistanceMeters>1532.53838</DistanceMeters>
            <Extensions>
              <TPX xmlns="http://www.garmin.com/xmlschemas/ActivityExtension/v2">
                <Watts>22</Watts>
              </TPX>
            </Extensions>
          </Trackpoint>
          <Trackpoint>
            <Time>2010-10-19T21:05:44Z</Time>
            <HeartRateBpm>
              <Value>0</Value>
            </HeartRateBpm>
            <Cadence>101</Cadence>
            <DistanceMeters>1534.27834</DistanceMeters>
            <Extensions>
              <TPX xmlns="http://www.garmin.com/xmlschemas/ActivityExtension/v2">
                <Watts>18</Watts>
              </TPX>
            </Extensions>
          </Trackpoint>
          <Trackpoint>
            <Time>2010-10-19T21:05:45Z</Time>
            <HeartRateBpm>
              <Value>0</Value>
            </HeartRateBpm>
            <Cadence>96</Cadence>
            <DistanceMeters>1536.41391</DistanceMeters>
            <Extensions>
              <TPX xmlns="http://www.garmin.com/xmlschemas/ActivityExtension/v2">
                <Watts>24</Watts>
              </TPX>
            </Extensions>
          </Trackpoint>
          <Trackpoint>
            <Time>2010-10-19T21:05:46Z</Time>
            <HeartRateBpm>
              <Value>0</Value>
            </HeartRateBpm>
            <Cadence>91</Cadence>
            <DistanceMeters>1538.60709</DistanceMeters>
            <Extensions>
              <TPX xmlns="http://www.garmin.com/xmlschemas/ActivityExtension/v2">
                <Watts>30</Watts>
              </TPX>
            </Extensions>
          </Trackpoint>
          <Trackpoint>
            <Time>2010-10-19T21:05:47Z</Time>
            <HeartRateBpm>
              <Value>0</Value>
            </HeartRateBpm>
            <Cadence>90</Cadence>
            <DistanceMeters>1541.10209</DistanceMeters>
            <Extensions>
              <TPX xmlns="http://www.garmin.com/xmlschemas/ActivityExtension/v2">
                <Watts>36</Watts>
              </TPX>
            </Extensions>
          </Trackpoint>
          <Trackpoint>
            <Time>2010-10-19T21:05:48Z</Time>
            <HeartRateBpm>
              <Value>0</Value>
            </HeartRateBpm>
            <Cadence>89</Cadence>
            <DistanceMeters>1543.60723</DistanceMeters>
            <Extensions>
              <TPX xmlns="http://www.garmin.com/xmlschemas/ActivityExtension/v2">
                <Watts>42</Watts>
              </TPX>
            </Extensions>
          </Trackpoint>
          <Trackpoint>
            <Time>2010-10-19T21:05:49Z</Time>
            <HeartRateBpm>
              <Value>0</Value>
            </HeartRateBpm>
            <Cadence>85</Cadence>
            <DistanceMeters>1546.40490</DistanceMeters>
            <Extensions>
              <TPX xmlns="http://www.garmin.com/xmlschemas/ActivityExtension/v2">
                <Watts>48</Watts>
              </TPX>
            </Extensions>
          </Trackpoint>
          <Trackpoint>
            <Time>2010-10-19T21:05:50Z</Time>
            <HeartRateBpm>
              <Value>0</Value>
            </HeartRateBpm>
            <Cadence>81</Cadence>
            <DistanceMeters>1549.20258</DistanceMeters>
            <Extensions>
              <TPX xmlns="http://www.garmin.com/xmlschemas/ActivityExtension/v2">
                <Watts>54</Watts>
              </TPX>
            </Extensions>
          </Trackpoint>
          <Trackpoint>
            <Time>2010-10-19T21:05:51Z</Time>
            <HeartRateBpm>
              <Value>0</Value>
            </HeartRateBpm>
            <Cadence>82</Cadence>
            <DistanceMeters>1552.68255</DistanceMeters>
            <Extensions>
              <TPX xmlns="http://www.garmin.com/xmlschemas/ActivityExtension/v2">
                <Watts>74</Watts>
              </TPX>
            </Extensions>
          </Trackpoint>
          <Trackpoint>
            <Time>2010-10-19T21:05:52Z</Time>
            <HeartRateBpm>
              <Value>0</Value>
            </HeartRateBpm>
            <Cadence>83</Cadence>
            <DistanceMeters>1556.23272</DistanceMeters>
            <Extensions>
              <TPX xmlns="http://www.garmin.com/xmlschemas/ActivityExtension/v2">
                <Watts>95</Watts>
              </TPX>
            </Extensions>
          </Trackpoint>
          <Trackpoint>
            <Time>2010-10-19T21:05:53Z</Time>
            <HeartRateBpm>
              <Value>0</Value>
            </HeartRateBpm>
            <Cadence>86</Cadence>
            <DistanceMeters>1559.42061</DistanceMeters>
            <Extensions>
              <TPX xmlns="http://www.garmin.com/xmlschemas/ActivityExtension/v2">
                <Watts>88</Watts>
              </TPX>
            </Extensions>
          </Trackpoint>
          <Trackpoint>
            <Time>2010-10-19T21:05:54Z</Time>
            <HeartRateBpm>
              <Value>0</Value>
            </HeartRateBpm>
            <Cadence>89</Cadence>
            <DistanceMeters>1562.50625</DistanceMeters>
            <Extensions>
              <TPX xmlns="http://www.garmin.com/xmlschemas/ActivityExtension/v2">
                <Watts>74</Watts>
              </TPX>
            </Extensions>
          </Trackpoint>
          <Trackpoint>
            <Time>2010-10-19T21:05:55Z</Time>
            <HeartRateBpm>
              <Value>0</Value>
            </HeartRateBpm>
            <Cadence>90</Cadence>
            <DistanceMeters>1565.47109</DistanceMeters>
            <Extensions>
              <TPX xmlns="http://www.garmin.com/xmlschemas/ActivityExtension/v2">
                <Watts>66</Watts>
              </TPX>
            </Extensions>
          </Trackpoint>
          <Trackpoint>
            <Time>2010-10-19T21:05:56Z</Time>
            <HeartRateBpm>
              <Value>0</Value>
            </HeartRateBpm>
            <Cadence>90</Cadence>
            <DistanceMeters>1568.37176</DistanceMeters>
            <Extensions>
              <TPX xmlns="http://www.garmin.com/xmlschemas/ActivityExtension/v2">
                <Watts>62</Watts>
              </TPX>
            </Extensions>
          </Trackpoint>
          <Trackpoint>
            <Time>2010-10-19T21:05:57Z</Time>
            <HeartRateBpm>
              <Value>0</Value>
            </HeartRateBpm>
            <Cadence>91</Cadence>
            <DistanceMeters>1571.37975</DistanceMeters>
            <Extensions>
              <TPX xmlns="http://www.garmin.com/xmlschemas/ActivityExtension/v2">
                <Watts>62</Watts>
              </TPX>
            </Extensions>
          </Trackpoint>
          <Trackpoint>
            <Time>2010-10-19T21:05:58Z</Time>
            <HeartRateBpm>
              <Value>0</Value>
            </HeartRateBpm>
            <Cadence>91</Cadence>
            <DistanceMeters>1574.48431</DistanceMeters>
            <Extensions>
              <TPX xmlns="http://www.garmin.com/xmlschemas/ActivityExtension/v2">
                <Watts>67</Watts>
              </TPX>
            </Extensions>
          </Trackpoint>
          <Trackpoint>
            <Time>2010-10-19T21:05:59Z</Time>
            <HeartRateBpm>
              <Value>0</Value>
            </HeartRateBpm>
            <Cadence>91</Cadence>
            <DistanceMeters>1577.52253</DistanceMeters>
            <Extensions>
              <TPX xmlns="http://www.garmin.com/xmlschemas/ActivityExtension/v2">
                <Watts>69</Watts>
              </TPX>
            </Extensions>
          </Trackpoint>
          <Trackpoint>
            <Time>2010-10-19T21:06:00Z</Time>
            <HeartRateBpm>
              <Value>0</Value>
            </HeartRateBpm>
            <Cadence>91</Cadence>
            <DistanceMeters>1580.46104</DistanceMeters>
            <Extensions>
              <TPX xmlns="http://www.garmin.com/xmlschemas/ActivityExtension/v2">
                <Watts>65</Watts>
              </TPX>
            </Extensions>
          </Trackpoint>
          <Trackpoint>
            <Time>2010-10-19T21:06:01Z</Time>
            <HeartRateBpm>
              <Value>0</Value>
            </HeartRateBpm>
            <Cadence>90</Cadence>
            <DistanceMeters>1583.44483</DistanceMeters>
            <Extensions>
              <TPX xmlns="http://www.garmin.com/xmlschemas/ActivityExtension/v2">
                <Watts>63</Watts>
              </TPX>
            </Extensions>
          </Trackpoint>
          <Trackpoint>
            <Time>2010-10-19T21:06:02Z</Time>
            <HeartRateBpm>
              <Value>0</Value>
            </HeartRateBpm>
            <Cadence>89</Cadence>
            <DistanceMeters>1586.54939</DistanceMeters>
            <Extensions>
              <TPX xmlns="http://www.garmin.com/xmlschemas/ActivityExtension/v2">
                <Watts>67</Watts>
              </TPX>
            </Extensions>
          </Trackpoint>
          <Trackpoint>
            <Time>2010-10-19T21:06:03Z</Time>
            <HeartRateBpm>
              <Value>0</Value>
            </HeartRateBpm>
            <Cadence>89</Cadence>
            <DistanceMeters>1589.64077</DistanceMeters>
            <Extensions>
              <TPX xmlns="http://www.garmin.com/xmlschemas/ActivityExtension/v2">
                <Watts>70</Watts>
              </TPX>
            </Extensions>
          </Trackpoint>
          <Trackpoint>
            <Time>2010-10-19T21:06:04Z</Time>
            <HeartRateBpm>
              <Value>0</Value>
            </HeartRateBpm>
            <Cadence>89</Cadence>
            <DistanceMeters>1592.65494</DistanceMeters>
            <Extensions>
              <TPX xmlns="http://www.garmin.com/xmlschemas/ActivityExtension/v2">
                <Watts>68</Watts>
              </TPX>
            </Extensions>
          </Trackpoint>
          <Trackpoint>
            <Time>2010-10-19T21:06:05Z</Time>
            <HeartRateBpm>
              <Value>0</Value>
            </HeartRateBpm>
            <Cadence>89</Cadence>
            <DistanceMeters>1595.67182</DistanceMeters>
            <Extensions>
              <TPX xmlns="http://www.garmin.com/xmlschemas/ActivityExtension/v2">
                <Watts>66</Watts>
              </TPX>
            </Extensions>
          </Trackpoint>
          <Trackpoint>
            <Time>2010-10-19T21:06:06Z</Time>
            <HeartRateBpm>
              <Value>0</Value>
            </HeartRateBpm>
            <Cadence>89</Cadence>
            <DistanceMeters>1598.82683</DistanceMeters>
            <Extensions>
              <TPX xmlns="http://www.garmin.com/xmlschemas/ActivityExtension/v2">
                <Watts>69</Watts>
              </TPX>
            </Extensions>
          </Trackpoint>
          <Trackpoint>
            <Time>2010-10-19T21:06:07Z</Time>
            <HeartRateBpm>
              <Value>0</Value>
            </HeartRateBpm>
            <Cadence>89</Cadence>
            <DistanceMeters>1601.98184</DistanceMeters>
            <Extensions>
              <TPX xmlns="http://www.garmin.com/xmlschemas/ActivityExtension/v2">
                <Watts>73</Watts>
              </TPX>
            </Extensions>
          </Trackpoint>
          <Trackpoint>
            <Time>2010-10-19T21:06:08Z</Time>
            <HeartRateBpm>
              <Value>0</Value>
            </HeartRateBpm>
            <Cadence>89</Cadence>
            <DistanceMeters>1605.12184</DistanceMeters>
            <Extensions>
              <TPX xmlns="http://www.garmin.com/xmlschemas/ActivityExtension/v2">
                <Watts>73</Watts>
              </TPX>
            </Extensions>
          </Trackpoint>
          <Trackpoint>
            <Time>2010-10-19T21:06:09Z</Time>
            <HeartRateBpm>
              <Value>0</Value>
            </HeartRateBpm>
            <Cadence>90</Cadence>
            <DistanceMeters>1608.26003</DistanceMeters>
            <Extensions>
              <TPX xmlns="http://www.garmin.com/xmlschemas/ActivityExtension/v2">
                <Watts>73</Watts>
              </TPX>
            </Extensions>
          </Trackpoint>
          <Trackpoint>
            <Time>2010-10-19T21:06:10Z</Time>
            <HeartRateBpm>
              <Value>0</Value>
            </HeartRateBpm>
            <Cadence>91</Cadence>
            <DistanceMeters>1611.46098</DistanceMeters>
            <Extensions>
              <TPX xmlns="http://www.garmin.com/xmlschemas/ActivityExtension/v2">
                <Watts>74</Watts>
              </TPX>
            </Extensions>
          </Trackpoint>
          <Trackpoint>
            <Time>2010-10-19T21:06:11Z</Time>
            <HeartRateBpm>
              <Value>0</Value>
            </HeartRateBpm>
            <Cadence>91</Cadence>
            <DistanceMeters>1614.68115</DistanceMeters>
            <Extensions>
              <TPX xmlns="http://www.garmin.com/xmlschemas/ActivityExtension/v2">
                <Watts>77</Watts>
              </TPX>
            </Extensions>
          </Trackpoint>
          <Trackpoint>
            <Time>2010-10-19T21:06:12Z</Time>
            <HeartRateBpm>
              <Value>0</Value>
            </HeartRateBpm>
            <Cadence>91</Cadence>
            <DistanceMeters>1617.88118</DistanceMeters>
            <Extensions>
              <TPX xmlns="http://www.garmin.com/xmlschemas/ActivityExtension/v2">
                <Watts>77</Watts>
              </TPX>
            </Extensions>
          </Trackpoint>
          <Trackpoint>
            <Time>2010-10-19T21:06:13Z</Time>
            <HeartRateBpm>
              <Value>0</Value>
            </HeartRateBpm>
            <Cadence>91</Cadence>
            <DistanceMeters>1621.06982</DistanceMeters>
            <Extensions>
              <TPX xmlns="http://www.garmin.com/xmlschemas/ActivityExtension/v2">
                <Watts>76</Watts>
              </TPX>
            </Extensions>
          </Trackpoint>
          <Trackpoint>
            <Time>2010-10-19T21:06:14Z</Time>
            <HeartRateBpm>
              <Value>0</Value>
            </HeartRateBpm>
            <Cadence>92</Cadence>
            <DistanceMeters>1624.22402</DistanceMeters>
            <Extensions>
              <TPX xmlns="http://www.garmin.com/xmlschemas/ActivityExtension/v2">
                <Watts>75</Watts>
              </TPX>
            </Extensions>
          </Trackpoint>
          <Trackpoint>
            <Time>2010-10-19T21:06:15Z</Time>
            <HeartRateBpm>
              <Value>0</Value>
            </HeartRateBpm>
            <Cadence>92</Cadence>
            <DistanceMeters>1627.34540</DistanceMeters>
            <Extensions>
              <TPX xmlns="http://www.garmin.com/xmlschemas/ActivityExtension/v2">
                <Watts>73</Watts>
              </TPX>
            </Extensions>
          </Trackpoint>
          <Trackpoint>
            <Time>2010-10-19T21:06:16Z</Time>
            <HeartRateBpm>
              <Value>0</Value>
            </HeartRateBpm>
            <Cadence>93</Cadence>
            <DistanceMeters>1630.46678</DistanceMeters>
            <Extensions>
              <TPX xmlns="http://www.garmin.com/xmlschemas/ActivityExtension/v2">
                <Watts>72</Watts>
              </TPX>
            </Extensions>
          </Trackpoint>
          <Trackpoint>
            <Time>2010-10-19T21:06:17Z</Time>
            <HeartRateBpm>
              <Value>0</Value>
            </HeartRateBpm>
            <Cadence>93</Cadence>
            <DistanceMeters>1633.58815</DistanceMeters>
            <Extensions>
              <TPX xmlns="http://www.garmin.com/xmlschemas/ActivityExtension/v2">
                <Watts>72</Watts>
              </TPX>
            </Extensions>
          </Trackpoint>
          <Trackpoint>
            <Time>2010-10-19T21:06:18Z</Time>
            <HeartRateBpm>
              <Value>0</Value>
            </HeartRateBpm>
            <Cadence>93</Cadence>
            <DistanceMeters>1636.86159</DistanceMeters>
            <Extensions>
              <TPX xmlns="http://www.garmin.com/xmlschemas/ActivityExtension/v2">
                <Watts>76</Watts>
              </TPX>
            </Extensions>
          </Trackpoint>
          <Trackpoint>
            <Time>2010-10-19T21:06:19Z</Time>
            <HeartRateBpm>
              <Value>0</Value>
            </HeartRateBpm>
            <Cadence>93</Cadence>
            <DistanceMeters>1640.57151</DistanceMeters>
            <Extensions>
              <TPX xmlns="http://www.garmin.com/xmlschemas/ActivityExtension/v2">
                <Watts>95</Watts>
              </TPX>
            </Extensions>
          </Trackpoint>
          <Trackpoint>
            <Time>2010-10-19T21:06:20Z</Time>
            <HeartRateBpm>
              <Value>0</Value>
            </HeartRateBpm>
            <Cadence>93</Cadence>
            <DistanceMeters>1644.28143</DistanceMeters>
            <Extensions>
              <TPX xmlns="http://www.garmin.com/xmlschemas/ActivityExtension/v2">
                <Watts>112</Watts>
              </TPX>
            </Extensions>
          </Trackpoint>
          <Trackpoint>
            <Time>2010-10-19T21:06:21Z</Time>
            <HeartRateBpm>
              <Value>0</Value>
            </HeartRateBpm>
            <Cadence>97</Cadence>
            <DistanceMeters>1647.99135</DistanceMeters>
            <Extensions>
              <TPX xmlns="http://www.garmin.com/xmlschemas/ActivityExtension/v2">
                <Watts>112</Watts>
              </TPX>
            </Extensions>
          </Trackpoint>
          <Trackpoint>
            <Time>2010-10-19T21:06:22Z</Time>
            <HeartRateBpm>
              <Value>0</Value>
            </HeartRateBpm>
            <Cadence>101</Cadence>
            <DistanceMeters>1651.69983</DistanceMeters>
            <Extensions>
              <TPX xmlns="http://www.garmin.com/xmlschemas/ActivityExtension/v2">
                <Watts>111</Watts>
              </TPX>
            </Extensions>
          </Trackpoint>
          <Trackpoint>
            <Time>2010-10-19T21:06:23Z</Time>
            <HeartRateBpm>
              <Value>0</Value>
            </HeartRateBpm>
            <Cadence>100</Cadence>
            <DistanceMeters>1655.10707</DistanceMeters>
            <Extensions>
              <TPX xmlns="http://www.garmin.com/xmlschemas/ActivityExtension/v2">
                <Watts>101</Watts>
              </TPX>
            </Extensions>
          </Trackpoint>
          <Trackpoint>
            <Time>2010-10-19T21:06:24Z</Time>
            <HeartRateBpm>
              <Value>0</Value>
            </HeartRateBpm>
            <Cadence>98</Cadence>
            <DistanceMeters>1658.51431</DistanceMeters>
            <Extensions>
              <TPX xmlns="http://www.garmin.com/xmlschemas/ActivityExtension/v2">
                <Watts>91</Watts>
              </TPX>
            </Extensions>
          </Trackpoint>
          <Trackpoint>
            <Time>2010-10-19T21:06:25Z</Time>
            <HeartRateBpm>
              <Value>0</Value>
            </HeartRateBpm>
            <Cadence>100</Cadence>
            <DistanceMeters>1662.30725</DistanceMeters>
            <Extensions>
              <TPX xmlns="http://www.garmin.com/xmlschemas/ActivityExtension/v2">
                <Watts>103</Watts>
              </TPX>
            </Extensions>
          </Trackpoint>
          <Trackpoint>
            <Time>2010-10-19T21:06:26Z</Time>
            <HeartRateBpm>
              <Value>0</Value>
            </HeartRateBpm>
            <Cadence>102</Cadence>
            <DistanceMeters>1666.15380</DistanceMeters>
            <Extensions>
              <TPX xmlns="http://www.garmin.com/xmlschemas/ActivityExtension/v2">
                <Watts>119</Watts>
              </TPX>
            </Extensions>
          </Trackpoint>
          <Trackpoint>
            <Time>2010-10-19T21:06:27Z</Time>
            <HeartRateBpm>
              <Value>0</Value>
            </HeartRateBpm>
            <Cadence>104</Cadence>
            <DistanceMeters>1670.27667</DistanceMeters>
            <Extensions>
              <TPX xmlns="http://www.garmin.com/xmlschemas/ActivityExtension/v2">
                <Watts>134</Watts>
              </TPX>
            </Extensions>
          </Trackpoint>
          <Trackpoint>
            <Time>2010-10-19T21:06:28Z</Time>
            <HeartRateBpm>
              <Value>0</Value>
            </HeartRateBpm>
            <Cadence>106</Cadence>
            <DistanceMeters>1674.49105</DistanceMeters>
            <Extensions>
              <TPX xmlns="http://www.garmin.com/xmlschemas/ActivityExtension/v2">
                <Watts>150</Watts>
              </TPX>
            </Extensions>
          </Trackpoint>
          <Trackpoint>
            <Time>2010-10-19T21:06:29Z</Time>
            <HeartRateBpm>
              <Value>0</Value>
            </HeartRateBpm>
            <Cadence>107</Cadence>
            <DistanceMeters>1679.11361</DistanceMeters>
            <Extensions>
              <TPX xmlns="http://www.garmin.com/xmlschemas/ActivityExtension/v2">
                <Watts>177</Watts>
              </TPX>
            </Extensions>
          </Trackpoint>
          <Trackpoint>
            <Time>2010-10-19T21:06:30Z</Time>
            <HeartRateBpm>
              <Value>0</Value>
            </HeartRateBpm>
            <Cadence>107</Cadence>
            <DistanceMeters>1683.98170</DistanceMeters>
            <Extensions>
              <TPX xmlns="http://www.garmin.com/xmlschemas/ActivityExtension/v2">
                <Watts>210</Watts>
              </TPX>
            </Extensions>
          </Trackpoint>
          <Trackpoint>
            <Time>2010-10-19T21:06:31Z</Time>
            <HeartRateBpm>
              <Value>0</Value>
            </HeartRateBpm>
            <Cadence>110</Cadence>
            <DistanceMeters>1689.16252</DistanceMeters>
            <Extensions>
              <TPX xmlns="http://www.garmin.com/xmlschemas/ActivityExtension/v2">
                <Watts>248</Watts>
              </TPX>
            </Extensions>
          </Trackpoint>
          <Trackpoint>
            <Time>2010-10-19T21:06:32Z</Time>
            <HeartRateBpm>
              <Value>0</Value>
            </HeartRateBpm>
            <Cadence>115</Cadence>
            <DistanceMeters>1694.65909</DistanceMeters>
            <Extensions>
              <TPX xmlns="http://www.garmin.com/xmlschemas/ActivityExtension/v2">
                <Watts>289</Watts>
              </TPX>
            </Extensions>
          </Trackpoint>
          <Trackpoint>
            <Time>2010-10-19T21:06:33Z</Time>
            <HeartRateBpm>
              <Value>0</Value>
            </HeartRateBpm>
            <Cadence>117</Cadence>
            <DistanceMeters>1699.79634</DistanceMeters>
            <Extensions>
              <TPX xmlns="http://www.garmin.com/xmlschemas/ActivityExtension/v2">
                <Watts>293</Watts>
              </TPX>
            </Extensions>
          </Trackpoint>
          <Trackpoint>
            <Time>2010-10-19T21:06:34Z</Time>
            <HeartRateBpm>
              <Value>0</Value>
            </HeartRateBpm>
            <Cadence>115</Cadence>
            <DistanceMeters>1704.32391</DistanceMeters>
            <Extensions>
              <TPX xmlns="http://www.garmin.com/xmlschemas/ActivityExtension/v2">
                <Watts>233</Watts>
              </TPX>
            </Extensions>
          </Trackpoint>
          <Trackpoint>
            <Time>2010-10-19T21:06:35Z</Time>
            <HeartRateBpm>
              <Value>0</Value>
            </HeartRateBpm>
            <Cadence>113</Cadence>
            <DistanceMeters>1709.07255</DistanceMeters>
            <Extensions>
              <TPX xmlns="http://www.garmin.com/xmlschemas/ActivityExtension/v2">
                <Watts>201</Watts>
              </TPX>
            </Extensions>
          </Trackpoint>
          <Trackpoint>
            <Time>2010-10-19T21:06:36Z</Time>
            <HeartRateBpm>
              <Value>0</Value>
            </HeartRateBpm>
            <Cadence>113</Cadence>
            <DistanceMeters>1714.50606</DistanceMeters>
            <Extensions>
              <TPX xmlns="http://www.garmin.com/xmlschemas/ActivityExtension/v2">
                <Watts>257</Watts>
              </TPX>
            </Extensions>
          </Trackpoint>
          <Trackpoint>
            <Time>2010-10-19T21:06:37Z</Time>
            <HeartRateBpm>
              <Value>0</Value>
            </HeartRateBpm>
            <Cadence>113</Cadence>
            <DistanceMeters>1719.87452</DistanceMeters>
            <Extensions>
              <TPX xmlns="http://www.garmin.com/xmlschemas/ActivityExtension/v2">
                <Watts>301</Watts>
              </TPX>
            </Extensions>
          </Trackpoint>
          <Trackpoint>
            <Time>2010-10-19T21:06:38Z</Time>
            <HeartRateBpm>
              <Value>0</Value>
            </HeartRateBpm>
            <Cadence>113</Cadence>
            <DistanceMeters>1724.75312</DistanceMeters>
            <Extensions>
              <TPX xmlns="http://www.garmin.com/xmlschemas/ActivityExtension/v2">
                <Watts>265</Watts>
              </TPX>
            </Extensions>
          </Trackpoint>
          <Trackpoint>
            <Time>2010-10-19T21:06:39Z</Time>
            <HeartRateBpm>
              <Value>0</Value>
            </HeartRateBpm>
            <Cadence>113</Cadence>
            <DistanceMeters>1729.63171</DistanceMeters>
            <Extensions>
              <TPX xmlns="http://www.garmin.com/xmlschemas/ActivityExtension/v2">
                <Watts>229</Watts>
              </TPX>
            </Extensions>
          </Trackpoint>
          <Trackpoint>
            <Time>2010-10-19T21:06:40Z</Time>
            <HeartRateBpm>
              <Value>0</Value>
            </HeartRateBpm>
            <Cadence>112</Cadence>
            <DistanceMeters>1734.13350</DistanceMeters>
            <Extensions>
              <TPX xmlns="http://www.garmin.com/xmlschemas/ActivityExtension/v2">
                <Watts>208</Watts>
              </TPX>
            </Extensions>
          </Trackpoint>
          <Trackpoint>
            <Time>2010-10-19T21:06:41Z</Time>
            <HeartRateBpm>
              <Value>0</Value>
            </HeartRateBpm>
            <Cadence>111</Cadence>
            <DistanceMeters>1738.63165</DistanceMeters>
            <Extensions>
              <TPX xmlns="http://www.garmin.com/xmlschemas/ActivityExtension/v2">
                <Watts>187</Watts>
              </TPX>
            </Extensions>
          </Trackpoint>
          <Trackpoint>
            <Time>2010-10-19T21:06:42Z</Time>
            <HeartRateBpm>
              <Value>0</Value>
            </HeartRateBpm>
            <Cadence>108</Cadence>
            <DistanceMeters>1743.35852</DistanceMeters>
            <Extensions>
              <TPX xmlns="http://www.garmin.com/xmlschemas/ActivityExtension/v2">
                <Watts>197</Watts>
              </TPX>
            </Extensions>
          </Trackpoint>
          <Trackpoint>
            <Time>2010-10-19T21:06:43Z</Time>
            <HeartRateBpm>
              <Value>0</Value>
            </HeartRateBpm>
            <Cadence>106</Cadence>
            <DistanceMeters>1748.12151</DistanceMeters>
            <Extensions>
              <TPX xmlns="http://www.garmin.com/xmlschemas/ActivityExtension/v2">
                <Watts>211</Watts>
              </TPX>
            </Extensions>
          </Trackpoint>
          <Trackpoint>
            <Time>2010-10-19T21:06:44Z</Time>
            <HeartRateBpm>
              <Value>0</Value>
            </HeartRateBpm>
            <Cadence>104</Cadence>
            <DistanceMeters>1752.80861</DistanceMeters>
            <Extensions>
              <TPX xmlns="http://www.garmin.com/xmlschemas/ActivityExtension/v2">
                <Watts>210</Watts>
              </TPX>
            </Extensions>
          </Trackpoint>
          <Trackpoint>
            <Time>2010-10-19T21:06:45Z</Time>
            <HeartRateBpm>
              <Value>0</Value>
            </HeartRateBpm>
            <Cadence>103</Cadence>
            <DistanceMeters>1757.46861</DistanceMeters>
            <Extensions>
              <TPX xmlns="http://www.garmin.com/xmlschemas/ActivityExtension/v2">
                <Watts>205</Watts>
              </TPX>
            </Extensions>
          </Trackpoint>
          <Trackpoint>
            <Time>2010-10-19T21:06:46Z</Time>
            <HeartRateBpm>
              <Value>0</Value>
            </HeartRateBpm>
            <Cadence>102</Cadence>
            <DistanceMeters>1761.98371</DistanceMeters>
            <Extensions>
              <TPX xmlns="http://www.garmin.com/xmlschemas/ActivityExtension/v2">
                <Watts>195</Watts>
              </TPX>
            </Extensions>
          </Trackpoint>
          <Trackpoint>
            <Time>2010-10-19T21:06:47Z</Time>
            <HeartRateBpm>
              <Value>0</Value>
            </HeartRateBpm>
            <Cadence>101</Cadence>
            <DistanceMeters>1766.40618</DistanceMeters>
            <Extensions>
              <TPX xmlns="http://www.garmin.com/xmlschemas/ActivityExtension/v2">
                <Watts>183</Watts>
              </TPX>
            </Extensions>
          </Trackpoint>
          <Trackpoint>
            <Time>2010-10-19T21:06:48Z</Time>
            <HeartRateBpm>
              <Value>0</Value>
            </HeartRateBpm>
            <Cadence>101</Cadence>
            <DistanceMeters>1770.93938</DistanceMeters>
            <Extensions>
              <TPX xmlns="http://www.garmin.com/xmlschemas/ActivityExtension/v2">
                <Watts>182</Watts>
              </TPX>
            </Extensions>
          </Trackpoint>
          <Trackpoint>
            <Time>2010-10-19T21:06:49Z</Time>
            <HeartRateBpm>
              <Value>0</Value>
            </HeartRateBpm>
            <Cadence>101</Cadence>
            <DistanceMeters>1775.59097</DistanceMeters>
            <Extensions>
              <TPX xmlns="http://www.garmin.com/xmlschemas/ActivityExtension/v2">
                <Watts>194</Watts>
              </TPX>
            </Extensions>
          </Trackpoint>
          <Trackpoint>
            <Time>2010-10-19T21:06:50Z</Time>
            <HeartRateBpm>
              <Value>0</Value>
            </HeartRateBpm>
            <Cadence>101</Cadence>
            <DistanceMeters>1780.16463</DistanceMeters>
            <Extensions>
              <TPX xmlns="http://www.garmin.com/xmlschemas/ActivityExtension/v2">
                <Watts>197</Watts>
              </TPX>
            </Extensions>
          </Trackpoint>
          <Trackpoint>
            <Time>2010-10-19T21:06:51Z</Time>
            <HeartRateBpm>
              <Value>0</Value>
            </HeartRateBpm>
            <Cadence>102</Cadence>
            <DistanceMeters>1784.59762</DistanceMeters>
            <Extensions>
              <TPX xmlns="http://www.garmin.com/xmlschemas/ActivityExtension/v2">
                <Watts>186</Watts>
              </TPX>
            </Extensions>
          </Trackpoint>
          <Trackpoint>
            <Time>2010-10-19T21:06:52Z</Time>
            <HeartRateBpm>
              <Value>0</Value>
            </HeartRateBpm>
            <Cadence>102</Cadence>
            <DistanceMeters>1789.09288</DistanceMeters>
            <Extensions>
              <TPX xmlns="http://www.garmin.com/xmlschemas/ActivityExtension/v2">
                <Watts>181</Watts>
              </TPX>
            </Extensions>
          </Trackpoint>
          <Trackpoint>
            <Time>2010-10-19T21:06:53Z</Time>
            <HeartRateBpm>
              <Value>0</Value>
            </HeartRateBpm>
            <Cadence>99</Cadence>
            <DistanceMeters>1793.79702</DistanceMeters>
            <Extensions>
              <TPX xmlns="http://www.garmin.com/xmlschemas/ActivityExtension/v2">
                <Watts>195</Watts>
              </TPX>
            </Extensions>
          </Trackpoint>
          <Trackpoint>
            <Time>2010-10-19T21:06:54Z</Time>
            <HeartRateBpm>
              <Value>0</Value>
            </HeartRateBpm>
            <Cadence>97</Cadence>
            <DistanceMeters>1798.50288</DistanceMeters>
            <Extensions>
              <TPX xmlns="http://www.garmin.com/xmlschemas/ActivityExtension/v2">
                <Watts>208</Watts>
              </TPX>
            </Extensions>
          </Trackpoint>
          <Trackpoint>
            <Time>2010-10-19T21:06:55Z</Time>
            <HeartRateBpm>
              <Value>0</Value>
            </HeartRateBpm>
            <Cadence>97</Cadence>
            <DistanceMeters>1803.22383</DistanceMeters>
            <Extensions>
              <TPX xmlns="http://www.garmin.com/xmlschemas/ActivityExtension/v2">
                <Watts>209</Watts>
              </TPX>
            </Extensions>
          </Trackpoint>
          <Trackpoint>
            <Time>2010-10-19T21:06:56Z</Time>
            <HeartRateBpm>
              <Value>0</Value>
            </HeartRateBpm>
            <Cadence>97</Cadence>
            <DistanceMeters>1807.94479</DistanceMeters>
            <Extensions>
              <TPX xmlns="http://www.garmin.com/xmlschemas/ActivityExtension/v2">
                <Watts>209</Watts>
              </TPX>
            </Extensions>
          </Trackpoint>
          <Trackpoint>
            <Time>2010-10-19T21:06:57Z</Time>
            <HeartRateBpm>
              <Value>0</Value>
            </HeartRateBpm>
            <Cadence>98</Cadence>
            <DistanceMeters>1812.27182</DistanceMeters>
            <Extensions>
              <TPX xmlns="http://www.garmin.com/xmlschemas/ActivityExtension/v2">
                <Watts>189</Watts>
              </TPX>
            </Extensions>
          </Trackpoint>
          <Trackpoint>
            <Time>2010-10-19T21:06:58Z</Time>
            <HeartRateBpm>
              <Value>0</Value>
            </HeartRateBpm>
            <Cadence>98</Cadence>
            <DistanceMeters>1816.58920</DistanceMeters>
            <Extensions>
              <TPX xmlns="http://www.garmin.com/xmlschemas/ActivityExtension/v2">
                <Watts>169</Watts>
              </TPX>
            </Extensions>
          </Trackpoint>
          <Trackpoint>
            <Time>2010-10-19T21:06:59Z</Time>
            <HeartRateBpm>
              <Value>0</Value>
            </HeartRateBpm>
            <Cadence>96</Cadence>
            <DistanceMeters>1820.88694</DistanceMeters>
            <Extensions>
              <TPX xmlns="http://www.garmin.com/xmlschemas/ActivityExtension/v2">
                <Watts>165</Watts>
              </TPX>
            </Extensions>
          </Trackpoint>
          <Trackpoint>
            <Time>2010-10-19T21:07:00Z</Time>
            <HeartRateBpm>
              <Value>0</Value>
            </HeartRateBpm>
            <Cadence>92</Cadence>
            <DistanceMeters>1825.18120</DistanceMeters>
            <Extensions>
              <TPX xmlns="http://www.garmin.com/xmlschemas/ActivityExtension/v2">
                <Watts>164</Watts>
              </TPX>
            </Extensions>
          </Trackpoint>
          <Trackpoint>
            <Time>2010-10-19T21:07:01Z</Time>
            <HeartRateBpm>
              <Value>0</Value>
            </HeartRateBpm>
            <Cadence>92</Cadence>
            <DistanceMeters>1829.73970</DistanceMeters>
            <Extensions>
              <TPX xmlns="http://www.garmin.com/xmlschemas/ActivityExtension/v2">
                <Watts>177</Watts>
              </TPX>
            </Extensions>
          </Trackpoint>
          <Trackpoint>
            <Time>2010-10-19T21:07:02Z</Time>
            <HeartRateBpm>
              <Value>0</Value>
            </HeartRateBpm>
            <Cadence>92</Cadence>
            <DistanceMeters>1834.39970</DistanceMeters>
            <Extensions>
              <TPX xmlns="http://www.garmin.com/xmlschemas/ActivityExtension/v2">
                <Watts>195</Watts>
              </TPX>
            </Extensions>
          </Trackpoint>
          <Trackpoint>
            <Time>2010-10-19T21:07:03Z</Time>
            <HeartRateBpm>
              <Value>0</Value>
            </HeartRateBpm>
            <Cadence>93</Cadence>
            <DistanceMeters>1838.99584</DistanceMeters>
            <Extensions>
              <TPX xmlns="http://www.garmin.com/xmlschemas/ActivityExtension/v2">
                <Watts>199</Watts>
              </TPX>
            </Extensions>
          </Trackpoint>
          <Trackpoint>
            <Time>2010-10-19T21:07:04Z</Time>
            <HeartRateBpm>
              <Value>0</Value>
            </HeartRateBpm>
            <Cadence>96</Cadence>
            <DistanceMeters>1843.54863</DistanceMeters>
            <Extensions>
              <TPX xmlns="http://www.garmin.com/xmlschemas/ActivityExtension/v2">
                <Watts>193</Watts>
              </TPX>
            </Extensions>
          </Trackpoint>
          <Trackpoint>
            <Time>2010-10-19T21:07:05Z</Time>
            <HeartRateBpm>
              <Value>0</Value>
            </HeartRateBpm>
            <Cadence>98</Cadence>
            <DistanceMeters>1848.02652</DistanceMeters>
            <Extensions>
              <TPX xmlns="http://www.garmin.com/xmlschemas/ActivityExtension/v2">
                <Watts>187</Watts>
              </TPX>
            </Extensions>
          </Trackpoint>
          <Trackpoint>
            <Time>2010-10-19T21:07:06Z</Time>
            <HeartRateBpm>
              <Value>0</Value>
            </HeartRateBpm>
            <Cadence>98</Cadence>
            <DistanceMeters>1852.41957</DistanceMeters>
            <Extensions>
              <TPX xmlns="http://www.garmin.com/xmlschemas/ActivityExtension/v2">
                <Watts>179</Watts>
              </TPX>
            </Extensions>
          </Trackpoint>
          <Trackpoint>
            <Time>2010-10-19T21:07:07Z</Time>
            <HeartRateBpm>
              <Value>0</Value>
            </HeartRateBpm>
            <Cadence>99</Cadence>
            <DistanceMeters>1856.90970</DistanceMeters>
            <Extensions>
              <TPX xmlns="http://www.garmin.com/xmlschemas/ActivityExtension/v2">
                <Watts>178</Watts>
              </TPX>
            </Extensions>
          </Trackpoint>
          <Trackpoint>
            <Time>2010-10-19T21:07:08Z</Time>
            <HeartRateBpm>
              <Value>0</Value>
            </HeartRateBpm>
            <Cadence>100</Cadence>
            <DistanceMeters>1861.58651</DistanceMeters>
            <Extensions>
              <TPX xmlns="http://www.garmin.com/xmlschemas/ActivityExtension/v2">
                <Watts>193</Watts>
              </TPX>
            </Extensions>
          </Trackpoint>
          <Trackpoint>
            <Time>2010-10-19T21:07:09Z</Time>
            <HeartRateBpm>
              <Value>0</Value>
            </HeartRateBpm>
            <Cadence>101</Cadence>
            <DistanceMeters>1866.20630</DistanceMeters>
            <Extensions>
              <TPX xmlns="http://www.garmin.com/xmlschemas/ActivityExtension/v2">
                <Watts>202</Watts>
              </TPX>
            </Extensions>
          </Trackpoint>
          <Trackpoint>
            <Time>2010-10-19T21:07:10Z</Time>
            <HeartRateBpm>
              <Value>0</Value>
            </HeartRateBpm>
            <Cadence>101</Cadence>
            <DistanceMeters>1870.61826</DistanceMeters>
            <Extensions>
              <TPX xmlns="http://www.garmin.com/xmlschemas/ActivityExtension/v2">
                <Watts>188</Watts>
              </TPX>
            </Extensions>
          </Trackpoint>
          <Trackpoint>
            <Time>2010-10-19T21:07:11Z</Time>
            <HeartRateBpm>
              <Value>0</Value>
            </HeartRateBpm>
            <Cadence>101</Cadence>
            <DistanceMeters>1874.88343</DistanceMeters>
            <Extensions>
              <TPX xmlns="http://www.garmin.com/xmlschemas/ActivityExtension/v2">
                <Watts>170</Watts>
              </TPX>
            </Extensions>
          </Trackpoint>
          <Trackpoint>
            <Time>2010-10-19T21:07:12Z</Time>
            <HeartRateBpm>
              <Value>0</Value>
            </HeartRateBpm>
            <Cadence>100</Cadence>
            <DistanceMeters>1877.63697</DistanceMeters>
            <Extensions>
              <TPX xmlns="http://www.garmin.com/xmlschemas/ActivityExtension/v2">
                <Watts>113</Watts>
              </TPX>
            </Extensions>
          </Trackpoint>
          <Trackpoint>
            <Time>2010-10-19T21:07:13Z</Time>
            <HeartRateBpm>
              <Value>0</Value>
            </HeartRateBpm>
            <Cadence>99</Cadence>
            <DistanceMeters>1880.39051</DistanceMeters>
            <Extensions>
              <TPX xmlns="http://www.garmin.com/xmlschemas/ActivityExtension/v2">
                <Watts>55</Watts>
              </TPX>
            </Extensions>
          </Trackpoint>
          <Trackpoint>
            <Time>2010-10-19T21:07:14Z</Time>
            <HeartRateBpm>
              <Value>0</Value>
            </HeartRateBpm>
            <Cadence>95</Cadence>
            <DistanceMeters>1882.54973</DistanceMeters>
            <Extensions>
              <TPX xmlns="http://www.garmin.com/xmlschemas/ActivityExtension/v2">
                <Watts>42</Watts>
              </TPX>
            </Extensions>
          </Trackpoint>
          <Trackpoint>
            <Time>2010-10-19T21:07:15Z</Time>
            <HeartRateBpm>
              <Value>0</Value>
            </HeartRateBpm>
            <Cadence>92</Cadence>
            <DistanceMeters>1884.68530</DistanceMeters>
            <Extensions>
              <TPX xmlns="http://www.garmin.com/xmlschemas/ActivityExtension/v2">
                <Watts>31</Watts>
              </TPX>
            </Extensions>
          </Trackpoint>
          <Trackpoint>
            <Time>2010-10-19T21:07:16Z</Time>
            <HeartRateBpm>
              <Value>0</Value>
            </HeartRateBpm>
            <Cadence>90</Cadence>
            <DistanceMeters>1886.84895</DistanceMeters>
            <Extensions>
              <TPX xmlns="http://www.garmin.com/xmlschemas/ActivityExtension/v2">
                <Watts>30</Watts>
              </TPX>
            </Extensions>
          </Trackpoint>
          <Trackpoint>
            <Time>2010-10-19T21:07:17Z</Time>
            <HeartRateBpm>
              <Value>0</Value>
            </HeartRateBpm>
            <Cadence>89</Cadence>
            <DistanceMeters>1889.01815</DistanceMeters>
            <Extensions>
              <TPX xmlns="http://www.garmin.com/xmlschemas/ActivityExtension/v2">
                <Watts>30</Watts>
              </TPX>
            </Extensions>
          </Trackpoint>
          <Trackpoint>
            <Time>2010-10-19T21:07:18Z</Time>
            <HeartRateBpm>
              <Value>0</Value>
            </HeartRateBpm>
            <Cadence>85</Cadence>
            <DistanceMeters>1890.50415</DistanceMeters>
            <Extensions>
              <TPX xmlns="http://www.garmin.com/xmlschemas/ActivityExtension/v2">
                <Watts>24</Watts>
              </TPX>
            </Extensions>
          </Trackpoint>
          <Trackpoint>
            <Time>2010-10-19T21:07:19Z</Time>
            <HeartRateBpm>
              <Value>0</Value>
            </HeartRateBpm>
            <Cadence>80</Cadence>
            <DistanceMeters>1891.70856</DistanceMeters>
            <Extensions>
              <TPX xmlns="http://www.garmin.com/xmlschemas/ActivityExtension/v2">
                <Watts>14</Watts>
              </TPX>
            </Extensions>
          </Trackpoint>
          <Trackpoint>
            <Time>2010-10-19T21:07:20Z</Time>
            <HeartRateBpm>
              <Value>0</Value>
            </HeartRateBpm>
            <Cadence>78</Cadence>
            <DistanceMeters>1893.53005</DistanceMeters>
            <Extensions>
              <TPX xmlns="http://www.garmin.com/xmlschemas/ActivityExtension/v2">
                <Watts>17</Watts>
              </TPX>
            </Extensions>
          </Trackpoint>
          <Trackpoint>
            <Time>2010-10-19T21:07:21Z</Time>
            <HeartRateBpm>
              <Value>0</Value>
            </HeartRateBpm>
            <Cadence>77</Cadence>
            <DistanceMeters>1895.79594</DistanceMeters>
            <Extensions>
              <TPX xmlns="http://www.garmin.com/xmlschemas/ActivityExtension/v2">
                <Watts>28</Watts>
              </TPX>
            </Extensions>
          </Trackpoint>
          <Trackpoint>
            <Time>2010-10-19T21:07:22Z</Time>
            <HeartRateBpm>
              <Value>0</Value>
            </HeartRateBpm>
            <Cadence>77</Cadence>
            <DistanceMeters>1898.27489</DistanceMeters>
            <Extensions>
              <TPX xmlns="http://www.garmin.com/xmlschemas/ActivityExtension/v2">
                <Watts>37</Watts>
              </TPX>
            </Extensions>
          </Trackpoint>
          <Trackpoint>
            <Time>2010-10-19T21:07:23Z</Time>
            <HeartRateBpm>
              <Value>0</Value>
            </HeartRateBpm>
            <Cadence>79</Cadence>
            <DistanceMeters>1901.00951</DistanceMeters>
            <Extensions>
              <TPX xmlns="http://www.garmin.com/xmlschemas/ActivityExtension/v2">
                <Watts>46</Watts>
              </TPX>
            </Extensions>
          </Trackpoint>
          <Trackpoint>
            <Time>2010-10-19T21:07:24Z</Time>
            <HeartRateBpm>
              <Value>0</Value>
            </HeartRateBpm>
            <Cadence>80</Cadence>
            <DistanceMeters>1903.67386</DistanceMeters>
            <Extensions>
              <TPX xmlns="http://www.garmin.com/xmlschemas/ActivityExtension/v2">
                <Watts>50</Watts>
              </TPX>
            </Extensions>
          </Trackpoint>
          <Trackpoint>
            <Time>2010-10-19T21:07:25Z</Time>
            <HeartRateBpm>
              <Value>0</Value>
            </HeartRateBpm>
            <Cadence>80</Cadence>
            <DistanceMeters>1906.19408</DistanceMeters>
            <Extensions>
              <TPX xmlns="http://www.garmin.com/xmlschemas/ActivityExtension/v2">
                <Watts>46</Watts>
              </TPX>
            </Extensions>
          </Trackpoint>
          <Trackpoint>
            <Time>2010-10-19T21:07:26Z</Time>
            <HeartRateBpm>
              <Value>0</Value>
            </HeartRateBpm>
            <Cadence>81</Cadence>
            <DistanceMeters>1908.78273</DistanceMeters>
            <Extensions>
              <TPX xmlns="http://www.garmin.com/xmlschemas/ActivityExtension/v2">
                <Watts>44</Watts>
              </TPX>
            </Extensions>
          </Trackpoint>
          <Trackpoint>
            <Time>2010-10-19T21:07:27Z</Time>
            <HeartRateBpm>
              <Value>0</Value>
            </HeartRateBpm>
            <Cadence>81</Cadence>
            <DistanceMeters>1911.64347</DistanceMeters>
            <Extensions>
              <TPX xmlns="http://www.garmin.com/xmlschemas/ActivityExtension/v2">
                <Watts>51</Watts>
              </TPX>
            </Extensions>
          </Trackpoint>
          <Trackpoint>
            <Time>2010-10-19T21:07:28Z</Time>
            <HeartRateBpm>
              <Value>0</Value>
            </HeartRateBpm>
            <Cadence>82</Cadence>
            <DistanceMeters>1914.48800</DistanceMeters>
            <Extensions>
              <TPX xmlns="http://www.garmin.com/xmlschemas/ActivityExtension/v2">
                <Watts>57</Watts>
              </TPX>
            </Extensions>
          </Trackpoint>
          <Trackpoint>
            <Time>2010-10-19T21:07:29Z</Time>
            <HeartRateBpm>
              <Value>0</Value>
            </HeartRateBpm>
            <Cadence>83</Cadence>
            <DistanceMeters>1917.13013</DistanceMeters>
            <Extensions>
              <TPX xmlns="http://www.garmin.com/xmlschemas/ActivityExtension/v2">
                <Watts>52</Watts>
              </TPX>
            </Extensions>
          </Trackpoint>
          <Trackpoint>
            <Time>2010-10-19T21:07:30Z</Time>
            <HeartRateBpm>
              <Value>0</Value>
            </HeartRateBpm>
            <Cadence>84</Cadence>
            <DistanceMeters>1919.77227</DistanceMeters>
            <Extensions>
              <TPX xmlns="http://www.garmin.com/xmlschemas/ActivityExtension/v2">
                <Watts>48</Watts>
              </TPX>
            </Extensions>
          </Trackpoint>
          <Trackpoint>
            <Time>2010-10-19T21:07:31Z</Time>
            <HeartRateBpm>
              <Value>0</Value>
            </HeartRateBpm>
            <Cadence>84</Cadence>
            <DistanceMeters>1921.90065</DistanceMeters>
            <Extensions>
              <TPX xmlns="http://www.garmin.com/xmlschemas/ActivityExtension/v2">
                <Watts>39</Watts>
              </TPX>
            </Extensions>
          </Trackpoint>
          <Trackpoint>
            <Time>2010-10-19T21:07:32Z</Time>
            <HeartRateBpm>
              <Value>0</Value>
            </HeartRateBpm>
            <Cadence>83</Cadence>
            <DistanceMeters>1924.00048</DistanceMeters>
            <Extensions>
              <TPX xmlns="http://www.garmin.com/xmlschemas/ActivityExtension/v2">
                <Watts>30</Watts>
              </TPX>
            </Extensions>
          </Trackpoint>
          <Trackpoint>
            <Time>2010-10-19T21:07:33Z</Time>
            <HeartRateBpm>
              <Value>0</Value>
            </HeartRateBpm>
            <Cadence>82</Cadence>
            <DistanceMeters>1926.48667</DistanceMeters>
            <Extensions>
              <TPX xmlns="http://www.garmin.com/xmlschemas/ActivityExtension/v2">
                <Watts>35</Watts>
              </TPX>
            </Extensions>
          </Trackpoint>
          <Trackpoint>
            <Time>2010-10-19T21:07:34Z</Time>
            <HeartRateBpm>
              <Value>0</Value>
            </HeartRateBpm>
            <Cadence>81</Cadence>
            <DistanceMeters>1929.05734</DistanceMeters>
            <Extensions>
              <TPX xmlns="http://www.garmin.com/xmlschemas/ActivityExtension/v2">
                <Watts>42</Watts>
              </TPX>
            </Extensions>
          </Trackpoint>
          <Trackpoint>
            <Time>2010-10-19T21:07:35Z</Time>
            <HeartRateBpm>
              <Value>0</Value>
            </HeartRateBpm>
            <Cadence>81</Cadence>
            <DistanceMeters>1932.55402</DistanceMeters>
            <Extensions>
              <TPX xmlns="http://www.garmin.com/xmlschemas/ActivityExtension/v2">
                <Watts>72</Watts>
              </TPX>
            </Extensions>
          </Trackpoint>
          <Trackpoint>
            <Time>2010-10-19T21:07:36Z</Time>
            <HeartRateBpm>
              <Value>0</Value>
            </HeartRateBpm>
            <Cadence>81</Cadence>
            <DistanceMeters>1936.45942</DistanceMeters>
            <Extensions>
              <TPX xmlns="http://www.garmin.com/xmlschemas/ActivityExtension/v2">
                <Watts>111</Watts>
              </TPX>
            </Extensions>
          </Trackpoint>
          <Trackpoint>
            <Time>2010-10-19T21:07:37Z</Time>
            <HeartRateBpm>
              <Value>0</Value>
            </HeartRateBpm>
            <Cadence>83</Cadence>
            <DistanceMeters>1939.45312</DistanceMeters>
            <Extensions>
              <TPX xmlns="http://www.garmin.com/xmlschemas/ActivityExtension/v2">
                <Watts>103</Watts>
              </TPX>
            </Extensions>
          </Trackpoint>
          <Trackpoint>
            <Time>2010-10-19T21:07:38Z</Time>
            <HeartRateBpm>
              <Value>0</Value>
            </HeartRateBpm>
            <Cadence>86</Cadence>
            <DistanceMeters>1941.75053</DistanceMeters>
            <Extensions>
              <TPX xmlns="http://www.garmin.com/xmlschemas/ActivityExtension/v2">
                <Watts>59</Watts>
              </TPX>
            </Extensions>
          </Trackpoint>
          <Trackpoint>
            <Time>2010-10-19T21:07:39Z</Time>
            <HeartRateBpm>
              <Value>0</Value>
            </HeartRateBpm>
            <Cadence>88</Cadence>
            <DistanceMeters>1944.06091</DistanceMeters>
            <Extensions>
              <TPX xmlns="http://www.garmin.com/xmlschemas/ActivityExtension/v2">
                <Watts>35</Watts>
              </TPX>
            </Extensions>
          </Trackpoint>
          <Trackpoint>
            <Time>2010-10-19T21:07:40Z</Time>
            <HeartRateBpm>
              <Value>0</Value>
            </HeartRateBpm>
            <Cadence>88</Cadence>
            <DistanceMeters>1946.38775</DistanceMeters>
            <Extensions>
              <TPX xmlns="http://www.garmin.com/xmlschemas/ActivityExtension/v2">
                <Watts>35</Watts>
              </TPX>
            </Extensions>
          </Trackpoint>
          <Trackpoint>
            <Time>2010-10-19T21:07:41Z</Time>
            <HeartRateBpm>
              <Value>0</Value>
            </HeartRateBpm>
            <Cadence>87</Cadence>
            <DistanceMeters>1948.99456</DistanceMeters>
            <Extensions>
              <TPX xmlns="http://www.garmin.com/xmlschemas/ActivityExtension/v2">
                <Watts>42</Watts>
              </TPX>
            </Extensions>
          </Trackpoint>
          <Trackpoint>
            <Time>2010-10-19T21:07:42Z</Time>
            <HeartRateBpm>
              <Value>0</Value>
            </HeartRateBpm>
            <Cadence>87</Cadence>
            <DistanceMeters>1952.21473</DistanceMeters>
            <Extensions>
              <TPX xmlns="http://www.garmin.com/xmlschemas/ActivityExtension/v2">
                <Watts>61</Watts>
              </TPX>
            </Extensions>
          </Trackpoint>
          <Trackpoint>
            <Time>2010-10-19T21:07:43Z</Time>
            <HeartRateBpm>
              <Value>0</Value>
            </HeartRateBpm>
            <Cadence>87</Cadence>
            <DistanceMeters>1955.44706</DistanceMeters>
            <Extensions>
              <TPX xmlns="http://www.garmin.com/xmlschemas/ActivityExtension/v2">
                <Watts>78</Watts>
              </TPX>
            </Extensions>
          </Trackpoint>
          <Trackpoint>
            <Time>2010-10-19T21:07:44Z</Time>
            <HeartRateBpm>
              <Value>0</Value>
            </HeartRateBpm>
            <Cadence>88</Cadence>
            <DistanceMeters>1958.73239</DistanceMeters>
            <Extensions>
              <TPX xmlns="http://www.garmin.com/xmlschemas/ActivityExtension/v2">
                <Watts>80</Watts>
              </TPX>
            </Extensions>
          </Trackpoint>
          <Trackpoint>
            <Time>2010-10-19T21:07:45Z</Time>
            <HeartRateBpm>
              <Value>0</Value>
            </HeartRateBpm>
            <Cadence>89</Cadence>
            <DistanceMeters>1961.99345</DistanceMeters>
            <Extensions>
              <TPX xmlns="http://www.garmin.com/xmlschemas/ActivityExtension/v2">
                <Watts>81</Watts>
              </TPX>
            </Extensions>
          </Trackpoint>
          <Trackpoint>
            <Time>2010-10-19T21:07:46Z</Time>
            <HeartRateBpm>
              <Value>0</Value>
            </HeartRateBpm>
            <Cadence>89</Cadence>
            <DistanceMeters>1964.87311</DistanceMeters>
            <Extensions>
              <TPX xmlns="http://www.garmin.com/xmlschemas/ActivityExtension/v2">
                <Watts>70</Watts>
              </TPX>
            </Extensions>
          </Trackpoint>
          <Trackpoint>
            <Time>2010-10-19T21:07:47Z</Time>
            <HeartRateBpm>
              <Value>0</Value>
            </HeartRateBpm>
            <Cadence>89</Cadence>
            <DistanceMeters>1967.75276</DistanceMeters>
            <Extensions>
              <TPX xmlns="http://www.garmin.com/xmlschemas/ActivityExtension/v2">
                <Watts>59</Watts>
              </TPX>
            </Extensions>
          </Trackpoint>
          <Trackpoint>
            <Time>2010-10-19T21:07:48Z</Time>
            <HeartRateBpm>
              <Value>0</Value>
            </HeartRateBpm>
            <Cadence>89</Cadence>
            <DistanceMeters>1970.59319</DistanceMeters>
            <Extensions>
              <TPX xmlns="http://www.garmin.com/xmlschemas/ActivityExtension/v2">
                <Watts>58</Watts>
              </TPX>
            </Extensions>
          </Trackpoint>
          <Trackpoint>
            <Time>2010-10-19T21:07:49Z</Time>
            <HeartRateBpm>
              <Value>0</Value>
            </HeartRateBpm>
            <Cadence>88</Cadence>
            <DistanceMeters>1973.43081</DistanceMeters>
            <Extensions>
              <TPX xmlns="http://www.garmin.com/xmlschemas/ActivityExtension/v2">
                <Watts>57</Watts>
              </TPX>
            </Extensions>
          </Trackpoint>
          <Trackpoint>
            <Time>2010-10-19T21:07:50Z</Time>
            <HeartRateBpm>
              <Value>0</Value>
            </HeartRateBpm>
            <Cadence>89</Cadence>
            <DistanceMeters>1976.77512</DistanceMeters>
            <Extensions>
              <TPX xmlns="http://www.garmin.com/xmlschemas/ActivityExtension/v2">
                <Watts>71</Watts>
              </TPX>
            </Extensions>
          </Trackpoint>
          <Trackpoint>
            <Time>2010-10-19T21:07:51Z</Time>
            <HeartRateBpm>
              <Value>0</Value>
            </HeartRateBpm>
            <Cadence>90</Cadence>
            <DistanceMeters>1980.24121</DistanceMeters>
            <Extensions>
              <TPX xmlns="http://www.garmin.com/xmlschemas/ActivityExtension/v2">
                <Watts>88</Watts>
              </TPX>
            </Extensions>
          </Trackpoint>
          <Trackpoint>
            <Time>2010-10-19T21:07:52Z</Time>
            <HeartRateBpm>
              <Value>0</Value>
            </HeartRateBpm>
            <Cadence>91</Cadence>
            <DistanceMeters>1983.88154</DistanceMeters>
            <Extensions>
              <TPX xmlns="http://www.garmin.com/xmlschemas/ActivityExtension/v2">
                <Watts>100</Watts>
              </TPX>
            </Extensions>
          </Trackpoint>
          <Trackpoint>
            <Time>2010-10-19T21:07:53Z</Time>
            <HeartRateBpm>
              <Value>0</Value>
            </HeartRateBpm>
            <Cadence>92</Cadence>
            <DistanceMeters>1987.60407</DistanceMeters>
            <Extensions>
              <TPX xmlns="http://www.garmin.com/xmlschemas/ActivityExtension/v2">
                <Watts>109</Watts>
              </TPX>
            </Extensions>
          </Trackpoint>
          <Trackpoint>
            <Time>2010-10-19T21:07:54Z</Time>
            <HeartRateBpm>
              <Value>0</Value>
            </HeartRateBpm>
            <Cadence>94</Cadence>
            <DistanceMeters>1991.40094</DistanceMeters>
            <Extensions>
              <TPX xmlns="http://www.garmin.com/xmlschemas/ActivityExtension/v2">
                <Watts>115</Watts>
              </TPX>
            </Extensions>
          </Trackpoint>
          <Trackpoint>
            <Time>2010-10-19T21:07:55Z</Time>
            <HeartRateBpm>
              <Value>0</Value>
            </HeartRateBpm>
            <Cadence>97</Cadence>
            <DistanceMeters>1995.25800</DistanceMeters>
            <Extensions>
              <TPX xmlns="http://www.garmin.com/xmlschemas/ActivityExtension/v2">
                <Watts>121</Watts>
              </TPX>
            </Extensions>
          </Trackpoint>
          <Trackpoint>
            <Time>2010-10-19T21:07:56Z</Time>
            <HeartRateBpm>
              <Value>0</Value>
            </HeartRateBpm>
            <Cadence>100</Cadence>
            <DistanceMeters>1998.85816</DistanceMeters>
            <Extensions>
              <TPX xmlns="http://www.garmin.com/xmlschemas/ActivityExtension/v2">
                <Watts>115</Watts>
              </TPX>
            </Extensions>
          </Trackpoint>
          <Trackpoint>
            <Time>2010-10-19T21:07:57Z</Time>
            <HeartRateBpm>
              <Value>0</Value>
            </HeartRateBpm>
            <Cadence>105</Cadence>
            <DistanceMeters>2002.11196</DistanceMeters>
            <Extensions>
              <TPX xmlns="http://www.garmin.com/xmlschemas/ActivityExtension/v2">
                <Watts>94</Watts>
              </TPX>
            </Extensions>
          </Trackpoint>
          <Trackpoint>
            <Time>2010-10-19T21:07:58Z</Time>
            <HeartRateBpm>
              <Value>0</Value>
            </HeartRateBpm>
            <Cadence>107</Cadence>
            <DistanceMeters>2005.85605</DistanceMeters>
            <Extensions>
              <TPX xmlns="http://www.garmin.com/xmlschemas/ActivityExtension/v2">
                <Watts>101</Watts>
              </TPX>
            </Extensions>
          </Trackpoint>
          <Trackpoint>
            <Time>2010-10-19T21:07:59Z</Time>
            <HeartRateBpm>
              <Value>0</Value>
            </HeartRateBpm>
            <Cadence>104</Cadence>
            <DistanceMeters>2010.74936</DistanceMeters>
            <Extensions>
              <TPX xmlns="http://www.garmin.com/xmlschemas/ActivityExtension/v2">
                <Watts>172</Watts>
              </TPX>
            </Extensions>
          </Trackpoint>
          <Trackpoint>
            <Time>2010-10-19T21:08:00Z</Time>
            <HeartRateBpm>
              <Value>0</Value>
            </HeartRateBpm>
            <Cadence>103</Cadence>
            <DistanceMeters>2015.58872</DistanceMeters>
            <Extensions>
              <TPX xmlns="http://www.garmin.com/xmlschemas/ActivityExtension/v2">
                <Watts>228</Watts>
              </TPX>
            </Extensions>
          </Trackpoint>
          <Trackpoint>
            <Time>2010-10-19T21:08:01Z</Time>
            <HeartRateBpm>
              <Value>0</Value>
            </HeartRateBpm>
            <Cadence>105</Cadence>
            <DistanceMeters>2020.16884</DistanceMeters>
            <Extensions>
              <TPX xmlns="http://www.garmin.com/xmlschemas/ActivityExtension/v2">
                <Watts>210</Watts>
              </TPX>
            </Extensions>
          </Trackpoint>
          <Trackpoint>
            <Time>2010-10-19T21:08:02Z</Time>
            <HeartRateBpm>
              <Value>0</Value>
            </HeartRateBpm>
            <Cadence>108</Cadence>
            <DistanceMeters>2024.77725</DistanceMeters>
            <Extensions>
              <TPX xmlns="http://www.garmin.com/xmlschemas/ActivityExtension/v2">
                <Watts>195</Watts>
              </TPX>
            </Extensions>
          </Trackpoint>
          <Trackpoint>
            <Time>2010-10-19T21:08:03Z</Time>
            <HeartRateBpm>
              <Value>0</Value>
            </HeartRateBpm>
            <Cadence>110</Cadence>
            <DistanceMeters>2029.97954</DistanceMeters>
            <Extensions>
              <TPX xmlns="http://www.garmin.com/xmlschemas/ActivityExtension/v2">
                <Watts>232</Watts>
              </TPX>
            </Extensions>
          </Trackpoint>
          <Trackpoint>
            <Time>2010-10-19T21:08:04Z</Time>
            <HeartRateBpm>
              <Value>0</Value>
            </HeartRateBpm>
            <Cadence>113</Cadence>
            <DistanceMeters>2035.18184</DistanceMeters>
            <Extensions>
              <TPX xmlns="http://www.garmin.com/xmlschemas/ActivityExtension/v2">
                <Watts>269</Watts>
              </TPX>
            </Extensions>
          </Trackpoint>
          <Trackpoint>
            <Time>2010-10-19T21:08:05Z</Time>
            <HeartRateBpm>
              <Value>0</Value>
            </HeartRateBpm>
            <Cadence>112</Cadence>
            <DistanceMeters>2039.97284</DistanceMeters>
            <Extensions>
              <TPX xmlns="http://www.garmin.com/xmlschemas/ActivityExtension/v2">
                <Watts>246</Watts>
              </TPX>
            </Extensions>
          </Trackpoint>
          <Trackpoint>
            <Time>2010-10-19T21:08:06Z</Time>
            <HeartRateBpm>
              <Value>0</Value>
            </HeartRateBpm>
            <Cadence>110</Cadence>
            <DistanceMeters>2044.72742</DistanceMeters>
            <Extensions>
              <TPX xmlns="http://www.garmin.com/xmlschemas/ActivityExtension/v2">
                <Watts>219</Watts>
              </TPX>
            </Extensions>
          </Trackpoint>
          <Trackpoint>
            <Time>2010-10-19T21:08:07Z</Time>
            <HeartRateBpm>
              <Value>0</Value>
            </HeartRateBpm>
            <Cadence>109</Cadence>
            <DistanceMeters>2049.52029</DistanceMeters>
            <Extensions>
              <TPX xmlns="http://www.garmin.com/xmlschemas/ActivityExtension/v2">
                <Watts>216</Watts>
              </TPX>
            </Extensions>
          </Trackpoint>
          <Trackpoint>
            <Time>2010-10-19T21:08:08Z</Time>
            <HeartRateBpm>
              <Value>0</Value>
            </HeartRateBpm>
            <Cadence>109</Cadence>
            <DistanceMeters>2054.32321</DistanceMeters>
            <Extensions>
              <TPX xmlns="http://www.garmin.com/xmlschemas/ActivityExtension/v2">
                <Watts>219</Watts>
              </TPX>
            </Extensions>
          </Trackpoint>
          <Trackpoint>
            <Time>2010-10-19T21:08:09Z</Time>
            <HeartRateBpm>
              <Value>0</Value>
            </HeartRateBpm>
            <Cadence>108</Cadence>
            <DistanceMeters>2059.14292</DistanceMeters>
            <Extensions>
              <TPX xmlns="http://www.garmin.com/xmlschemas/ActivityExtension/v2">
                <Watts>220</Watts>
              </TPX>
            </Extensions>
          </Trackpoint>
          <Trackpoint>
            <Time>2010-10-19T21:08:10Z</Time>
            <HeartRateBpm>
              <Value>0</Value>
            </HeartRateBpm>
            <Cadence>107</Cadence>
            <DistanceMeters>2063.97107</DistanceMeters>
            <Extensions>
              <TPX xmlns="http://www.garmin.com/xmlschemas/ActivityExtension/v2">
                <Watts>222</Watts>
              </TPX>
            </Extensions>
          </Trackpoint>
          <Trackpoint>
            <Time>2010-10-19T21:08:11Z</Time>
            <HeartRateBpm>
              <Value>0</Value>
            </HeartRateBpm>
            <Cadence>107</Cadence>
            <DistanceMeters>2068.62158</DistanceMeters>
            <Extensions>
              <TPX xmlns="http://www.garmin.com/xmlschemas/ActivityExtension/v2">
                <Watts>213</Watts>
              </TPX>
            </Extensions>
          </Trackpoint>
          <Trackpoint>
            <Time>2010-10-19T21:08:12Z</Time>
            <HeartRateBpm>
              <Value>0</Value>
            </HeartRateBpm>
            <Cadence>107</Cadence>
            <DistanceMeters>2073.11973</DistanceMeters>
            <Extensions>
              <TPX xmlns="http://www.garmin.com/xmlschemas/ActivityExtension/v2">
                <Watts>195</Watts>
              </TPX>
            </Extensions>
          </Trackpoint>
          <Trackpoint>
            <Time>2010-10-19T21:08:13Z</Time>
            <HeartRateBpm>
              <Value>0</Value>
            </HeartRateBpm>
            <Cadence>106</Cadence>
            <DistanceMeters>2077.23299</DistanceMeters>
            <Extensions>
              <TPX xmlns="http://www.garmin.com/xmlschemas/ActivityExtension/v2">
                <Watts>168</Watts>
              </TPX>
            </Extensions>
          </Trackpoint>
          <Trackpoint>
            <Time>2010-10-19T21:08:14Z</Time>
            <HeartRateBpm>
              <Value>0</Value>
            </HeartRateBpm>
            <Cadence>102</Cadence>
            <DistanceMeters>2080.79578</DistanceMeters>
            <Extensions>
              <TPX xmlns="http://www.garmin.com/xmlschemas/ActivityExtension/v2">
                <Watts>129</Watts>
              </TPX>
            </Extensions>
          </Trackpoint>
          <Trackpoint>
            <Time>2010-10-19T21:08:15Z</Time>
            <HeartRateBpm>
              <Value>0</Value>
            </HeartRateBpm>
            <Cadence>99</Cadence>
            <DistanceMeters>2084.66374</DistanceMeters>
            <Extensions>
              <TPX xmlns="http://www.garmin.com/xmlschemas/ActivityExtension/v2">
                <Watts>114</Watts>
              </TPX>
            </Extensions>
          </Trackpoint>
          <Trackpoint>
            <Time>2010-10-19T21:08:16Z</Time>
            <HeartRateBpm>
              <Value>0</Value>
            </HeartRateBpm>
            <Cadence>97</Cadence>
            <DistanceMeters>2089.29852</DistanceMeters>
            <Extensions>
              <TPX xmlns="http://www.garmin.com/xmlschemas/ActivityExtension/v2">
                <Watts>160</Watts>
              </TPX>
            </Extensions>
          </Trackpoint>
          <Trackpoint>
            <Time>2010-10-19T21:08:17Z</Time>
            <HeartRateBpm>
              <Value>0</Value>
            </HeartRateBpm>
            <Cadence>96</Cadence>
            <DistanceMeters>2093.93993</DistanceMeters>
            <Extensions>
              <TPX xmlns="http://www.garmin.com/xmlschemas/ActivityExtension/v2">
                <Watts>200</Watts>
              </TPX>
            </Extensions>
          </Trackpoint>
          <Trackpoint>
            <Time>2010-10-19T21:08:18Z</Time>
            <HeartRateBpm>
              <Value>0</Value>
            </HeartRateBpm>
            <Cadence>96</Cadence>
            <DistanceMeters>2098.61674</DistanceMeters>
            <Extensions>
              <TPX xmlns="http://www.garmin.com/xmlschemas/ActivityExtension/v2">
                <Watts>202</Watts>
              </TPX>
            </Extensions>
          </Trackpoint>
          <Trackpoint>
            <Time>2010-10-19T21:08:19Z</Time>
            <HeartRateBpm>
              <Value>0</Value>
            </HeartRateBpm>
            <Cadence>97</Cadence>
            <DistanceMeters>2103.29303</DistanceMeters>
            <Extensions>
              <TPX xmlns="http://www.garmin.com/xmlschemas/ActivityExtension/v2">
                <Watts>204</Watts>
              </TPX>
            </Extensions>
          </Trackpoint>
          <Trackpoint>
            <Time>2010-10-19T21:08:20Z</Time>
            <HeartRateBpm>
              <Value>0</Value>
            </HeartRateBpm>
            <Cadence>98</Cadence>
            <DistanceMeters>2107.95302</DistanceMeters>
            <Extensions>
              <TPX xmlns="http://www.garmin.com/xmlschemas/ActivityExtension/v2">
                <Watts>204</Watts>
              </TPX>
            </Extensions>
          </Trackpoint>
          <Trackpoint>
            <Time>2010-10-19T21:08:21Z</Time>
            <HeartRateBpm>
              <Value>0</Value>
            </HeartRateBpm>
            <Cadence>100</Cadence>
            <DistanceMeters>2112.61302</DistanceMeters>
            <Extensions>
              <TPX xmlns="http://www.garmin.com/xmlschemas/ActivityExtension/v2">
                <Watts>203</Watts>
              </TPX>
            </Extensions>
          </Trackpoint>
          <Trackpoint>
            <Time>2010-10-19T21:08:22Z</Time>
            <HeartRateBpm>
              <Value>0</Value>
            </HeartRateBpm>
            <Cadence>102</Cadence>
            <DistanceMeters>2117.18558</DistanceMeters>
            <Extensions>
              <TPX xmlns="http://www.garmin.com/xmlschemas/ActivityExtension/v2">
                <Watts>198</Watts>
              </TPX>
            </Extensions>
          </Trackpoint>
          <Trackpoint>
            <Time>2010-10-19T21:08:23Z</Time>
            <HeartRateBpm>
              <Value>0</Value>
            </HeartRateBpm>
            <Cadence>103</Cadence>
            <DistanceMeters>2121.74888</DistanceMeters>
            <Extensions>
              <TPX xmlns="http://www.garmin.com/xmlschemas/ActivityExtension/v2">
                <Watts>193</Watts>
              </TPX>
            </Extensions>
          </Trackpoint>
          <Trackpoint>
            <Time>2010-10-19T21:08:24Z</Time>
            <HeartRateBpm>
              <Value>0</Value>
            </HeartRateBpm>
            <Cadence>104</Cadence>
            <DistanceMeters>2126.46091</DistanceMeters>
            <Extensions>
              <TPX xmlns="http://www.garmin.com/xmlschemas/ActivityExtension/v2">
                <Watts>200</Watts>
              </TPX>
            </Extensions>
          </Trackpoint>
          <Trackpoint>
            <Time>2010-10-19T21:08:25Z</Time>
            <HeartRateBpm>
              <Value>0</Value>
            </HeartRateBpm>
            <Cadence>104</Cadence>
            <DistanceMeters>2131.21549</DistanceMeters>
            <Extensions>
              <TPX xmlns="http://www.garmin.com/xmlschemas/ActivityExtension/v2">
                <Watts>210</Watts>
              </TPX>
            </Extensions>
          </Trackpoint>
          <Trackpoint>
            <Time>2010-10-19T21:08:26Z</Time>
            <HeartRateBpm>
              <Value>0</Value>
            </HeartRateBpm>
            <Cadence>104</Cadence>
            <DistanceMeters>2135.64455</DistanceMeters>
            <Extensions>
              <TPX xmlns="http://www.garmin.com/xmlschemas/ActivityExtension/v2">
                <Watts>197</Watts>
              </TPX>
            </Extensions>
          </Trackpoint>
          <Trackpoint>
            <Time>2010-10-19T21:08:27Z</Time>
            <HeartRateBpm>
              <Value>0</Value>
            </HeartRateBpm>
            <Cadence>104</Cadence>
            <DistanceMeters>2139.89887</DistanceMeters>
            <Extensions>
              <TPX xmlns="http://www.garmin.com/xmlschemas/ActivityExtension/v2">
                <Watts>172</Watts>
              </TPX>
            </Extensions>
          </Trackpoint>
          <Trackpoint>
            <Time>2010-10-19T21:08:28Z</Time>
            <HeartRateBpm>
              <Value>0</Value>
            </HeartRateBpm>
            <Cadence>104</Cadence>
            <DistanceMeters>2143.92633</DistanceMeters>
            <Extensions>
              <TPX xmlns="http://www.garmin.com/xmlschemas/ActivityExtension/v2">
                <Watts>150</Watts>
              </TPX>
            </Extensions>
          </Trackpoint>
          <Trackpoint>
            <Time>2010-10-19T21:08:29Z</Time>
            <HeartRateBpm>
              <Value>0</Value>
            </HeartRateBpm>
            <Cadence>102</Cadence>
            <DistanceMeters>2147.74765</DistanceMeters>
            <Extensions>
              <TPX xmlns="http://www.garmin.com/xmlschemas/ActivityExtension/v2">
                <Watts>132</Watts>
              </TPX>
            </Extensions>
          </Trackpoint>
          <Trackpoint>
            <Time>2010-10-19T21:08:30Z</Time>
            <HeartRateBpm>
              <Value>0</Value>
            </HeartRateBpm>
            <Cadence>100</Cadence>
            <DistanceMeters>2151.57899</DistanceMeters>
            <Extensions>
              <TPX xmlns="http://www.garmin.com/xmlschemas/ActivityExtension/v2">
                <Watts>121</Watts>
              </TPX>
            </Extensions>
          </Trackpoint>
          <Trackpoint>
            <Time>2010-10-19T21:08:31Z</Time>
            <HeartRateBpm>
              <Value>0</Value>
            </HeartRateBpm>
            <Cadence>96</Cadence>
            <DistanceMeters>2155.42554</DistanceMeters>
            <Extensions>
              <TPX xmlns="http://www.garmin.com/xmlschemas/ActivityExtension/v2">
                <Watts>122</Watts>
              </TPX>
            </Extensions>
          </Trackpoint>
          <Trackpoint>
            <Time>2010-10-19T21:08:32Z</Time>
            <HeartRateBpm>
              <Value>0</Value>
            </HeartRateBpm>
            <Cadence>93</Cadence>
            <DistanceMeters>2159.41528</DistanceMeters>
            <Extensions>
              <TPX xmlns="http://www.garmin.com/xmlschemas/ActivityExtension/v2">
                <Watts>129</Watts>
              </TPX>
            </Extensions>
          </Trackpoint>
          <Trackpoint>
            <Time>2010-10-19T21:08:33Z</Time>
            <HeartRateBpm>
              <Value>0</Value>
            </HeartRateBpm>
            <Cadence>93</Cadence>
            <DistanceMeters>2163.79151</DistanceMeters>
            <Extensions>
              <TPX xmlns="http://www.garmin.com/xmlschemas/ActivityExtension/v2">
                <Watts>152</Watts>
              </TPX>
            </Extensions>
          </Trackpoint>
          <Trackpoint>
            <Time>2010-10-19T21:08:34Z</Time>
            <HeartRateBpm>
              <Value>0</Value>
            </HeartRateBpm>
            <Cadence>93</Cadence>
            <DistanceMeters>2168.19581</DistanceMeters>
            <Extensions>
              <TPX xmlns="http://www.garmin.com/xmlschemas/ActivityExtension/v2">
                <Watts>173</Watts>
              </TPX>
            </Extensions>
          </Trackpoint>
          <Trackpoint>
            <Time>2010-10-19T21:08:35Z</Time>
            <HeartRateBpm>
              <Value>0</Value>
            </HeartRateBpm>
            <Cadence>94</Cadence>
            <DistanceMeters>2172.76752</DistanceMeters>
            <Extensions>
              <TPX xmlns="http://www.garmin.com/xmlschemas/ActivityExtension/v2">
                <Watts>183</Watts>
              </TPX>
            </Extensions>
          </Trackpoint>
          <Trackpoint>
            <Time>2010-10-19T21:08:36Z</Time>
            <HeartRateBpm>
              <Value>0</Value>
            </HeartRateBpm>
            <Cadence>95</Cadence>
            <DistanceMeters>2177.33167</DistanceMeters>
            <Extensions>
              <TPX xmlns="http://www.garmin.com/xmlschemas/ActivityExtension/v2">
                <Watts>192</Watts>
              </TPX>
            </Extensions>
          </Trackpoint>
          <Trackpoint>
            <Time>2010-10-19T21:08:37Z</Time>
            <HeartRateBpm>
              <Value>0</Value>
            </HeartRateBpm>
            <Cadence>98</Cadence>
            <DistanceMeters>2181.45146</DistanceMeters>
            <Extensions>
              <TPX xmlns="http://www.garmin.com/xmlschemas/ActivityExtension/v2">
                <Watts>171</Watts>
              </TPX>
            </Extensions>
          </Trackpoint>
          <Trackpoint>
            <Time>2010-10-19T21:08:38Z</Time>
            <HeartRateBpm>
              <Value>0</Value>
            </HeartRateBpm>
            <Cadence>102</Cadence>
            <DistanceMeters>2185.57126</DistanceMeters>
            <Extensions>
              <TPX xmlns="http://www.garmin.com/xmlschemas/ActivityExtension/v2">
                <Watts>149</Watts>
              </TPX>
            </Extensions>
          </Trackpoint>
          <Trackpoint>
            <Time>2010-10-19T21:08:39Z</Time>
            <HeartRateBpm>
              <Value>0</Value>
            </HeartRateBpm>
            <Cadence>100</Cadence>
            <DistanceMeters>2187.89339</DistanceMeters>
            <Extensions>
              <TPX xmlns="http://www.garmin.com/xmlschemas/ActivityExtension/v2">
                <Watts>97</Watts>
              </TPX>
            </Extensions>
          </Trackpoint>
          <Trackpoint>
            <Time>2010-10-19T21:08:40Z</Time>
            <HeartRateBpm>
              <Value>0</Value>
            </HeartRateBpm>
            <Cadence>98</Cadence>
            <DistanceMeters>2189.99323</DistanceMeters>
            <Extensions>
              <TPX xmlns="http://www.garmin.com/xmlschemas/ActivityExtension/v2">
                <Watts>42</Watts>
              </TPX>
            </Extensions>
          </Trackpoint>
          <Trackpoint>
            <Time>2010-10-19T21:08:41Z</Time>
            <HeartRateBpm>
              <Value>0</Value>
            </HeartRateBpm>
            <Cadence>96</Cadence>
            <DistanceMeters>2192.77641</DistanceMeters>
            <Extensions>
              <TPX xmlns="http://www.garmin.com/xmlschemas/ActivityExtension/v2">
                <Watts>41</Watts>
              </TPX>
            </Extensions>
          </Trackpoint>
          <Trackpoint>
            <Time>2010-10-19T21:08:42Z</Time>
            <HeartRateBpm>
              <Value>0</Value>
            </HeartRateBpm>
            <Cadence>95</Cadence>
            <DistanceMeters>2195.77167</DistanceMeters>
            <Extensions>
              <TPX xmlns="http://www.garmin.com/xmlschemas/ActivityExtension/v2">
                <Watts>58</Watts>
              </TPX>
            </Extensions>
          </Trackpoint>
          <Trackpoint>
            <Time>2010-10-19T21:08:43Z</Time>
            <HeartRateBpm>
              <Value>0</Value>
            </HeartRateBpm>
            <Cadence>94</Cadence>
            <DistanceMeters>2198.68133</DistanceMeters>
            <Extensions>
              <TPX xmlns="http://www.garmin.com/xmlschemas/ActivityExtension/v2">
                <Watts>62</Watts>
              </TPX>
            </Extensions>
          </Trackpoint>
          <Trackpoint>
            <Time>2010-10-19T21:08:44Z</Time>
            <HeartRateBpm>
              <Value>0</Value>
            </HeartRateBpm>
            <Cadence>93</Cadence>
            <DistanceMeters>2201.54207</DistanceMeters>
            <Extensions>
              <TPX xmlns="http://www.garmin.com/xmlschemas/ActivityExtension/v2">
                <Watts>59</Watts>
              </TPX>
            </Extensions>
          </Trackpoint>
          <Trackpoint>
            <Time>2010-10-19T21:08:45Z</Time>
            <HeartRateBpm>
              <Value>0</Value>
            </HeartRateBpm>
            <Cadence>92</Cadence>
            <DistanceMeters>2204.38138</DistanceMeters>
            <Extensions>
              <TPX xmlns="http://www.garmin.com/xmlschemas/ActivityExtension/v2">
                <Watts>57</Watts>
              </TPX>
            </Extensions>
          </Trackpoint>
          <Trackpoint>
            <Time>2010-10-19T21:08:46Z</Time>
            <HeartRateBpm>
              <Value>0</Value>
            </HeartRateBpm>
            <Cadence>90</Cadence>
            <DistanceMeters>2207.20008</DistanceMeters>
            <Extensions>
              <TPX xmlns="http://www.garmin.com/xmlschemas/ActivityExtension/v2">
                <Watts>56</Watts>
              </TPX>
            </Extensions>
          </Trackpoint>
          <Trackpoint>
            <Time>2010-10-19T21:08:47Z</Time>
            <HeartRateBpm>
              <Value>0</Value>
            </HeartRateBpm>
            <Cadence>89</Cadence>
            <DistanceMeters>2209.98660</DistanceMeters>
            <Extensions>
              <TPX xmlns="http://www.garmin.com/xmlschemas/ActivityExtension/v2">
                <Watts>55</Watts>
              </TPX>
            </Extensions>
          </Trackpoint>
          <Trackpoint>
            <Time>2010-10-19T21:08:48Z</Time>
            <HeartRateBpm>
              <Value>0</Value>
            </HeartRateBpm>
            <Cadence>89</Cadence>
            <DistanceMeters>2212.72122</DistanceMeters>
            <Extensions>
              <TPX xmlns="http://www.garmin.com/xmlschemas/ActivityExtension/v2">
                <Watts>53</Watts>
              </TPX>
            </Extensions>
          </Trackpoint>
          <Trackpoint>
            <Time>2010-10-19T21:08:49Z</Time>
            <HeartRateBpm>
              <Value>0</Value>
            </HeartRateBpm>
            <Cadence>88</Cadence>
            <DistanceMeters>2215.35145</DistanceMeters>
            <Extensions>
              <TPX xmlns="http://www.garmin.com/xmlschemas/ActivityExtension/v2">
                <Watts>50</Watts>
              </TPX>
            </Extensions>
          </Trackpoint>
          <Trackpoint>
            <Time>2010-10-19T21:08:50Z</Time>
            <HeartRateBpm>
              <Value>0</Value>
            </HeartRateBpm>
            <Cadence>88</Cadence>
            <DistanceMeters>2217.67830</DistanceMeters>
            <Extensions>
              <TPX xmlns="http://www.garmin.com/xmlschemas/ActivityExtension/v2">
                <Watts>42</Watts>
              </TPX>
            </Extensions>
          </Trackpoint>
          <Trackpoint>
            <Time>2010-10-19T21:08:51Z</Time>
            <HeartRateBpm>
              <Value>0</Value>
            </HeartRateBpm>
            <Cadence>87</Cadence>
            <DistanceMeters>2219.98912</DistanceMeters>
            <Extensions>
              <TPX xmlns="http://www.garmin.com/xmlschemas/ActivityExtension/v2">
                <Watts>35</Watts>
              </TPX>
            </Extensions>
          </Trackpoint>
          <Trackpoint>
            <Time>2010-10-19T21:08:52Z</Time>
            <HeartRateBpm>
              <Value>0</Value>
            </HeartRateBpm>
            <Cadence>86</Cadence>
            <DistanceMeters>2222.19195</DistanceMeters>
            <Extensions>
              <TPX xmlns="http://www.garmin.com/xmlschemas/ActivityExtension/v2">
                <Watts>33</Watts>
              </TPX>
            </Extensions>
          </Trackpoint>
          <Trackpoint>
            <Time>2010-10-19T21:08:53Z</Time>
            <HeartRateBpm>
              <Value>0</Value>
            </HeartRateBpm>
            <Cadence>84</Cadence>
            <DistanceMeters>2224.39548</DistanceMeters>
            <Extensions>
              <TPX xmlns="http://www.garmin.com/xmlschemas/ActivityExtension/v2">
                <Watts>32</Watts>
              </TPX>
            </Extensions>
          </Trackpoint>
          <Trackpoint>
            <Time>2010-10-19T21:08:54Z</Time>
            <HeartRateBpm>
              <Value>0</Value>
            </HeartRateBpm>
            <Cadence>84</Cadence>
            <DistanceMeters>2226.89048</DistanceMeters>
            <Extensions>
              <TPX xmlns="http://www.garmin.com/xmlschemas/ActivityExtension/v2">
                <Watts>36</Watts>
              </TPX>
            </Extensions>
          </Trackpoint>
          <Trackpoint>
            <Time>2010-10-19T21:08:55Z</Time>
            <HeartRateBpm>
              <Value>0</Value>
            </HeartRateBpm>
            <Cadence>84</Cadence>
            <DistanceMeters>2229.38548</DistanceMeters>
            <Extensions>
              <TPX xmlns="http://www.garmin.com/xmlschemas/ActivityExtension/v2">
                <Watts>41</Watts>
              </TPX>
            </Extensions>
          </Trackpoint>
          <Trackpoint>
            <Time>2010-10-19T21:08:56Z</Time>
            <HeartRateBpm>
              <Value>0</Value>
            </HeartRateBpm>
            <Cadence>83</Cadence>
            <DistanceMeters>2231.96883</DistanceMeters>
            <Extensions>
              <TPX xmlns="http://www.garmin.com/xmlschemas/ActivityExtension/v2">
                <Watts>43</Watts>
              </TPX>
            </Extensions>
          </Trackpoint>
          <Trackpoint>
            <Time>2010-10-19T21:08:57Z</Time>
            <HeartRateBpm>
              <Value>0</Value>
            </HeartRateBpm>
            <Cadence>83</Cadence>
            <DistanceMeters>2234.56472</DistanceMeters>
            <Extensions>
              <TPX xmlns="http://www.garmin.com/xmlschemas/ActivityExtension/v2">
                <Watts>45</Watts>
              </TPX>
            </Extensions>
          </Trackpoint>
          <Trackpoint>
            <Time>2010-10-19T21:08:58Z</Time>
            <HeartRateBpm>
              <Value>0</Value>
            </HeartRateBpm>
            <Cadence>83</Cadence>
            <DistanceMeters>2237.41716</DistanceMeters>
            <Extensions>
              <TPX xmlns="http://www.garmin.com/xmlschemas/ActivityExtension/v2">
                <Watts>51</Watts>
              </TPX>
            </Extensions>
          </Trackpoint>
          <Trackpoint>
            <Time>2010-10-19T21:08:59Z</Time>
            <HeartRateBpm>
              <Value>0</Value>
            </HeartRateBpm>
            <Cadence>83</Cadence>
            <DistanceMeters>2240.35567</DistanceMeters>
            <Extensions>
              <TPX xmlns="http://www.garmin.com/xmlschemas/ActivityExtension/v2">
                <Watts>59</Watts>
              </TPX>
            </Extensions>
          </Trackpoint>
          <Trackpoint>
            <Time>2010-10-19T21:09:00Z</Time>
            <HeartRateBpm>
              <Value>0</Value>
            </HeartRateBpm>
            <Cadence>85</Cadence>
            <DistanceMeters>2243.58574</DistanceMeters>
            <Extensions>
              <TPX xmlns="http://www.garmin.com/xmlschemas/ActivityExtension/v2">
                <Watts>70</Watts>
              </TPX>
            </Extensions>
          </Trackpoint>
          <Trackpoint>
            <Time>2010-10-19T21:09:01Z</Time>
            <HeartRateBpm>
              <Value>0</Value>
            </HeartRateBpm>
            <Cadence>87</Cadence>
            <DistanceMeters>2246.99298</DistanceMeters>
            <Extensions>
              <TPX xmlns="http://www.garmin.com/xmlschemas/ActivityExtension/v2">
                <Watts>83</Watts>
              </TPX>
            </Extensions>
          </Trackpoint>
          <Trackpoint>
            <Time>2010-10-19T21:09:02Z</Time>
            <HeartRateBpm>
              <Value>0</Value>
            </HeartRateBpm>
            <Cadence>89</Cadence>
            <DistanceMeters>2250.23159</DistanceMeters>
            <Extensions>
              <TPX xmlns="http://www.garmin.com/xmlschemas/ActivityExtension/v2">
                <Watts>85</Watts>
              </TPX>
            </Extensions>
          </Trackpoint>
          <Trackpoint>
            <Time>2010-10-19T21:09:03Z</Time>
            <HeartRateBpm>
              <Value>0</Value>
            </HeartRateBpm>
            <Cadence>89</Cadence>
            <DistanceMeters>2253.29832</DistanceMeters>
            <Extensions>
              <TPX xmlns="http://www.garmin.com/xmlschemas/ActivityExtension/v2">
                <Watts>75</Watts>
              </TPX>
            </Extensions>
          </Trackpoint>
          <Trackpoint>
            <Time>2010-10-19T21:09:04Z</Time>
            <HeartRateBpm>
              <Value>0</Value>
            </HeartRateBpm>
            <Cadence>90</Cadence>
            <DistanceMeters>2256.33872</DistanceMeters>
            <Extensions>
              <TPX xmlns="http://www.garmin.com/xmlschemas/ActivityExtension/v2">
                <Watts>68</Watts>
              </TPX>
            </Extensions>
          </Trackpoint>
          <Trackpoint>
            <Time>2010-10-19T21:09:05Z</Time>
            <HeartRateBpm>
              <Value>0</Value>
            </HeartRateBpm>
            <Cadence>91</Cadence>
            <DistanceMeters>2259.33398</DistanceMeters>
            <Extensions>
              <TPX xmlns="http://www.garmin.com/xmlschemas/ActivityExtension/v2">
                <Watts>66</Watts>
              </TPX>
            </Extensions>
          </Trackpoint>
          <Trackpoint>
            <Time>2010-10-19T21:09:06Z</Time>
            <HeartRateBpm>
              <Value>0</Value>
            </HeartRateBpm>
            <Cadence>91</Cadence>
            <DistanceMeters>2262.36377</DistanceMeters>
            <Extensions>
              <TPX xmlns="http://www.garmin.com/xmlschemas/ActivityExtension/v2">
                <Watts>65</Watts>
              </TPX>
            </Extensions>
          </Trackpoint>
          <Trackpoint>
            <Time>2010-10-19T21:09:07Z</Time>
            <HeartRateBpm>
              <Value>0</Value>
            </HeartRateBpm>
            <Cadence>91</Cadence>
            <DistanceMeters>2265.50197</DistanceMeters>
            <Extensions>
              <TPX xmlns="http://www.garmin.com/xmlschemas/ActivityExtension/v2">
                <Watts>69</Watts>
              </TPX>
            </Extensions>
          </Trackpoint>
          <Trackpoint>
            <Time>2010-10-19T21:09:08Z</Time>
            <HeartRateBpm>
              <Value>0</Value>
            </HeartRateBpm>
            <Cadence>91</Cadence>
            <DistanceMeters>2268.62592</DistanceMeters>
            <Extensions>
              <TPX xmlns="http://www.garmin.com/xmlschemas/ActivityExtension/v2">
                <Watts>72</Watts>
              </TPX>
            </Extensions>
          </Trackpoint>
          <Trackpoint>
            <Time>2010-10-19T21:09:09Z</Time>
            <HeartRateBpm>
              <Value>0</Value>
            </HeartRateBpm>
            <Cadence>92</Cadence>
            <DistanceMeters>2271.64010</DistanceMeters>
            <Extensions>
              <TPX xmlns="http://www.garmin.com/xmlschemas/ActivityExtension/v2">
                <Watts>69</Watts>
              </TPX>
            </Extensions>
          </Trackpoint>
          <Trackpoint>
            <Time>2010-10-19T21:09:10Z</Time>
            <HeartRateBpm>
              <Value>0</Value>
            </HeartRateBpm>
            <Cadence>92</Cadence>
            <DistanceMeters>2274.65428</DistanceMeters>
            <Extensions>
              <TPX xmlns="http://www.garmin.com/xmlschemas/ActivityExtension/v2">
                <Watts>66</Watts>
              </TPX>
            </Extensions>
          </Trackpoint>
          <Trackpoint>
            <Time>2010-10-19T21:09:11Z</Time>
            <HeartRateBpm>
              <Value>0</Value>
            </HeartRateBpm>
            <Cadence>92</Cadence>
            <DistanceMeters>2277.32371</DistanceMeters>
            <Extensions>
              <TPX xmlns="http://www.garmin.com/xmlschemas/ActivityExtension/v2">
                <Watts>58</Watts>
              </TPX>
            </Extensions>
          </Trackpoint>
          <Trackpoint>
            <Time>2010-10-19T21:09:12Z</Time>
            <HeartRateBpm>
              <Value>0</Value>
            </HeartRateBpm>
            <Cadence>92</Cadence>
            <DistanceMeters>2279.98896</DistanceMeters>
            <Extensions>
              <TPX xmlns="http://www.garmin.com/xmlschemas/ActivityExtension/v2">
                <Watts>50</Watts>
              </TPX>
            </Extensions>
          </Trackpoint>
          <Trackpoint>
            <Time>2010-10-19T21:09:13Z</Time>
            <HeartRateBpm>
              <Value>0</Value>
            </HeartRateBpm>
            <Cadence>91</Cadence>
            <DistanceMeters>2282.38811</DistanceMeters>
            <Extensions>
              <TPX xmlns="http://www.garmin.com/xmlschemas/ActivityExtension/v2">
                <Watts>44</Watts>
              </TPX>
            </Extensions>
          </Trackpoint>
          <Trackpoint>
            <Time>2010-10-19T21:09:14Z</Time>
            <HeartRateBpm>
              <Value>0</Value>
            </HeartRateBpm>
            <Cadence>91</Cadence>
            <DistanceMeters>2284.74438</DistanceMeters>
            <Extensions>
              <TPX xmlns="http://www.garmin.com/xmlschemas/ActivityExtension/v2">
                <Watts>38</Watts>
              </TPX>
            </Extensions>
          </Trackpoint>
          <Trackpoint>
            <Time>2010-10-19T21:09:15Z</Time>
            <HeartRateBpm>
              <Value>0</Value>
            </HeartRateBpm>
            <Cadence>91</Cadence>
            <DistanceMeters>2287.67493</DistanceMeters>
            <Extensions>
              <TPX xmlns="http://www.garmin.com/xmlschemas/ActivityExtension/v2">
                <Watts>49</Watts>
              </TPX>
            </Extensions>
          </Trackpoint>
          <Trackpoint>
            <Time>2010-10-19T21:09:16Z</Time>
            <HeartRateBpm>
              <Value>0</Value>
            </HeartRateBpm>
            <Cadence>91</Cadence>
            <DistanceMeters>2290.81313</DistanceMeters>
            <Extensions>
              <TPX xmlns="http://www.garmin.com/xmlschemas/ActivityExtension/v2">
                <Watts>66</Watts>
              </TPX>
            </Extensions>
          </Trackpoint>
          <Trackpoint>
            <Time>2010-10-19T21:09:17Z</Time>
            <HeartRateBpm>
              <Value>0</Value>
            </HeartRateBpm>
            <Cadence>91</Cadence>
            <DistanceMeters>2294.08799</DistanceMeters>
            <Extensions>
              <TPX xmlns="http://www.garmin.com/xmlschemas/ActivityExtension/v2">
                <Watts>76</Watts>
              </TPX>
            </Extensions>
          </Trackpoint>
          <Trackpoint>
            <Time>2010-10-19T21:09:18Z</Time>
            <HeartRateBpm>
              <Value>0</Value>
            </HeartRateBpm>
            <Cadence>93</Cadence>
            <DistanceMeters>2297.45109</DistanceMeters>
            <Extensions>
              <TPX xmlns="http://www.garmin.com/xmlschemas/ActivityExtension/v2">
                <Watts>83</Watts>
              </TPX>
            </Extensions>
          </Trackpoint>
          <Trackpoint>
            <Time>2010-10-19T21:09:19Z</Time>
            <HeartRateBpm>
              <Value>0</Value>
            </HeartRateBpm>
            <Cadence>94</Cadence>
            <DistanceMeters>2301.02846</DistanceMeters>
            <Extensions>
              <TPX xmlns="http://www.garmin.com/xmlschemas/ActivityExtension/v2">
                <Watts>94</Watts>
              </TPX>
            </Extensions>
          </Trackpoint>
          <Trackpoint>
            <Time>2010-10-19T21:09:20Z</Time>
            <HeartRateBpm>
              <Value>0</Value>
            </HeartRateBpm>
            <Cadence>95</Cadence>
            <DistanceMeters>2304.83717</DistanceMeters>
            <Extensions>
              <TPX xmlns="http://www.garmin.com/xmlschemas/ActivityExtension/v2">
                <Watts>109</Watts>
              </TPX>
            </Extensions>
          </Trackpoint>
          <Trackpoint>
            <Time>2010-10-19T21:09:21Z</Time>
            <HeartRateBpm>
              <Value>0</Value>
            </HeartRateBpm>
            <Cadence>97</Cadence>
            <DistanceMeters>2308.67119</DistanceMeters>
            <Extensions>
              <TPX xmlns="http://www.garmin.com/xmlschemas/ActivityExtension/v2">
                <Watts>120</Watts>
              </TPX>
            </Extensions>
          </Trackpoint>
          <Trackpoint>
            <Time>2010-10-19T21:09:22Z</Time>
            <HeartRateBpm>
              <Value>0</Value>
            </HeartRateBpm>
            <Cadence>100</Cadence>
            <DistanceMeters>2312.55137</DistanceMeters>
            <Extensions>
              <TPX xmlns="http://www.garmin.com/xmlschemas/ActivityExtension/v2">
                <Watts>123</Watts>
              </TPX>
            </Extensions>
          </Trackpoint>
          <Trackpoint>
            <Time>2010-10-19T21:09:23Z</Time>
            <HeartRateBpm>
              <Value>0</Value>
            </HeartRateBpm>
            <Cadence>104</Cadence>
            <DistanceMeters>2316.54811</DistanceMeters>
            <Extensions>
              <TPX xmlns="http://www.garmin.com/xmlschemas/ActivityExtension/v2">
                <Watts>131</Watts>
              </TPX>
            </Extensions>
          </Trackpoint>
          <Trackpoint>
            <Time>2010-10-19T21:09:24Z</Time>
            <HeartRateBpm>
              <Value>0</Value>
            </HeartRateBpm>
            <Cadence>108</Cadence>
            <DistanceMeters>2320.94115</DistanceMeters>
            <Extensions>
              <TPX xmlns="http://www.garmin.com/xmlschemas/ActivityExtension/v2">
                <Watts>153</Watts>
              </TPX>
            </Extensions>
          </Trackpoint>
          <Trackpoint>
            <Time>2010-10-19T21:09:25Z</Time>
            <HeartRateBpm>
              <Value>0</Value>
            </HeartRateBpm>
            <Cadence>113</Cadence>
            <DistanceMeters>2325.35385</DistanceMeters>
            <Extensions>
              <TPX xmlns="http://www.garmin.com/xmlschemas/ActivityExtension/v2">
                <Watts>174</Watts>
              </TPX>
            </Extensions>
          </Trackpoint>
          <Trackpoint>
            <Time>2010-10-19T21:09:26Z</Time>
            <HeartRateBpm>
              <Value>0</Value>
            </HeartRateBpm>
            <Cadence>113</Cadence>
            <DistanceMeters>2329.94238</DistanceMeters>
            <Extensions>
              <TPX xmlns="http://www.garmin.com/xmlschemas/ActivityExtension/v2">
                <Watts>184</Watts>
              </TPX>
            </Extensions>
          </Trackpoint>
          <Trackpoint>
            <Time>2010-10-19T21:09:27Z</Time>
            <HeartRateBpm>
              <Value>0</Value>
            </HeartRateBpm>
            <Cadence>113</Cadence>
            <DistanceMeters>2334.53091</DistanceMeters>
            <Extensions>
              <TPX xmlns="http://www.garmin.com/xmlschemas/ActivityExtension/v2">
                <Watts>194</Watts>
              </TPX>
            </Extensions>
          </Trackpoint>
          <Trackpoint>
            <Time>2010-10-19T21:09:28Z</Time>
            <HeartRateBpm>
              <Value>0</Value>
            </HeartRateBpm>
            <Cadence>110</Cadence>
            <DistanceMeters>2338.57708</DistanceMeters>
            <Extensions>
              <TPX xmlns="http://www.garmin.com/xmlschemas/ActivityExtension/v2">
                <Watts>169</Watts>
              </TPX>
            </Extensions>
          </Trackpoint>
          <Trackpoint>
            <Time>2010-10-19T21:09:29Z</Time>
            <HeartRateBpm>
              <Value>0</Value>
            </HeartRateBpm>
            <Cadence>107</Cadence>
            <DistanceMeters>2342.60860</DistanceMeters>
            <Extensions>
              <TPX xmlns="http://www.garmin.com/xmlschemas/ActivityExtension/v2">
                <Watts>143</Watts>
              </TPX>
            </Extensions>
          </Trackpoint>
          <Trackpoint>
            <Time>2010-10-19T21:09:30Z</Time>
            <HeartRateBpm>
              <Value>0</Value>
            </HeartRateBpm>
            <Cadence>104</Cadence>
            <DistanceMeters>2347.00326</DistanceMeters>
            <Extensions>
              <TPX xmlns="http://www.garmin.com/xmlschemas/ActivityExtension/v2">
                <Watts>155</Watts>
              </TPX>
            </Extensions>
          </Trackpoint>
          <Trackpoint>
            <Time>2010-10-19T21:09:31Z</Time>
            <HeartRateBpm>
              <Value>0</Value>
            </HeartRateBpm>
            <Cadence>101</Cadence>
            <DistanceMeters>2351.46357</DistanceMeters>
            <Extensions>
              <TPX xmlns="http://www.garmin.com/xmlschemas/ActivityExtension/v2">
                <Watts>175</Watts>
              </TPX>
            </Extensions>
          </Trackpoint>
          <Trackpoint>
            <Time>2010-10-19T21:09:32Z</Time>
            <HeartRateBpm>
              <Value>0</Value>
            </HeartRateBpm>
            <Cadence>100</Cadence>
            <DistanceMeters>2356.12973</DistanceMeters>
            <Extensions>
              <TPX xmlns="http://www.garmin.com/xmlschemas/ActivityExtension/v2">
                <Watts>191</Watts>
              </TPX>
            </Extensions>
          </Trackpoint>
          <Trackpoint>
            <Time>2010-10-19T21:09:33Z</Time>
            <HeartRateBpm>
              <Value>0</Value>
            </HeartRateBpm>
            <Cadence>100</Cadence>
            <DistanceMeters>2360.87590</DistanceMeters>
            <Extensions>
              <TPX xmlns="http://www.garmin.com/xmlschemas/ActivityExtension/v2">
                <Watts>206</Watts>
              </TPX>
            </Extensions>
          </Trackpoint>
          <Trackpoint>
            <Time>2010-10-19T21:09:34Z</Time>
            <HeartRateBpm>
              <Value>0</Value>
            </HeartRateBpm>
            <Cadence>100</Cadence>
            <DistanceMeters>2365.48615</DistanceMeters>
            <Extensions>
              <TPX xmlns="http://www.garmin.com/xmlschemas/ActivityExtension/v2">
                <Watts>205</Watts>
              </TPX>
            </Extensions>
          </Trackpoint>
          <Trackpoint>
            <Time>2010-10-19T21:09:35Z</Time>
            <HeartRateBpm>
              <Value>0</Value>
            </HeartRateBpm>
            <Cadence>100</Cadence>
            <DistanceMeters>2370.00321</DistanceMeters>
            <Extensions>
              <TPX xmlns="http://www.garmin.com/xmlschemas/ActivityExtension/v2">
                <Watts>193</Watts>
              </TPX>
            </Extensions>
          </Trackpoint>
          <Trackpoint>
            <Time>2010-10-19T21:09:36Z</Time>
            <HeartRateBpm>
              <Value>0</Value>
            </HeartRateBpm>
            <Cadence>99</Cadence>
            <DistanceMeters>2374.46732</DistanceMeters>
            <Extensions>
              <TPX xmlns="http://www.garmin.com/xmlschemas/ActivityExtension/v2">
                <Watts>184</Watts>
              </TPX>
            </Extensions>
          </Trackpoint>
          <Trackpoint>
            <Time>2010-10-19T21:09:37Z</Time>
            <HeartRateBpm>
              <Value>0</Value>
            </HeartRateBpm>
            <Cadence>96</Cadence>
            <DistanceMeters>2378.87088</DistanceMeters>
            <Extensions>
              <TPX xmlns="http://www.garmin.com/xmlschemas/ActivityExtension/v2">
                <Watts>178</Watts>
              </TPX>
            </Extensions>
          </Trackpoint>
          <Trackpoint>
            <Time>2010-10-19T21:09:38Z</Time>
            <HeartRateBpm>
              <Value>0</Value>
            </HeartRateBpm>
            <Cadence>94</Cadence>
            <DistanceMeters>2383.44582</DistanceMeters>
            <Extensions>
              <TPX xmlns="http://www.garmin.com/xmlschemas/ActivityExtension/v2">
                <Watts>184</Watts>
              </TPX>
            </Extensions>
          </Trackpoint>
          <Trackpoint>
            <Time>2010-10-19T21:09:39Z</Time>
            <HeartRateBpm>
              <Value>0</Value>
            </HeartRateBpm>
            <Cadence>94</Cadence>
            <DistanceMeters>2388.35384</DistanceMeters>
            <Extensions>
              <TPX xmlns="http://www.garmin.com/xmlschemas/ActivityExtension/v2">
                <Watts>211</Watts>
              </TPX>
            </Extensions>
          </Trackpoint>
          <Trackpoint>
            <Time>2010-10-19T21:09:40Z</Time>
            <HeartRateBpm>
              <Value>0</Value>
            </HeartRateBpm>
            <Cadence>94</Cadence>
            <DistanceMeters>2393.16878</DistanceMeters>
            <Extensions>
              <TPX xmlns="http://www.garmin.com/xmlschemas/ActivityExtension/v2">
                <Watts>227</Watts>
              </TPX>
            </Extensions>
          </Trackpoint>
          <Trackpoint>
            <Time>2010-10-19T21:09:41Z</Time>
            <HeartRateBpm>
              <Value>0</Value>
            </HeartRateBpm>
            <Cadence>95</Cadence>
            <DistanceMeters>2397.63960</DistanceMeters>
            <Extensions>
              <TPX xmlns="http://www.garmin.com/xmlschemas/ActivityExtension/v2">
                <Watts>203</Watts>
              </TPX>
            </Extensions>
          </Trackpoint>
          <Trackpoint>
            <Time>2010-10-19T21:09:42Z</Time>
            <HeartRateBpm>
              <Value>0</Value>
            </HeartRateBpm>
            <Cadence>96</Cadence>
            <DistanceMeters>2402.14047</DistanceMeters>
            <Extensions>
              <TPX xmlns="http://www.garmin.com/xmlschemas/ActivityExtension/v2">
                <Watts>183</Watts>
              </TPX>
            </Extensions>
          </Trackpoint>
          <Trackpoint>
            <Time>2010-10-19T21:09:43Z</Time>
            <HeartRateBpm>
              <Value>0</Value>
            </HeartRateBpm>
            <Cadence>94</Cadence>
            <DistanceMeters>2406.96021</DistanceMeters>
            <Extensions>
              <TPX xmlns="http://www.garmin.com/xmlschemas/ActivityExtension/v2">
                <Watts>202</Watts>
              </TPX>
            </Extensions>
          </Trackpoint>
          <Trackpoint>
            <Time>2010-10-19T21:09:44Z</Time>
            <HeartRateBpm>
              <Value>0</Value>
            </HeartRateBpm>
            <Cadence>93</Cadence>
            <DistanceMeters>2411.77995</DistanceMeters>
            <Extensions>
              <TPX xmlns="http://www.garmin.com/xmlschemas/ActivityExtension/v2">
                <Watts>221</Watts>
              </TPX>
            </Extensions>
          </Trackpoint>
          <Trackpoint>
            <Time>2010-10-19T21:09:45Z</Time>
            <HeartRateBpm>
              <Value>0</Value>
            </HeartRateBpm>
            <Cadence>93</Cadence>
            <DistanceMeters>2416.45451</DistanceMeters>
            <Extensions>
              <TPX xmlns="http://www.garmin.com/xmlschemas/ActivityExtension/v2">
                <Watts>213</Watts>
              </TPX>
            </Extensions>
          </Trackpoint>
          <Trackpoint>
            <Time>2010-10-19T21:09:46Z</Time>
            <HeartRateBpm>
              <Value>0</Value>
            </HeartRateBpm>
            <Cadence>93</Cadence>
            <DistanceMeters>2421.12292</DistanceMeters>
            <Extensions>
              <TPX xmlns="http://www.garmin.com/xmlschemas/ActivityExtension/v2">
                <Watts>205</Watts>
              </TPX>
            </Extensions>
          </Trackpoint>
          <Trackpoint>
            <Time>2010-10-19T21:09:47Z</Time>
            <HeartRateBpm>
              <Value>0</Value>
            </HeartRateBpm>
            <Cadence>93</Cadence>
            <DistanceMeters>2425.80707</DistanceMeters>
            <Extensions>
              <TPX xmlns="http://www.garmin.com/xmlschemas/ActivityExtension/v2">
                <Watts>204</Watts>
              </TPX>
            </Extensions>
          </Trackpoint>
          <Trackpoint>
            <Time>2010-10-19T21:09:48Z</Time>
            <HeartRateBpm>
              <Value>0</Value>
            </HeartRateBpm>
            <Cadence>92</Cadence>
            <DistanceMeters>2430.49439</DistanceMeters>
            <Extensions>
              <TPX xmlns="http://www.garmin.com/xmlschemas/ActivityExtension/v2">
                <Watts>205</Watts>
              </TPX>
            </Extensions>
          </Trackpoint>
          <Trackpoint>
            <Time>2010-10-19T21:09:49Z</Time>
            <HeartRateBpm>
              <Value>0</Value>
            </HeartRateBpm>
            <Cadence>93</Cadence>
            <DistanceMeters>2435.45763</DistanceMeters>
            <Extensions>
              <TPX xmlns="http://www.garmin.com/xmlschemas/ActivityExtension/v2">
                <Watts>222</Watts>
              </TPX>
            </Extensions>
          </Trackpoint>
          <Trackpoint>
            <Time>2010-10-19T21:09:50Z</Time>
            <HeartRateBpm>
              <Value>0</Value>
            </HeartRateBpm>
            <Cadence>96</Cadence>
            <DistanceMeters>2440.53591</DistanceMeters>
            <Extensions>
              <TPX xmlns="http://www.garmin.com/xmlschemas/ActivityExtension/v2">
                <Watts>245</Watts>
              </TPX>
            </Extensions>
          </Trackpoint>
          <Trackpoint>
            <Time>2010-10-19T21:09:51Z</Time>
            <HeartRateBpm>
              <Value>0</Value>
            </HeartRateBpm>
            <Cadence>97</Cadence>
            <DistanceMeters>2445.67260</DistanceMeters>
            <Extensions>
              <TPX xmlns="http://www.garmin.com/xmlschemas/ActivityExtension/v2">
                <Watts>258</Watts>
              </TPX>
            </Extensions>
          </Trackpoint>
          <Trackpoint>
            <Time>2010-10-19T21:09:52Z</Time>
            <HeartRateBpm>
              <Value>0</Value>
            </HeartRateBpm>
            <Cadence>97</Cadence>
            <DistanceMeters>2450.85178</DistanceMeters>
            <Extensions>
              <TPX xmlns="http://www.garmin.com/xmlschemas/ActivityExtension/v2">
                <Watts>265</Watts>
              </TPX>
            </Extensions>
          </Trackpoint>
          <Trackpoint>
            <Time>2010-10-19T21:09:53Z</Time>
            <HeartRateBpm>
              <Value>0</Value>
            </HeartRateBpm>
            <Cadence>97</Cadence>
            <DistanceMeters>2455.76864</DistanceMeters>
            <Extensions>
              <TPX xmlns="http://www.garmin.com/xmlschemas/ActivityExtension/v2">
                <Watts>253</Watts>
              </TPX>
            </Extensions>
          </Trackpoint>
          <Trackpoint>
            <Time>2010-10-19T21:09:54Z</Time>
            <HeartRateBpm>
              <Value>0</Value>
            </HeartRateBpm>
            <Cadence>97</Cadence>
            <DistanceMeters>2460.36768</DistanceMeters>
            <Extensions>
              <TPX xmlns="http://www.garmin.com/xmlschemas/ActivityExtension/v2">
                <Watts>219</Watts>
              </TPX>
            </Extensions>
          </Trackpoint>
          <Trackpoint>
            <Time>2010-10-19T21:09:55Z</Time>
            <HeartRateBpm>
              <Value>0</Value>
            </HeartRateBpm>
            <Cadence>97</Cadence>
            <DistanceMeters>2464.95509</DistanceMeters>
            <Extensions>
              <TPX xmlns="http://www.garmin.com/xmlschemas/ActivityExtension/v2">
                <Watts>195</Watts>
              </TPX>
            </Extensions>
          </Trackpoint>
          <Trackpoint>
            <Time>2010-10-19T21:09:56Z</Time>
            <HeartRateBpm>
              <Value>0</Value>
            </HeartRateBpm>
            <Cadence>96</Cadence>
            <DistanceMeters>2469.51840</DistanceMeters>
            <Extensions>
              <TPX xmlns="http://www.garmin.com/xmlschemas/ActivityExtension/v2">
                <Watts>193</Watts>
              </TPX>
            </Extensions>
          </Trackpoint>
          <Trackpoint>
            <Time>2010-10-19T21:09:57Z</Time>
            <HeartRateBpm>
              <Value>0</Value>
            </HeartRateBpm>
            <Cadence>95</Cadence>
            <DistanceMeters>2474.03872</DistanceMeters>
            <Extensions>
              <TPX xmlns="http://www.garmin.com/xmlschemas/ActivityExtension/v2">
                <Watts>189</Watts>
              </TPX>
            </Extensions>
          </Trackpoint>
          <Trackpoint>
            <Time>2010-10-19T21:09:58Z</Time>
            <HeartRateBpm>
              <Value>0</Value>
            </HeartRateBpm>
            <Cadence>94</Cadence>
            <DistanceMeters>2478.38553</DistanceMeters>
            <Extensions>
              <TPX xmlns="http://www.garmin.com/xmlschemas/ActivityExtension/v2">
                <Watts>179</Watts>
              </TPX>
            </Extensions>
          </Trackpoint>
          <Trackpoint>
            <Time>2010-10-19T21:09:59Z</Time>
            <HeartRateBpm>
              <Value>0</Value>
            </HeartRateBpm>
            <Cadence>93</Cadence>
            <DistanceMeters>2482.75979</DistanceMeters>
            <Extensions>
              <TPX xmlns="http://www.garmin.com/xmlschemas/ActivityExtension/v2">
                <Watts>170</Watts>
              </TPX>
            </Extensions>
          </Trackpoint>
          <Trackpoint>
            <Time>2010-10-19T21:10:00Z</Time>
            <HeartRateBpm>
              <Value>0</Value>
            </HeartRateBpm>
            <Cadence>93</Cadence>
            <DistanceMeters>2487.48915</DistanceMeters>
            <Extensions>
              <TPX xmlns="http://www.garmin.com/xmlschemas/ActivityExtension/v2">
                <Watts>190</Watts>
              </TPX>
            </Extensions>
          </Trackpoint>
          <Trackpoint>
            <Time>2010-10-19T21:10:01Z</Time>
            <HeartRateBpm>
              <Value>0</Value>
            </HeartRateBpm>
            <Cadence>93</Cadence>
            <DistanceMeters>2492.21851</DistanceMeters>
            <Extensions>
              <TPX xmlns="http://www.garmin.com/xmlschemas/ActivityExtension/v2">
                <Watts>209</Watts>
              </TPX>
            </Extensions>
          </Trackpoint>
          <Trackpoint>
            <Time>2010-10-19T21:10:02Z</Time>
            <HeartRateBpm>
              <Value>0</Value>
            </HeartRateBpm>
            <Cadence>93</Cadence>
            <DistanceMeters>2497.14848</DistanceMeters>
            <Extensions>
              <TPX xmlns="http://www.garmin.com/xmlschemas/ActivityExtension/v2">
                <Watts>222</Watts>
              </TPX>
            </Extensions>
          </Trackpoint>
          <Trackpoint>
            <Time>2010-10-19T21:10:03Z</Time>
            <HeartRateBpm>
              <Value>0</Value>
            </HeartRateBpm>
            <Cadence>93</Cadence>
            <DistanceMeters>2502.09014</DistanceMeters>
            <Extensions>
              <TPX xmlns="http://www.garmin.com/xmlschemas/ActivityExtension/v2">
                <Watts>234</Watts>
              </TPX>
            </Extensions>
          </Trackpoint>
          <Trackpoint>
            <Time>2010-10-19T21:10:04Z</Time>
            <HeartRateBpm>
              <Value>0</Value>
            </HeartRateBpm>
            <Cadence>92</Cadence>
            <DistanceMeters>2504.84253</DistanceMeters>
            <Extensions>
              <TPX xmlns="http://www.garmin.com/xmlschemas/ActivityExtension/v2">
                <Watts>158</Watts>
              </TPX>
            </Extensions>
          </Trackpoint>
          <Trackpoint>
            <Time>2010-10-19T21:10:05Z</Time>
            <HeartRateBpm>
              <Value>0</Value>
            </HeartRateBpm>
            <Cadence>90</Cadence>
            <DistanceMeters>2507.10842</DistanceMeters>
            <Extensions>
              <TPX xmlns="http://www.garmin.com/xmlschemas/ActivityExtension/v2">
                <Watts>63</Watts>
              </TPX>
            </Extensions>
          </Trackpoint>
          <Trackpoint>
            <Time>2010-10-19T21:10:06Z</Time>
            <HeartRateBpm>
              <Value>0</Value>
            </HeartRateBpm>
            <Cadence>87</Cadence>
            <DistanceMeters>2509.06912</DistanceMeters>
            <Extensions>
              <TPX xmlns="http://www.garmin.com/xmlschemas/ActivityExtension/v2">
                <Watts>30</Watts>
              </TPX>
            </Extensions>
          </Trackpoint>
          <Trackpoint>
            <Time>2010-10-19T21:10:07Z</Time>
            <HeartRateBpm>
              <Value>0</Value>
            </HeartRateBpm>
            <Cadence>84</Cadence>
            <DistanceMeters>2510.89361</DistanceMeters>
            <Extensions>
              <TPX xmlns="http://www.garmin.com/xmlschemas/ActivityExtension/v2">
                <Watts>24</Watts>
              </TPX>
            </Extensions>
          </Trackpoint>
          <Trackpoint>
            <Time>2010-10-19T21:10:08Z</Time>
            <HeartRateBpm>
              <Value>0</Value>
            </HeartRateBpm>
            <Cadence>81</Cadence>
            <DistanceMeters>2513.01833</DistanceMeters>
            <Extensions>
              <TPX xmlns="http://www.garmin.com/xmlschemas/ActivityExtension/v2">
                <Watts>25</Watts>
              </TPX>
            </Extensions>
          </Trackpoint>
          <Trackpoint>
            <Time>2010-10-19T21:10:09Z</Time>
            <HeartRateBpm>
              <Value>0</Value>
            </HeartRateBpm>
            <Cadence>79</Cadence>
            <DistanceMeters>2515.37460</DistanceMeters>
            <Extensions>
              <TPX xmlns="http://www.garmin.com/xmlschemas/ActivityExtension/v2">
                <Watts>33</Watts>
              </TPX>
            </Extensions>
          </Trackpoint>
          <Trackpoint>
            <Time>2010-10-19T21:10:10Z</Time>
            <HeartRateBpm>
              <Value>0</Value>
            </HeartRateBpm>
            <Cadence>76</Cadence>
            <DistanceMeters>2517.61861</DistanceMeters>
            <Extensions>
              <TPX xmlns="http://www.garmin.com/xmlschemas/ActivityExtension/v2">
                <Watts>35</Watts>
              </TPX>
            </Extensions>
          </Trackpoint>
          <Trackpoint>
            <Time>2010-10-19T21:10:11Z</Time>
            <HeartRateBpm>
              <Value>0</Value>
            </HeartRateBpm>
            <Cadence>73</Cadence>
            <DistanceMeters>2519.71844</DistanceMeters>
            <Extensions>
              <TPX xmlns="http://www.garmin.com/xmlschemas/ActivityExtension/v2">
                <Watts>31</Watts>
              </TPX>
            </Extensions>
          </Trackpoint>
          <Trackpoint>
            <Time>2010-10-19T21:10:12Z</Time>
            <HeartRateBpm>
              <Value>0</Value>
            </HeartRateBpm>
            <Cadence>71</Cadence>
            <DistanceMeters>2522.05492</DistanceMeters>
            <Extensions>
              <TPX xmlns="http://www.garmin.com/xmlschemas/ActivityExtension/v2">
                <Watts>33</Watts>
              </TPX>
            </Extensions>
          </Trackpoint>
          <Trackpoint>
            <Time>2010-10-19T21:10:13Z</Time>
            <HeartRateBpm>
              <Value>0</Value>
            </HeartRateBpm>
            <Cadence>70</Cadence>
            <DistanceMeters>2524.91566</DistanceMeters>
            <Extensions>
              <TPX xmlns="http://www.garmin.com/xmlschemas/ActivityExtension/v2">
                <Watts>46</Watts>
              </TPX>
            </Extensions>
          </Trackpoint>
          <Trackpoint>
            <Time>2010-10-19T21:10:14Z</Time>
            <HeartRateBpm>
              <Value>0</Value>
            </HeartRateBpm>
            <Cadence>70</Cadence>
            <DistanceMeters>2527.80815</DistanceMeters>
            <Extensions>
              <TPX xmlns="http://www.garmin.com/xmlschemas/ActivityExtension/v2">
                <Watts>58</Watts>
              </TPX>
            </Extensions>
          </Trackpoint>
          <Trackpoint>
            <Time>2010-10-19T21:10:15Z</Time>
            <HeartRateBpm>
              <Value>0</Value>
            </HeartRateBpm>
            <Cadence>70</Cadence>
            <DistanceMeters>2530.84125</DistanceMeters>
            <Extensions>
              <TPX xmlns="http://www.garmin.com/xmlschemas/ActivityExtension/v2">
                <Watts>63</Watts>
              </TPX>
            </Extensions>
          </Trackpoint>
          <Trackpoint>
            <Time>2010-10-19T21:10:16Z</Time>
            <HeartRateBpm>
              <Value>0</Value>
            </HeartRateBpm>
            <Cadence>71</Cadence>
            <DistanceMeters>2533.87325</DistanceMeters>
            <Extensions>
              <TPX xmlns="http://www.garmin.com/xmlschemas/ActivityExtension/v2">
                <Watts>66</Watts>
              </TPX>
            </Extensions>
          </Trackpoint>
          <Trackpoint>
            <Time>2010-10-19T21:10:17Z</Time>
            <HeartRateBpm>
              <Value>0</Value>
            </HeartRateBpm>
            <Cadence>72</Cadence>
            <DistanceMeters>2536.88743</DistanceMeters>
            <Extensions>
              <TPX xmlns="http://www.garmin.com/xmlschemas/ActivityExtension/v2">
                <Watts>66</Watts>
              </TPX>
            </Extensions>
          </Trackpoint>
          <Trackpoint>
            <Time>2010-10-19T21:10:18Z</Time>
            <HeartRateBpm>
              <Value>0</Value>
            </HeartRateBpm>
            <Cadence>73</Cadence>
            <DistanceMeters>2539.90161</DistanceMeters>
            <Extensions>
              <TPX xmlns="http://www.garmin.com/xmlschemas/ActivityExtension/v2">
                <Watts>66</Watts>
              </TPX>
            </Extensions>
          </Trackpoint>
          <Trackpoint>
            <Time>2010-10-19T21:10:19Z</Time>
            <HeartRateBpm>
              <Value>0</Value>
            </HeartRateBpm>
            <Cadence>75</Cadence>
            <DistanceMeters>2542.99990</DistanceMeters>
            <Extensions>
              <TPX xmlns="http://www.garmin.com/xmlschemas/ActivityExtension/v2">
                <Watts>68</Watts>
              </TPX>
            </Extensions>
          </Trackpoint>
          <Trackpoint>
            <Time>2010-10-19T21:10:20Z</Time>
            <HeartRateBpm>
              <Value>0</Value>
            </HeartRateBpm>
            <Cadence>76</Cadence>
            <DistanceMeters>2546.10447</DistanceMeters>
            <Extensions>
              <TPX xmlns="http://www.garmin.com/xmlschemas/ActivityExtension/v2">
                <Watts>70</Watts>
              </TPX>
            </Extensions>
          </Trackpoint>
          <Trackpoint>
            <Time>2010-10-19T21:10:21Z</Time>
            <HeartRateBpm>
              <Value>0</Value>
            </HeartRateBpm>
            <Cadence>76</Cadence>
            <DistanceMeters>2549.15158</DistanceMeters>
            <Extensions>
              <TPX xmlns="http://www.garmin.com/xmlschemas/ActivityExtension/v2">
                <Watts>69</Watts>
              </TPX>
            </Extensions>
          </Trackpoint>
          <Trackpoint>
            <Time>2010-10-19T21:10:22Z</Time>
            <HeartRateBpm>
              <Value>0</Value>
            </HeartRateBpm>
            <Cadence>75</Cadence>
            <DistanceMeters>2552.18468</DistanceMeters>
            <Extensions>
              <TPX xmlns="http://www.garmin.com/xmlschemas/ActivityExtension/v2">
                <Watts>67</Watts>
              </TPX>
            </Extensions>
          </Trackpoint>
          <Trackpoint>
            <Time>2010-10-19T21:10:23Z</Time>
            <HeartRateBpm>
              <Value>0</Value>
            </HeartRateBpm>
            <Cadence>75</Cadence>
            <DistanceMeters>2555.14093</DistanceMeters>
            <Extensions>
              <TPX xmlns="http://www.garmin.com/xmlschemas/ActivityExtension/v2">
                <Watts>65</Watts>
              </TPX>
            </Extensions>
          </Trackpoint>
          <Trackpoint>
            <Time>2010-10-19T21:10:24Z</Time>
            <HeartRateBpm>
              <Value>0</Value>
            </HeartRateBpm>
            <Cadence>76</Cadence>
            <DistanceMeters>2558.06052</DistanceMeters>
            <Extensions>
              <TPX xmlns="http://www.garmin.com/xmlschemas/ActivityExtension/v2">
                <Watts>62</Watts>
              </TPX>
            </Extensions>
          </Trackpoint>
          <Trackpoint>
            <Time>2010-10-19T21:10:25Z</Time>
            <HeartRateBpm>
              <Value>0</Value>
            </HeartRateBpm>
            <Cadence>76</Cadence>
            <DistanceMeters>2561.15475</DistanceMeters>
            <Extensions>
              <TPX xmlns="http://www.garmin.com/xmlschemas/ActivityExtension/v2">
                <Watts>65</Watts>
              </TPX>
            </Extensions>
          </Trackpoint>
          <Trackpoint>
            <Time>2010-10-19T21:10:26Z</Time>
            <HeartRateBpm>
              <Value>0</Value>
            </HeartRateBpm>
            <Cadence>76</Cadence>
            <DistanceMeters>2564.39174</DistanceMeters>
            <Extensions>
              <TPX xmlns="http://www.garmin.com/xmlschemas/ActivityExtension/v2">
                <Watts>74</Watts>
              </TPX>
            </Extensions>
          </Trackpoint>
          <Trackpoint>
            <Time>2010-10-19T21:10:27Z</Time>
            <HeartRateBpm>
              <Value>0</Value>
            </HeartRateBpm>
            <Cadence>76</Cadence>
            <DistanceMeters>2567.56464</DistanceMeters>
            <Extensions>
              <TPX xmlns="http://www.garmin.com/xmlschemas/ActivityExtension/v2">
                <Watts>77</Watts>
              </TPX>
            </Extensions>
          </Trackpoint>
          <Trackpoint>
            <Time>2010-10-19T21:10:28Z</Time>
            <HeartRateBpm>
              <Value>0</Value>
            </HeartRateBpm>
            <Cadence>76</Cadence>
            <DistanceMeters>2570.65028</DistanceMeters>
            <Extensions>
              <TPX xmlns="http://www.garmin.com/xmlschemas/ActivityExtension/v2">
                <Watts>72</Watts>
              </TPX>
            </Extensions>
          </Trackpoint>
          <Trackpoint>
            <Time>2010-10-19T21:10:29Z</Time>
            <HeartRateBpm>
              <Value>0</Value>
            </HeartRateBpm>
            <Cadence>76</Cadence>
            <DistanceMeters>2573.67482</DistanceMeters>
            <Extensions>
              <TPX xmlns="http://www.garmin.com/xmlschemas/ActivityExtension/v2">
                <Watts>68</Watts>
              </TPX>
            </Extensions>
          </Trackpoint>
          <Trackpoint>
            <Time>2010-10-19T21:10:30Z</Time>
            <HeartRateBpm>
              <Value>0</Value>
            </HeartRateBpm>
            <Cadence>76</Cadence>
            <DistanceMeters>2576.55447</DistanceMeters>
            <Extensions>
              <TPX xmlns="http://www.garmin.com/xmlschemas/ActivityExtension/v2">
                <Watts>63</Watts>
              </TPX>
            </Extensions>
          </Trackpoint>
          <Trackpoint>
            <Time>2010-10-19T21:10:31Z</Time>
            <HeartRateBpm>
              <Value>0</Value>
            </HeartRateBpm>
            <Cadence>76</Cadence>
            <DistanceMeters>2579.37307</DistanceMeters>
            <Extensions>
              <TPX xmlns="http://www.garmin.com/xmlschemas/ActivityExtension/v2">
                <Watts>57</Watts>
              </TPX>
            </Extensions>
          </Trackpoint>
          <Trackpoint>
            <Time>2010-10-19T21:10:32Z</Time>
            <HeartRateBpm>
              <Value>0</Value>
            </HeartRateBpm>
            <Cadence>74</Cadence>
            <DistanceMeters>2581.89330</DistanceMeters>
            <Extensions>
              <TPX xmlns="http://www.garmin.com/xmlschemas/ActivityExtension/v2">
                <Watts>50</Watts>
              </TPX>
            </Extensions>
          </Trackpoint>
          <Trackpoint>
            <Time>2010-10-19T21:10:33Z</Time>
            <HeartRateBpm>
              <Value>0</Value>
            </HeartRateBpm>
            <Cadence>73</Cadence>
            <DistanceMeters>2584.43398</DistanceMeters>
            <Extensions>
              <TPX xmlns="http://www.garmin.com/xmlschemas/ActivityExtension/v2">
                <Watts>43</Watts>
              </TPX>
            </Extensions>
          </Trackpoint>
          <Trackpoint>
            <Time>2010-10-19T21:10:34Z</Time>
            <HeartRateBpm>
              <Value>0</Value>
            </HeartRateBpm>
            <Cadence>73</Cadence>
            <DistanceMeters>2587.42924</DistanceMeters>
            <Extensions>
              <TPX xmlns="http://www.garmin.com/xmlschemas/ActivityExtension/v2">
                <Watts>53</Watts>
              </TPX>
            </Extensions>
          </Trackpoint>
          <Trackpoint>
            <Time>2010-10-19T21:10:35Z</Time>
            <HeartRateBpm>
              <Value>0</Value>
            </HeartRateBpm>
            <Cadence>73</Cadence>
            <DistanceMeters>2590.42450</DistanceMeters>
            <Extensions>
              <TPX xmlns="http://www.garmin.com/xmlschemas/ActivityExtension/v2">
                <Watts>64</Watts>
              </TPX>
            </Extensions>
          </Trackpoint>
          <Trackpoint>
            <Time>2010-10-19T21:10:36Z</Time>
            <HeartRateBpm>
              <Value>0</Value>
            </HeartRateBpm>
            <Cadence>76</Cadence>
            <DistanceMeters>2594.00332</DistanceMeters>
            <Extensions>
              <TPX xmlns="http://www.garmin.com/xmlschemas/ActivityExtension/v2">
                <Watts>82</Watts>
              </TPX>
            </Extensions>
          </Trackpoint>
          <Trackpoint>
            <Time>2010-10-19T21:10:37Z</Time>
            <HeartRateBpm>
              <Value>0</Value>
            </HeartRateBpm>
            <Cadence>80</Cadence>
            <DistanceMeters>2597.63547</DistanceMeters>
            <Extensions>
              <TPX xmlns="http://www.garmin.com/xmlschemas/ActivityExtension/v2">
                <Watts>101</Watts>
              </TPX>
            </Extensions>
          </Trackpoint>
          <Trackpoint>
            <Time>2010-10-19T21:10:38Z</Time>
            <HeartRateBpm>
              <Value>0</Value>
            </HeartRateBpm>
            <Cadence>81</Cadence>
            <DistanceMeters>2600.96892</DistanceMeters>
            <Extensions>
              <TPX xmlns="http://www.garmin.com/xmlschemas/ActivityExtension/v2">
                <Watts>96</Watts>
              </TPX>
            </Extensions>
          </Trackpoint>
          <Trackpoint>
            <Time>2010-10-19T21:10:39Z</Time>
            <HeartRateBpm>
              <Value>0</Value>
            </HeartRateBpm>
            <Cadence>81</Cadence>
            <DistanceMeters>2604.22272</DistanceMeters>
            <Extensions>
              <TPX xmlns="http://www.garmin.com/xmlschemas/ActivityExtension/v2">
                <Watts>84</Watts>
              </TPX>
            </Extensions>
          </Trackpoint>
          <Trackpoint>
            <Time>2010-10-19T21:10:40Z</Time>
            <HeartRateBpm>
              <Value>0</Value>
            </HeartRateBpm>
            <Cadence>82</Cadence>
            <DistanceMeters>2607.50856</DistanceMeters>
            <Extensions>
              <TPX xmlns="http://www.garmin.com/xmlschemas/ActivityExtension/v2">
                <Watts>80</Watts>
              </TPX>
            </Extensions>
          </Trackpoint>
          <Trackpoint>
            <Time>2010-10-19T21:10:41Z</Time>
            <HeartRateBpm>
              <Value>0</Value>
            </HeartRateBpm>
            <Cadence>83</Cadence>
            <DistanceMeters>2610.81070</DistanceMeters>
            <Extensions>
              <TPX xmlns="http://www.garmin.com/xmlschemas/ActivityExtension/v2">
                <Watts>82</Watts>
              </TPX>
            </Extensions>
          </Trackpoint>
          <Trackpoint>
            <Time>2010-10-19T21:10:42Z</Time>
            <HeartRateBpm>
              <Value>0</Value>
            </HeartRateBpm>
            <Cadence>83</Cadence>
            <DistanceMeters>2614.13650</DistanceMeters>
            <Extensions>
              <TPX xmlns="http://www.garmin.com/xmlschemas/ActivityExtension/v2">
                <Watts>83</Watts>
              </TPX>
            </Extensions>
          </Trackpoint>
          <Trackpoint>
            <Time>2010-10-19T21:10:43Z</Time>
            <HeartRateBpm>
              <Value>0</Value>
            </HeartRateBpm>
            <Cadence>83</Cadence>
            <DistanceMeters>2617.48278</DistanceMeters>
            <Extensions>
              <TPX xmlns="http://www.garmin.com/xmlschemas/ActivityExtension/v2">
                <Watts>85</Watts>
              </TPX>
            </Extensions>
          </Trackpoint>
          <Trackpoint>
            <Time>2010-10-19T21:10:44Z</Time>
            <HeartRateBpm>
              <Value>0</Value>
            </HeartRateBpm>
            <Cadence>83</Cadence>
            <DistanceMeters>2620.82305</DistanceMeters>
            <Extensions>
              <TPX xmlns="http://www.garmin.com/xmlschemas/ActivityExtension/v2">
                <Watts>85</Watts>
              </TPX>
            </Extensions>
          </Trackpoint>
          <Trackpoint>
            <Time>2010-10-19T21:10:45Z</Time>
            <HeartRateBpm>
              <Value>0</Value>
            </HeartRateBpm>
            <Cadence>83</Cadence>
            <DistanceMeters>2624.15462</DistanceMeters>
            <Extensions>
              <TPX xmlns="http://www.garmin.com/xmlschemas/ActivityExtension/v2">
                <Watts>85</Watts>
              </TPX>
            </Extensions>
          </Trackpoint>
          <Trackpoint>
            <Time>2010-10-19T21:10:46Z</Time>
            <HeartRateBpm>
              <Value>0</Value>
            </HeartRateBpm>
            <Cadence>84</Cadence>
            <DistanceMeters>2627.52832</DistanceMeters>
            <Extensions>
              <TPX xmlns="http://www.garmin.com/xmlschemas/ActivityExtension/v2">
                <Watts>86</Watts>
              </TPX>
            </Extensions>
          </Trackpoint>
          <Trackpoint>
            <Time>2010-10-19T21:10:47Z</Time>
            <HeartRateBpm>
              <Value>0</Value>
            </HeartRateBpm>
            <Cadence>84</Cadence>
            <DistanceMeters>2631.00913</DistanceMeters>
            <Extensions>
              <TPX xmlns="http://www.garmin.com/xmlschemas/ActivityExtension/v2">
                <Watts>91</Watts>
              </TPX>
            </Extensions>
          </Trackpoint>
          <Trackpoint>
            <Time>2010-10-19T21:10:48Z</Time>
            <HeartRateBpm>
              <Value>0</Value>
            </HeartRateBpm>
            <Cadence>84</Cadence>
            <DistanceMeters>2634.50922</DistanceMeters>
            <Extensions>
              <TPX xmlns="http://www.garmin.com/xmlschemas/ActivityExtension/v2">
                <Watts>95</Watts>
              </TPX>
            </Extensions>
          </Trackpoint>
          <Trackpoint>
            <Time>2010-10-19T21:10:49Z</Time>
            <HeartRateBpm>
              <Value>0</Value>
            </HeartRateBpm>
            <Cadence>84</Cadence>
            <DistanceMeters>2638.11404</DistanceMeters>
            <Extensions>
              <TPX xmlns="http://www.garmin.com/xmlschemas/ActivityExtension/v2">
                <Watts>99</Watts>
              </TPX>
            </Extensions>
          </Trackpoint>
          <Trackpoint>
            <Time>2010-10-19T21:10:50Z</Time>
            <HeartRateBpm>
              <Value>0</Value>
            </HeartRateBpm>
            <Cadence>85</Cadence>
            <DistanceMeters>2641.78307</DistanceMeters>
            <Extensions>
              <TPX xmlns="http://www.garmin.com/xmlschemas/ActivityExtension/v2">
                <Watts>107</Watts>
              </TPX>
            </Extensions>
          </Trackpoint>
          <Trackpoint>
            <Time>2010-10-19T21:10:51Z</Time>
            <HeartRateBpm>
              <Value>0</Value>
            </HeartRateBpm>
            <Cadence>92</Cadence>
            <DistanceMeters>2647.62436</DistanceMeters>
            <Extensions>
              <TPX xmlns="http://www.garmin.com/xmlschemas/ActivityExtension/v2">
                <Watts>234</Watts>
              </TPX>
            </Extensions>
          </Trackpoint>
          <Trackpoint>
            <Time>2010-10-19T21:10:52Z</Time>
            <HeartRateBpm>
              <Value>0</Value>
            </HeartRateBpm>
            <Cadence>100</Cadence>
            <DistanceMeters>2653.46564</DistanceMeters>
            <Extensions>
              <TPX xmlns="http://www.garmin.com/xmlschemas/ActivityExtension/v2">
                <Watts>361</Watts>
              </TPX>
            </Extensions>
          </Trackpoint>
          <Trackpoint>
            <Time>2010-10-19T21:10:53Z</Time>
            <HeartRateBpm>
              <Value>0</Value>
            </HeartRateBpm>
            <Cadence>103</Cadence>
            <DistanceMeters>2659.01498</DistanceMeters>
            <Extensions>
              <TPX xmlns="http://www.garmin.com/xmlschemas/ActivityExtension/v2">
                <Watts>350</Watts>
              </TPX>
            </Extensions>
          </Trackpoint>
          <Trackpoint>
            <Time>2010-10-19T21:10:54Z</Time>
            <HeartRateBpm>
              <Value>0</Value>
            </HeartRateBpm>
            <Cadence>106</Cadence>
            <DistanceMeters>2664.53256</DistanceMeters>
            <Extensions>
              <TPX xmlns="http://www.garmin.com/xmlschemas/ActivityExtension/v2">
                <Watts>324</Watts>
              </TPX>
            </Extensions>
          </Trackpoint>
          <Trackpoint>
            <Time>2010-10-19T21:10:55Z</Time>
            <HeartRateBpm>
              <Value>0</Value>
            </HeartRateBpm>
            <Cadence>107</Cadence>
            <DistanceMeters>2669.73245</DistanceMeters>
            <Extensions>
              <TPX xmlns="http://www.garmin.com/xmlschemas/ActivityExtension/v2">
                <Watts>297</Watts>
              </TPX>
            </Extensions>
          </Trackpoint>
          <Trackpoint>
            <Time>2010-10-19T21:10:56Z</Time>
            <HeartRateBpm>
              <Value>0</Value>
            </HeartRateBpm>
            <Cadence>107</Cadence>
            <DistanceMeters>2674.84015</DistanceMeters>
            <Extensions>
              <TPX xmlns="http://www.garmin.com/xmlschemas/ActivityExtension/v2">
                <Watts>268</Watts>
              </TPX>
            </Extensions>
          </Trackpoint>
          <Trackpoint>
            <Time>2010-10-19T21:10:57Z</Time>
            <HeartRateBpm>
              <Value>0</Value>
            </HeartRateBpm>
            <Cadence>107</Cadence>
            <DistanceMeters>2679.81431</DistanceMeters>
            <Extensions>
              <TPX xmlns="http://www.garmin.com/xmlschemas/ActivityExtension/v2">
                <Watts>250</Watts>
              </TPX>
            </Extensions>
          </Trackpoint>
          <Trackpoint>
            <Time>2010-10-19T21:10:58Z</Time>
            <HeartRateBpm>
              <Value>0</Value>
            </HeartRateBpm>
            <Cadence>107</Cadence>
            <DistanceMeters>2684.71603</DistanceMeters>
            <Extensions>
              <TPX xmlns="http://www.garmin.com/xmlschemas/ActivityExtension/v2">
                <Watts>238</Watts>
              </TPX>
            </Extensions>
          </Trackpoint>
          <Trackpoint>
            <Time>2010-10-19T21:10:59Z</Time>
            <HeartRateBpm>
              <Value>0</Value>
            </HeartRateBpm>
            <Cadence>106</Cadence>
            <DistanceMeters>2689.66270</DistanceMeters>
            <Extensions>
              <TPX xmlns="http://www.garmin.com/xmlschemas/ActivityExtension/v2">
                <Watts>234</Watts>
              </TPX>
            </Extensions>
          </Trackpoint>
          <Trackpoint>
            <Time>2010-10-19T21:11:00Z</Time>
            <HeartRateBpm>
              <Value>0</Value>
            </HeartRateBpm>
            <Cadence>102</Cadence>
            <DistanceMeters>2694.65060</DistanceMeters>
            <Extensions>
              <TPX xmlns="http://www.garmin.com/xmlschemas/ActivityExtension/v2">
                <Watts>239</Watts>
              </TPX>
            </Extensions>
          </Trackpoint>
          <Trackpoint>
            <Time>2010-10-19T21:11:01Z</Time>
            <HeartRateBpm>
              <Value>0</Value>
            </HeartRateBpm>
            <Cadence>101</Cadence>
            <DistanceMeters>2699.62688</DistanceMeters>
            <Extensions>
              <TPX xmlns="http://www.garmin.com/xmlschemas/ActivityExtension/v2">
                <Watts>242</Watts>
              </TPX>
            </Extensions>
          </Trackpoint>
          <Trackpoint>
            <Time>2010-10-19T21:11:02Z</Time>
            <HeartRateBpm>
              <Value>0</Value>
            </HeartRateBpm>
            <Cadence>101</Cadence>
            <DistanceMeters>2704.58535</DistanceMeters>
            <Extensions>
              <TPX xmlns="http://www.garmin.com/xmlschemas/ActivityExtension/v2">
                <Watts>240</Watts>
              </TPX>
            </Extensions>
          </Trackpoint>
          <Trackpoint>
            <Time>2010-10-19T21:11:03Z</Time>
            <HeartRateBpm>
              <Value>0</Value>
            </HeartRateBpm>
            <Cadence>100</Cadence>
            <DistanceMeters>2709.43512</DistanceMeters>
            <Extensions>
              <TPX xmlns="http://www.garmin.com/xmlschemas/ActivityExtension/v2">
                <Watts>232</Watts>
              </TPX>
            </Extensions>
          </Trackpoint>
          <Trackpoint>
            <Time>2010-10-19T21:11:04Z</Time>
            <HeartRateBpm>
              <Value>0</Value>
            </HeartRateBpm>
            <Cadence>98</Cadence>
            <DistanceMeters>2713.98792</DistanceMeters>
            <Extensions>
              <TPX xmlns="http://www.garmin.com/xmlschemas/ActivityExtension/v2">
                <Watts>210</Watts>
              </TPX>
            </Extensions>
          </Trackpoint>
          <Trackpoint>
            <Time>2010-10-19T21:11:05Z</Time>
            <HeartRateBpm>
              <Value>0</Value>
            </HeartRateBpm>
            <Cadence>96</Cadence>
            <DistanceMeters>2718.52914</DistanceMeters>
            <Extensions>
              <TPX xmlns="http://www.garmin.com/xmlschemas/ActivityExtension/v2">
                <Watts>190</Watts>
              </TPX>
            </Extensions>
          </Trackpoint>
          <Trackpoint>
            <Time>2010-10-19T21:11:06Z</Time>
            <HeartRateBpm>
              <Value>0</Value>
            </HeartRateBpm>
            <Cadence>95</Cadence>
            <DistanceMeters>2722.99997</DistanceMeters>
            <Extensions>
              <TPX xmlns="http://www.garmin.com/xmlschemas/ActivityExtension/v2">
                <Watts>186</Watts>
              </TPX>
            </Extensions>
          </Trackpoint>
          <Trackpoint>
            <Time>2010-10-19T21:11:07Z</Time>
            <HeartRateBpm>
              <Value>0</Value>
            </HeartRateBpm>
            <Cadence>93</Cadence>
            <DistanceMeters>2727.47414</DistanceMeters>
            <Extensions>
              <TPX xmlns="http://www.garmin.com/xmlschemas/ActivityExtension/v2">
                <Watts>182</Watts>
              </TPX>
            </Extensions>
          </Trackpoint>
          <Trackpoint>
            <Time>2010-10-19T21:11:08Z</Time>
            <HeartRateBpm>
              <Value>0</Value>
            </HeartRateBpm>
            <Cadence>93</Cadence>
            <DistanceMeters>2732.17827</DistanceMeters>
            <Extensions>
              <TPX xmlns="http://www.garmin.com/xmlschemas/ActivityExtension/v2">
                <Watts>194</Watts>
              </TPX>
            </Extensions>
          </Trackpoint>
          <Trackpoint>
            <Time>2010-10-19T21:11:09Z</Time>
            <HeartRateBpm>
              <Value>0</Value>
            </HeartRateBpm>
            <Cadence>92</Cadence>
            <DistanceMeters>2736.88241</DistanceMeters>
            <Extensions>
              <TPX xmlns="http://www.garmin.com/xmlschemas/ActivityExtension/v2">
                <Watts>206</Watts>
              </TPX>
            </Extensions>
          </Trackpoint>
          <Trackpoint>
            <Time>2010-10-19T21:11:10Z</Time>
            <HeartRateBpm>
              <Value>0</Value>
            </HeartRateBpm>
            <Cadence>92</Cadence>
            <DistanceMeters>2741.54737</DistanceMeters>
            <Extensions>
              <TPX xmlns="http://www.garmin.com/xmlschemas/ActivityExtension/v2">
                <Watts>205</Watts>
              </TPX>
            </Extensions>
          </Trackpoint>
          <Trackpoint>
            <Time>2010-10-19T21:11:11Z</Time>
            <HeartRateBpm>
              <Value>0</Value>
            </HeartRateBpm>
            <Cadence>92</Cadence>
            <DistanceMeters>2746.20736</DistanceMeters>
            <Extensions>
              <TPX xmlns="http://www.garmin.com/xmlschemas/ActivityExtension/v2">
                <Watts>203</Watts>
              </TPX>
            </Extensions>
          </Trackpoint>
          <Trackpoint>
            <Time>2010-10-19T21:11:12Z</Time>
            <HeartRateBpm>
              <Value>0</Value>
            </HeartRateBpm>
            <Cadence>91</Cadence>
            <DistanceMeters>2750.77941</DistanceMeters>
            <Extensions>
              <TPX xmlns="http://www.garmin.com/xmlschemas/ActivityExtension/v2">
                <Watts>198</Watts>
              </TPX>
            </Extensions>
          </Trackpoint>
          <Trackpoint>
            <Time>2010-10-19T21:11:13Z</Time>
            <HeartRateBpm>
              <Value>0</Value>
            </HeartRateBpm>
            <Cadence>90</Cadence>
            <DistanceMeters>2755.32380</DistanceMeters>
            <Extensions>
              <TPX xmlns="http://www.garmin.com/xmlschemas/ActivityExtension/v2">
                <Watts>192</Watts>
              </TPX>
            </Extensions>
          </Trackpoint>
          <Trackpoint>
            <Time>2010-10-19T21:11:14Z</Time>
            <HeartRateBpm>
              <Value>0</Value>
            </HeartRateBpm>
            <Cadence>89</Cadence>
            <DistanceMeters>2759.75492</DistanceMeters>
            <Extensions>
              <TPX xmlns="http://www.garmin.com/xmlschemas/ActivityExtension/v2">
                <Watts>184</Watts>
              </TPX>
            </Extensions>
          </Trackpoint>
          <Trackpoint>
            <Time>2010-10-19T21:11:15Z</Time>
            <HeartRateBpm>
              <Value>0</Value>
            </HeartRateBpm>
            <Cadence>88</Cadence>
            <DistanceMeters>2764.12064</DistanceMeters>
            <Extensions>
              <TPX xmlns="http://www.garmin.com/xmlschemas/ActivityExtension/v2">
                <Watts>175</Watts>
              </TPX>
            </Extensions>
          </Trackpoint>
          <Trackpoint>
            <Time>2010-10-19T21:11:16Z</Time>
            <HeartRateBpm>
              <Value>0</Value>
            </HeartRateBpm>
            <Cadence>87</Cadence>
            <DistanceMeters>2768.53434</DistanceMeters>
            <Extensions>
              <TPX xmlns="http://www.garmin.com/xmlschemas/ActivityExtension/v2">
                <Watts>173</Watts>
              </TPX>
            </Extensions>
          </Trackpoint>
          <Trackpoint>
            <Time>2010-10-19T21:11:17Z</Time>
            <HeartRateBpm>
              <Value>0</Value>
            </HeartRateBpm>
            <Cadence>87</Cadence>
            <DistanceMeters>2772.99465</DistanceMeters>
            <Extensions>
              <TPX xmlns="http://www.garmin.com/xmlschemas/ActivityExtension/v2">
                <Watts>178</Watts>
              </TPX>
            </Extensions>
          </Trackpoint>
          <Trackpoint>
            <Time>2010-10-19T21:11:18Z</Time>
            <HeartRateBpm>
              <Value>0</Value>
            </HeartRateBpm>
            <Cadence>86</Cadence>
            <DistanceMeters>2777.38461</DistanceMeters>
            <Extensions>
              <TPX xmlns="http://www.garmin.com/xmlschemas/ActivityExtension/v2">
                <Watts>177</Watts>
              </TPX>
            </Extensions>
          </Trackpoint>
          <Trackpoint>
            <Time>2010-10-19T21:11:19Z</Time>
            <HeartRateBpm>
              <Value>0</Value>
            </HeartRateBpm>
            <Cadence>84</Cadence>
            <DistanceMeters>2781.65995</DistanceMeters>
            <Extensions>
              <TPX xmlns="http://www.garmin.com/xmlschemas/ActivityExtension/v2">
                <Watts>168</Watts>
              </TPX>
            </Extensions>
          </Trackpoint>
          <Trackpoint>
            <Time>2010-10-19T21:11:20Z</Time>
            <HeartRateBpm>
              <Value>0</Value>
            </HeartRateBpm>
            <Cadence>82</Cadence>
            <DistanceMeters>2785.95554</DistanceMeters>
            <Extensions>
              <TPX xmlns="http://www.garmin.com/xmlschemas/ActivityExtension/v2">
                <Watts>162</Watts>
              </TPX>
            </Extensions>
          </Trackpoint>
          <Trackpoint>
            <Time>2010-10-19T21:11:21Z</Time>
            <HeartRateBpm>
              <Value>0</Value>
            </HeartRateBpm>
            <Cadence>81</Cadence>
            <DistanceMeters>2790.31076</DistanceMeters>
            <Extensions>
              <TPX xmlns="http://www.garmin.com/xmlschemas/ActivityExtension/v2">
                <Watts>166</Watts>
              </TPX>
            </Extensions>
          </Trackpoint>
          <Trackpoint>
            <Time>2010-10-19T21:11:22Z</Time>
            <HeartRateBpm>
              <Value>0</Value>
            </HeartRateBpm>
            <Cadence>79</Cadence>
            <DistanceMeters>2794.70355</DistanceMeters>
            <Extensions>
              <TPX xmlns="http://www.garmin.com/xmlschemas/ActivityExtension/v2">
                <Watts>171</Watts>
              </TPX>
            </Extensions>
          </Trackpoint>
          <Trackpoint>
            <Time>2010-10-19T21:11:23Z</Time>
            <HeartRateBpm>
              <Value>0</Value>
            </HeartRateBpm>
            <Cadence>78</Cadence>
            <DistanceMeters>2799.35514</DistanceMeters>
            <Extensions>
              <TPX xmlns="http://www.garmin.com/xmlschemas/ActivityExtension/v2">
                <Watts>186</Watts>
              </TPX>
            </Extensions>
          </Trackpoint>
          <Trackpoint>
            <Time>2010-10-19T21:11:24Z</Time>
            <HeartRateBpm>
              <Value>0</Value>
            </HeartRateBpm>
            <Cadence>77</Cadence>
            <DistanceMeters>2804.00673</DistanceMeters>
            <Extensions>
              <TPX xmlns="http://www.garmin.com/xmlschemas/ActivityExtension/v2">
                <Watts>201</Watts>
              </TPX>
            </Extensions>
          </Trackpoint>
          <Trackpoint>
            <Time>2010-10-19T21:11:25Z</Time>
            <HeartRateBpm>
              <Value>0</Value>
            </HeartRateBpm>
            <Cadence>77</Cadence>
            <DistanceMeters>2808.70035</DistanceMeters>
            <Extensions>
              <TPX xmlns="http://www.garmin.com/xmlschemas/ActivityExtension/v2">
                <Watts>204</Watts>
              </TPX>
            </Extensions>
          </Trackpoint>
          <Trackpoint>
            <Time>2010-10-19T21:11:26Z</Time>
            <HeartRateBpm>
              <Value>0</Value>
            </HeartRateBpm>
            <Cadence>77</Cadence>
            <DistanceMeters>2813.39398</DistanceMeters>
            <Extensions>
              <TPX xmlns="http://www.garmin.com/xmlschemas/ActivityExtension/v2">
                <Watts>206</Watts>
              </TPX>
            </Extensions>
          </Trackpoint>
          <Trackpoint>
            <Time>2010-10-19T21:11:27Z</Time>
            <HeartRateBpm>
              <Value>0</Value>
            </HeartRateBpm>
            <Cadence>78</Cadence>
            <DistanceMeters>2818.19773</DistanceMeters>
            <Extensions>
              <TPX xmlns="http://www.garmin.com/xmlschemas/ActivityExtension/v2">
                <Watts>213</Watts>
              </TPX>
            </Extensions>
          </Trackpoint>
          <Trackpoint>
            <Time>2010-10-19T21:11:28Z</Time>
            <HeartRateBpm>
              <Value>0</Value>
            </HeartRateBpm>
            <Cadence>79</Cadence>
            <DistanceMeters>2823.01748</DistanceMeters>
            <Extensions>
              <TPX xmlns="http://www.garmin.com/xmlschemas/ActivityExtension/v2">
                <Watts>220</Watts>
              </TPX>
            </Extensions>
          </Trackpoint>
          <Trackpoint>
            <Time>2010-10-19T21:11:29Z</Time>
            <HeartRateBpm>
              <Value>0</Value>
            </HeartRateBpm>
            <Cadence>81</Cadence>
            <DistanceMeters>2827.36184</DistanceMeters>
            <Extensions>
              <TPX xmlns="http://www.garmin.com/xmlschemas/ActivityExtension/v2">
                <Watts>197</Watts>
              </TPX>
            </Extensions>
          </Trackpoint>
          <Trackpoint>
            <Time>2010-10-19T21:11:30Z</Time>
            <HeartRateBpm>
              <Value>0</Value>
            </HeartRateBpm>
            <Cadence>82</Cadence>
            <DistanceMeters>2831.54469</DistanceMeters>
            <Extensions>
              <TPX xmlns="http://www.garmin.com/xmlschemas/ActivityExtension/v2">
                <Watts>165</Watts>
              </TPX>
            </Extensions>
          </Trackpoint>
          <Trackpoint>
            <Time>2010-10-19T21:11:31Z</Time>
            <HeartRateBpm>
              <Value>0</Value>
            </HeartRateBpm>
            <Cadence>81</Cadence>
            <DistanceMeters>2835.15189</DistanceMeters>
            <Extensions>
              <TPX xmlns="http://www.garmin.com/xmlschemas/ActivityExtension/v2">
                <Watts>131</Watts>
              </TPX>
            </Extensions>
          </Trackpoint>
          <Trackpoint>
            <Time>2010-10-19T21:11:32Z</Time>
            <HeartRateBpm>
              <Value>0</Value>
            </HeartRateBpm>
            <Cadence>79</Cadence>
            <DistanceMeters>2838.40569</DistanceMeters>
            <Extensions>
              <TPX xmlns="http://www.garmin.com/xmlschemas/ActivityExtension/v2">
                <Watts>97</Watts>
              </TPX>
            </Extensions>
          </Trackpoint>
          <Trackpoint>
            <Time>2010-10-19T21:11:33Z</Time>
            <HeartRateBpm>
              <Value>0</Value>
            </HeartRateBpm>
            <Cadence>77</Cadence>
            <DistanceMeters>2841.15709</DistanceMeters>
            <Extensions>
              <TPX xmlns="http://www.garmin.com/xmlschemas/ActivityExtension/v2">
                <Watts>69</Watts>
              </TPX>
            </Extensions>
          </Trackpoint>
          <Trackpoint>
            <Time>2010-10-19T21:11:34Z</Time>
            <HeartRateBpm>
              <Value>0</Value>
            </HeartRateBpm>
            <Cadence>73</Cadence>
            <DistanceMeters>2843.39145</DistanceMeters>
            <Extensions>
              <TPX xmlns="http://www.garmin.com/xmlschemas/ActivityExtension/v2">
                <Watts>47</Watts>
              </TPX>
            </Extensions>
          </Trackpoint>
          <Trackpoint>
            <Time>2010-10-19T21:11:35Z</Time>
            <HeartRateBpm>
              <Value>0</Value>
            </HeartRateBpm>
            <Cadence>68</Cadence>
            <DistanceMeters>2845.05416</DistanceMeters>
            <Extensions>
              <TPX xmlns="http://www.garmin.com/xmlschemas/ActivityExtension/v2">
                <Watts>28</Watts>
              </TPX>
            </Extensions>
          </Trackpoint>
          <Trackpoint>
            <Time>2010-10-19T21:11:36Z</Time>
            <HeartRateBpm>
              <Value>0</Value>
            </HeartRateBpm>
            <Cadence>63</Cadence>
            <DistanceMeters>2845.72678</DistanceMeters>
            <Extensions>
              <TPX xmlns="http://www.garmin.com/xmlschemas/ActivityExtension/v2">
                <Watts>15</Watts>
              </TPX>
            </Extensions>
          </Trackpoint>
          <Trackpoint>
            <Time>2010-10-19T21:11:37Z</Time>
            <HeartRateBpm>
              <Value>0</Value>
            </HeartRateBpm>
            <Cadence>57</Cadence>
            <DistanceMeters>2846.46880</DistanceMeters>
            <Extensions>
              <TPX xmlns="http://www.garmin.com/xmlschemas/ActivityExtension/v2">
                <Watts>5</Watts>
              </TPX>
            </Extensions>
          </Trackpoint>
          <Trackpoint>
            <Time>2010-10-19T21:11:38Z</Time>
            <HeartRateBpm>
              <Value>0</Value>
            </HeartRateBpm>
            <Cadence>52</Cadence>
            <DistanceMeters>2847.43149</DistanceMeters>
            <Extensions>
              <TPX xmlns="http://www.garmin.com/xmlschemas/ActivityExtension/v2">
                <Watts>6</Watts>
              </TPX>
            </Extensions>
          </Trackpoint>
          <Trackpoint>
            <Time>2010-10-19T21:11:39Z</Time>
            <HeartRateBpm>
              <Value>0</Value>
            </HeartRateBpm>
            <Cadence>48</Cadence>
            <DistanceMeters>2848.39417</DistanceMeters>
            <Extensions>
              <TPX xmlns="http://www.garmin.com/xmlschemas/ActivityExtension/v2">
                <Watts>8</Watts>
              </TPX>
            </Extensions>
          </Trackpoint>
          <Trackpoint>
            <Time>2010-10-19T21:11:40Z</Time>
            <HeartRateBpm>
              <Value>0</Value>
            </HeartRateBpm>
            <Cadence>48</Cadence>
            <DistanceMeters>2849.35686</DistanceMeters>
            <Extensions>
              <TPX xmlns="http://www.garmin.com/xmlschemas/ActivityExtension/v2">
                <Watts>8</Watts>
              </TPX>
            </Extensions>
          </Trackpoint>
          <Trackpoint>
            <Time>2010-10-19T21:11:41Z</Time>
            <HeartRateBpm>
              <Value>0</Value>
            </HeartRateBpm>
            <Cadence>48</Cadence>
            <DistanceMeters>2850.31955</DistanceMeters>
            <Extensions>
              <TPX xmlns="http://www.garmin.com/xmlschemas/ActivityExtension/v2">
                <Watts>8</Watts>
              </TPX>
            </Extensions>
          </Trackpoint>
          <Trackpoint>
            <Time>2010-10-19T21:11:42Z</Time>
            <HeartRateBpm>
              <Value>0</Value>
            </HeartRateBpm>
            <Cadence>46</Cadence>
            <DistanceMeters>2852.79255</DistanceMeters>
            <Extensions>
              <TPX xmlns="http://www.garmin.com/xmlschemas/ActivityExtension/v2">
                <Watts>23</Watts>
              </TPX>
            </Extensions>
          </Trackpoint>
          <Trackpoint>
            <Time>2010-10-19T21:11:43Z</Time>
            <HeartRateBpm>
              <Value>0</Value>
            </HeartRateBpm>
            <Cadence>44</Cadence>
            <DistanceMeters>2855.28755</DistanceMeters>
            <Extensions>
              <TPX xmlns="http://www.garmin.com/xmlschemas/ActivityExtension/v2">
                <Watts>39</Watts>
              </TPX>
            </Extensions>
          </Trackpoint>
          <Trackpoint>
            <Time>2010-10-19T21:11:44Z</Time>
            <HeartRateBpm>
              <Value>0</Value>
            </HeartRateBpm>
            <Cadence>50</Cadence>
            <DistanceMeters>2858.55340</DistanceMeters>
            <Extensions>
              <TPX xmlns="http://www.garmin.com/xmlschemas/ActivityExtension/v2">
                <Watts>60</Watts>
              </TPX>
            </Extensions>
          </Trackpoint>
          <Trackpoint>
            <Time>2010-10-19T21:11:45Z</Time>
            <HeartRateBpm>
              <Value>0</Value>
            </HeartRateBpm>
            <Cadence>57</Cadence>
            <DistanceMeters>2861.94592</DistanceMeters>
            <Extensions>
              <TPX xmlns="http://www.garmin.com/xmlschemas/ActivityExtension/v2">
                <Watts>83</Watts>
              </TPX>
            </Extensions>
          </Trackpoint>
          <Trackpoint>
            <Time>2010-10-19T21:11:46Z</Time>
            <HeartRateBpm>
              <Value>0</Value>
            </HeartRateBpm>
            <Cadence>63</Cadence>
            <DistanceMeters>2864.85683</DistanceMeters>
            <Extensions>
              <TPX xmlns="http://www.garmin.com/xmlschemas/ActivityExtension/v2">
                <Watts>76</Watts>
              </TPX>
            </Extensions>
          </Trackpoint>
          <Trackpoint>
            <Time>2010-10-19T21:11:47Z</Time>
            <HeartRateBpm>
              <Value>0</Value>
            </HeartRateBpm>
            <Cadence>68</Cadence>
            <DistanceMeters>2867.59145</DistanceMeters>
            <Extensions>
              <TPX xmlns="http://www.garmin.com/xmlschemas/ActivityExtension/v2">
                <Watts>58</Watts>
              </TPX>
            </Extensions>
          </Trackpoint>
          <Trackpoint>
            <Time>2010-10-19T21:11:48Z</Time>
            <HeartRateBpm>
              <Value>0</Value>
            </HeartRateBpm>
            <Cadence>71</Cadence>
            <DistanceMeters>2870.24210</DistanceMeters>
            <Extensions>
              <TPX xmlns="http://www.garmin.com/xmlschemas/ActivityExtension/v2">
                <Watts>50</Watts>
              </TPX>
            </Extensions>
          </Trackpoint>
          <Trackpoint>
            <Time>2010-10-19T21:11:49Z</Time>
            <HeartRateBpm>
              <Value>0</Value>
            </HeartRateBpm>
            <Cadence>71</Cadence>
            <DistanceMeters>2872.83799</DistanceMeters>
            <Extensions>
              <TPX xmlns="http://www.garmin.com/xmlschemas/ActivityExtension/v2">
                <Watts>47</Watts>
              </TPX>
            </Extensions>
          </Trackpoint>
          <Trackpoint>
            <Time>2010-10-19T21:11:50Z</Time>
            <HeartRateBpm>
              <Value>0</Value>
            </HeartRateBpm>
            <Cadence>69</Cadence>
            <DistanceMeters>2875.39768</DistanceMeters>
            <Extensions>
              <TPX xmlns="http://www.garmin.com/xmlschemas/ActivityExtension/v2">
                <Watts>45</Watts>
              </TPX>
            </Extensions>
          </Trackpoint>
          <Trackpoint>
            <Time>2010-10-19T21:11:51Z</Time>
            <HeartRateBpm>
              <Value>0</Value>
            </HeartRateBpm>
            <Cadence>67</Cadence>
            <DistanceMeters>2877.91790</DistanceMeters>
            <Extensions>
              <TPX xmlns="http://www.garmin.com/xmlschemas/ActivityExtension/v2">
                <Watts>43</Watts>
              </TPX>
            </Extensions>
          </Trackpoint>
          <Trackpoint>
            <Time>2010-10-19T21:11:52Z</Time>
            <HeartRateBpm>
              <Value>0</Value>
            </HeartRateBpm>
            <Cadence>65</Cadence>
            <DistanceMeters>2880.42926</DistanceMeters>
            <Extensions>
              <TPX xmlns="http://www.garmin.com/xmlschemas/ActivityExtension/v2">
                <Watts>42</Watts>
              </TPX>
            </Extensions>
          </Trackpoint>
          <Trackpoint>
            <Time>2010-10-19T21:11:53Z</Time>
            <HeartRateBpm>
              <Value>0</Value>
            </HeartRateBpm>
            <Cadence>64</Cadence>
            <DistanceMeters>2882.92426</DistanceMeters>
            <Extensions>
              <TPX xmlns="http://www.garmin.com/xmlschemas/ActivityExtension/v2">
                <Watts>42</Watts>
              </TPX>
            </Extensions>
          </Trackpoint>
          <Trackpoint>
            <Time>2010-10-19T21:11:54Z</Time>
            <HeartRateBpm>
              <Value>0</Value>
            </HeartRateBpm>
            <Cadence>64</Cadence>
            <DistanceMeters>2885.41926</DistanceMeters>
            <Extensions>
              <TPX xmlns="http://www.garmin.com/xmlschemas/ActivityExtension/v2">
                <Watts>42</Watts>
              </TPX>
            </Extensions>
          </Trackpoint>
          <Trackpoint>
            <Time>2010-10-19T21:11:55Z</Time>
            <HeartRateBpm>
              <Value>0</Value>
            </HeartRateBpm>
            <Cadence>64</Cadence>
            <DistanceMeters>2887.91426</DistanceMeters>
            <Extensions>
              <TPX xmlns="http://www.garmin.com/xmlschemas/ActivityExtension/v2">
                <Watts>42</Watts>
              </TPX>
            </Extensions>
          </Trackpoint>
          <Trackpoint>
            <Time>2010-10-19T21:11:56Z</Time>
            <HeartRateBpm>
              <Value>0</Value>
            </HeartRateBpm>
            <Cadence>63</Cadence>
            <DistanceMeters>2890.42121</DistanceMeters>
            <Extensions>
              <TPX xmlns="http://www.garmin.com/xmlschemas/ActivityExtension/v2">
                <Watts>42</Watts>
              </TPX>
            </Extensions>
          </Trackpoint>
          <Trackpoint>
            <Time>2010-10-19T21:11:57Z</Time>
            <HeartRateBpm>
              <Value>0</Value>
            </HeartRateBpm>
            <Cadence>63</Cadence>
            <DistanceMeters>2893.03813</DistanceMeters>
            <Extensions>
              <TPX xmlns="http://www.garmin.com/xmlschemas/ActivityExtension/v2">
                <Watts>44</Watts>
              </TPX>
            </Extensions>
          </Trackpoint>
          <Trackpoint>
            <Time>2010-10-19T21:11:58Z</Time>
            <HeartRateBpm>
              <Value>0</Value>
            </HeartRateBpm>
            <Cadence>63</Cadence>
            <DistanceMeters>2895.65504</DistanceMeters>
            <Extensions>
              <TPX xmlns="http://www.garmin.com/xmlschemas/ActivityExtension/v2">
                <Watts>46</Watts>
              </TPX>
            </Extensions>
          </Trackpoint>
          <Trackpoint>
            <Time>2010-10-19T21:11:59Z</Time>
            <HeartRateBpm>
              <Value>0</Value>
            </HeartRateBpm>
            <Cadence>63</Cadence>
            <DistanceMeters>2898.50878</DistanceMeters>
            <Extensions>
              <TPX xmlns="http://www.garmin.com/xmlschemas/ActivityExtension/v2">
                <Watts>52</Watts>
              </TPX>
            </Extensions>
          </Trackpoint>
          <Trackpoint>
            <Time>2010-10-19T21:12:00Z</Time>
            <HeartRateBpm>
              <Value>0</Value>
            </HeartRateBpm>
            <Cadence>63</Cadence>
            <DistanceMeters>2901.36951</DistanceMeters>
            <Extensions>
              <TPX xmlns="http://www.garmin.com/xmlschemas/ActivityExtension/v2">
                <Watts>57</Watts>
              </TPX>
            </Extensions>
          </Trackpoint>
          <Trackpoint>
            <Time>2010-10-19T21:12:01Z</Time>
            <HeartRateBpm>
              <Value>0</Value>
            </HeartRateBpm>
            <Cadence>63</Cadence>
            <DistanceMeters>2904.19475</DistanceMeters>
            <Extensions>
              <TPX xmlns="http://www.garmin.com/xmlschemas/ActivityExtension/v2">
                <Watts>57</Watts>
              </TPX>
            </Extensions>
          </Trackpoint>
          <Trackpoint>
            <Time>2010-10-19T21:12:02Z</Time>
            <HeartRateBpm>
              <Value>0</Value>
            </HeartRateBpm>
            <Cadence>64</Cadence>
            <DistanceMeters>2907.01345</DistanceMeters>
            <Extensions>
              <TPX xmlns="http://www.garmin.com/xmlschemas/ActivityExtension/v2">
                <Watts>56</Watts>
              </TPX>
            </Extensions>
          </Trackpoint>
          <Trackpoint>
            <Time>2010-10-19T21:12:03Z</Time>
            <HeartRateBpm>
              <Value>0</Value>
            </HeartRateBpm>
            <Cadence>64</Cadence>
            <DistanceMeters>2909.52138</DistanceMeters>
            <Extensions>
              <TPX xmlns="http://www.garmin.com/xmlschemas/ActivityExtension/v2">
                <Watts>49</Watts>
              </TPX>
            </Extensions>
          </Trackpoint>
          <Trackpoint>
            <Time>2010-10-19T21:12:04Z</Time>
            <HeartRateBpm>
              <Value>0</Value>
            </HeartRateBpm>
            <Cadence>64</Cadence>
            <DistanceMeters>2911.90708</DistanceMeters>
            <Extensions>
              <TPX xmlns="http://www.garmin.com/xmlschemas/ActivityExtension/v2">
                <Watts>41</Watts>
              </TPX>
            </Extensions>
          </Trackpoint>
          <Trackpoint>
            <Time>2010-10-19T21:12:05Z</Time>
            <HeartRateBpm>
              <Value>0</Value>
            </HeartRateBpm>
            <Cadence>62</Cadence>
            <DistanceMeters>2914.20335</DistanceMeters>
            <Extensions>
              <TPX xmlns="http://www.garmin.com/xmlschemas/ActivityExtension/v2">
                <Watts>36</Watts>
              </TPX>
            </Extensions>
          </Trackpoint>
          <Trackpoint>
            <Time>2010-10-19T21:12:06Z</Time>
            <HeartRateBpm>
              <Value>0</Value>
            </HeartRateBpm>
            <Cadence>61</Cadence>
            <DistanceMeters>2916.43771</DistanceMeters>
            <Extensions>
              <TPX xmlns="http://www.garmin.com/xmlschemas/ActivityExtension/v2">
                <Watts>34</Watts>
              </TPX>
            </Extensions>
          </Trackpoint>
          <Trackpoint>
            <Time>2010-10-19T21:12:07Z</Time>
            <HeartRateBpm>
              <Value>0</Value>
            </HeartRateBpm>
            <Cadence>59</Cadence>
            <DistanceMeters>2918.74231</DistanceMeters>
            <Extensions>
              <TPX xmlns="http://www.garmin.com/xmlschemas/ActivityExtension/v2">
                <Watts>34</Watts>
              </TPX>
            </Extensions>
          </Trackpoint>
          <Trackpoint>
            <Time>2010-10-19T21:12:08Z</Time>
            <HeartRateBpm>
              <Value>0</Value>
            </HeartRateBpm>
            <Cadence>59</Cadence>
            <DistanceMeters>2921.12801</DistanceMeters>
            <Extensions>
              <TPX xmlns="http://www.garmin.com/xmlschemas/ActivityExtension/v2">
                <Watts>36</Watts>
              </TPX>
            </Extensions>
          </Trackpoint>
          <Trackpoint>
            <Time>2010-10-19T21:12:09Z</Time>
            <HeartRateBpm>
              <Value>0</Value>
            </HeartRateBpm>
            <Cadence>59</Cadence>
            <DistanceMeters>2923.51371</DistanceMeters>
            <Extensions>
              <TPX xmlns="http://www.garmin.com/xmlschemas/ActivityExtension/v2">
                <Watts>38</Watts>
              </TPX>
            </Extensions>
          </Trackpoint>
          <Trackpoint>
            <Time>2010-10-19T21:12:10Z</Time>
            <HeartRateBpm>
              <Value>0</Value>
            </HeartRateBpm>
            <Cadence>59</Cadence>
            <DistanceMeters>2925.89941</DistanceMeters>
            <Extensions>
              <TPX xmlns="http://www.garmin.com/xmlschemas/ActivityExtension/v2">
                <Watts>38</Watts>
              </TPX>
            </Extensions>
          </Trackpoint>
          <Trackpoint>
            <Time>2010-10-19T21:12:11Z</Time>
            <HeartRateBpm>
              <Value>0</Value>
            </HeartRateBpm>
            <Cadence>59</Cadence>
            <DistanceMeters>2928.41742</DistanceMeters>
            <Extensions>
              <TPX xmlns="http://www.garmin.com/xmlschemas/ActivityExtension/v2">
                <Watts>40</Watts>
              </TPX>
            </Extensions>
          </Trackpoint>
          <Trackpoint>
            <Time>2010-10-19T21:12:12Z</Time>
            <HeartRateBpm>
              <Value>0</Value>
            </HeartRateBpm>
            <Cadence>59</Cadence>
            <DistanceMeters>2931.43160</DistanceMeters>
            <Extensions>
              <TPX xmlns="http://www.garmin.com/xmlschemas/ActivityExtension/v2">
                <Watts>53</Watts>
              </TPX>
            </Extensions>
          </Trackpoint>
          <Trackpoint>
            <Time>2010-10-19T21:12:13Z</Time>
            <HeartRateBpm>
              <Value>0</Value>
            </HeartRateBpm>
            <Cadence>60</Cadence>
            <DistanceMeters>2934.48608</DistanceMeters>
            <Extensions>
              <TPX xmlns="http://www.garmin.com/xmlschemas/ActivityExtension/v2">
                <Watts>67</Watts>
              </TPX>
            </Extensions>
          </Trackpoint>
          <Trackpoint>
            <Time>2010-10-19T21:12:14Z</Time>
            <HeartRateBpm>
              <Value>0</Value>
            </HeartRateBpm>
            <Cadence>65</Cadence>
            <DistanceMeters>2937.98160</DistanceMeters>
            <Extensions>
              <TPX xmlns="http://www.garmin.com/xmlschemas/ActivityExtension/v2">
                <Watts>81</Watts>
              </TPX>
            </Extensions>
          </Trackpoint>
          <Trackpoint>
            <Time>2010-10-19T21:12:15Z</Time>
            <HeartRateBpm>
              <Value>0</Value>
            </HeartRateBpm>
            <Cadence>69</Cadence>
            <DistanceMeters>2941.47712</DistanceMeters>
            <Extensions>
              <TPX xmlns="http://www.garmin.com/xmlschemas/ActivityExtension/v2">
                <Watts>95</Watts>
              </TPX>
            </Extensions>
          </Trackpoint>
          <Trackpoint>
            <Time>2010-10-19T21:12:16Z</Time>
            <HeartRateBpm>
              <Value>0</Value>
            </HeartRateBpm>
            <Cadence>72</Cadence>
            <DistanceMeters>2944.77150</DistanceMeters>
            <Extensions>
              <TPX xmlns="http://www.garmin.com/xmlschemas/ActivityExtension/v2">
                <Watts>89</Watts>
              </TPX>
            </Extensions>
          </Trackpoint>
          <Trackpoint>
            <Time>2010-10-19T21:12:17Z</Time>
            <HeartRateBpm>
              <Value>0</Value>
            </HeartRateBpm>
            <Cadence>74</Cadence>
            <DistanceMeters>2948.05683</DistanceMeters>
            <Extensions>
              <TPX xmlns="http://www.garmin.com/xmlschemas/ActivityExtension/v2">
                <Watts>83</Watts>
              </TPX>
            </Extensions>
          </Trackpoint>
          <Trackpoint>
            <Time>2010-10-19T21:12:18Z</Time>
            <HeartRateBpm>
              <Value>0</Value>
            </HeartRateBpm>
            <Cadence>75</Cadence>
            <DistanceMeters>2950.88499</DistanceMeters>
            <Extensions>
              <TPX xmlns="http://www.garmin.com/xmlschemas/ActivityExtension/v2">
                <Watts>70</Watts>
              </TPX>
            </Extensions>
          </Trackpoint>
          <Trackpoint>
            <Time>2010-10-19T21:12:19Z</Time>
            <HeartRateBpm>
              <Value>0</Value>
            </HeartRateBpm>
            <Cadence>76</Cadence>
            <DistanceMeters>2953.61962</DistanceMeters>
            <Extensions>
              <TPX xmlns="http://www.garmin.com/xmlschemas/ActivityExtension/v2">
                <Watts>56</Watts>
              </TPX>
            </Extensions>
          </Trackpoint>
          <Trackpoint>
            <Time>2010-10-19T21:12:20Z</Time>
            <HeartRateBpm>
              <Value>0</Value>
            </HeartRateBpm>
            <Cadence>75</Cadence>
            <DistanceMeters>2956.22118</DistanceMeters>
            <Extensions>
              <TPX xmlns="http://www.garmin.com/xmlschemas/ActivityExtension/v2">
                <Watts>49</Watts>
              </TPX>
            </Extensions>
          </Trackpoint>
          <Trackpoint>
            <Time>2010-10-19T21:12:21Z</Time>
            <HeartRateBpm>
              <Value>0</Value>
            </HeartRateBpm>
            <Cadence>72</Cadence>
            <DistanceMeters>2958.76663</DistanceMeters>
            <Extensions>
              <TPX xmlns="http://www.garmin.com/xmlschemas/ActivityExtension/v2">
                <Watts>45</Watts>
              </TPX>
            </Extensions>
          </Trackpoint>
          <Trackpoint>
            <Time>2010-10-19T21:12:22Z</Time>
            <HeartRateBpm>
              <Value>0</Value>
            </HeartRateBpm>
            <Cadence>72</Cadence>
            <DistanceMeters>2961.45750</DistanceMeters>
            <Extensions>
              <TPX xmlns="http://www.garmin.com/xmlschemas/ActivityExtension/v2">
                <Watts>46</Watts>
              </TPX>
            </Extensions>
          </Trackpoint>
          <Trackpoint>
            <Time>2010-10-19T21:12:23Z</Time>
            <HeartRateBpm>
              <Value>0</Value>
            </HeartRateBpm>
            <Cadence>72</Cadence>
            <DistanceMeters>2964.25518</DistanceMeters>
            <Extensions>
              <TPX xmlns="http://www.garmin.com/xmlschemas/ActivityExtension/v2">
                <Watts>52</Watts>
              </TPX>
            </Extensions>
          </Trackpoint>
          <Trackpoint>
            <Time>2010-10-19T21:12:24Z</Time>
            <HeartRateBpm>
              <Value>0</Value>
            </HeartRateBpm>
            <Cadence>71</Cadence>
            <DistanceMeters>2967.11620</DistanceMeters>
            <Extensions>
              <TPX xmlns="http://www.garmin.com/xmlschemas/ActivityExtension/v2">
                <Watts>56</Watts>
              </TPX>
            </Extensions>
          </Trackpoint>
          <Trackpoint>
            <Time>2010-10-19T21:12:25Z</Time>
            <HeartRateBpm>
              <Value>0</Value>
            </HeartRateBpm>
            <Cadence>70</Cadence>
            <DistanceMeters>2970.05471</DistanceMeters>
            <Extensions>
              <TPX xmlns="http://www.garmin.com/xmlschemas/ActivityExtension/v2">
                <Watts>59</Watts>
              </TPX>
            </Extensions>
          </Trackpoint>
          <Trackpoint>
            <Time>2010-10-19T21:12:26Z</Time>
            <HeartRateBpm>
              <Value>0</Value>
            </HeartRateBpm>
            <Cadence>69</Cadence>
            <DistanceMeters>2972.95452</DistanceMeters>
            <Extensions>
              <TPX xmlns="http://www.garmin.com/xmlschemas/ActivityExtension/v2">
                <Watts>61</Watts>
              </TPX>
            </Extensions>
          </Trackpoint>
          <Trackpoint>
            <Time>2010-10-19T21:12:27Z</Time>
            <HeartRateBpm>
              <Value>0</Value>
            </HeartRateBpm>
            <Cadence>68</Cadence>
            <DistanceMeters>2975.77322</DistanceMeters>
            <Extensions>
              <TPX xmlns="http://www.garmin.com/xmlschemas/ActivityExtension/v2">
                <Watts>58</Watts>
              </TPX>
            </Extensions>
          </Trackpoint>
          <Trackpoint>
            <Time>2010-10-19T21:12:28Z</Time>
            <HeartRateBpm>
              <Value>0</Value>
            </HeartRateBpm>
            <Cadence>68</Cadence>
            <DistanceMeters>2978.55728</DistanceMeters>
            <Extensions>
              <TPX xmlns="http://www.garmin.com/xmlschemas/ActivityExtension/v2">
                <Watts>55</Watts>
              </TPX>
            </Extensions>
          </Trackpoint>
          <Trackpoint>
            <Time>2010-10-19T21:12:29Z</Time>
            <HeartRateBpm>
              <Value>0</Value>
            </HeartRateBpm>
            <Cadence>68</Cadence>
            <DistanceMeters>2981.19942</DistanceMeters>
            <Extensions>
              <TPX xmlns="http://www.garmin.com/xmlschemas/ActivityExtension/v2">
                <Watts>51</Watts>
              </TPX>
            </Extensions>
          </Trackpoint>
          <Trackpoint>
            <Time>2010-10-19T21:12:30Z</Time>
            <HeartRateBpm>
              <Value>0</Value>
            </HeartRateBpm>
            <Cadence>68</Cadence>
            <DistanceMeters>2983.86080</DistanceMeters>
            <Extensions>
              <TPX xmlns="http://www.garmin.com/xmlschemas/ActivityExtension/v2">
                <Watts>48</Watts>
              </TPX>
            </Extensions>
          </Trackpoint>
          <Trackpoint>
            <Time>2010-10-19T21:12:31Z</Time>
            <HeartRateBpm>
              <Value>0</Value>
            </HeartRateBpm>
            <Cadence>68</Cadence>
            <DistanceMeters>2986.78039</DistanceMeters>
            <Extensions>
              <TPX xmlns="http://www.garmin.com/xmlschemas/ActivityExtension/v2">
                <Watts>54</Watts>
              </TPX>
            </Extensions>
          </Trackpoint>
          <Trackpoint>
            <Time>2010-10-19T21:12:32Z</Time>
            <HeartRateBpm>
              <Value>0</Value>
            </HeartRateBpm>
            <Cadence>68</Cadence>
            <DistanceMeters>2989.69998</DistanceMeters>
            <Extensions>
              <TPX xmlns="http://www.garmin.com/xmlschemas/ActivityExtension/v2">
                <Watts>60</Watts>
              </TPX>
            </Extensions>
          </Trackpoint>
          <Trackpoint>
            <Time>2010-10-19T21:12:33Z</Time>
            <HeartRateBpm>
              <Value>0</Value>
            </HeartRateBpm>
            <Cadence>69</Cadence>
            <DistanceMeters>2992.72656</DistanceMeters>
            <Extensions>
              <TPX xmlns="http://www.garmin.com/xmlschemas/ActivityExtension/v2">
                <Watts>63</Watts>
              </TPX>
            </Extensions>
          </Trackpoint>
          <Trackpoint>
            <Time>2010-10-19T21:12:34Z</Time>
            <HeartRateBpm>
              <Value>0</Value>
            </HeartRateBpm>
            <Cadence>69</Cadence>
            <DistanceMeters>2995.75966</DistanceMeters>
            <Extensions>
              <TPX xmlns="http://www.garmin.com/xmlschemas/ActivityExtension/v2">
                <Watts>66</Watts>
              </TPX>
            </Extensions>
          </Trackpoint>
          <Trackpoint>
            <Time>2010-10-19T21:12:35Z</Time>
            <HeartRateBpm>
              <Value>0</Value>
            </HeartRateBpm>
            <Cadence>69</Cadence>
            <DistanceMeters>2999.15799</DistanceMeters>
            <Extensions>
              <TPX xmlns="http://www.garmin.com/xmlschemas/ActivityExtension/v2">
                <Watts>77</Watts>
              </TPX>
            </Extensions>
          </Trackpoint>
          <Trackpoint>
            <Time>2010-10-19T21:12:36Z</Time>
            <HeartRateBpm>
              <Value>0</Value>
            </HeartRateBpm>
            <Cadence>70</Cadence>
            <DistanceMeters>3002.63880</DistanceMeters>
            <Extensions>
              <TPX xmlns="http://www.garmin.com/xmlschemas/ActivityExtension/v2">
                <Watts>90</Watts>
              </TPX>
            </Extensions>
          </Trackpoint>
          <Trackpoint>
            <Time>2010-10-19T21:12:37Z</Time>
            <HeartRateBpm>
              <Value>0</Value>
            </HeartRateBpm>
            <Cadence>73</Cadence>
            <DistanceMeters>3006.16740</DistanceMeters>
            <Extensions>
              <TPX xmlns="http://www.garmin.com/xmlschemas/ActivityExtension/v2">
                <Watts>96</Watts>
              </TPX>
            </Extensions>
          </Trackpoint>
          <Trackpoint>
            <Time>2010-10-19T21:12:38Z</Time>
            <HeartRateBpm>
              <Value>0</Value>
            </HeartRateBpm>
            <Cadence>76</Cadence>
            <DistanceMeters>3009.71757</DistanceMeters>
            <Extensions>
              <TPX xmlns="http://www.garmin.com/xmlschemas/ActivityExtension/v2">
                <Watts>98</Watts>
              </TPX>
            </Extensions>
          </Trackpoint>
          <Trackpoint>
            <Time>2010-10-19T21:12:39Z</Time>
            <HeartRateBpm>
              <Value>0</Value>
            </HeartRateBpm>
            <Cadence>78</Cadence>
            <DistanceMeters>3013.09167</DistanceMeters>
            <Extensions>
              <TPX xmlns="http://www.garmin.com/xmlschemas/ActivityExtension/v2">
                <Watts>94</Watts>
              </TPX>
            </Extensions>
          </Trackpoint>
          <Trackpoint>
            <Time>2010-10-19T21:12:40Z</Time>
            <HeartRateBpm>
              <Value>0</Value>
            </HeartRateBpm>
            <Cadence>80</Cadence>
            <DistanceMeters>3016.32866</DistanceMeters>
            <Extensions>
              <TPX xmlns="http://www.garmin.com/xmlschemas/ActivityExtension/v2">
                <Watts>84</Watts>
              </TPX>
            </Extensions>
          </Trackpoint>
          <Trackpoint>
            <Time>2010-10-19T21:12:41Z</Time>
            <HeartRateBpm>
              <Value>0</Value>
            </HeartRateBpm>
            <Cadence>80</Cadence>
            <DistanceMeters>3019.45216</DistanceMeters>
            <Extensions>
              <TPX xmlns="http://www.garmin.com/xmlschemas/ActivityExtension/v2">
                <Watts>75</Watts>
              </TPX>
            </Extensions>
          </Trackpoint>
          <Trackpoint>
            <Time>2010-10-19T21:12:42Z</Time>
            <HeartRateBpm>
              <Value>0</Value>
            </HeartRateBpm>
            <Cadence>78</Cadence>
            <DistanceMeters>3022.42850</DistanceMeters>
            <Extensions>
              <TPX xmlns="http://www.garmin.com/xmlschemas/ActivityExtension/v2">
                <Watts>68</Watts>
              </TPX>
            </Extensions>
          </Trackpoint>
          <Trackpoint>
            <Time>2010-10-19T21:12:43Z</Time>
            <HeartRateBpm>
              <Value>0</Value>
            </HeartRateBpm>
            <Cadence>77</Cadence>
            <DistanceMeters>3025.49047</DistanceMeters>
            <Extensions>
              <TPX xmlns="http://www.garmin.com/xmlschemas/ActivityExtension/v2">
                <Watts>66</Watts>
              </TPX>
            </Extensions>
          </Trackpoint>
          <Trackpoint>
            <Time>2010-10-19T21:12:44Z</Time>
            <HeartRateBpm>
              <Value>0</Value>
            </HeartRateBpm>
            <Cadence>77</Cadence>
            <DistanceMeters>3028.74427</DistanceMeters>
            <Extensions>
              <TPX xmlns="http://www.garmin.com/xmlschemas/ActivityExtension/v2">
                <Watts>73</Watts>
              </TPX>
            </Extensions>
          </Trackpoint>
          <Trackpoint>
            <Time>2010-10-19T21:12:45Z</Time>
            <HeartRateBpm>
              <Value>0</Value>
            </HeartRateBpm>
            <Cadence>77</Cadence>
            <DistanceMeters>3031.99807</DistanceMeters>
            <Extensions>
              <TPX xmlns="http://www.garmin.com/xmlschemas/ActivityExtension/v2">
                <Watts>80</Watts>
              </TPX>
            </Extensions>
          </Trackpoint>
          <Trackpoint>
            <Time>2010-10-19T21:12:46Z</Time>
            <HeartRateBpm>
              <Value>0</Value>
            </HeartRateBpm>
            <Cadence>77</Cadence>
            <DistanceMeters>3035.25187</DistanceMeters>
            <Extensions>
              <TPX xmlns="http://www.garmin.com/xmlschemas/ActivityExtension/v2">
                <Watts>80</Watts>
              </TPX>
            </Extensions>
          </Trackpoint>
          <Trackpoint>
            <Time>2010-10-19T21:12:47Z</Time>
            <HeartRateBpm>
              <Value>0</Value>
            </HeartRateBpm>
            <Cadence>77</Cadence>
            <DistanceMeters>3038.50740</DistanceMeters>
            <Extensions>
              <TPX xmlns="http://www.garmin.com/xmlschemas/ActivityExtension/v2">
                <Watts>80</Watts>
              </TPX>
            </Extensions>
          </Trackpoint>
          <Trackpoint>
            <Time>2010-10-19T21:12:48Z</Time>
            <HeartRateBpm>
              <Value>0</Value>
            </HeartRateBpm>
            <Cadence>77</Cadence>
            <DistanceMeters>3041.79273</DistanceMeters>
            <Extensions>
              <TPX xmlns="http://www.garmin.com/xmlschemas/ActivityExtension/v2">
                <Watts>80</Watts>
              </TPX>
            </Extensions>
          </Trackpoint>
          <Trackpoint>
            <Time>2010-10-19T21:12:49Z</Time>
            <HeartRateBpm>
              <Value>0</Value>
            </HeartRateBpm>
            <Cadence>78</Cadence>
            <DistanceMeters>3045.07806</DistanceMeters>
            <Extensions>
              <TPX xmlns="http://www.garmin.com/xmlschemas/ActivityExtension/v2">
                <Watts>81</Watts>
              </TPX>
            </Extensions>
          </Trackpoint>
          <Trackpoint>
            <Time>2010-10-19T21:12:50Z</Time>
            <HeartRateBpm>
              <Value>0</Value>
            </HeartRateBpm>
            <Cadence>78</Cadence>
            <DistanceMeters>3048.07658</DistanceMeters>
            <Extensions>
              <TPX xmlns="http://www.garmin.com/xmlschemas/ActivityExtension/v2">
                <Watts>74</Watts>
              </TPX>
            </Extensions>
          </Trackpoint>
          <Trackpoint>
            <Time>2010-10-19T21:12:51Z</Time>
            <HeartRateBpm>
              <Value>0</Value>
            </HeartRateBpm>
            <Cadence>78</Cadence>
            <DistanceMeters>3051.05292</DistanceMeters>
            <Extensions>
              <TPX xmlns="http://www.garmin.com/xmlschemas/ActivityExtension/v2">
                <Watts>65</Watts>
              </TPX>
            </Extensions>
          </Trackpoint>
          <Trackpoint>
            <Time>2010-10-19T21:12:52Z</Time>
            <HeartRateBpm>
              <Value>0</Value>
            </HeartRateBpm>
            <Cadence>77</Cadence>
            <DistanceMeters>3054.01411</DistanceMeters>
            <Extensions>
              <TPX xmlns="http://www.garmin.com/xmlschemas/ActivityExtension/v2">
                <Watts>63</Watts>
              </TPX>
            </Extensions>
          </Trackpoint>
          <Trackpoint>
            <Time>2010-10-19T21:12:53Z</Time>
            <HeartRateBpm>
              <Value>0</Value>
            </HeartRateBpm>
            <Cadence>76</Cadence>
            <DistanceMeters>3056.97153</DistanceMeters>
            <Extensions>
              <TPX xmlns="http://www.garmin.com/xmlschemas/ActivityExtension/v2">
                <Watts>63</Watts>
              </TPX>
            </Extensions>
          </Trackpoint>
          <Trackpoint>
            <Time>2010-10-19T21:12:54Z</Time>
            <HeartRateBpm>
              <Value>0</Value>
            </HeartRateBpm>
            <Cadence>75</Cadence>
            <DistanceMeters>3059.99135</DistanceMeters>
            <Extensions>
              <TPX xmlns="http://www.garmin.com/xmlschemas/ActivityExtension/v2">
                <Watts>64</Watts>
              </TPX>
            </Extensions>
          </Trackpoint>
          <Trackpoint>
            <Time>2010-10-19T21:12:55Z</Time>
            <HeartRateBpm>
              <Value>0</Value>
            </HeartRateBpm>
            <Cadence>74</Cadence>
            <DistanceMeters>3063.04126</DistanceMeters>
            <Extensions>
              <TPX xmlns="http://www.garmin.com/xmlschemas/ActivityExtension/v2">
                <Watts>66</Watts>
              </TPX>
            </Extensions>
          </Trackpoint>
          <Trackpoint>
            <Time>2010-10-19T21:12:56Z</Time>
            <HeartRateBpm>
              <Value>0</Value>
            </HeartRateBpm>
            <Cadence>82</Cadence>
            <DistanceMeters>3066.65313</DistanceMeters>
            <Extensions>
              <TPX xmlns="http://www.garmin.com/xmlschemas/ActivityExtension/v2">
                <Watts>87</Watts>
              </TPX>
            </Extensions>
          </Trackpoint>
          <Trackpoint>
            <Time>2010-10-19T21:12:57Z</Time>
            <HeartRateBpm>
              <Value>0</Value>
            </HeartRateBpm>
            <Cadence>98</Cadence>
            <DistanceMeters>3070.72878</DistanceMeters>
            <Extensions>
              <TPX xmlns="http://www.garmin.com/xmlschemas/ActivityExtension/v2">
                <Watts>122</Watts>
              </TPX>
            </Extensions>
          </Trackpoint>
          <Trackpoint>
            <Time>2010-10-19T21:12:58Z</Time>
            <HeartRateBpm>
              <Value>0</Value>
            </HeartRateBpm>
            <Cadence>109</Cadence>
            <DistanceMeters>3074.97083</DistanceMeters>
            <Extensions>
              <TPX xmlns="http://www.garmin.com/xmlschemas/ActivityExtension/v2">
                <Watts>150</Watts>
              </TPX>
            </Extensions>
          </Trackpoint>
          <Trackpoint>
            <Time>2010-10-19T21:12:59Z</Time>
            <HeartRateBpm>
              <Value>0</Value>
            </HeartRateBpm>
            <Cadence>115</Cadence>
            <DistanceMeters>3079.44165</DistanceMeters>
            <Extensions>
              <TPX xmlns="http://www.garmin.com/xmlschemas/ActivityExtension/v2">
                <Watts>169</Watts>
              </TPX>
            </Extensions>
          </Trackpoint>
          <Trackpoint>
            <Time>2010-10-19T21:13:00Z</Time>
            <HeartRateBpm>
              <Value>0</Value>
            </HeartRateBpm>
            <Cadence>120</Cadence>
            <DistanceMeters>3083.95205</DistanceMeters>
            <Extensions>
              <TPX xmlns="http://www.garmin.com/xmlschemas/ActivityExtension/v2">
                <Watts>184</Watts>
              </TPX>
            </Extensions>
          </Trackpoint>
          <Trackpoint>
            <Time>2010-10-19T21:13:01Z</Time>
            <HeartRateBpm>
              <Value>0</Value>
            </HeartRateBpm>
            <Cadence>120</Cadence>
            <DistanceMeters>3088.55740</DistanceMeters>
            <Extensions>
              <TPX xmlns="http://www.garmin.com/xmlschemas/ActivityExtension/v2">
                <Watts>191</Watts>
              </TPX>
            </Extensions>
          </Trackpoint>
          <Trackpoint>
            <Time>2010-10-19T21:13:02Z</Time>
            <HeartRateBpm>
              <Value>0</Value>
            </HeartRateBpm>
            <Cadence>120</Cadence>
            <DistanceMeters>3093.14479</DistanceMeters>
            <Extensions>
              <TPX xmlns="http://www.garmin.com/xmlschemas/ActivityExtension/v2">
                <Watts>196</Watts>
              </TPX>
            </Extensions>
          </Trackpoint>
          <Trackpoint>
            <Time>2010-10-19T21:13:03Z</Time>
            <HeartRateBpm>
              <Value>0</Value>
            </HeartRateBpm>
            <Cadence>117</Cadence>
            <DistanceMeters>3097.64294</DistanceMeters>
            <Extensions>
              <TPX xmlns="http://www.garmin.com/xmlschemas/ActivityExtension/v2">
                <Watts>190</Watts>
              </TPX>
            </Extensions>
          </Trackpoint>
          <Trackpoint>
            <Time>2010-10-19T21:13:04Z</Time>
            <HeartRateBpm>
              <Value>0</Value>
            </HeartRateBpm>
            <Cadence>114</Cadence>
            <DistanceMeters>3102.15151</DistanceMeters>
            <Extensions>
              <TPX xmlns="http://www.garmin.com/xmlschemas/ActivityExtension/v2">
                <Watts>185</Watts>
              </TPX>
            </Extensions>
          </Trackpoint>
          <Trackpoint>
            <Time>2010-10-19T21:13:05Z</Time>
            <HeartRateBpm>
              <Value>0</Value>
            </HeartRateBpm>
            <Cadence>113</Cadence>
            <DistanceMeters>3106.90610</DistanceMeters>
            <Extensions>
              <TPX xmlns="http://www.garmin.com/xmlschemas/ActivityExtension/v2">
                <Watts>199</Watts>
              </TPX>
            </Extensions>
          </Trackpoint>
          <Trackpoint>
            <Time>2010-10-19T21:13:06Z</Time>
            <HeartRateBpm>
              <Value>0</Value>
            </HeartRateBpm>
            <Cadence>112</Cadence>
            <DistanceMeters>3111.66068</DistanceMeters>
            <Extensions>
              <TPX xmlns="http://www.garmin.com/xmlschemas/ActivityExtension/v2">
                <Watts>212</Watts>
              </TPX>
            </Extensions>
          </Trackpoint>
          <Trackpoint>
            <Time>2010-10-19T21:13:07Z</Time>
            <HeartRateBpm>
              <Value>0</Value>
            </HeartRateBpm>
            <Cadence>112</Cadence>
            <DistanceMeters>3116.45368</DistanceMeters>
            <Extensions>
              <TPX xmlns="http://www.garmin.com/xmlschemas/ActivityExtension/v2">
                <Watts>216</Watts>
              </TPX>
            </Extensions>
          </Trackpoint>
          <Trackpoint>
            <Time>2010-10-19T21:13:08Z</Time>
            <HeartRateBpm>
              <Value>0</Value>
            </HeartRateBpm>
            <Cadence>112</Cadence>
            <DistanceMeters>3121.25030</DistanceMeters>
            <Extensions>
              <TPX xmlns="http://www.garmin.com/xmlschemas/ActivityExtension/v2">
                <Watts>218</Watts>
              </TPX>
            </Extensions>
          </Trackpoint>
          <Trackpoint>
            <Time>2010-10-19T21:13:09Z</Time>
            <HeartRateBpm>
              <Value>0</Value>
            </HeartRateBpm>
            <Cadence>113</Cadence>
            <DistanceMeters>3126.06512</DistanceMeters>
            <Extensions>
              <TPX xmlns="http://www.garmin.com/xmlschemas/ActivityExtension/v2">
                <Watts>220</Watts>
              </TPX>
            </Extensions>
          </Trackpoint>
          <Trackpoint>
            <Time>2010-10-19T21:13:10Z</Time>
            <HeartRateBpm>
              <Value>0</Value>
            </HeartRateBpm>
            <Cadence>113</Cadence>
            <DistanceMeters>3130.88487</DistanceMeters>
            <Extensions>
              <TPX xmlns="http://www.garmin.com/xmlschemas/ActivityExtension/v2">
                <Watts>221</Watts>
              </TPX>
            </Extensions>
          </Trackpoint>
          <Trackpoint>
            <Time>2010-10-19T21:13:11Z</Time>
            <HeartRateBpm>
              <Value>0</Value>
            </HeartRateBpm>
            <Cadence>113</Cadence>
            <DistanceMeters>3135.87532</DistanceMeters>
            <Extensions>
              <TPX xmlns="http://www.garmin.com/xmlschemas/ActivityExtension/v2">
                <Watts>232</Watts>
              </TPX>
            </Extensions>
          </Trackpoint>
          <Trackpoint>
            <Time>2010-10-19T21:13:12Z</Time>
            <HeartRateBpm>
              <Value>0</Value>
            </HeartRateBpm>
            <Cadence>113</Cadence>
            <DistanceMeters>3140.95360</DistanceMeters>
            <Extensions>
              <TPX xmlns="http://www.garmin.com/xmlschemas/ActivityExtension/v2">
                <Watts>247</Watts>
              </TPX>
            </Extensions>
          </Trackpoint>
          <Trackpoint>
            <Time>2010-10-19T21:13:13Z</Time>
            <HeartRateBpm>
              <Value>0</Value>
            </HeartRateBpm>
            <Cadence>115</Cadence>
            <DistanceMeters>3145.96236</DistanceMeters>
            <Extensions>
              <TPX xmlns="http://www.garmin.com/xmlschemas/ActivityExtension/v2">
                <Watts>250</Watts>
              </TPX>
            </Extensions>
          </Trackpoint>
          <Trackpoint>
            <Time>2010-10-19T21:13:14Z</Time>
            <HeartRateBpm>
              <Value>0</Value>
            </HeartRateBpm>
            <Cadence>116</Cadence>
            <DistanceMeters>3150.91032</DistanceMeters>
            <Extensions>
              <TPX xmlns="http://www.garmin.com/xmlschemas/ActivityExtension/v2">
                <Watts>242</Watts>
              </TPX>
            </Extensions>
          </Trackpoint>
          <Trackpoint>
            <Time>2010-10-19T21:13:15Z</Time>
            <HeartRateBpm>
              <Value>0</Value>
            </HeartRateBpm>
            <Cadence>117</Cadence>
            <DistanceMeters>3155.80357</DistanceMeters>
            <Extensions>
              <TPX xmlns="http://www.garmin.com/xmlschemas/ActivityExtension/v2">
                <Watts>234</Watts>
              </TPX>
            </Extensions>
          </Trackpoint>
          <Trackpoint>
            <Time>2010-10-19T21:13:16Z</Time>
            <HeartRateBpm>
              <Value>0</Value>
            </HeartRateBpm>
            <Cadence>116</Cadence>
            <DistanceMeters>3160.61701</DistanceMeters>
            <Extensions>
              <TPX xmlns="http://www.garmin.com/xmlschemas/ActivityExtension/v2">
                <Watts>226</Watts>
              </TPX>
            </Extensions>
          </Trackpoint>
          <Trackpoint>
            <Time>2010-10-19T21:13:17Z</Time>
            <HeartRateBpm>
              <Value>0</Value>
            </HeartRateBpm>
            <Cadence>115</Cadence>
            <DistanceMeters>3165.45280</DistanceMeters>
            <Extensions>
              <TPX xmlns="http://www.garmin.com/xmlschemas/ActivityExtension/v2">
                <Watts>222</Watts>
              </TPX>
            </Extensions>
          </Trackpoint>
          <Trackpoint>
            <Time>2010-10-19T21:13:18Z</Time>
            <HeartRateBpm>
              <Value>0</Value>
            </HeartRateBpm>
            <Cadence>111</Cadence>
            <DistanceMeters>3170.34611</DistanceMeters>
            <Extensions>
              <TPX xmlns="http://www.garmin.com/xmlschemas/ActivityExtension/v2">
                <Watts>227</Watts>
              </TPX>
            </Extensions>
          </Trackpoint>
          <Trackpoint>
            <Time>2010-10-19T21:13:19Z</Time>
            <HeartRateBpm>
              <Value>0</Value>
            </HeartRateBpm>
            <Cadence>108</Cadence>
            <DistanceMeters>3175.24071</DistanceMeters>
            <Extensions>
              <TPX xmlns="http://www.garmin.com/xmlschemas/ActivityExtension/v2">
                <Watts>231</Watts>
              </TPX>
            </Extensions>
          </Trackpoint>
          <Trackpoint>
            <Time>2010-10-19T21:13:20Z</Time>
            <HeartRateBpm>
              <Value>0</Value>
            </HeartRateBpm>
            <Cadence>108</Cadence>
            <DistanceMeters>3180.14243</DistanceMeters>
            <Extensions>
              <TPX xmlns="http://www.garmin.com/xmlschemas/ActivityExtension/v2">
                <Watts>231</Watts>
              </TPX>
            </Extensions>
          </Trackpoint>
          <Trackpoint>
            <Time>2010-10-19T21:13:21Z</Time>
            <HeartRateBpm>
              <Value>0</Value>
            </HeartRateBpm>
            <Cadence>107</Cadence>
            <DistanceMeters>3185.04066</DistanceMeters>
            <Extensions>
              <TPX xmlns="http://www.garmin.com/xmlschemas/ActivityExtension/v2">
                <Watts>231</Watts>
              </TPX>
            </Extensions>
          </Trackpoint>
          <Trackpoint>
            <Time>2010-10-19T21:13:22Z</Time>
            <HeartRateBpm>
              <Value>0</Value>
            </HeartRateBpm>
            <Cadence>106</Cadence>
            <DistanceMeters>3189.80996</DistanceMeters>
            <Extensions>
              <TPX xmlns="http://www.garmin.com/xmlschemas/ActivityExtension/v2">
                <Watts>224</Watts>
              </TPX>
            </Extensions>
          </Trackpoint>
          <Trackpoint>
            <Time>2010-10-19T21:13:23Z</Time>
            <HeartRateBpm>
              <Value>0</Value>
            </HeartRateBpm>
            <Cadence>105</Cadence>
            <DistanceMeters>3194.57925</DistanceMeters>
            <Extensions>
              <TPX xmlns="http://www.garmin.com/xmlschemas/ActivityExtension/v2">
                <Watts>216</Watts>
              </TPX>
            </Extensions>
          </Trackpoint>
          <Trackpoint>
            <Time>2010-10-19T21:13:24Z</Time>
            <HeartRateBpm>
              <Value>0</Value>
            </HeartRateBpm>
            <Cadence>104</Cadence>
            <DistanceMeters>3199.42418</DistanceMeters>
            <Extensions>
              <TPX xmlns="http://www.garmin.com/xmlschemas/ActivityExtension/v2">
                <Watts>220</Watts>
              </TPX>
            </Extensions>
          </Trackpoint>
          <Trackpoint>
            <Time>2010-10-19T21:13:25Z</Time>
            <HeartRateBpm>
              <Value>0</Value>
            </HeartRateBpm>
            <Cadence>104</Cadence>
            <DistanceMeters>3204.27755</DistanceMeters>
            <Extensions>
              <TPX xmlns="http://www.garmin.com/xmlschemas/ActivityExtension/v2">
                <Watts>224</Watts>
              </TPX>
            </Extensions>
          </Trackpoint>
          <Trackpoint>
            <Time>2010-10-19T21:13:26Z</Time>
            <HeartRateBpm>
              <Value>0</Value>
            </HeartRateBpm>
            <Cadence>103</Cadence>
            <DistanceMeters>3209.14230</DistanceMeters>
            <Extensions>
              <TPX xmlns="http://www.garmin.com/xmlschemas/ActivityExtension/v2">
                <Watts>226</Watts>
              </TPX>
            </Extensions>
          </Trackpoint>
          <Trackpoint>
            <Time>2010-10-19T21:13:27Z</Time>
            <HeartRateBpm>
              <Value>0</Value>
            </HeartRateBpm>
            <Cadence>102</Cadence>
            <DistanceMeters>3214.01038</DistanceMeters>
            <Extensions>
              <TPX xmlns="http://www.garmin.com/xmlschemas/ActivityExtension/v2">
                <Watts>227</Watts>
              </TPX>
            </Extensions>
          </Trackpoint>
          <Trackpoint>
            <Time>2010-10-19T21:13:28Z</Time>
            <HeartRateBpm>
              <Value>0</Value>
            </HeartRateBpm>
            <Cadence>102</Cadence>
            <DistanceMeters>3219.01424</DistanceMeters>
            <Extensions>
              <TPX xmlns="http://www.garmin.com/xmlschemas/ActivityExtension/v2">
                <Watts>236</Watts>
              </TPX>
            </Extensions>
          </Trackpoint>
          <Trackpoint>
            <Time>2010-10-19T21:13:29Z</Time>
            <HeartRateBpm>
              <Value>0</Value>
            </HeartRateBpm>
            <Cadence>102</Cadence>
            <DistanceMeters>3224.09252</DistanceMeters>
            <Extensions>
              <TPX xmlns="http://www.garmin.com/xmlschemas/ActivityExtension/v2">
                <Watts>248</Watts>
              </TPX>
            </Extensions>
          </Trackpoint>
          <Trackpoint>
            <Time>2010-10-19T21:13:30Z</Time>
            <HeartRateBpm>
              <Value>0</Value>
            </HeartRateBpm>
            <Cadence>103</Cadence>
            <DistanceMeters>3229.27883</DistanceMeters>
            <Extensions>
              <TPX xmlns="http://www.garmin.com/xmlschemas/ActivityExtension/v2">
                <Watts>262</Watts>
              </TPX>
            </Extensions>
          </Trackpoint>
          <Trackpoint>
            <Time>2010-10-19T21:13:31Z</Time>
            <HeartRateBpm>
              <Value>0</Value>
            </HeartRateBpm>
            <Cadence>105</Cadence>
            <DistanceMeters>3234.56521</DistanceMeters>
            <Extensions>
              <TPX xmlns="http://www.garmin.com/xmlschemas/ActivityExtension/v2">
                <Watts>275</Watts>
              </TPX>
            </Extensions>
          </Trackpoint>
          <Trackpoint>
            <Time>2010-10-19T21:13:32Z</Time>
            <HeartRateBpm>
              <Value>0</Value>
            </HeartRateBpm>
            <Cadence>107</Cadence>
            <DistanceMeters>3239.87302</DistanceMeters>
            <Extensions>
              <TPX xmlns="http://www.garmin.com/xmlschemas/ActivityExtension/v2">
                <Watts>285</Watts>
              </TPX>
            </Extensions>
          </Trackpoint>
          <Trackpoint>
            <Time>2010-10-19T21:13:33Z</Time>
            <HeartRateBpm>
              <Value>0</Value>
            </HeartRateBpm>
            <Cadence>108</Cadence>
            <DistanceMeters>3245.21405</DistanceMeters>
            <Extensions>
              <TPX xmlns="http://www.garmin.com/xmlschemas/ActivityExtension/v2">
                <Watts>289</Watts>
              </TPX>
            </Extensions>
          </Trackpoint>
          <Trackpoint>
            <Time>2010-10-19T21:13:34Z</Time>
            <HeartRateBpm>
              <Value>0</Value>
            </HeartRateBpm>
            <Cadence>109</Cadence>
            <DistanceMeters>3250.44455</DistanceMeters>
            <Extensions>
              <TPX xmlns="http://www.garmin.com/xmlschemas/ActivityExtension/v2">
                <Watts>284</Watts>
              </TPX>
            </Extensions>
          </Trackpoint>
          <Trackpoint>
            <Time>2010-10-19T21:13:35Z</Time>
            <HeartRateBpm>
              <Value>0</Value>
            </HeartRateBpm>
            <Cadence>108</Cadence>
            <DistanceMeters>3255.36939</DistanceMeters>
            <Extensions>
              <TPX xmlns="http://www.garmin.com/xmlschemas/ActivityExtension/v2">
                <Watts>258</Watts>
              </TPX>
            </Extensions>
          </Trackpoint>
          <Trackpoint>
            <Time>2010-10-19T21:13:36Z</Time>
            <HeartRateBpm>
              <Value>0</Value>
            </HeartRateBpm>
            <Cadence>107</Cadence>
            <DistanceMeters>3260.26448</DistanceMeters>
            <Extensions>
              <TPX xmlns="http://www.garmin.com/xmlschemas/ActivityExtension/v2">
                <Watts>233</Watts>
              </TPX>
            </Extensions>
          </Trackpoint>
          <Trackpoint>
            <Time>2010-10-19T21:13:37Z</Time>
            <HeartRateBpm>
              <Value>0</Value>
            </HeartRateBpm>
            <Cadence>106</Cadence>
            <DistanceMeters>3264.97492</DistanceMeters>
            <Extensions>
              <TPX xmlns="http://www.garmin.com/xmlschemas/ActivityExtension/v2">
                <Watts>221</Watts>
              </TPX>
            </Extensions>
          </Trackpoint>
          <Trackpoint>
            <Time>2010-10-19T21:13:38Z</Time>
            <HeartRateBpm>
              <Value>0</Value>
            </HeartRateBpm>
            <Cadence>105</Cadence>
            <DistanceMeters>3269.68803</DistanceMeters>
            <Extensions>
              <TPX xmlns="http://www.garmin.com/xmlschemas/ActivityExtension/v2">
                <Watts>209</Watts>
              </TPX>
            </Extensions>
          </Trackpoint>
          <Trackpoint>
            <Time>2010-10-19T21:13:39Z</Time>
            <HeartRateBpm>
              <Value>0</Value>
            </HeartRateBpm>
            <Cadence>105</Cadence>
            <DistanceMeters>3274.62128</DistanceMeters>
            <Extensions>
              <TPX xmlns="http://www.garmin.com/xmlschemas/ActivityExtension/v2">
                <Watts>221</Watts>
              </TPX>
            </Extensions>
          </Trackpoint>
          <Trackpoint>
            <Time>2010-10-19T21:13:40Z</Time>
            <HeartRateBpm>
              <Value>0</Value>
            </HeartRateBpm>
            <Cadence>104</Cadence>
            <DistanceMeters>3279.55453</DistanceMeters>
            <Extensions>
              <TPX xmlns="http://www.garmin.com/xmlschemas/ActivityExtension/v2">
                <Watts>234</Watts>
              </TPX>
            </Extensions>
          </Trackpoint>
          <Trackpoint>
            <Time>2010-10-19T21:13:41Z</Time>
            <HeartRateBpm>
              <Value>0</Value>
            </HeartRateBpm>
            <Cadence>104</Cadence>
            <DistanceMeters>3284.43940</DistanceMeters>
            <Extensions>
              <TPX xmlns="http://www.garmin.com/xmlschemas/ActivityExtension/v2">
                <Watts>233</Watts>
              </TPX>
            </Extensions>
          </Trackpoint>
          <Trackpoint>
            <Time>2010-10-19T21:13:42Z</Time>
            <HeartRateBpm>
              <Value>0</Value>
            </HeartRateBpm>
            <Cadence>104</Cadence>
            <DistanceMeters>3289.31800</DistanceMeters>
            <Extensions>
              <TPX xmlns="http://www.garmin.com/xmlschemas/ActivityExtension/v2">
                <Watts>229</Watts>
              </TPX>
            </Extensions>
          </Trackpoint>
          <Trackpoint>
            <Time>2010-10-19T21:13:43Z</Time>
            <HeartRateBpm>
              <Value>0</Value>
            </HeartRateBpm>
            <Cadence>105</Cadence>
            <DistanceMeters>3294.27470</DistanceMeters>
            <Extensions>
              <TPX xmlns="http://www.garmin.com/xmlschemas/ActivityExtension/v2">
                <Watts>233</Watts>
              </TPX>
            </Extensions>
          </Trackpoint>
          <Trackpoint>
            <Time>2010-10-19T21:13:44Z</Time>
            <HeartRateBpm>
              <Value>0</Value>
            </HeartRateBpm>
            <Cadence>106</Cadence>
            <DistanceMeters>3299.25630</DistanceMeters>
            <Extensions>
              <TPX xmlns="http://www.garmin.com/xmlschemas/ActivityExtension/v2">
                <Watts>239</Watts>
              </TPX>
            </Extensions>
          </Trackpoint>
          <Trackpoint>
            <Time>2010-10-19T21:13:45Z</Time>
            <HeartRateBpm>
              <Value>0</Value>
            </HeartRateBpm>
            <Cadence>107</Cadence>
            <DistanceMeters>3304.02283</DistanceMeters>
            <Extensions>
              <TPX xmlns="http://www.garmin.com/xmlschemas/ActivityExtension/v2">
                <Watts>229</Watts>
              </TPX>
            </Extensions>
          </Trackpoint>
          <Trackpoint>
            <Time>2010-10-19T21:13:46Z</Time>
            <HeartRateBpm>
              <Value>0</Value>
            </HeartRateBpm>
            <Cadence>107</Cadence>
            <DistanceMeters>3308.66390</DistanceMeters>
            <Extensions>
              <TPX xmlns="http://www.garmin.com/xmlschemas/ActivityExtension/v2">
                <Watts>210</Watts>
              </TPX>
            </Extensions>
          </Trackpoint>
          <Trackpoint>
            <Time>2010-10-19T21:13:47Z</Time>
            <HeartRateBpm>
              <Value>0</Value>
            </HeartRateBpm>
            <Cadence>106</Cadence>
            <DistanceMeters>3313.15644</DistanceMeters>
            <Extensions>
              <TPX xmlns="http://www.garmin.com/xmlschemas/ActivityExtension/v2">
                <Watts>193</Watts>
              </TPX>
            </Extensions>
          </Trackpoint>
          <Trackpoint>
            <Time>2010-10-19T21:13:48Z</Time>
            <HeartRateBpm>
              <Value>0</Value>
            </HeartRateBpm>
            <Cadence>104</Cadence>
            <DistanceMeters>3317.50325</DistanceMeters>
            <Extensions>
              <TPX xmlns="http://www.garmin.com/xmlschemas/ActivityExtension/v2">
                <Watts>178</Watts>
              </TPX>
            </Extensions>
          </Trackpoint>
          <Trackpoint>
            <Time>2010-10-19T21:13:49Z</Time>
            <HeartRateBpm>
              <Value>0</Value>
            </HeartRateBpm>
            <Cadence>102</Cadence>
            <DistanceMeters>3321.85323</DistanceMeters>
            <Extensions>
              <TPX xmlns="http://www.garmin.com/xmlschemas/ActivityExtension/v2">
                <Watts>169</Watts>
              </TPX>
            </Extensions>
          </Trackpoint>
          <Trackpoint>
            <Time>2010-10-19T21:13:50Z</Time>
            <HeartRateBpm>
              <Value>0</Value>
            </HeartRateBpm>
            <Cadence>102</Cadence>
            <DistanceMeters>3326.20845</DistanceMeters>
            <Extensions>
              <TPX xmlns="http://www.garmin.com/xmlschemas/ActivityExtension/v2">
                <Watts>169</Watts>
              </TPX>
            </Extensions>
          </Trackpoint>
          <Trackpoint>
            <Time>2010-10-19T21:13:51Z</Time>
            <HeartRateBpm>
              <Value>0</Value>
            </HeartRateBpm>
            <Cadence>101</Cadence>
            <DistanceMeters>3330.61593</DistanceMeters>
            <Extensions>
              <TPX xmlns="http://www.garmin.com/xmlschemas/ActivityExtension/v2">
                <Watts>172</Watts>
              </TPX>
            </Extensions>
          </Trackpoint>
          <Trackpoint>
            <Time>2010-10-19T21:13:52Z</Time>
            <HeartRateBpm>
              <Value>0</Value>
            </HeartRateBpm>
            <Cadence>101</Cadence>
            <DistanceMeters>3335.17924</DistanceMeters>
            <Extensions>
              <TPX xmlns="http://www.garmin.com/xmlschemas/ActivityExtension/v2">
                <Watts>182</Watts>
              </TPX>
            </Extensions>
          </Trackpoint>
          <Trackpoint>
            <Time>2010-10-19T21:13:53Z</Time>
            <HeartRateBpm>
              <Value>0</Value>
            </HeartRateBpm>
            <Cadence>100</Cadence>
            <DistanceMeters>3339.76085</DistanceMeters>
            <Extensions>
              <TPX xmlns="http://www.garmin.com/xmlschemas/ActivityExtension/v2">
                <Watts>192</Watts>
              </TPX>
            </Extensions>
          </Trackpoint>
          <Trackpoint>
            <Time>2010-10-19T21:13:54Z</Time>
            <HeartRateBpm>
              <Value>0</Value>
            </HeartRateBpm>
            <Cadence>100</Cadence>
            <DistanceMeters>3344.47129</DistanceMeters>
            <Extensions>
              <TPX xmlns="http://www.garmin.com/xmlschemas/ActivityExtension/v2">
                <Watts>200</Watts>
              </TPX>
            </Extensions>
          </Trackpoint>
          <Trackpoint>
            <Time>2010-10-19T21:13:55Z</Time>
            <HeartRateBpm>
              <Value>0</Value>
            </HeartRateBpm>
            <Cadence>100</Cadence>
            <DistanceMeters>3349.18173</DistanceMeters>
            <Extensions>
              <TPX xmlns="http://www.garmin.com/xmlschemas/ActivityExtension/v2">
                <Watts>208</Watts>
              </TPX>
            </Extensions>
          </Trackpoint>
          <Trackpoint>
            <Time>2010-10-19T21:13:56Z</Time>
            <HeartRateBpm>
              <Value>0</Value>
            </HeartRateBpm>
            <Cadence>100</Cadence>
            <DistanceMeters>3353.66990</DistanceMeters>
            <Extensions>
              <TPX xmlns="http://www.garmin.com/xmlschemas/ActivityExtension/v2">
                <Watts>197</Watts>
              </TPX>
            </Extensions>
          </Trackpoint>
          <Trackpoint>
            <Time>2010-10-19T21:13:57Z</Time>
            <HeartRateBpm>
              <Value>0</Value>
            </HeartRateBpm>
            <Cadence>100</Cadence>
            <DistanceMeters>3358.15754</DistanceMeters>
            <Extensions>
              <TPX xmlns="http://www.garmin.com/xmlschemas/ActivityExtension/v2">
                <Watts>185</Watts>
              </TPX>
            </Extensions>
          </Trackpoint>
          <Trackpoint>
            <Time>2010-10-19T21:13:58Z</Time>
            <HeartRateBpm>
              <Value>0</Value>
            </HeartRateBpm>
            <Cadence>100</Cadence>
            <DistanceMeters>3362.61406</DistanceMeters>
            <Extensions>
              <TPX xmlns="http://www.garmin.com/xmlschemas/ActivityExtension/v2">
                <Watts>182</Watts>
              </TPX>
            </Extensions>
          </Trackpoint>
          <Trackpoint>
            <Time>2010-10-19T21:13:59Z</Time>
            <HeartRateBpm>
              <Value>0</Value>
            </HeartRateBpm>
            <Cadence>99</Cadence>
            <DistanceMeters>3367.06597</DistanceMeters>
            <Extensions>
              <TPX xmlns="http://www.garmin.com/xmlschemas/ActivityExtension/v2">
                <Watts>180</Watts>
              </TPX>
            </Extensions>
          </Trackpoint>
          <Trackpoint>
            <Time>2010-10-19T21:14:00Z</Time>
            <HeartRateBpm>
              <Value>0</Value>
            </HeartRateBpm>
            <Cadence>98</Cadence>
            <DistanceMeters>3371.31769</DistanceMeters>
            <Extensions>
              <TPX xmlns="http://www.garmin.com/xmlschemas/ActivityExtension/v2">
                <Watts>170</Watts>
              </TPX>
            </Extensions>
          </Trackpoint>
          <Trackpoint>
            <Time>2010-10-19T21:14:01Z</Time>
            <HeartRateBpm>
              <Value>0</Value>
            </HeartRateBpm>
            <Cadence>97</Cadence>
            <DistanceMeters>3375.50055</DistanceMeters>
            <Extensions>
              <TPX xmlns="http://www.garmin.com/xmlschemas/ActivityExtension/v2">
                <Watts>157</Watts>
              </TPX>
            </Extensions>
          </Trackpoint>
          <Trackpoint>
            <Time>2010-10-19T21:14:02Z</Time>
            <HeartRateBpm>
              <Value>0</Value>
            </HeartRateBpm>
            <Cadence>96</Cadence>
            <DistanceMeters>3379.74568</DistanceMeters>
            <Extensions>
              <TPX xmlns="http://www.garmin.com/xmlschemas/ActivityExtension/v2">
                <Watts>155</Watts>
              </TPX>
            </Extensions>
          </Trackpoint>
          <Trackpoint>
            <Time>2010-10-19T21:14:03Z</Time>
            <HeartRateBpm>
              <Value>0</Value>
            </HeartRateBpm>
            <Cadence>96</Cadence>
            <DistanceMeters>3384.02943</DistanceMeters>
            <Extensions>
              <TPX xmlns="http://www.garmin.com/xmlschemas/ActivityExtension/v2">
                <Watts>160</Watts>
              </TPX>
            </Extensions>
          </Trackpoint>
          <Trackpoint>
            <Time>2010-10-19T21:14:04Z</Time>
            <HeartRateBpm>
              <Value>0</Value>
            </HeartRateBpm>
            <Cadence>95</Cadence>
            <DistanceMeters>3388.26369</DistanceMeters>
            <Extensions>
              <TPX xmlns="http://www.garmin.com/xmlschemas/ActivityExtension/v2">
                <Watts>160</Watts>
              </TPX>
            </Extensions>
          </Trackpoint>
          <Trackpoint>
            <Time>2010-10-19T21:14:05Z</Time>
            <HeartRateBpm>
              <Value>0</Value>
            </HeartRateBpm>
            <Cadence>95</Cadence>
            <DistanceMeters>3392.44655</DistanceMeters>
            <Extensions>
              <TPX xmlns="http://www.garmin.com/xmlschemas/ActivityExtension/v2">
                <Watts>155</Watts>
              </TPX>
            </Extensions>
          </Trackpoint>
          <Trackpoint>
            <Time>2010-10-19T21:14:06Z</Time>
            <HeartRateBpm>
              <Value>0</Value>
            </HeartRateBpm>
            <Cadence>95</Cadence>
            <DistanceMeters>3396.64087</DistanceMeters>
            <Extensions>
              <TPX xmlns="http://www.garmin.com/xmlschemas/ActivityExtension/v2">
                <Watts>153</Watts>
              </TPX>
            </Extensions>
          </Trackpoint>
          <Trackpoint>
            <Time>2010-10-19T21:14:07Z</Time>
            <HeartRateBpm>
              <Value>0</Value>
            </HeartRateBpm>
            <Cadence>95</Cadence>
            <DistanceMeters>3400.85526</DistanceMeters>
            <Extensions>
              <TPX xmlns="http://www.garmin.com/xmlschemas/ActivityExtension/v2">
                <Watts>154</Watts>
              </TPX>
            </Extensions>
          </Trackpoint>
          <Trackpoint>
            <Time>2010-10-19T21:14:08Z</Time>
            <HeartRateBpm>
              <Value>0</Value>
            </HeartRateBpm>
            <Cadence>95</Cadence>
            <DistanceMeters>3405.11445</DistanceMeters>
            <Extensions>
              <TPX xmlns="http://www.garmin.com/xmlschemas/ActivityExtension/v2">
                <Watts>158</Watts>
              </TPX>
            </Extensions>
          </Trackpoint>
          <Trackpoint>
            <Time>2010-10-19T21:14:09Z</Time>
            <HeartRateBpm>
              <Value>0</Value>
            </HeartRateBpm>
            <Cadence>95</Cadence>
            <DistanceMeters>3409.51801</DistanceMeters>
            <Extensions>
              <TPX xmlns="http://www.garmin.com/xmlschemas/ActivityExtension/v2">
                <Watts>167</Watts>
              </TPX>
            </Extensions>
          </Trackpoint>
          <Trackpoint>
            <Time>2010-10-19T21:14:10Z</Time>
            <HeartRateBpm>
              <Value>0</Value>
            </HeartRateBpm>
            <Cadence>95</Cadence>
            <DistanceMeters>3413.94978</DistanceMeters>
            <Extensions>
              <TPX xmlns="http://www.garmin.com/xmlschemas/ActivityExtension/v2">
                <Watts>176</Watts>
              </TPX>
            </Extensions>
          </Trackpoint>
          <Trackpoint>
            <Time>2010-10-19T21:14:11Z</Time>
            <HeartRateBpm>
              <Value>0</Value>
            </HeartRateBpm>
            <Cadence>95</Cadence>
            <DistanceMeters>3418.60978</DistanceMeters>
            <Extensions>
              <TPX xmlns="http://www.garmin.com/xmlschemas/ActivityExtension/v2">
                <Watts>189</Watts>
              </TPX>
            </Extensions>
          </Trackpoint>
          <Trackpoint>
            <Time>2010-10-19T21:14:12Z</Time>
            <HeartRateBpm>
              <Value>0</Value>
            </HeartRateBpm>
            <Cadence>95</Cadence>
            <DistanceMeters>3423.26978</DistanceMeters>
            <Extensions>
              <TPX xmlns="http://www.garmin.com/xmlschemas/ActivityExtension/v2">
                <Watts>202</Watts>
              </TPX>
            </Extensions>
          </Trackpoint>
          <Trackpoint>
            <Time>2010-10-19T21:14:13Z</Time>
            <HeartRateBpm>
              <Value>0</Value>
            </HeartRateBpm>
            <Cadence>94</Cadence>
            <DistanceMeters>3427.36555</DistanceMeters>
            <Extensions>
              <TPX xmlns="http://www.garmin.com/xmlschemas/ActivityExtension/v2">
                <Watts>175</Watts>
              </TPX>
            </Extensions>
          </Trackpoint>
          <Trackpoint>
            <Time>2010-10-19T21:14:14Z</Time>
            <HeartRateBpm>
              <Value>0</Value>
            </HeartRateBpm>
            <Cadence>93</Cadence>
            <DistanceMeters>3431.45172</DistanceMeters>
            <Extensions>
              <TPX xmlns="http://www.garmin.com/xmlschemas/ActivityExtension/v2">
                <Watts>147</Watts>
              </TPX>
            </Extensions>
          </Trackpoint>
          <Trackpoint>
            <Time>2010-10-19T21:14:15Z</Time>
            <HeartRateBpm>
              <Value>0</Value>
            </HeartRateBpm>
            <Cadence>92</Cadence>
            <DistanceMeters>3435.45148</DistanceMeters>
            <Extensions>
              <TPX xmlns="http://www.garmin.com/xmlschemas/ActivityExtension/v2">
                <Watts>140</Watts>
              </TPX>
            </Extensions>
          </Trackpoint>
          <Trackpoint>
            <Time>2010-10-19T21:14:16Z</Time>
            <HeartRateBpm>
              <Value>0</Value>
            </HeartRateBpm>
            <Cadence>91</Cadence>
            <DistanceMeters>3439.43675</DistanceMeters>
            <Extensions>
              <TPX xmlns="http://www.garmin.com/xmlschemas/ActivityExtension/v2">
                <Watts>136</Watts>
              </TPX>
            </Extensions>
          </Trackpoint>
          <Trackpoint>
            <Time>2010-10-19T21:14:17Z</Time>
            <HeartRateBpm>
              <Value>0</Value>
            </HeartRateBpm>
            <Cadence>91</Cadence>
            <DistanceMeters>3443.71189</DistanceMeters>
            <Extensions>
              <TPX xmlns="http://www.garmin.com/xmlschemas/ActivityExtension/v2">
                <Watts>148</Watts>
              </TPX>
            </Extensions>
          </Trackpoint>
          <Trackpoint>
            <Time>2010-10-19T21:14:18Z</Time>
            <HeartRateBpm>
              <Value>0</Value>
            </HeartRateBpm>
            <Cadence>91</Cadence>
            <DistanceMeters>3448.09443</DistanceMeters>
            <Extensions>
              <TPX xmlns="http://www.garmin.com/xmlschemas/ActivityExtension/v2">
                <Watts>165</Watts>
              </TPX>
            </Extensions>
          </Trackpoint>
          <Trackpoint>
            <Time>2010-10-19T21:14:19Z</Time>
            <HeartRateBpm>
              <Value>0</Value>
            </HeartRateBpm>
            <Cadence>91</Cadence>
            <DistanceMeters>3452.56821</DistanceMeters>
            <Extensions>
              <TPX xmlns="http://www.garmin.com/xmlschemas/ActivityExtension/v2">
                <Watts>177</Watts>
              </TPX>
            </Extensions>
          </Trackpoint>
          <Trackpoint>
            <Time>2010-10-19T21:14:20Z</Time>
            <HeartRateBpm>
              <Value>0</Value>
            </HeartRateBpm>
            <Cadence>91</Cadence>
            <DistanceMeters>3457.10209</DistanceMeters>
            <Extensions>
              <TPX xmlns="http://www.garmin.com/xmlschemas/ActivityExtension/v2">
                <Watts>185</Watts>
              </TPX>
            </Extensions>
          </Trackpoint>
          <Trackpoint>
            <Time>2010-10-19T21:14:21Z</Time>
            <HeartRateBpm>
              <Value>0</Value>
            </HeartRateBpm>
            <Cadence>93</Cadence>
            <DistanceMeters>3461.66199</DistanceMeters>
            <Extensions>
              <TPX xmlns="http://www.garmin.com/xmlschemas/ActivityExtension/v2">
                <Watts>190</Watts>
              </TPX>
            </Extensions>
          </Trackpoint>
          <Trackpoint>
            <Time>2010-10-19T21:14:22Z</Time>
            <HeartRateBpm>
              <Value>0</Value>
            </HeartRateBpm>
            <Cadence>96</Cadence>
            <DistanceMeters>3466.25052</DistanceMeters>
            <Extensions>
              <TPX xmlns="http://www.garmin.com/xmlschemas/ActivityExtension/v2">
                <Watts>193</Watts>
              </TPX>
            </Extensions>
          </Trackpoint>
          <Trackpoint>
            <Time>2010-10-19T21:14:23Z</Time>
            <HeartRateBpm>
              <Value>0</Value>
            </HeartRateBpm>
            <Cadence>98</Cadence>
            <DistanceMeters>3470.76710</DistanceMeters>
            <Extensions>
              <TPX xmlns="http://www.garmin.com/xmlschemas/ActivityExtension/v2">
                <Watts>191</Watts>
              </TPX>
            </Extensions>
          </Trackpoint>
          <Trackpoint>
            <Time>2010-10-19T21:14:24Z</Time>
            <HeartRateBpm>
              <Value>0</Value>
            </HeartRateBpm>
            <Cadence>97</Cadence>
            <DistanceMeters>3475.14964</DistanceMeters>
            <Extensions>
              <TPX xmlns="http://www.garmin.com/xmlschemas/ActivityExtension/v2">
                <Watts>181</Watts>
              </TPX>
            </Extensions>
          </Trackpoint>
          <Trackpoint>
            <Time>2010-10-19T21:14:25Z</Time>
            <HeartRateBpm>
              <Value>0</Value>
            </HeartRateBpm>
            <Cadence>96</Cadence>
            <DistanceMeters>3479.49944</DistanceMeters>
            <Extensions>
              <TPX xmlns="http://www.garmin.com/xmlschemas/ActivityExtension/v2">
                <Watts>171</Watts>
              </TPX>
            </Extensions>
          </Trackpoint>
          <Trackpoint>
            <Time>2010-10-19T21:14:26Z</Time>
            <HeartRateBpm>
              <Value>0</Value>
            </HeartRateBpm>
            <Cadence>95</Cadence>
            <DistanceMeters>3483.73485</DistanceMeters>
            <Extensions>
              <TPX xmlns="http://www.garmin.com/xmlschemas/ActivityExtension/v2">
                <Watts>164</Watts>
              </TPX>
            </Extensions>
          </Trackpoint>
          <Trackpoint>
            <Time>2010-10-19T21:14:27Z</Time>
            <HeartRateBpm>
              <Value>0</Value>
            </HeartRateBpm>
            <Cadence>95</Cadence>
            <DistanceMeters>3488.02858</DistanceMeters>
            <Extensions>
              <TPX xmlns="http://www.garmin.com/xmlschemas/ActivityExtension/v2">
                <Watts>161</Watts>
              </TPX>
            </Extensions>
          </Trackpoint>
          <Trackpoint>
            <Time>2010-10-19T21:14:28Z</Time>
            <HeartRateBpm>
              <Value>0</Value>
            </HeartRateBpm>
            <Cadence>96</Cadence>
            <DistanceMeters>3492.87355</DistanceMeters>
            <Extensions>
              <TPX xmlns="http://www.garmin.com/xmlschemas/ActivityExtension/v2">
                <Watts>192</Watts>
              </TPX>
            </Extensions>
          </Trackpoint>
          <Trackpoint>
            <Time>2010-10-19T21:14:29Z</Time>
            <HeartRateBpm>
              <Value>0</Value>
            </HeartRateBpm>
            <Cadence>97</Cadence>
            <DistanceMeters>3497.71852</DistanceMeters>
            <Extensions>
              <TPX xmlns="http://www.garmin.com/xmlschemas/ActivityExtension/v2">
                <Watts>224</Watts>
              </TPX>
            </Extensions>
          </Trackpoint>
          <Trackpoint>
            <Time>2010-10-19T21:14:30Z</Time>
            <HeartRateBpm>
              <Value>0</Value>
            </HeartRateBpm>
            <Cadence>99</Cadence>
            <DistanceMeters>3502.41685</DistanceMeters>
            <Extensions>
              <TPX xmlns="http://www.garmin.com/xmlschemas/ActivityExtension/v2">
                <Watts>216</Watts>
              </TPX>
            </Extensions>
          </Trackpoint>
          <Trackpoint>
            <Time>2010-10-19T21:14:31Z</Time>
            <HeartRateBpm>
              <Value>0</Value>
            </HeartRateBpm>
            <Cadence>101</Cadence>
            <DistanceMeters>3507.11048</DistanceMeters>
            <Extensions>
              <TPX xmlns="http://www.garmin.com/xmlschemas/ActivityExtension/v2">
                <Watts>208</Watts>
              </TPX>
            </Extensions>
          </Trackpoint>
          <Trackpoint>
            <Time>2010-10-19T21:14:32Z</Time>
            <HeartRateBpm>
              <Value>0</Value>
            </HeartRateBpm>
            <Cadence>100</Cadence>
            <DistanceMeters>3511.67843</DistanceMeters>
            <Extensions>
              <TPX xmlns="http://www.garmin.com/xmlschemas/ActivityExtension/v2">
                <Watts>200</Watts>
              </TPX>
            </Extensions>
          </Trackpoint>
          <Trackpoint>
            <Time>2010-10-19T21:14:33Z</Time>
            <HeartRateBpm>
              <Value>0</Value>
            </HeartRateBpm>
            <Cadence>99</Cadence>
            <DistanceMeters>3516.22282</DistanceMeters>
            <Extensions>
              <TPX xmlns="http://www.garmin.com/xmlschemas/ActivityExtension/v2">
                <Watts>192</Watts>
              </TPX>
            </Extensions>
          </Trackpoint>
          <Trackpoint>
            <Time>2010-10-19T21:14:34Z</Time>
            <HeartRateBpm>
              <Value>0</Value>
            </HeartRateBpm>
            <Cadence>97</Cadence>
            <DistanceMeters>3520.58077</DistanceMeters>
            <Extensions>
              <TPX xmlns="http://www.garmin.com/xmlschemas/ActivityExtension/v2">
                <Watts>180</Watts>
              </TPX>
            </Extensions>
          </Trackpoint>
          <Trackpoint>
            <Time>2010-10-19T21:14:35Z</Time>
            <HeartRateBpm>
              <Value>0</Value>
            </HeartRateBpm>
            <Cadence>96</Cadence>
            <DistanceMeters>3524.86452</DistanceMeters>
            <Extensions>
              <TPX xmlns="http://www.garmin.com/xmlschemas/ActivityExtension/v2">
                <Watts>168</Watts>
              </TPX>
            </Extensions>
          </Trackpoint>
          <Trackpoint>
            <Time>2010-10-19T21:14:36Z</Time>
            <HeartRateBpm>
              <Value>0</Value>
            </HeartRateBpm>
            <Cadence>95</Cadence>
            <DistanceMeters>3529.13713</DistanceMeters>
            <Extensions>
              <TPX xmlns="http://www.garmin.com/xmlschemas/ActivityExtension/v2">
                <Watts>162</Watts>
              </TPX>
            </Extensions>
          </Trackpoint>
          <Trackpoint>
            <Time>2010-10-19T21:14:37Z</Time>
            <HeartRateBpm>
              <Value>0</Value>
            </HeartRateBpm>
            <Cadence>93</Cadence>
            <DistanceMeters>3533.40197</DistanceMeters>
            <Extensions>
              <TPX xmlns="http://www.garmin.com/xmlschemas/ActivityExtension/v2">
                <Watts>161</Watts>
              </TPX>
            </Extensions>
          </Trackpoint>
          <Trackpoint>
            <Time>2010-10-19T21:14:38Z</Time>
            <HeartRateBpm>
              <Value>0</Value>
            </HeartRateBpm>
            <Cadence>93</Cadence>
            <DistanceMeters>3537.72600</DistanceMeters>
            <Extensions>
              <TPX xmlns="http://www.garmin.com/xmlschemas/ActivityExtension/v2">
                <Watts>163</Watts>
              </TPX>
            </Extensions>
          </Trackpoint>
          <Trackpoint>
            <Time>2010-10-19T21:14:39Z</Time>
            <HeartRateBpm>
              <Value>0</Value>
            </HeartRateBpm>
            <Cadence>93</Cadence>
            <DistanceMeters>3542.11905</DistanceMeters>
            <Extensions>
              <TPX xmlns="http://www.garmin.com/xmlschemas/ActivityExtension/v2">
                <Watts>169</Watts>
              </TPX>
            </Extensions>
          </Trackpoint>
          <Trackpoint>
            <Time>2010-10-19T21:14:40Z</Time>
            <HeartRateBpm>
              <Value>0</Value>
            </HeartRateBpm>
            <Cadence>93</Cadence>
            <DistanceMeters>3546.57757</DistanceMeters>
            <Extensions>
              <TPX xmlns="http://www.garmin.com/xmlschemas/ActivityExtension/v2">
                <Watts>177</Watts>
              </TPX>
            </Extensions>
          </Trackpoint>
          <Trackpoint>
            <Time>2010-10-19T21:14:41Z</Time>
            <HeartRateBpm>
              <Value>0</Value>
            </HeartRateBpm>
            <Cadence>94</Cadence>
            <DistanceMeters>3551.16610</DistanceMeters>
            <Extensions>
              <TPX xmlns="http://www.garmin.com/xmlschemas/ActivityExtension/v2">
                <Watts>187</Watts>
              </TPX>
            </Extensions>
          </Trackpoint>
          <Trackpoint>
            <Time>2010-10-19T21:14:42Z</Time>
            <HeartRateBpm>
              <Value>0</Value>
            </HeartRateBpm>
            <Cadence>95</Cadence>
            <DistanceMeters>3555.71788</DistanceMeters>
            <Extensions>
              <TPX xmlns="http://www.garmin.com/xmlschemas/ActivityExtension/v2">
                <Watts>193</Watts>
              </TPX>
            </Extensions>
          </Trackpoint>
          <Trackpoint>
            <Time>2010-10-19T21:14:43Z</Time>
            <HeartRateBpm>
              <Value>0</Value>
            </HeartRateBpm>
            <Cadence>96</Cadence>
            <DistanceMeters>3560.12985</DistanceMeters>
            <Extensions>
              <TPX xmlns="http://www.garmin.com/xmlschemas/ActivityExtension/v2">
                <Watts>184</Watts>
              </TPX>
            </Extensions>
          </Trackpoint>
          <Trackpoint>
            <Time>2010-10-19T21:14:44Z</Time>
            <HeartRateBpm>
              <Value>0</Value>
            </HeartRateBpm>
            <Cadence>97</Cadence>
            <DistanceMeters>3564.52985</DistanceMeters>
            <Extensions>
              <TPX xmlns="http://www.garmin.com/xmlschemas/ActivityExtension/v2">
                <Watts>175</Watts>
              </TPX>
            </Extensions>
          </Trackpoint>
          <Trackpoint>
            <Time>2010-10-19T21:14:45Z</Time>
            <HeartRateBpm>
              <Value>0</Value>
            </HeartRateBpm>
            <Cadence>97</Cadence>
            <DistanceMeters>3568.79468</DistanceMeters>
            <Extensions>
              <TPX xmlns="http://www.garmin.com/xmlschemas/ActivityExtension/v2">
                <Watts>168</Watts>
              </TPX>
            </Extensions>
          </Trackpoint>
          <Trackpoint>
            <Time>2010-10-19T21:14:46Z</Time>
            <HeartRateBpm>
              <Value>0</Value>
            </HeartRateBpm>
            <Cadence>97</Cadence>
            <DistanceMeters>3573.05951</DistanceMeters>
            <Extensions>
              <TPX xmlns="http://www.garmin.com/xmlschemas/ActivityExtension/v2">
                <Watts>161</Watts>
              </TPX>
            </Extensions>
          </Trackpoint>
          <Trackpoint>
            <Time>2010-10-19T21:14:47Z</Time>
            <HeartRateBpm>
              <Value>0</Value>
            </HeartRateBpm>
            <Cadence>96</Cadence>
            <DistanceMeters>3577.46479</DistanceMeters>
            <Extensions>
              <TPX xmlns="http://www.garmin.com/xmlschemas/ActivityExtension/v2">
                <Watts>167</Watts>
              </TPX>
            </Extensions>
          </Trackpoint>
          <Trackpoint>
            <Time>2010-10-19T21:14:48Z</Time>
            <HeartRateBpm>
              <Value>0</Value>
            </HeartRateBpm>
            <Cadence>96</Cadence>
            <DistanceMeters>3581.87676</DistanceMeters>
            <Extensions>
              <TPX xmlns="http://www.garmin.com/xmlschemas/ActivityExtension/v2">
                <Watts>174</Watts>
              </TPX>
            </Extensions>
          </Trackpoint>
          <Trackpoint>
            <Time>2010-10-19T21:14:49Z</Time>
            <HeartRateBpm>
              <Value>0</Value>
            </HeartRateBpm>
            <Cadence>96</Cadence>
            <DistanceMeters>3586.44357</DistanceMeters>
            <Extensions>
              <TPX xmlns="http://www.garmin.com/xmlschemas/ActivityExtension/v2">
                <Watts>183</Watts>
              </TPX>
            </Extensions>
          </Trackpoint>
          <Trackpoint>
            <Time>2010-10-19T21:14:50Z</Time>
            <HeartRateBpm>
              <Value>0</Value>
            </HeartRateBpm>
            <Cadence>97</Cadence>
            <DistanceMeters>3591.04261</DistanceMeters>
            <Extensions>
              <TPX xmlns="http://www.garmin.com/xmlschemas/ActivityExtension/v2">
                <Watts>193</Watts>
              </TPX>
            </Extensions>
          </Trackpoint>
          <Trackpoint>
            <Time>2010-10-19T21:14:51Z</Time>
            <HeartRateBpm>
              <Value>0</Value>
            </HeartRateBpm>
            <Cadence>97</Cadence>
            <DistanceMeters>3595.37939</DistanceMeters>
            <Extensions>
              <TPX xmlns="http://www.garmin.com/xmlschemas/ActivityExtension/v2">
                <Watts>183</Watts>
              </TPX>
            </Extensions>
          </Trackpoint>
          <Trackpoint>
            <Time>2010-10-19T21:14:52Z</Time>
            <HeartRateBpm>
              <Value>0</Value>
            </HeartRateBpm>
            <Cadence>96</Cadence>
            <DistanceMeters>3599.60429</DistanceMeters>
            <Extensions>
              <TPX xmlns="http://www.garmin.com/xmlschemas/ActivityExtension/v2">
                <Watts>164</Watts>
              </TPX>
            </Extensions>
          </Trackpoint>
          <Trackpoint>
            <Time>2010-10-19T21:14:53Z</Time>
            <HeartRateBpm>
              <Value>0</Value>
            </HeartRateBpm>
            <Cadence>94</Cadence>
            <DistanceMeters>3603.72418</DistanceMeters>
            <Extensions>
              <TPX xmlns="http://www.garmin.com/xmlschemas/ActivityExtension/v2">
                <Watts>152</Watts>
              </TPX>
            </Extensions>
          </Trackpoint>
          <Trackpoint>
            <Time>2010-10-19T21:14:54Z</Time>
            <HeartRateBpm>
              <Value>0</Value>
            </HeartRateBpm>
            <Cadence>93</Cadence>
            <DistanceMeters>3607.76621</DistanceMeters>
            <Extensions>
              <TPX xmlns="http://www.garmin.com/xmlschemas/ActivityExtension/v2">
                <Watts>144</Watts>
              </TPX>
            </Extensions>
          </Trackpoint>
          <Trackpoint>
            <Time>2010-10-19T21:14:55Z</Time>
            <HeartRateBpm>
              <Value>0</Value>
            </HeartRateBpm>
            <Cadence>91</Cadence>
            <DistanceMeters>3611.84773</DistanceMeters>
            <Extensions>
              <TPX xmlns="http://www.garmin.com/xmlschemas/ActivityExtension/v2">
                <Watts>141</Watts>
              </TPX>
            </Extensions>
          </Trackpoint>
          <Trackpoint>
            <Time>2010-10-19T21:14:56Z</Time>
            <HeartRateBpm>
              <Value>0</Value>
            </HeartRateBpm>
            <Cadence>89</Cadence>
            <DistanceMeters>3615.97804</DistanceMeters>
            <Extensions>
              <TPX xmlns="http://www.garmin.com/xmlschemas/ActivityExtension/v2">
                <Watts>145</Watts>
              </TPX>
            </Extensions>
          </Trackpoint>
          <Trackpoint>
            <Time>2010-10-19T21:14:57Z</Time>
            <HeartRateBpm>
              <Value>0</Value>
            </HeartRateBpm>
            <Cadence>89</Cadence>
            <DistanceMeters>3620.10161</DistanceMeters>
            <Extensions>
              <TPX xmlns="http://www.garmin.com/xmlschemas/ActivityExtension/v2">
                <Watts>147</Watts>
              </TPX>
            </Extensions>
          </Trackpoint>
          <Trackpoint>
            <Time>2010-10-19T21:14:58Z</Time>
            <HeartRateBpm>
              <Value>0</Value>
            </HeartRateBpm>
            <Cadence>89</Cadence>
            <DistanceMeters>3624.21090</DistanceMeters>
            <Extensions>
              <TPX xmlns="http://www.garmin.com/xmlschemas/ActivityExtension/v2">
                <Watts>146</Watts>
              </TPX>
            </Extensions>
          </Trackpoint>
          <Trackpoint>
            <Time>2010-10-19T21:14:59Z</Time>
            <HeartRateBpm>
              <Value>0</Value>
            </HeartRateBpm>
            <Cadence>89</Cadence>
            <DistanceMeters>3628.36621</DistanceMeters>
            <Extensions>
              <TPX xmlns="http://www.garmin.com/xmlschemas/ActivityExtension/v2">
                <Watts>148</Watts>
              </TPX>
            </Extensions>
          </Trackpoint>
          <Trackpoint>
            <Time>2010-10-19T21:15:00Z</Time>
            <HeartRateBpm>
              <Value>0</Value>
            </HeartRateBpm>
            <Cadence>89</Cadence>
            <DistanceMeters>3632.71302</DistanceMeters>
            <Extensions>
              <TPX xmlns="http://www.garmin.com/xmlschemas/ActivityExtension/v2">
                <Watts>158</Watts>
              </TPX>
            </Extensions>
          </Trackpoint>
          <Trackpoint>
            <Time>2010-10-19T21:15:01Z</Time>
            <HeartRateBpm>
              <Value>0</Value>
            </HeartRateBpm>
            <Cadence>89</Cadence>
            <DistanceMeters>3637.04603</DistanceMeters>
            <Extensions>
              <TPX xmlns="http://www.garmin.com/xmlschemas/ActivityExtension/v2">
                <Watts>168</Watts>
              </TPX>
            </Extensions>
          </Trackpoint>
          <Trackpoint>
            <Time>2010-10-19T21:15:02Z</Time>
            <HeartRateBpm>
              <Value>0</Value>
            </HeartRateBpm>
            <Cadence>90</Cadence>
            <DistanceMeters>3641.18684</DistanceMeters>
            <Extensions>
              <TPX xmlns="http://www.garmin.com/xmlschemas/ActivityExtension/v2">
                <Watts>158</Watts>
              </TPX>
            </Extensions>
          </Trackpoint>
          <Trackpoint>
            <Time>2010-10-19T21:15:03Z</Time>
            <HeartRateBpm>
              <Value>0</Value>
            </HeartRateBpm>
            <Cadence>90</Cadence>
            <DistanceMeters>3645.32766</DistanceMeters>
            <Extensions>
              <TPX xmlns="http://www.garmin.com/xmlschemas/ActivityExtension/v2">
                <Watts>149</Watts>
              </TPX>
            </Extensions>
          </Trackpoint>
          <Trackpoint>
            <Time>2010-10-19T21:15:04Z</Time>
            <HeartRateBpm>
              <Value>0</Value>
            </HeartRateBpm>
            <Cadence>91</Cadence>
            <DistanceMeters>3649.49812</DistanceMeters>
            <Extensions>
              <TPX xmlns="http://www.garmin.com/xmlschemas/ActivityExtension/v2">
                <Watts>150</Watts>
              </TPX>
            </Extensions>
          </Trackpoint>
          <Trackpoint>
            <Time>2010-10-19T21:15:05Z</Time>
            <HeartRateBpm>
              <Value>0</Value>
            </HeartRateBpm>
            <Cadence>91</Cadence>
            <DistanceMeters>3653.67047</DistanceMeters>
            <Extensions>
              <TPX xmlns="http://www.garmin.com/xmlschemas/ActivityExtension/v2">
                <Watts>151</Watts>
              </TPX>
            </Extensions>
          </Trackpoint>
          <Trackpoint>
            <Time>2010-10-19T21:15:06Z</Time>
            <HeartRateBpm>
              <Value>0</Value>
            </HeartRateBpm>
            <Cadence>91</Cadence>
            <DistanceMeters>3657.69065</DistanceMeters>
            <Extensions>
              <TPX xmlns="http://www.garmin.com/xmlschemas/ActivityExtension/v2">
                <Watts>145</Watts>
              </TPX>
            </Extensions>
          </Trackpoint>
          <Trackpoint>
            <Time>2010-10-19T21:15:07Z</Time>
            <HeartRateBpm>
              <Value>0</Value>
            </HeartRateBpm>
            <Cadence>91</Cadence>
            <DistanceMeters>3661.67592</DistanceMeters>
            <Extensions>
              <TPX xmlns="http://www.garmin.com/xmlschemas/ActivityExtension/v2">
                <Watts>137</Watts>
              </TPX>
            </Extensions>
          </Trackpoint>
          <Trackpoint>
            <Time>2010-10-19T21:15:08Z</Time>
            <HeartRateBpm>
              <Value>0</Value>
            </HeartRateBpm>
            <Cadence>91</Cadence>
            <DistanceMeters>3665.72325</DistanceMeters>
            <Extensions>
              <TPX xmlns="http://www.garmin.com/xmlschemas/ActivityExtension/v2">
                <Watts>137</Watts>
              </TPX>
            </Extensions>
          </Trackpoint>
          <Trackpoint>
            <Time>2010-10-19T21:15:09Z</Time>
            <HeartRateBpm>
              <Value>0</Value>
            </HeartRateBpm>
            <Cadence>91</Cadence>
            <DistanceMeters>3669.79891</DistanceMeters>
            <Extensions>
              <TPX xmlns="http://www.garmin.com/xmlschemas/ActivityExtension/v2">
                <Watts>141</Watts>
              </TPX>
            </Extensions>
          </Trackpoint>
          <Trackpoint>
            <Time>2010-10-19T21:15:10Z</Time>
            <HeartRateBpm>
              <Value>0</Value>
            </HeartRateBpm>
            <Cadence>93</Cadence>
            <DistanceMeters>3674.04283</DistanceMeters>
            <Extensions>
              <TPX xmlns="http://www.garmin.com/xmlschemas/ActivityExtension/v2">
                <Watts>150</Watts>
              </TPX>
            </Extensions>
          </Trackpoint>
          <Trackpoint>
            <Time>2010-10-19T21:15:11Z</Time>
            <HeartRateBpm>
              <Value>0</Value>
            </HeartRateBpm>
            <Cadence>94</Cadence>
            <DistanceMeters>3678.41907</DistanceMeters>
            <Extensions>
              <TPX xmlns="http://www.garmin.com/xmlschemas/ActivityExtension/v2">
                <Watts>164</Watts>
              </TPX>
            </Extensions>
          </Trackpoint>
          <Trackpoint>
            <Time>2010-10-19T21:15:12Z</Time>
            <HeartRateBpm>
              <Value>0</Value>
            </HeartRateBpm>
            <Cadence>96</Cadence>
            <DistanceMeters>3682.81077</DistanceMeters>
            <Extensions>
              <TPX xmlns="http://www.garmin.com/xmlschemas/ActivityExtension/v2">
                <Watts>172</Watts>
              </TPX>
            </Extensions>
          </Trackpoint>
          <Trackpoint>
            <Time>2010-10-19T21:15:13Z</Time>
            <HeartRateBpm>
              <Value>0</Value>
            </HeartRateBpm>
            <Cadence>96</Cadence>
            <DistanceMeters>3687.22274</DistanceMeters>
            <Extensions>
              <TPX xmlns="http://www.garmin.com/xmlschemas/ActivityExtension/v2">
                <Watts>174</Watts>
              </TPX>
            </Extensions>
          </Trackpoint>
          <Trackpoint>
            <Time>2010-10-19T21:15:14Z</Time>
            <HeartRateBpm>
              <Value>0</Value>
            </HeartRateBpm>
            <Cadence>97</Cadence>
            <DistanceMeters>3691.66689</DistanceMeters>
            <Extensions>
              <TPX xmlns="http://www.garmin.com/xmlschemas/ActivityExtension/v2">
                <Watts>177</Watts>
              </TPX>
            </Extensions>
          </Trackpoint>
          <Trackpoint>
            <Time>2010-10-19T21:15:15Z</Time>
            <HeartRateBpm>
              <Value>0</Value>
            </HeartRateBpm>
            <Cadence>100</Cadence>
            <DistanceMeters>3696.18396</DistanceMeters>
            <Extensions>
              <TPX xmlns="http://www.garmin.com/xmlschemas/ActivityExtension/v2">
                <Watts>182</Watts>
              </TPX>
            </Extensions>
          </Trackpoint>
          <Trackpoint>
            <Time>2010-10-19T21:15:16Z</Time>
            <HeartRateBpm>
              <Value>0</Value>
            </HeartRateBpm>
            <Cadence>102</Cadence>
            <DistanceMeters>3700.61164</DistanceMeters>
            <Extensions>
              <TPX xmlns="http://www.garmin.com/xmlschemas/ActivityExtension/v2">
                <Watts>182</Watts>
              </TPX>
            </Extensions>
          </Trackpoint>
          <Trackpoint>
            <Time>2010-10-19T21:15:17Z</Time>
            <HeartRateBpm>
              <Value>0</Value>
            </HeartRateBpm>
            <Cadence>100</Cadence>
            <DistanceMeters>3704.63054</DistanceMeters>
            <Extensions>
              <TPX xmlns="http://www.garmin.com/xmlschemas/ActivityExtension/v2">
                <Watts>159</Watts>
              </TPX>
            </Extensions>
          </Trackpoint>
          <Trackpoint>
            <Time>2010-10-19T21:15:18Z</Time>
            <HeartRateBpm>
              <Value>0</Value>
            </HeartRateBpm>
            <Cadence>98</Cadence>
            <DistanceMeters>3708.64292</DistanceMeters>
            <Extensions>
              <TPX xmlns="http://www.garmin.com/xmlschemas/ActivityExtension/v2">
                <Watts>137</Watts>
              </TPX>
            </Extensions>
          </Trackpoint>
          <Trackpoint>
            <Time>2010-10-19T21:15:19Z</Time>
            <HeartRateBpm>
              <Value>0</Value>
            </HeartRateBpm>
            <Cadence>98</Cadence>
            <DistanceMeters>3712.53781</DistanceMeters>
            <Extensions>
              <TPX xmlns="http://www.garmin.com/xmlschemas/ActivityExtension/v2">
                <Watts>132</Watts>
              </TPX>
            </Extensions>
          </Trackpoint>
          <Trackpoint>
            <Time>2010-10-19T21:15:20Z</Time>
            <HeartRateBpm>
              <Value>0</Value>
            </HeartRateBpm>
            <Cadence>98</Cadence>
            <DistanceMeters>3716.43270</DistanceMeters>
            <Extensions>
              <TPX xmlns="http://www.garmin.com/xmlschemas/ActivityExtension/v2">
                <Watts>127</Watts>
              </TPX>
            </Extensions>
          </Trackpoint>
          <Trackpoint>
            <Time>2010-10-19T21:15:21Z</Time>
            <HeartRateBpm>
              <Value>0</Value>
            </HeartRateBpm>
            <Cadence>97</Cadence>
            <DistanceMeters>3720.46381</DistanceMeters>
            <Extensions>
              <TPX xmlns="http://www.garmin.com/xmlschemas/ActivityExtension/v2">
                <Watts>132</Watts>
              </TPX>
            </Extensions>
          </Trackpoint>
          <Trackpoint>
            <Time>2010-10-19T21:15:22Z</Time>
            <HeartRateBpm>
              <Value>0</Value>
            </HeartRateBpm>
            <Cadence>96</Cadence>
            <DistanceMeters>3724.50584</DistanceMeters>
            <Extensions>
              <TPX xmlns="http://www.garmin.com/xmlschemas/ActivityExtension/v2">
                <Watts>138</Watts>
              </TPX>
            </Extensions>
          </Trackpoint>
          <Trackpoint>
            <Time>2010-10-19T21:15:23Z</Time>
            <HeartRateBpm>
              <Value>0</Value>
            </HeartRateBpm>
            <Cadence>96</Cadence>
            <DistanceMeters>3728.63520</DistanceMeters>
            <Extensions>
              <TPX xmlns="http://www.garmin.com/xmlschemas/ActivityExtension/v2">
                <Watts>143</Watts>
              </TPX>
            </Extensions>
          </Trackpoint>
          <Trackpoint>
            <Time>2010-10-19T21:15:24Z</Time>
            <HeartRateBpm>
              <Value>0</Value>
            </HeartRateBpm>
            <Cadence>96</Cadence>
            <DistanceMeters>3732.78653</DistanceMeters>
            <Extensions>
              <TPX xmlns="http://www.garmin.com/xmlschemas/ActivityExtension/v2">
                <Watts>148</Watts>
              </TPX>
            </Extensions>
          </Trackpoint>
          <Trackpoint>
            <Time>2010-10-19T21:15:25Z</Time>
            <HeartRateBpm>
              <Value>0</Value>
            </HeartRateBpm>
            <Cadence>96</Cadence>
            <DistanceMeters>3736.91666</DistanceMeters>
            <Extensions>
              <TPX xmlns="http://www.garmin.com/xmlschemas/ActivityExtension/v2">
                <Watts>149</Watts>
              </TPX>
            </Extensions>
          </Trackpoint>
          <Trackpoint>
            <Time>2010-10-19T21:15:26Z</Time>
            <HeartRateBpm>
              <Value>0</Value>
            </HeartRateBpm>
            <Cadence>95</Cadence>
            <DistanceMeters>3741.03646</DistanceMeters>
            <Extensions>
              <TPX xmlns="http://www.garmin.com/xmlschemas/ActivityExtension/v2">
                <Watts>147</Watts>
              </TPX>
            </Extensions>
          </Trackpoint>
          <Trackpoint>
            <Time>2010-10-19T21:15:27Z</Time>
            <HeartRateBpm>
              <Value>0</Value>
            </HeartRateBpm>
            <Cadence>96</Cadence>
            <DistanceMeters>3745.31562</DistanceMeters>
            <Extensions>
              <TPX xmlns="http://www.garmin.com/xmlschemas/ActivityExtension/v2">
                <Watts>154</Watts>
              </TPX>
            </Extensions>
          </Trackpoint>
          <Trackpoint>
            <Time>2010-10-19T21:15:28Z</Time>
            <HeartRateBpm>
              <Value>0</Value>
            </HeartRateBpm>
            <Cadence>98</Cadence>
            <DistanceMeters>3749.72759</DistanceMeters>
            <Extensions>
              <TPX xmlns="http://www.garmin.com/xmlschemas/ActivityExtension/v2">
                <Watts>168</Watts>
              </TPX>
            </Extensions>
          </Trackpoint>
          <Trackpoint>
            <Time>2010-10-19T21:15:29Z</Time>
            <HeartRateBpm>
              <Value>0</Value>
            </HeartRateBpm>
            <Cadence>99</Cadence>
            <DistanceMeters>3754.04364</DistanceMeters>
            <Extensions>
              <TPX xmlns="http://www.garmin.com/xmlschemas/ActivityExtension/v2">
                <Watts>171</Watts>
              </TPX>
            </Extensions>
          </Trackpoint>
          <Trackpoint>
            <Time>2010-10-19T21:15:30Z</Time>
            <HeartRateBpm>
              <Value>0</Value>
            </HeartRateBpm>
            <Cadence>99</Cadence>
            <DistanceMeters>3758.22649</DistanceMeters>
            <Extensions>
              <TPX xmlns="http://www.garmin.com/xmlschemas/ActivityExtension/v2">
                <Watts>160</Watts>
              </TPX>
            </Extensions>
          </Trackpoint>
          <Trackpoint>
            <Time>2010-10-19T21:15:31Z</Time>
            <HeartRateBpm>
              <Value>0</Value>
            </HeartRateBpm>
            <Cadence>99</Cadence>
            <DistanceMeters>3762.53082</DistanceMeters>
            <Extensions>
              <TPX xmlns="http://www.garmin.com/xmlschemas/ActivityExtension/v2">
                <Watts>158</Watts>
              </TPX>
            </Extensions>
          </Trackpoint>
          <Trackpoint>
            <Time>2010-10-19T21:15:32Z</Time>
            <HeartRateBpm>
              <Value>0</Value>
            </HeartRateBpm>
            <Cadence>100</Cadence>
            <DistanceMeters>3767.12986</DistanceMeters>
            <Extensions>
              <TPX xmlns="http://www.garmin.com/xmlschemas/ActivityExtension/v2">
                <Watts>179</Watts>
              </TPX>
            </Extensions>
          </Trackpoint>
          <Trackpoint>
            <Time>2010-10-19T21:15:33Z</Time>
            <HeartRateBpm>
              <Value>0</Value>
            </HeartRateBpm>
            <Cadence>101</Cadence>
            <DistanceMeters>3771.72439</DistanceMeters>
            <Extensions>
              <TPX xmlns="http://www.garmin.com/xmlschemas/ActivityExtension/v2">
                <Watts>195</Watts>
              </TPX>
            </Extensions>
          </Trackpoint>
          <Trackpoint>
            <Time>2010-10-19T21:15:34Z</Time>
            <HeartRateBpm>
              <Value>0</Value>
            </HeartRateBpm>
            <Cadence>103</Cadence>
            <DistanceMeters>3776.29610</DistanceMeters>
            <Extensions>
              <TPX xmlns="http://www.garmin.com/xmlschemas/ActivityExtension/v2">
                <Watts>194</Watts>
              </TPX>
            </Extensions>
          </Trackpoint>
          <Trackpoint>
            <Time>2010-10-19T21:15:35Z</Time>
            <HeartRateBpm>
              <Value>0</Value>
            </HeartRateBpm>
            <Cadence>106</Cadence>
            <DistanceMeters>3780.85719</DistanceMeters>
            <Extensions>
              <TPX xmlns="http://www.garmin.com/xmlschemas/ActivityExtension/v2">
                <Watts>192</Watts>
              </TPX>
            </Extensions>
          </Trackpoint>
          <Trackpoint>
            <Time>2010-10-19T21:15:36Z</Time>
            <HeartRateBpm>
              <Value>0</Value>
            </HeartRateBpm>
            <Cadence>106</Cadence>
            <DistanceMeters>3785.15145</DistanceMeters>
            <Extensions>
              <TPX xmlns="http://www.garmin.com/xmlschemas/ActivityExtension/v2">
                <Watts>178</Watts>
              </TPX>
            </Extensions>
          </Trackpoint>
          <Trackpoint>
            <Time>2010-10-19T21:15:37Z</Time>
            <HeartRateBpm>
              <Value>0</Value>
            </HeartRateBpm>
            <Cadence>106</Cadence>
            <DistanceMeters>3789.44571</DistanceMeters>
            <Extensions>
              <TPX xmlns="http://www.garmin.com/xmlschemas/ActivityExtension/v2">
                <Watts>165</Watts>
              </TPX>
            </Extensions>
          </Trackpoint>
          <Trackpoint>
            <Time>2010-10-19T21:15:38Z</Time>
            <HeartRateBpm>
              <Value>0</Value>
            </HeartRateBpm>
            <Cadence>104</Cadence>
            <DistanceMeters>3793.60969</DistanceMeters>
            <Extensions>
              <TPX xmlns="http://www.garmin.com/xmlschemas/ActivityExtension/v2">
                <Watts>158</Watts>
              </TPX>
            </Extensions>
          </Trackpoint>
          <Trackpoint>
            <Time>2010-10-19T21:15:39Z</Time>
            <HeartRateBpm>
              <Value>0</Value>
            </HeartRateBpm>
            <Cadence>103</Cadence>
            <DistanceMeters>3797.76102</DistanceMeters>
            <Extensions>
              <TPX xmlns="http://www.garmin.com/xmlschemas/ActivityExtension/v2">
                <Watts>151</Watts>
              </TPX>
            </Extensions>
          </Trackpoint>
          <Trackpoint>
            <Time>2010-10-19T21:15:40Z</Time>
            <HeartRateBpm>
              <Value>0</Value>
            </HeartRateBpm>
            <Cadence>101</Cadence>
            <DistanceMeters>3801.95358</DistanceMeters>
            <Extensions>
              <TPX xmlns="http://www.garmin.com/xmlschemas/ActivityExtension/v2">
                <Watts>151</Watts>
              </TPX>
            </Extensions>
          </Trackpoint>
          <Trackpoint>
            <Time>2010-10-19T21:15:41Z</Time>
            <HeartRateBpm>
              <Value>0</Value>
            </HeartRateBpm>
            <Cadence>98</Cadence>
            <DistanceMeters>3806.15745</DistanceMeters>
            <Extensions>
              <TPX xmlns="http://www.garmin.com/xmlschemas/ActivityExtension/v2">
                <Watts>154</Watts>
              </TPX>
            </Extensions>
          </Trackpoint>
          <Trackpoint>
            <Time>2010-10-19T21:15:42Z</Time>
            <HeartRateBpm>
              <Value>0</Value>
            </HeartRateBpm>
            <Cadence>98</Cadence>
            <DistanceMeters>3810.45536</DistanceMeters>
            <Extensions>
              <TPX xmlns="http://www.garmin.com/xmlschemas/ActivityExtension/v2">
                <Watts>159</Watts>
              </TPX>
            </Extensions>
          </Trackpoint>
          <Trackpoint>
            <Time>2010-10-19T21:15:43Z</Time>
            <HeartRateBpm>
              <Value>0</Value>
            </HeartRateBpm>
            <Cadence>98</Cadence>
            <DistanceMeters>3814.80217</DistanceMeters>
            <Extensions>
              <TPX xmlns="http://www.garmin.com/xmlschemas/ActivityExtension/v2">
                <Watts>165</Watts>
              </TPX>
            </Extensions>
          </Trackpoint>
          <Trackpoint>
            <Time>2010-10-19T21:15:44Z</Time>
            <HeartRateBpm>
              <Value>0</Value>
            </HeartRateBpm>
            <Cadence>98</Cadence>
            <DistanceMeters>3818.90115</DistanceMeters>
            <Extensions>
              <TPX xmlns="http://www.garmin.com/xmlschemas/ActivityExtension/v2">
                <Watts>158</Watts>
              </TPX>
            </Extensions>
          </Trackpoint>
          <Trackpoint>
            <Time>2010-10-19T21:15:45Z</Time>
            <HeartRateBpm>
              <Value>0</Value>
            </HeartRateBpm>
            <Cadence>96</Cadence>
            <DistanceMeters>3822.78133</DistanceMeters>
            <Extensions>
              <TPX xmlns="http://www.garmin.com/xmlschemas/ActivityExtension/v2">
                <Watts>138</Watts>
              </TPX>
            </Extensions>
          </Trackpoint>
          <Trackpoint>
            <Time>2010-10-19T21:15:46Z</Time>
            <HeartRateBpm>
              <Value>0</Value>
            </HeartRateBpm>
            <Cadence>96</Cadence>
            <DistanceMeters>3826.77963</DistanceMeters>
            <Extensions>
              <TPX xmlns="http://www.garmin.com/xmlschemas/ActivityExtension/v2">
                <Watts>130</Watts>
              </TPX>
            </Extensions>
          </Trackpoint>
          <Trackpoint>
            <Time>2010-10-19T21:15:47Z</Time>
            <HeartRateBpm>
              <Value>0</Value>
            </HeartRateBpm>
            <Cadence>96</Cadence>
            <DistanceMeters>3830.95197</DistanceMeters>
            <Extensions>
              <TPX xmlns="http://www.garmin.com/xmlschemas/ActivityExtension/v2">
                <Watts>143</Watts>
              </TPX>
            </Extensions>
          </Trackpoint>
          <Trackpoint>
            <Time>2010-10-19T21:15:48Z</Time>
            <HeartRateBpm>
              <Value>0</Value>
            </HeartRateBpm>
            <Cadence>96</Cadence>
            <DistanceMeters>3835.17274</DistanceMeters>
            <Extensions>
              <TPX xmlns="http://www.garmin.com/xmlschemas/ActivityExtension/v2">
                <Watts>154</Watts>
              </TPX>
            </Extensions>
          </Trackpoint>
          <Trackpoint>
            <Time>2010-10-19T21:15:49Z</Time>
            <HeartRateBpm>
              <Value>0</Value>
            </HeartRateBpm>
            <Cadence>97</Cadence>
            <DistanceMeters>3839.51954</DistanceMeters>
            <Extensions>
              <TPX xmlns="http://www.garmin.com/xmlschemas/ActivityExtension/v2">
                <Watts>162</Watts>
              </TPX>
            </Extensions>
          </Trackpoint>
          <Trackpoint>
            <Time>2010-10-19T21:15:50Z</Time>
            <HeartRateBpm>
              <Value>0</Value>
            </HeartRateBpm>
            <Cadence>98</Cadence>
            <DistanceMeters>3843.86920</DistanceMeters>
            <Extensions>
              <TPX xmlns="http://www.garmin.com/xmlschemas/ActivityExtension/v2">
                <Watts>169</Watts>
              </TPX>
            </Extensions>
          </Trackpoint>
          <Trackpoint>
            <Time>2010-10-19T21:15:51Z</Time>
            <HeartRateBpm>
              <Value>0</Value>
            </HeartRateBpm>
            <Cadence>98</Cadence>
            <DistanceMeters>3848.23493</DistanceMeters>
            <Extensions>
              <TPX xmlns="http://www.garmin.com/xmlschemas/ActivityExtension/v2">
                <Watts>170</Watts>
              </TPX>
            </Extensions>
          </Trackpoint>
          <Trackpoint>
            <Time>2010-10-19T21:15:52Z</Time>
            <HeartRateBpm>
              <Value>0</Value>
            </HeartRateBpm>
            <Cadence>99</Cadence>
            <DistanceMeters>3852.59924</DistanceMeters>
            <Extensions>
              <TPX xmlns="http://www.garmin.com/xmlschemas/ActivityExtension/v2">
                <Watts>170</Watts>
              </TPX>
            </Extensions>
          </Trackpoint>
          <Trackpoint>
            <Time>2010-10-19T21:15:53Z</Time>
            <HeartRateBpm>
              <Value>0</Value>
            </HeartRateBpm>
            <Cadence>99</Cadence>
            <DistanceMeters>3856.90611</DistanceMeters>
            <Extensions>
              <TPX xmlns="http://www.garmin.com/xmlschemas/ActivityExtension/v2">
                <Watts>168</Watts>
              </TPX>
            </Extensions>
          </Trackpoint>
          <Trackpoint>
            <Time>2010-10-19T21:15:54Z</Time>
            <HeartRateBpm>
              <Value>0</Value>
            </HeartRateBpm>
            <Cadence>99</Cadence>
            <DistanceMeters>3861.21298</DistanceMeters>
            <Extensions>
              <TPX xmlns="http://www.garmin.com/xmlschemas/ActivityExtension/v2">
                <Watts>165</Watts>
              </TPX>
            </Extensions>
          </Trackpoint>
          <Trackpoint>
            <Time>2010-10-19T21:15:55Z</Time>
            <HeartRateBpm>
              <Value>0</Value>
            </HeartRateBpm>
            <Cadence>99</Cadence>
            <DistanceMeters>3865.35202</DistanceMeters>
            <Extensions>
              <TPX xmlns="http://www.garmin.com/xmlschemas/ActivityExtension/v2">
                <Watts>157</Watts>
              </TPX>
            </Extensions>
          </Trackpoint>
          <Trackpoint>
            <Time>2010-10-19T21:15:56Z</Time>
            <HeartRateBpm>
              <Value>0</Value>
            </HeartRateBpm>
            <Cadence>99</Cadence>
            <DistanceMeters>3869.47182</DistanceMeters>
            <Extensions>
              <TPX xmlns="http://www.garmin.com/xmlschemas/ActivityExtension/v2">
                <Watts>148</Watts>
              </TPX>
            </Extensions>
          </Trackpoint>
          <Trackpoint>
            <Time>2010-10-19T21:15:57Z</Time>
            <HeartRateBpm>
              <Value>0</Value>
            </HeartRateBpm>
            <Cadence>98</Cadence>
            <DistanceMeters>3873.65639</DistanceMeters>
            <Extensions>
              <TPX xmlns="http://www.garmin.com/xmlschemas/ActivityExtension/v2">
                <Watts>149</Watts>
              </TPX>
            </Extensions>
          </Trackpoint>
          <Trackpoint>
            <Time>2010-10-19T21:15:58Z</Time>
            <HeartRateBpm>
              <Value>0</Value>
            </HeartRateBpm>
            <Cadence>98</Cadence>
            <DistanceMeters>3877.86026</DistanceMeters>
            <Extensions>
              <TPX xmlns="http://www.garmin.com/xmlschemas/ActivityExtension/v2">
                <Watts>153</Watts>
              </TPX>
            </Extensions>
          </Trackpoint>
          <Trackpoint>
            <Time>2010-10-19T21:15:59Z</Time>
            <HeartRateBpm>
              <Value>0</Value>
            </HeartRateBpm>
            <Cadence>98</Cadence>
            <DistanceMeters>3882.09660</DistanceMeters>
            <Extensions>
              <TPX xmlns="http://www.garmin.com/xmlschemas/ActivityExtension/v2">
                <Watts>156</Watts>
              </TPX>
            </Extensions>
          </Trackpoint>
          <Trackpoint>
            <Time>2010-10-19T21:16:00Z</Time>
            <HeartRateBpm>
              <Value>0</Value>
            </HeartRateBpm>
            <Cadence>98</Cadence>
            <DistanceMeters>3886.35092</DistanceMeters>
            <Extensions>
              <TPX xmlns="http://www.garmin.com/xmlschemas/ActivityExtension/v2">
                <Watts>158</Watts>
              </TPX>
            </Extensions>
          </Trackpoint>
          <Trackpoint>
            <Time>2010-10-19T21:16:01Z</Time>
            <HeartRateBpm>
              <Value>0</Value>
            </HeartRateBpm>
            <Cadence>98</Cadence>
            <DistanceMeters>3890.57918</DistanceMeters>
            <Extensions>
              <TPX xmlns="http://www.garmin.com/xmlschemas/ActivityExtension/v2">
                <Watts>158</Watts>
              </TPX>
            </Extensions>
          </Trackpoint>
          <Trackpoint>
            <Time>2010-10-19T21:16:02Z</Time>
            <HeartRateBpm>
              <Value>0</Value>
            </HeartRateBpm>
            <Cadence>98</Cadence>
            <DistanceMeters>3894.78305</DistanceMeters>
            <Extensions>
              <TPX xmlns="http://www.garmin.com/xmlschemas/ActivityExtension/v2">
                <Watts>156</Watts>
              </TPX>
            </Extensions>
          </Trackpoint>
          <Trackpoint>
            <Time>2010-10-19T21:16:03Z</Time>
            <HeartRateBpm>
              <Value>0</Value>
            </HeartRateBpm>
            <Cadence>97</Cadence>
            <DistanceMeters>3899.11971</DistanceMeters>
            <Extensions>
              <TPX xmlns="http://www.garmin.com/xmlschemas/ActivityExtension/v2">
                <Watts>161</Watts>
              </TPX>
            </Extensions>
          </Trackpoint>
          <Trackpoint>
            <Time>2010-10-19T21:16:04Z</Time>
            <HeartRateBpm>
              <Value>0</Value>
            </HeartRateBpm>
            <Cadence>97</Cadence>
            <DistanceMeters>3903.66410</DistanceMeters>
            <Extensions>
              <TPX xmlns="http://www.garmin.com/xmlschemas/ActivityExtension/v2">
                <Watts>177</Watts>
              </TPX>
            </Extensions>
          </Trackpoint>
          <Trackpoint>
            <Time>2010-10-19T21:16:05Z</Time>
            <HeartRateBpm>
              <Value>0</Value>
            </HeartRateBpm>
            <Cadence>97</Cadence>
            <DistanceMeters>3908.10505</DistanceMeters>
            <Extensions>
              <TPX xmlns="http://www.garmin.com/xmlschemas/ActivityExtension/v2">
                <Watts>185</Watts>
              </TPX>
            </Extensions>
          </Trackpoint>
          <Trackpoint>
            <Time>2010-10-19T21:16:06Z</Time>
            <HeartRateBpm>
              <Value>0</Value>
            </HeartRateBpm>
            <Cadence>99</Cadence>
            <DistanceMeters>3912.25638</DistanceMeters>
            <Extensions>
              <TPX xmlns="http://www.garmin.com/xmlschemas/ActivityExtension/v2">
                <Watts>166</Watts>
              </TPX>
            </Extensions>
          </Trackpoint>
          <Trackpoint>
            <Time>2010-10-19T21:16:07Z</Time>
            <HeartRateBpm>
              <Value>0</Value>
            </HeartRateBpm>
            <Cadence>100</Cadence>
            <DistanceMeters>3916.41057</DistanceMeters>
            <Extensions>
              <TPX xmlns="http://www.garmin.com/xmlschemas/ActivityExtension/v2">
                <Watts>150</Watts>
              </TPX>
            </Extensions>
          </Trackpoint>
          <Trackpoint>
            <Time>2010-10-19T21:16:08Z</Time>
            <HeartRateBpm>
              <Value>0</Value>
            </HeartRateBpm>
            <Cadence>100</Cadence>
            <DistanceMeters>3920.58292</DistanceMeters>
            <Extensions>
              <TPX xmlns="http://www.garmin.com/xmlschemas/ActivityExtension/v2">
                <Watts>151</Watts>
              </TPX>
            </Extensions>
          </Trackpoint>
          <Trackpoint>
            <Time>2010-10-19T21:16:09Z</Time>
            <HeartRateBpm>
              <Value>0</Value>
            </HeartRateBpm>
            <Cadence>99</Cadence>
            <DistanceMeters>3924.75537</DistanceMeters>
            <Extensions>
              <TPX xmlns="http://www.garmin.com/xmlschemas/ActivityExtension/v2">
                <Watts>152</Watts>
              </TPX>
            </Extensions>
          </Trackpoint>
          <Trackpoint>
            <Time>2010-10-19T21:16:10Z</Time>
            <HeartRateBpm>
              <Value>0</Value>
            </HeartRateBpm>
            <Cadence>98</Cadence>
            <DistanceMeters>3928.93822</DistanceMeters>
            <Extensions>
              <TPX xmlns="http://www.garmin.com/xmlschemas/ActivityExtension/v2">
                <Watts>152</Watts>
              </TPX>
            </Extensions>
          </Trackpoint>
          <Trackpoint>
            <Time>2010-10-19T21:16:11Z</Time>
            <HeartRateBpm>
              <Value>0</Value>
            </HeartRateBpm>
            <Cadence>97</Cadence>
            <DistanceMeters>3933.12108</DistanceMeters>
            <Extensions>
              <TPX xmlns="http://www.garmin.com/xmlschemas/ActivityExtension/v2">
                <Watts>152</Watts>
              </TPX>
            </Extensions>
          </Trackpoint>
          <Trackpoint>
            <Time>2010-10-19T21:16:12Z</Time>
            <HeartRateBpm>
              <Value>0</Value>
            </HeartRateBpm>
            <Cadence>96</Cadence>
            <DistanceMeters>3936.87531</DistanceMeters>
            <Extensions>
              <TPX xmlns="http://www.garmin.com/xmlschemas/ActivityExtension/v2">
                <Watts>135</Watts>
              </TPX>
            </Extensions>
          </Trackpoint>
          <Trackpoint>
            <Time>2010-10-19T21:16:13Z</Time>
            <HeartRateBpm>
              <Value>0</Value>
            </HeartRateBpm>
            <Cadence>96</Cadence>
            <DistanceMeters>3940.57261</DistanceMeters>
            <Extensions>
              <TPX xmlns="http://www.garmin.com/xmlschemas/ActivityExtension/v2">
                <Watts>115</Watts>
              </TPX>
            </Extensions>
          </Trackpoint>
          <Trackpoint>
            <Time>2010-10-19T21:16:14Z</Time>
            <HeartRateBpm>
              <Value>0</Value>
            </HeartRateBpm>
            <Cadence>95</Cadence>
            <DistanceMeters>3944.20954</DistanceMeters>
            <Extensions>
              <TPX xmlns="http://www.garmin.com/xmlschemas/ActivityExtension/v2">
                <Watts>108</Watts>
              </TPX>
            </Extensions>
          </Trackpoint>
          <Trackpoint>
            <Time>2010-10-19T21:16:15Z</Time>
            <HeartRateBpm>
              <Value>0</Value>
            </HeartRateBpm>
            <Cadence>95</Cadence>
            <DistanceMeters>3947.82697</DistanceMeters>
            <Extensions>
              <TPX xmlns="http://www.garmin.com/xmlschemas/ActivityExtension/v2">
                <Watts>106</Watts>
              </TPX>
            </Extensions>
          </Trackpoint>
          <Trackpoint>
            <Time>2010-10-19T21:16:16Z</Time>
            <HeartRateBpm>
              <Value>0</Value>
            </HeartRateBpm>
            <Cadence>96</Cadence>
            <DistanceMeters>3951.91522</DistanceMeters>
            <Extensions>
              <TPX xmlns="http://www.garmin.com/xmlschemas/ActivityExtension/v2">
                <Watts>124</Watts>
              </TPX>
            </Extensions>
          </Trackpoint>
          <Trackpoint>
            <Time>2010-10-19T21:16:17Z</Time>
            <HeartRateBpm>
              <Value>0</Value>
            </HeartRateBpm>
            <Cadence>99</Cadence>
            <DistanceMeters>3956.28095</DistanceMeters>
            <Extensions>
              <TPX xmlns="http://www.garmin.com/xmlschemas/ActivityExtension/v2">
                <Watts>155</Watts>
              </TPX>
            </Extensions>
          </Trackpoint>
          <Trackpoint>
            <Time>2010-10-19T21:16:18Z</Time>
            <HeartRateBpm>
              <Value>0</Value>
            </HeartRateBpm>
            <Cadence>101</Cadence>
            <DistanceMeters>3960.53368</DistanceMeters>
            <Extensions>
              <TPX xmlns="http://www.garmin.com/xmlschemas/ActivityExtension/v2">
                <Watts>165</Watts>
              </TPX>
            </Extensions>
          </Trackpoint>
          <Trackpoint>
            <Time>2010-10-19T21:16:19Z</Time>
            <HeartRateBpm>
              <Value>0</Value>
            </HeartRateBpm>
            <Cadence>101</Cadence>
            <DistanceMeters>3964.67450</DistanceMeters>
            <Extensions>
              <TPX xmlns="http://www.garmin.com/xmlschemas/ActivityExtension/v2">
                <Watts>155</Watts>
              </TPX>
            </Extensions>
          </Trackpoint>
          <Trackpoint>
            <Time>2010-10-19T21:16:20Z</Time>
            <HeartRateBpm>
              <Value>0</Value>
            </HeartRateBpm>
            <Cadence>101</Cadence>
            <DistanceMeters>3968.73558</DistanceMeters>
            <Extensions>
              <TPX xmlns="http://www.garmin.com/xmlschemas/ActivityExtension/v2">
                <Watts>145</Watts>
              </TPX>
            </Extensions>
          </Trackpoint>
          <Trackpoint>
            <Time>2010-10-19T21:16:21Z</Time>
            <HeartRateBpm>
              <Value>0</Value>
            </HeartRateBpm>
            <Cadence>100</Cadence>
            <DistanceMeters>3972.66410</DistanceMeters>
            <Extensions>
              <TPX xmlns="http://www.garmin.com/xmlschemas/ActivityExtension/v2">
                <Watts>136</Watts>
              </TPX>
            </Extensions>
          </Trackpoint>
          <Trackpoint>
            <Time>2010-10-19T21:16:22Z</Time>
            <HeartRateBpm>
              <Value>0</Value>
            </HeartRateBpm>
            <Cadence>99</Cadence>
            <DistanceMeters>3976.73644</DistanceMeters>
            <Extensions>
              <TPX xmlns="http://www.garmin.com/xmlschemas/ActivityExtension/v2">
                <Watts>136</Watts>
              </TPX>
            </Extensions>
          </Trackpoint>
          <Trackpoint>
            <Time>2010-10-19T21:16:23Z</Time>
            <HeartRateBpm>
              <Value>0</Value>
            </HeartRateBpm>
            <Cadence>101</Cadence>
            <DistanceMeters>3981.24299</DistanceMeters>
            <Extensions>
              <TPX xmlns="http://www.garmin.com/xmlschemas/ActivityExtension/v2">
                <Watts>162</Watts>
              </TPX>
            </Extensions>
          </Trackpoint>
          <Trackpoint>
            <Time>2010-10-19T21:16:24Z</Time>
            <HeartRateBpm>
              <Value>0</Value>
            </HeartRateBpm>
            <Cadence>104</Cadence>
            <DistanceMeters>3985.71261</DistanceMeters>
            <Extensions>
              <TPX xmlns="http://www.garmin.com/xmlschemas/ActivityExtension/v2">
                <Watts>184</Watts>
              </TPX>
            </Extensions>
          </Trackpoint>
          <Trackpoint>
            <Time>2010-10-19T21:16:25Z</Time>
            <HeartRateBpm>
              <Value>0</Value>
            </HeartRateBpm>
            <Cadence>105</Cadence>
            <DistanceMeters>3989.91649</DistanceMeters>
            <Extensions>
              <TPX xmlns="http://www.garmin.com/xmlschemas/ActivityExtension/v2">
                <Watts>169</Watts>
              </TPX>
            </Extensions>
          </Trackpoint>
          <Trackpoint>
            <Time>2010-10-19T21:16:26Z</Time>
            <HeartRateBpm>
              <Value>0</Value>
            </HeartRateBpm>
            <Cadence>105</Cadence>
            <DistanceMeters>3994.12036</DistanceMeters>
            <Extensions>
              <TPX xmlns="http://www.garmin.com/xmlschemas/ActivityExtension/v2">
                <Watts>155</Watts>
              </TPX>
            </Extensions>
          </Trackpoint>
          <Trackpoint>
            <Time>2010-10-19T21:16:27Z</Time>
            <HeartRateBpm>
              <Value>0</Value>
            </HeartRateBpm>
            <Cadence>104</Cadence>
            <DistanceMeters>3997.71550</DistanceMeters>
            <Extensions>
              <TPX xmlns="http://www.garmin.com/xmlschemas/ActivityExtension/v2">
                <Watts>130</Watts>
              </TPX>
            </Extensions>
          </Trackpoint>
          <Trackpoint>
            <Time>2010-10-19T21:16:28Z</Time>
            <HeartRateBpm>
              <Value>0</Value>
            </HeartRateBpm>
            <Cadence>102</Cadence>
            <DistanceMeters>4001.30771</DistanceMeters>
            <Extensions>
              <TPX xmlns="http://www.garmin.com/xmlschemas/ActivityExtension/v2">
                <Watts>106</Watts>
              </TPX>
            </Extensions>
          </Trackpoint>
          <Trackpoint>
            <Time>2010-10-19T21:16:29Z</Time>
            <HeartRateBpm>
              <Value>0</Value>
            </HeartRateBpm>
            <Cadence>102</Cadence>
            <DistanceMeters>4005.36722</DistanceMeters>
            <Extensions>
              <TPX xmlns="http://www.garmin.com/xmlschemas/ActivityExtension/v2">
                <Watts>121</Watts>
              </TPX>
            </Extensions>
          </Trackpoint>
          <Trackpoint>
            <Time>2010-10-19T21:16:30Z</Time>
            <HeartRateBpm>
              <Value>0</Value>
            </HeartRateBpm>
            <Cadence>102</Cadence>
            <DistanceMeters>4009.49753</DistanceMeters>
            <Extensions>
              <TPX xmlns="http://www.garmin.com/xmlschemas/ActivityExtension/v2">
                <Watts>142</Watts>
              </TPX>
            </Extensions>
          </Trackpoint>
          <Trackpoint>
            <Time>2010-10-19T21:16:31Z</Time>
            <HeartRateBpm>
              <Value>0</Value>
            </HeartRateBpm>
            <Cadence>101</Cadence>
            <DistanceMeters>4013.65122</DistanceMeters>
            <Extensions>
              <TPX xmlns="http://www.garmin.com/xmlschemas/ActivityExtension/v2">
                <Watts>149</Watts>
              </TPX>
            </Extensions>
          </Trackpoint>
          <Trackpoint>
            <Time>2010-10-19T21:16:32Z</Time>
            <HeartRateBpm>
              <Value>0</Value>
            </HeartRateBpm>
            <Cadence>101</Cadence>
            <DistanceMeters>4017.81305</DistanceMeters>
            <Extensions>
              <TPX xmlns="http://www.garmin.com/xmlschemas/ActivityExtension/v2">
                <Watts>150</Watts>
              </TPX>
            </Extensions>
          </Trackpoint>
          <Trackpoint>
            <Time>2010-10-19T21:16:33Z</Time>
            <HeartRateBpm>
              <Value>0</Value>
            </HeartRateBpm>
            <Cadence>100</Cadence>
            <DistanceMeters>4021.72805</DistanceMeters>
            <Extensions>
              <TPX xmlns="http://www.garmin.com/xmlschemas/ActivityExtension/v2">
                <Watts>140</Watts>
              </TPX>
            </Extensions>
          </Trackpoint>
          <Trackpoint>
            <Time>2010-10-19T21:16:34Z</Time>
            <HeartRateBpm>
              <Value>0</Value>
            </HeartRateBpm>
            <Cadence>100</Cadence>
            <DistanceMeters>4025.48842</DistanceMeters>
            <Extensions>
              <TPX xmlns="http://www.garmin.com/xmlschemas/ActivityExtension/v2">
                <Watts>124</Watts>
              </TPX>
            </Extensions>
          </Trackpoint>
          <Trackpoint>
            <Time>2010-10-19T21:16:35Z</Time>
            <HeartRateBpm>
              <Value>0</Value>
            </HeartRateBpm>
            <Cadence>99</Cadence>
            <DistanceMeters>4029.27238</DistanceMeters>
            <Extensions>
              <TPX xmlns="http://www.garmin.com/xmlschemas/ActivityExtension/v2">
                <Watts>116</Watts>
              </TPX>
            </Extensions>
          </Trackpoint>
          <Trackpoint>
            <Time>2010-10-19T21:16:36Z</Time>
            <HeartRateBpm>
              <Value>0</Value>
            </HeartRateBpm>
            <Cadence>97</Cadence>
            <DistanceMeters>4033.08109</DistanceMeters>
            <Extensions>
              <TPX xmlns="http://www.garmin.com/xmlschemas/ActivityExtension/v2">
                <Watts>118</Watts>
              </TPX>
            </Extensions>
          </Trackpoint>
          <Trackpoint>
            <Time>2010-10-19T21:16:37Z</Time>
            <HeartRateBpm>
              <Value>0</Value>
            </HeartRateBpm>
            <Cadence>97</Cadence>
            <DistanceMeters>4037.13886</DistanceMeters>
            <Extensions>
              <TPX xmlns="http://www.garmin.com/xmlschemas/ActivityExtension/v2">
                <Watts>131</Watts>
              </TPX>
            </Extensions>
          </Trackpoint>
          <Trackpoint>
            <Time>2010-10-19T21:16:38Z</Time>
            <HeartRateBpm>
              <Value>0</Value>
            </HeartRateBpm>
            <Cadence>99</Cadence>
            <DistanceMeters>4041.63700</DistanceMeters>
            <Extensions>
              <TPX xmlns="http://www.garmin.com/xmlschemas/ActivityExtension/v2">
                <Watts>161</Watts>
              </TPX>
            </Extensions>
          </Trackpoint>
          <Trackpoint>
            <Time>2010-10-19T21:16:39Z</Time>
            <HeartRateBpm>
              <Value>0</Value>
            </HeartRateBpm>
            <Cadence>102</Cadence>
            <DistanceMeters>4046.08735</DistanceMeters>
            <Extensions>
              <TPX xmlns="http://www.garmin.com/xmlschemas/ActivityExtension/v2">
                <Watts>182</Watts>
              </TPX>
            </Extensions>
          </Trackpoint>
          <Trackpoint>
            <Time>2010-10-19T21:16:40Z</Time>
            <HeartRateBpm>
              <Value>0</Value>
            </HeartRateBpm>
            <Cadence>103</Cadence>
            <DistanceMeters>4050.38161</DistanceMeters>
            <Extensions>
              <TPX xmlns="http://www.garmin.com/xmlschemas/ActivityExtension/v2">
                <Watts>172</Watts>
              </TPX>
            </Extensions>
          </Trackpoint>
          <Trackpoint>
            <Time>2010-10-19T21:16:41Z</Time>
            <HeartRateBpm>
              <Value>0</Value>
            </HeartRateBpm>
            <Cadence>103</Cadence>
            <DistanceMeters>4054.66048</DistanceMeters>
            <Extensions>
              <TPX xmlns="http://www.garmin.com/xmlschemas/ActivityExtension/v2">
                <Watts>163</Watts>
              </TPX>
            </Extensions>
          </Trackpoint>
          <Trackpoint>
            <Time>2010-10-19T21:16:42Z</Time>
            <HeartRateBpm>
              <Value>0</Value>
            </HeartRateBpm>
            <Cadence>103</Cadence>
            <DistanceMeters>4058.81180</DistanceMeters>
            <Extensions>
              <TPX xmlns="http://www.garmin.com/xmlschemas/ActivityExtension/v2">
                <Watts>156</Watts>
              </TPX>
            </Extensions>
          </Trackpoint>
          <Trackpoint>
            <Time>2010-10-19T21:16:43Z</Time>
            <HeartRateBpm>
              <Value>0</Value>
            </HeartRateBpm>
            <Cadence>103</Cadence>
            <DistanceMeters>4062.96313</DistanceMeters>
            <Extensions>
              <TPX xmlns="http://www.garmin.com/xmlschemas/ActivityExtension/v2">
                <Watts>150</Watts>
              </TPX>
            </Extensions>
          </Trackpoint>
          <Trackpoint>
            <Time>2010-10-19T21:16:44Z</Time>
            <HeartRateBpm>
              <Value>0</Value>
            </HeartRateBpm>
            <Cadence>103</Cadence>
            <DistanceMeters>4067.18662</DistanceMeters>
            <Extensions>
              <TPX xmlns="http://www.garmin.com/xmlschemas/ActivityExtension/v2">
                <Watts>153</Watts>
              </TPX>
            </Extensions>
          </Trackpoint>
          <Trackpoint>
            <Time>2010-10-19T21:16:45Z</Time>
            <HeartRateBpm>
              <Value>0</Value>
            </HeartRateBpm>
            <Cadence>103</Cadence>
            <DistanceMeters>4071.41151</DistanceMeters>
            <Extensions>
              <TPX xmlns="http://www.garmin.com/xmlschemas/ActivityExtension/v2">
                <Watts>156</Watts>
              </TPX>
            </Extensions>
          </Trackpoint>
          <Trackpoint>
            <Time>2010-10-19T21:16:46Z</Time>
            <HeartRateBpm>
              <Value>0</Value>
            </HeartRateBpm>
            <Cadence>103</Cadence>
            <DistanceMeters>4075.46048</DistanceMeters>
            <Extensions>
              <TPX xmlns="http://www.garmin.com/xmlschemas/ActivityExtension/v2">
                <Watts>149</Watts>
              </TPX>
            </Extensions>
          </Trackpoint>
          <Trackpoint>
            <Time>2010-10-19T21:16:47Z</Time>
            <HeartRateBpm>
              <Value>0</Value>
            </HeartRateBpm>
            <Cadence>104</Cadence>
            <DistanceMeters>4079.47938</DistanceMeters>
            <Extensions>
              <TPX xmlns="http://www.garmin.com/xmlschemas/ActivityExtension/v2">
                <Watts>140</Watts>
              </TPX>
            </Extensions>
          </Trackpoint>
          <Trackpoint>
            <Time>2010-10-19T21:16:48Z</Time>
            <HeartRateBpm>
              <Value>0</Value>
            </HeartRateBpm>
            <Cadence>104</Cadence>
            <DistanceMeters>4083.69090</DistanceMeters>
            <Extensions>
              <TPX xmlns="http://www.garmin.com/xmlschemas/ActivityExtension/v2">
                <Watts>146</Watts>
              </TPX>
            </Extensions>
          </Trackpoint>
          <Trackpoint>
            <Time>2010-10-19T21:16:49Z</Time>
            <HeartRateBpm>
              <Value>0</Value>
            </HeartRateBpm>
            <Cadence>103</Cadence>
            <DistanceMeters>4087.97465</DistanceMeters>
            <Extensions>
              <TPX xmlns="http://www.garmin.com/xmlschemas/ActivityExtension/v2">
                <Watts>158</Watts>
              </TPX>
            </Extensions>
          </Trackpoint>
          <Trackpoint>
            <Time>2010-10-19T21:16:50Z</Time>
            <HeartRateBpm>
              <Value>0</Value>
            </HeartRateBpm>
            <Cadence>103</Cadence>
            <DistanceMeters>4092.13976</DistanceMeters>
            <Extensions>
              <TPX xmlns="http://www.garmin.com/xmlschemas/ActivityExtension/v2">
                <Watts>157</Watts>
              </TPX>
            </Extensions>
          </Trackpoint>
          <Trackpoint>
            <Time>2010-10-19T21:16:51Z</Time>
            <HeartRateBpm>
              <Value>0</Value>
            </HeartRateBpm>
            <Cadence>104</Cadence>
            <DistanceMeters>4096.22592</DistanceMeters>
            <Extensions>
              <TPX xmlns="http://www.garmin.com/xmlschemas/ActivityExtension/v2">
                <Watts>148</Watts>
              </TPX>
            </Extensions>
          </Trackpoint>
          <Trackpoint>
            <Time>2010-10-19T21:16:52Z</Time>
            <HeartRateBpm>
              <Value>0</Value>
            </HeartRateBpm>
            <Cadence>105</Cadence>
            <DistanceMeters>4100.39672</DistanceMeters>
            <Extensions>
              <TPX xmlns="http://www.garmin.com/xmlschemas/ActivityExtension/v2">
                <Watts>147</Watts>
              </TPX>
            </Extensions>
          </Trackpoint>
          <Trackpoint>
            <Time>2010-10-19T21:16:53Z</Time>
            <HeartRateBpm>
              <Value>0</Value>
            </HeartRateBpm>
            <Cadence>105</Cadence>
            <DistanceMeters>4104.66155</DistanceMeters>
            <Extensions>
              <TPX xmlns="http://www.garmin.com/xmlschemas/ActivityExtension/v2">
                <Watts>155</Watts>
              </TPX>
            </Extensions>
          </Trackpoint>
          <Trackpoint>
            <Time>2010-10-19T21:16:54Z</Time>
            <HeartRateBpm>
              <Value>0</Value>
            </HeartRateBpm>
            <Cadence>106</Cadence>
            <DistanceMeters>4108.93003</DistanceMeters>
            <Extensions>
              <TPX xmlns="http://www.garmin.com/xmlschemas/ActivityExtension/v2">
                <Watts>161</Watts>
              </TPX>
            </Extensions>
          </Trackpoint>
          <Trackpoint>
            <Time>2010-10-19T21:16:55Z</Time>
            <HeartRateBpm>
              <Value>0</Value>
            </HeartRateBpm>
            <Cadence>107</Cadence>
            <DistanceMeters>4113.20537</DistanceMeters>
            <Extensions>
              <TPX xmlns="http://www.garmin.com/xmlschemas/ActivityExtension/v2">
                <Watts>161</Watts>
              </TPX>
            </Extensions>
          </Trackpoint>
          <Trackpoint>
            <Time>2010-10-19T21:16:56Z</Time>
            <HeartRateBpm>
              <Value>0</Value>
            </HeartRateBpm>
            <Cadence>108</Cadence>
            <DistanceMeters>4117.55196</DistanceMeters>
            <Extensions>
              <TPX xmlns="http://www.garmin.com/xmlschemas/ActivityExtension/v2">
                <Watts>165</Watts>
              </TPX>
            </Extensions>
          </Trackpoint>
          <Trackpoint>
            <Time>2010-10-19T21:16:57Z</Time>
            <HeartRateBpm>
              <Value>0</Value>
            </HeartRateBpm>
            <Cadence>108</Cadence>
            <DistanceMeters>4122.15100</DistanceMeters>
            <Extensions>
              <TPX xmlns="http://www.garmin.com/xmlschemas/ActivityExtension/v2">
                <Watts>181</Watts>
              </TPX>
            </Extensions>
          </Trackpoint>
          <Trackpoint>
            <Time>2010-10-19T21:16:58Z</Time>
            <HeartRateBpm>
              <Value>0</Value>
            </HeartRateBpm>
            <Cadence>108</Cadence>
            <DistanceMeters>4126.67179</DistanceMeters>
            <Extensions>
              <TPX xmlns="http://www.garmin.com/xmlschemas/ActivityExtension/v2">
                <Watts>192</Watts>
              </TPX>
            </Extensions>
          </Trackpoint>
          <Trackpoint>
            <Time>2010-10-19T21:16:59Z</Time>
            <HeartRateBpm>
              <Value>0</Value>
            </HeartRateBpm>
            <Cadence>108</Cadence>
            <DistanceMeters>4130.43215</DistanceMeters>
            <Extensions>
              <TPX xmlns="http://www.garmin.com/xmlschemas/ActivityExtension/v2">
                <Watts>154</Watts>
              </TPX>
            </Extensions>
          </Trackpoint>
          <Trackpoint>
            <Time>2010-10-19T21:17:00Z</Time>
            <HeartRateBpm>
              <Value>0</Value>
            </HeartRateBpm>
            <Cadence>108</Cadence>
            <DistanceMeters>4134.19252</DistanceMeters>
            <Extensions>
              <TPX xmlns="http://www.garmin.com/xmlschemas/ActivityExtension/v2">
                <Watts>117</Watts>
              </TPX>
            </Extensions>
          </Trackpoint>
          <Trackpoint>
            <Time>2010-10-19T21:17:01Z</Time>
            <HeartRateBpm>
              <Value>0</Value>
            </HeartRateBpm>
            <Cadence>106</Cadence>
            <DistanceMeters>4138.18245</DistanceMeters>
            <Extensions>
              <TPX xmlns="http://www.garmin.com/xmlschemas/ActivityExtension/v2">
                <Watts>125</Watts>
              </TPX>
            </Extensions>
          </Trackpoint>
          <Trackpoint>
            <Time>2010-10-19T21:17:02Z</Time>
            <HeartRateBpm>
              <Value>0</Value>
            </HeartRateBpm>
            <Cadence>104</Cadence>
            <DistanceMeters>4142.18033</DistanceMeters>
            <Extensions>
              <TPX xmlns="http://www.garmin.com/xmlschemas/ActivityExtension/v2">
                <Watts>134</Watts>
              </TPX>
            </Extensions>
          </Trackpoint>
          <Trackpoint>
            <Time>2010-10-19T21:17:03Z</Time>
            <HeartRateBpm>
              <Value>0</Value>
            </HeartRateBpm>
            <Cadence>103</Cadence>
            <DistanceMeters>4146.15880</DistanceMeters>
            <Extensions>
              <TPX xmlns="http://www.garmin.com/xmlschemas/ActivityExtension/v2">
                <Watts>135</Watts>
              </TPX>
            </Extensions>
          </Trackpoint>
          <Trackpoint>
            <Time>2010-10-19T21:17:04Z</Time>
            <HeartRateBpm>
              <Value>0</Value>
            </HeartRateBpm>
            <Cadence>102</Cadence>
            <DistanceMeters>4150.13357</DistanceMeters>
            <Extensions>
              <TPX xmlns="http://www.garmin.com/xmlschemas/ActivityExtension/v2">
                <Watts>134</Watts>
              </TPX>
            </Extensions>
          </Trackpoint>
          <Trackpoint>
            <Time>2010-10-19T21:17:05Z</Time>
            <HeartRateBpm>
              <Value>0</Value>
            </HeartRateBpm>
            <Cadence>103</Cadence>
            <DistanceMeters>4154.21173</DistanceMeters>
            <Extensions>
              <TPX xmlns="http://www.garmin.com/xmlschemas/ActivityExtension/v2">
                <Watts>138</Watts>
              </TPX>
            </Extensions>
          </Trackpoint>
          <Trackpoint>
            <Time>2010-10-19T21:17:06Z</Time>
            <HeartRateBpm>
              <Value>0</Value>
            </HeartRateBpm>
            <Cadence>104</Cadence>
            <DistanceMeters>4158.33153</DistanceMeters>
            <Extensions>
              <TPX xmlns="http://www.garmin.com/xmlschemas/ActivityExtension/v2">
                <Watts>144</Watts>
              </TPX>
            </Extensions>
          </Trackpoint>
          <Trackpoint>
            <Time>2010-10-19T21:17:07Z</Time>
            <HeartRateBpm>
              <Value>0</Value>
            </HeartRateBpm>
            <Cadence>103</Cadence>
            <DistanceMeters>4162.39219</DistanceMeters>
            <Extensions>
              <TPX xmlns="http://www.garmin.com/xmlschemas/ActivityExtension/v2">
                <Watts>144</Watts>
              </TPX>
            </Extensions>
          </Trackpoint>
          <Trackpoint>
            <Time>2010-10-19T21:17:08Z</Time>
            <HeartRateBpm>
              <Value>0</Value>
            </HeartRateBpm>
            <Cadence>102</Cadence>
            <DistanceMeters>4166.41109</DistanceMeters>
            <Extensions>
              <TPX xmlns="http://www.garmin.com/xmlschemas/ActivityExtension/v2">
                <Watts>140</Watts>
              </TPX>
            </Extensions>
          </Trackpoint>
          <Trackpoint>
            <Time>2010-10-19T21:17:09Z</Time>
            <HeartRateBpm>
              <Value>0</Value>
            </HeartRateBpm>
            <Cadence>101</Cadence>
            <DistanceMeters>4170.38366</DistanceMeters>
            <Extensions>
              <TPX xmlns="http://www.garmin.com/xmlschemas/ActivityExtension/v2">
                <Watts>136</Watts>
              </TPX>
            </Extensions>
          </Trackpoint>
          <Trackpoint>
            <Time>2010-10-19T21:17:10Z</Time>
            <HeartRateBpm>
              <Value>0</Value>
            </HeartRateBpm>
            <Cadence>102</Cadence>
            <DistanceMeters>4174.30167</DistanceMeters>
            <Extensions>
              <TPX xmlns="http://www.garmin.com/xmlschemas/ActivityExtension/v2">
                <Watts>131</Watts>
              </TPX>
            </Extensions>
          </Trackpoint>
          <Trackpoint>
            <Time>2010-10-19T21:17:11Z</Time>
            <HeartRateBpm>
              <Value>0</Value>
            </HeartRateBpm>
            <Cadence>102</Cadence>
            <DistanceMeters>4178.35528</DistanceMeters>
            <Extensions>
              <TPX xmlns="http://www.garmin.com/xmlschemas/ActivityExtension/v2">
                <Watts>134</Watts>
              </TPX>
            </Extensions>
          </Trackpoint>
          <Trackpoint>
            <Time>2010-10-19T21:17:12Z</Time>
            <HeartRateBpm>
              <Value>0</Value>
            </HeartRateBpm>
            <Cadence>101</Cadence>
            <DistanceMeters>4182.68107</DistanceMeters>
            <Extensions>
              <TPX xmlns="http://www.garmin.com/xmlschemas/ActivityExtension/v2">
                <Watts>152</Watts>
              </TPX>
            </Extensions>
          </Trackpoint>
          <Trackpoint>
            <Time>2010-10-19T21:17:13Z</Time>
            <HeartRateBpm>
              <Value>0</Value>
            </HeartRateBpm>
            <Cadence>99</Cadence>
            <DistanceMeters>4186.95539</DistanceMeters>
            <Extensions>
              <TPX xmlns="http://www.garmin.com/xmlschemas/ActivityExtension/v2">
                <Watts>164</Watts>
              </TPX>
            </Extensions>
          </Trackpoint>
          <Trackpoint>
            <Time>2010-10-19T21:17:14Z</Time>
            <HeartRateBpm>
              <Value>0</Value>
            </HeartRateBpm>
            <Cadence>99</Cadence>
            <DistanceMeters>4191.03105</DistanceMeters>
            <Extensions>
              <TPX xmlns="http://www.garmin.com/xmlschemas/ActivityExtension/v2">
                <Watts>153</Watts>
              </TPX>
            </Extensions>
          </Trackpoint>
          <Trackpoint>
            <Time>2010-10-19T21:17:15Z</Time>
            <HeartRateBpm>
              <Value>0</Value>
            </HeartRateBpm>
            <Cadence>99</Cadence>
            <DistanceMeters>4195.11766</DistanceMeters>
            <Extensions>
              <TPX xmlns="http://www.garmin.com/xmlschemas/ActivityExtension/v2">
                <Watts>143</Watts>
              </TPX>
            </Extensions>
          </Trackpoint>
          <Trackpoint>
            <Time>2010-10-19T21:17:16Z</Time>
            <HeartRateBpm>
              <Value>0</Value>
            </HeartRateBpm>
            <Cadence>99</Cadence>
            <DistanceMeters>4199.33204</DistanceMeters>
            <Extensions>
              <TPX xmlns="http://www.garmin.com/xmlschemas/ActivityExtension/v2">
                <Watts>149</Watts>
              </TPX>
            </Extensions>
          </Trackpoint>
          <Trackpoint>
            <Time>2010-10-19T21:17:17Z</Time>
            <HeartRateBpm>
              <Value>0</Value>
            </HeartRateBpm>
            <Cadence>99</Cadence>
            <DistanceMeters>4203.54643</DistanceMeters>
            <Extensions>
              <TPX xmlns="http://www.garmin.com/xmlschemas/ActivityExtension/v2">
                <Watts>155</Watts>
              </TPX>
            </Extensions>
          </Trackpoint>
          <Trackpoint>
            <Time>2010-10-19T21:17:18Z</Time>
            <HeartRateBpm>
              <Value>0</Value>
            </HeartRateBpm>
            <Cadence>99</Cadence>
            <DistanceMeters>4207.76081</DistanceMeters>
            <Extensions>
              <TPX xmlns="http://www.garmin.com/xmlschemas/ActivityExtension/v2">
                <Watts>156</Watts>
              </TPX>
            </Extensions>
          </Trackpoint>
          <Trackpoint>
            <Time>2010-10-19T21:17:19Z</Time>
            <HeartRateBpm>
              <Value>0</Value>
            </HeartRateBpm>
            <Cadence>99</Cadence>
            <DistanceMeters>4211.97520</DistanceMeters>
            <Extensions>
              <TPX xmlns="http://www.garmin.com/xmlschemas/ActivityExtension/v2">
                <Watts>156</Watts>
              </TPX>
            </Extensions>
          </Trackpoint>
          <Trackpoint>
            <Time>2010-10-19T21:17:20Z</Time>
            <HeartRateBpm>
              <Value>0</Value>
            </HeartRateBpm>
            <Cadence>98</Cadence>
            <DistanceMeters>4215.98314</DistanceMeters>
            <Extensions>
              <TPX xmlns="http://www.garmin.com/xmlschemas/ActivityExtension/v2">
                <Watts>147</Watts>
              </TPX>
            </Extensions>
          </Trackpoint>
          <Trackpoint>
            <Time>2010-10-19T21:17:21Z</Time>
            <HeartRateBpm>
              <Value>0</Value>
            </HeartRateBpm>
            <Cadence>97</Cadence>
            <DistanceMeters>4219.94739</DistanceMeters>
            <Extensions>
              <TPX xmlns="http://www.garmin.com/xmlschemas/ActivityExtension/v2">
                <Watts>136</Watts>
              </TPX>
            </Extensions>
          </Trackpoint>
          <Trackpoint>
            <Time>2010-10-19T21:17:22Z</Time>
            <HeartRateBpm>
              <Value>0</Value>
            </HeartRateBpm>
            <Cadence>96</Cadence>
            <DistanceMeters>4224.17888</DistanceMeters>
            <Extensions>
              <TPX xmlns="http://www.garmin.com/xmlschemas/ActivityExtension/v2">
                <Watts>144</Watts>
              </TPX>
            </Extensions>
          </Trackpoint>
          <Trackpoint>
            <Time>2010-10-19T21:17:23Z</Time>
            <HeartRateBpm>
              <Value>0</Value>
            </HeartRateBpm>
            <Cadence>96</Cadence>
            <DistanceMeters>4228.52569</DistanceMeters>
            <Extensions>
              <TPX xmlns="http://www.garmin.com/xmlschemas/ActivityExtension/v2">
                <Watts>161</Watts>
              </TPX>
            </Extensions>
          </Trackpoint>
          <Trackpoint>
            <Time>2010-10-19T21:17:24Z</Time>
            <HeartRateBpm>
              <Value>0</Value>
            </HeartRateBpm>
            <Cadence>96</Cadence>
            <DistanceMeters>4232.94941</DistanceMeters>
            <Extensions>
              <TPX xmlns="http://www.garmin.com/xmlschemas/ActivityExtension/v2">
                <Watts>172</Watts>
              </TPX>
            </Extensions>
          </Trackpoint>
          <Trackpoint>
            <Time>2010-10-19T21:17:25Z</Time>
            <HeartRateBpm>
              <Value>0</Value>
            </HeartRateBpm>
            <Cadence>97</Cadence>
            <DistanceMeters>4237.43074</DistanceMeters>
            <Extensions>
              <TPX xmlns="http://www.garmin.com/xmlschemas/ActivityExtension/v2">
                <Watts>179</Watts>
              </TPX>
            </Extensions>
          </Trackpoint>
          <Trackpoint>
            <Time>2010-10-19T21:17:26Z</Time>
            <HeartRateBpm>
              <Value>0</Value>
            </HeartRateBpm>
            <Cadence>97</Cadence>
            <DistanceMeters>4241.67638</DistanceMeters>
            <Extensions>
              <TPX xmlns="http://www.garmin.com/xmlschemas/ActivityExtension/v2">
                <Watts>172</Watts>
              </TPX>
            </Extensions>
          </Trackpoint>
          <Trackpoint>
            <Time>2010-10-19T21:17:27Z</Time>
            <HeartRateBpm>
              <Value>0</Value>
            </HeartRateBpm>
            <Cadence>96</Cadence>
            <DistanceMeters>4245.62802</DistanceMeters>
            <Extensions>
              <TPX xmlns="http://www.garmin.com/xmlschemas/ActivityExtension/v2">
                <Watts>148</Watts>
              </TPX>
            </Extensions>
          </Trackpoint>
          <Trackpoint>
            <Time>2010-10-19T21:17:28Z</Time>
            <HeartRateBpm>
              <Value>0</Value>
            </HeartRateBpm>
            <Cadence>95</Cadence>
            <DistanceMeters>4249.55358</DistanceMeters>
            <Extensions>
              <TPX xmlns="http://www.garmin.com/xmlschemas/ActivityExtension/v2">
                <Watts>130</Watts>
              </TPX>
            </Extensions>
          </Trackpoint>
          <Trackpoint>
            <Time>2010-10-19T21:17:29Z</Time>
            <HeartRateBpm>
              <Value>0</Value>
            </HeartRateBpm>
            <Cadence>94</Cadence>
            <DistanceMeters>4253.42325</DistanceMeters>
            <Extensions>
              <TPX xmlns="http://www.garmin.com/xmlschemas/ActivityExtension/v2">
                <Watts>127</Watts>
              </TPX>
            </Extensions>
          </Trackpoint>
          <Trackpoint>
            <Time>2010-10-19T21:17:30Z</Time>
            <HeartRateBpm>
              <Value>0</Value>
            </HeartRateBpm>
            <Cadence>93</Cadence>
            <DistanceMeters>4257.35688</DistanceMeters>
            <Extensions>
              <TPX xmlns="http://www.garmin.com/xmlschemas/ActivityExtension/v2">
                <Watts>127</Watts>
              </TPX>
            </Extensions>
          </Trackpoint>
          <Trackpoint>
            <Time>2010-10-19T21:17:31Z</Time>
            <HeartRateBpm>
              <Value>0</Value>
            </HeartRateBpm>
            <Cadence>93</Cadence>
            <DistanceMeters>4261.56075</DistanceMeters>
            <Extensions>
              <TPX xmlns="http://www.garmin.com/xmlschemas/ActivityExtension/v2">
                <Watts>141</Watts>
              </TPX>
            </Extensions>
          </Trackpoint>
          <Trackpoint>
            <Time>2010-10-19T21:17:32Z</Time>
            <HeartRateBpm>
              <Value>0</Value>
            </HeartRateBpm>
            <Cadence>93</Cadence>
            <DistanceMeters>4265.76259</DistanceMeters>
            <Extensions>
              <TPX xmlns="http://www.garmin.com/xmlschemas/ActivityExtension/v2">
                <Watts>154</Watts>
              </TPX>
            </Extensions>
          </Trackpoint>
          <Trackpoint>
            <Time>2010-10-19T21:17:33Z</Time>
            <HeartRateBpm>
              <Value>0</Value>
            </HeartRateBpm>
            <Cadence>94</Cadence>
            <DistanceMeters>4269.93494</DistanceMeters>
            <Extensions>
              <TPX xmlns="http://www.garmin.com/xmlschemas/ActivityExtension/v2">
                <Watts>153</Watts>
              </TPX>
            </Extensions>
          </Trackpoint>
          <Trackpoint>
            <Time>2010-10-19T21:17:34Z</Time>
            <HeartRateBpm>
              <Value>0</Value>
            </HeartRateBpm>
            <Cadence>95</Cadence>
            <DistanceMeters>4274.10728</DistanceMeters>
            <Extensions>
              <TPX xmlns="http://www.garmin.com/xmlschemas/ActivityExtension/v2">
                <Watts>152</Watts>
              </TPX>
            </Extensions>
          </Trackpoint>
          <Trackpoint>
            <Time>2010-10-19T21:17:35Z</Time>
            <HeartRateBpm>
              <Value>0</Value>
            </HeartRateBpm>
            <Cadence>97</Cadence>
            <DistanceMeters>4278.59305</DistanceMeters>
            <Extensions>
              <TPX xmlns="http://www.garmin.com/xmlschemas/ActivityExtension/v2">
                <Watts>166</Watts>
              </TPX>
            </Extensions>
          </Trackpoint>
          <Trackpoint>
            <Time>2010-10-19T21:17:36Z</Time>
            <HeartRateBpm>
              <Value>0</Value>
            </HeartRateBpm>
            <Cadence>98</Cadence>
            <DistanceMeters>4283.09960</DistanceMeters>
            <Extensions>
              <TPX xmlns="http://www.garmin.com/xmlschemas/ActivityExtension/v2">
                <Watts>182</Watts>
              </TPX>
            </Extensions>
          </Trackpoint>
          <Trackpoint>
            <Time>2010-10-19T21:17:37Z</Time>
            <HeartRateBpm>
              <Value>0</Value>
            </HeartRateBpm>
            <Cadence>99</Cadence>
            <DistanceMeters>4287.29250</DistanceMeters>
            <Extensions>
              <TPX xmlns="http://www.garmin.com/xmlschemas/ActivityExtension/v2">
                <Watts>171</Watts>
              </TPX>
            </Extensions>
          </Trackpoint>
          <Trackpoint>
            <Time>2010-10-19T21:17:38Z</Time>
            <HeartRateBpm>
              <Value>0</Value>
            </HeartRateBpm>
            <Cadence>99</Cadence>
            <DistanceMeters>4291.41229</DistanceMeters>
            <Extensions>
              <TPX xmlns="http://www.garmin.com/xmlschemas/ActivityExtension/v2">
                <Watts>152</Watts>
              </TPX>
            </Extensions>
          </Trackpoint>
          <Trackpoint>
            <Time>2010-10-19T21:17:39Z</Time>
            <HeartRateBpm>
              <Value>0</Value>
            </HeartRateBpm>
            <Cadence>97</Cadence>
            <DistanceMeters>4295.43286</DistanceMeters>
            <Extensions>
              <TPX xmlns="http://www.garmin.com/xmlschemas/ActivityExtension/v2">
                <Watts>142</Watts>
              </TPX>
            </Extensions>
          </Trackpoint>
          <Trackpoint>
            <Time>2010-10-19T21:17:40Z</Time>
            <HeartRateBpm>
              <Value>0</Value>
            </HeartRateBpm>
            <Cadence>95</Cadence>
            <DistanceMeters>4299.40762</DistanceMeters>
            <Extensions>
              <TPX xmlns="http://www.garmin.com/xmlschemas/ActivityExtension/v2">
                <Watts>136</Watts>
              </TPX>
            </Extensions>
          </Trackpoint>
          <Trackpoint>
            <Time>2010-10-19T21:17:41Z</Time>
            <HeartRateBpm>
              <Value>0</Value>
            </HeartRateBpm>
            <Cadence>94</Cadence>
            <DistanceMeters>4303.55462</DistanceMeters>
            <Extensions>
              <TPX xmlns="http://www.garmin.com/xmlschemas/ActivityExtension/v2">
                <Watts>141</Watts>
              </TPX>
            </Extensions>
          </Trackpoint>
          <Trackpoint>
            <Time>2010-10-19T21:17:42Z</Time>
            <HeartRateBpm>
              <Value>0</Value>
            </HeartRateBpm>
            <Cadence>94</Cadence>
            <DistanceMeters>4307.83837</DistanceMeters>
            <Extensions>
              <TPX xmlns="http://www.garmin.com/xmlschemas/ActivityExtension/v2">
                <Watts>155</Watts>
              </TPX>
            </Extensions>
          </Trackpoint>
          <Trackpoint>
            <Time>2010-10-19T21:17:43Z</Time>
            <HeartRateBpm>
              <Value>0</Value>
            </HeartRateBpm>
            <Cadence>94</Cadence>
            <DistanceMeters>4312.09677</DistanceMeters>
            <Extensions>
              <TPX xmlns="http://www.garmin.com/xmlschemas/ActivityExtension/v2">
                <Watts>161</Watts>
              </TPX>
            </Extensions>
          </Trackpoint>
          <Trackpoint>
            <Time>2010-10-19T21:17:44Z</Time>
            <HeartRateBpm>
              <Value>0</Value>
            </HeartRateBpm>
            <Cadence>96</Cadence>
            <DistanceMeters>4316.32167</DistanceMeters>
            <Extensions>
              <TPX xmlns="http://www.garmin.com/xmlschemas/ActivityExtension/v2">
                <Watts>158</Watts>
              </TPX>
            </Extensions>
          </Trackpoint>
          <Trackpoint>
            <Time>2010-10-19T21:17:45Z</Time>
            <HeartRateBpm>
              <Value>0</Value>
            </HeartRateBpm>
            <Cadence>97</Cadence>
            <DistanceMeters>4320.51463</DistanceMeters>
            <Extensions>
              <TPX xmlns="http://www.garmin.com/xmlschemas/ActivityExtension/v2">
                <Watts>155</Watts>
              </TPX>
            </Extensions>
          </Trackpoint>
          <Trackpoint>
            <Time>2010-10-19T21:17:46Z</Time>
            <HeartRateBpm>
              <Value>0</Value>
            </HeartRateBpm>
            <Cadence>97</Cadence>
            <DistanceMeters>4324.63443</DistanceMeters>
            <Extensions>
              <TPX xmlns="http://www.garmin.com/xmlschemas/ActivityExtension/v2">
                <Watts>150</Watts>
              </TPX>
            </Extensions>
          </Trackpoint>
          <Trackpoint>
            <Time>2010-10-19T21:17:47Z</Time>
            <HeartRateBpm>
              <Value>0</Value>
            </HeartRateBpm>
            <Cadence>96</Cadence>
            <DistanceMeters>4328.72669</DistanceMeters>
            <Extensions>
              <TPX xmlns="http://www.garmin.com/xmlschemas/ActivityExtension/v2">
                <Watts>145</Watts>
              </TPX>
            </Extensions>
          </Trackpoint>
          <Trackpoint>
            <Time>2010-10-19T21:17:48Z</Time>
            <HeartRateBpm>
              <Value>0</Value>
            </HeartRateBpm>
            <Cadence>95</Cadence>
            <DistanceMeters>4332.69094</DistanceMeters>
            <Extensions>
              <TPX xmlns="http://www.garmin.com/xmlschemas/ActivityExtension/v2">
                <Watts>139</Watts>
              </TPX>
            </Extensions>
          </Trackpoint>
          <Trackpoint>
            <Time>2010-10-19T21:17:49Z</Time>
            <HeartRateBpm>
              <Value>0</Value>
            </HeartRateBpm>
            <Cadence>95</Cadence>
            <DistanceMeters>4336.65794</DistanceMeters>
            <Extensions>
              <TPX xmlns="http://www.garmin.com/xmlschemas/ActivityExtension/v2">
                <Watts>133</Watts>
              </TPX>
            </Extensions>
          </Trackpoint>
          <Trackpoint>
            <Time>2010-10-19T21:17:50Z</Time>
            <HeartRateBpm>
              <Value>0</Value>
            </HeartRateBpm>
            <Cadence>95</Cadence>
            <DistanceMeters>4340.67685</DistanceMeters>
            <Extensions>
              <TPX xmlns="http://www.garmin.com/xmlschemas/ActivityExtension/v2">
                <Watts>135</Watts>
              </TPX>
            </Extensions>
          </Trackpoint>
          <Trackpoint>
            <Time>2010-10-19T21:17:51Z</Time>
            <HeartRateBpm>
              <Value>0</Value>
            </HeartRateBpm>
            <Cadence>95</Cadence>
            <DistanceMeters>4344.69575</DistanceMeters>
            <Extensions>
              <TPX xmlns="http://www.garmin.com/xmlschemas/ActivityExtension/v2">
                <Watts>137</Watts>
              </TPX>
            </Extensions>
          </Trackpoint>
          <Trackpoint>
            <Time>2010-10-19T21:17:52Z</Time>
            <HeartRateBpm>
              <Value>0</Value>
            </HeartRateBpm>
            <Cadence>96</Cadence>
            <DistanceMeters>4349.19021</DistanceMeters>
            <Extensions>
              <TPX xmlns="http://www.garmin.com/xmlschemas/ActivityExtension/v2">
                <Watts>160</Watts>
              </TPX>
            </Extensions>
          </Trackpoint>
          <Trackpoint>
            <Time>2010-10-19T21:17:53Z</Time>
            <HeartRateBpm>
              <Value>0</Value>
            </HeartRateBpm>
            <Cadence>98</Cadence>
            <DistanceMeters>4353.72409</DistanceMeters>
            <Extensions>
              <TPX xmlns="http://www.garmin.com/xmlschemas/ActivityExtension/v2">
                <Watts>184</Watts>
              </TPX>
            </Extensions>
          </Trackpoint>
          <Trackpoint>
            <Time>2010-10-19T21:17:54Z</Time>
            <HeartRateBpm>
              <Value>0</Value>
            </HeartRateBpm>
            <Cadence>99</Cadence>
            <DistanceMeters>4357.99507</DistanceMeters>
            <Extensions>
              <TPX xmlns="http://www.garmin.com/xmlschemas/ActivityExtension/v2">
                <Watts>176</Watts>
              </TPX>
            </Extensions>
          </Trackpoint>
          <Trackpoint>
            <Time>2010-10-19T21:17:55Z</Time>
            <HeartRateBpm>
              <Value>0</Value>
            </HeartRateBpm>
            <Cadence>99</Cadence>
            <DistanceMeters>4362.19895</DistanceMeters>
            <Extensions>
              <TPX xmlns="http://www.garmin.com/xmlschemas/ActivityExtension/v2">
                <Watts>160</Watts>
              </TPX>
            </Extensions>
          </Trackpoint>
          <Trackpoint>
            <Time>2010-10-19T21:17:56Z</Time>
            <HeartRateBpm>
              <Value>0</Value>
            </HeartRateBpm>
            <Cadence>99</Cadence>
            <DistanceMeters>4366.20289</DistanceMeters>
            <Extensions>
              <TPX xmlns="http://www.garmin.com/xmlschemas/ActivityExtension/v2">
                <Watts>146</Watts>
              </TPX>
            </Extensions>
          </Trackpoint>
          <Trackpoint>
            <Time>2010-10-19T21:17:57Z</Time>
            <HeartRateBpm>
              <Value>0</Value>
            </HeartRateBpm>
            <Cadence>98</Cadence>
            <DistanceMeters>4370.10829</DistanceMeters>
            <Extensions>
              <TPX xmlns="http://www.garmin.com/xmlschemas/ActivityExtension/v2">
                <Watts>133</Watts>
              </TPX>
            </Extensions>
          </Trackpoint>
          <Trackpoint>
            <Time>2010-10-19T21:17:58Z</Time>
            <HeartRateBpm>
              <Value>0</Value>
            </HeartRateBpm>
            <Cadence>97</Cadence>
            <DistanceMeters>4374.09359</DistanceMeters>
            <Extensions>
              <TPX xmlns="http://www.garmin.com/xmlschemas/ActivityExtension/v2">
                <Watts>131</Watts>
              </TPX>
            </Extensions>
          </Trackpoint>
          <Trackpoint>
            <Time>2010-10-19T21:17:59Z</Time>
            <HeartRateBpm>
              <Value>0</Value>
            </HeartRateBpm>
            <Cadence>97</Cadence>
            <DistanceMeters>4378.14613</DistanceMeters>
            <Extensions>
              <TPX xmlns="http://www.garmin.com/xmlschemas/ActivityExtension/v2">
                <Watts>137</Watts>
              </TPX>
            </Extensions>
          </Trackpoint>
          <Trackpoint>
            <Time>2010-10-19T21:18:00Z</Time>
            <HeartRateBpm>
              <Value>0</Value>
            </HeartRateBpm>
            <Cadence>96</Cadence>
            <DistanceMeters>4382.37715</DistanceMeters>
            <Extensions>
              <TPX xmlns="http://www.garmin.com/xmlschemas/ActivityExtension/v2">
                <Watts>149</Watts>
              </TPX>
            </Extensions>
          </Trackpoint>
          <Trackpoint>
            <Time>2010-10-19T21:18:01Z</Time>
            <HeartRateBpm>
              <Value>0</Value>
            </HeartRateBpm>
            <Cadence>95</Cadence>
            <DistanceMeters>4386.85849</DistanceMeters>
            <Extensions>
              <TPX xmlns="http://www.garmin.com/xmlschemas/ActivityExtension/v2">
                <Watts>168</Watts>
              </TPX>
            </Extensions>
          </Trackpoint>
          <Trackpoint>
            <Time>2010-10-19T21:18:02Z</Time>
            <HeartRateBpm>
              <Value>0</Value>
            </HeartRateBpm>
            <Cadence>95</Cadence>
            <DistanceMeters>4391.31122</DistanceMeters>
            <Extensions>
              <TPX xmlns="http://www.garmin.com/xmlschemas/ActivityExtension/v2">
                <Watts>181</Watts>
              </TPX>
            </Extensions>
          </Trackpoint>
          <Trackpoint>
            <Time>2010-10-19T21:18:03Z</Time>
            <HeartRateBpm>
              <Value>0</Value>
            </HeartRateBpm>
            <Cadence>96</Cadence>
            <DistanceMeters>4395.69376</DistanceMeters>
            <Extensions>
              <TPX xmlns="http://www.garmin.com/xmlschemas/ActivityExtension/v2">
                <Watts>176</Watts>
              </TPX>
            </Extensions>
          </Trackpoint>
          <Trackpoint>
            <Time>2010-10-19T21:18:04Z</Time>
            <HeartRateBpm>
              <Value>0</Value>
            </HeartRateBpm>
            <Cadence>97</Cadence>
            <DistanceMeters>4400.03869</DistanceMeters>
            <Extensions>
              <TPX xmlns="http://www.garmin.com/xmlschemas/ActivityExtension/v2">
                <Watts>171</Watts>
              </TPX>
            </Extensions>
          </Trackpoint>
          <Trackpoint>
            <Time>2010-10-19T21:18:05Z</Time>
            <HeartRateBpm>
              <Value>0</Value>
            </HeartRateBpm>
            <Cadence>97</Cadence>
            <DistanceMeters>4404.19001</DistanceMeters>
            <Extensions>
              <TPX xmlns="http://www.garmin.com/xmlschemas/ActivityExtension/v2">
                <Watts>160</Watts>
              </TPX>
            </Extensions>
          </Trackpoint>
          <Trackpoint>
            <Time>2010-10-19T21:18:06Z</Time>
            <HeartRateBpm>
              <Value>0</Value>
            </HeartRateBpm>
            <Cadence>97</Cadence>
            <DistanceMeters>4408.33779</DistanceMeters>
            <Extensions>
              <TPX xmlns="http://www.garmin.com/xmlschemas/ActivityExtension/v2">
                <Watts>149</Watts>
              </TPX>
            </Extensions>
          </Trackpoint>
          <Trackpoint>
            <Time>2010-10-19T21:18:07Z</Time>
            <HeartRateBpm>
              <Value>0</Value>
            </HeartRateBpm>
            <Cadence>97</Cadence>
            <DistanceMeters>4412.39033</DistanceMeters>
            <Extensions>
              <TPX xmlns="http://www.garmin.com/xmlschemas/ActivityExtension/v2">
                <Watts>145</Watts>
              </TPX>
            </Extensions>
          </Trackpoint>
          <Trackpoint>
            <Time>2010-10-19T21:18:08Z</Time>
            <HeartRateBpm>
              <Value>0</Value>
            </HeartRateBpm>
            <Cadence>98</Cadence>
            <DistanceMeters>4416.44287</DistanceMeters>
            <Extensions>
              <TPX xmlns="http://www.garmin.com/xmlschemas/ActivityExtension/v2">
                <Watts>141</Watts>
              </TPX>
            </Extensions>
          </Trackpoint>
          <Trackpoint>
            <Time>2010-10-19T21:18:09Z</Time>
            <HeartRateBpm>
              <Value>0</Value>
            </HeartRateBpm>
            <Cadence>97</Cadence>
            <DistanceMeters>4420.45527</DistanceMeters>
            <Extensions>
              <TPX xmlns="http://www.garmin.com/xmlschemas/ActivityExtension/v2">
                <Watts>139</Watts>
              </TPX>
            </Extensions>
          </Trackpoint>
          <Trackpoint>
            <Time>2010-10-19T21:18:10Z</Time>
            <HeartRateBpm>
              <Value>0</Value>
            </HeartRateBpm>
            <Cadence>96</Cadence>
            <DistanceMeters>4424.46367</DistanceMeters>
            <Extensions>
              <TPX xmlns="http://www.garmin.com/xmlschemas/ActivityExtension/v2">
                <Watts>137</Watts>
              </TPX>
            </Extensions>
          </Trackpoint>
          <Trackpoint>
            <Time>2010-10-19T21:18:11Z</Time>
            <HeartRateBpm>
              <Value>0</Value>
            </HeartRateBpm>
            <Cadence>94</Cadence>
            <DistanceMeters>4428.33558</DistanceMeters>
            <Extensions>
              <TPX xmlns="http://www.garmin.com/xmlschemas/ActivityExtension/v2">
                <Watts>131</Watts>
              </TPX>
            </Extensions>
          </Trackpoint>
          <Trackpoint>
            <Time>2010-10-19T21:18:12Z</Time>
            <HeartRateBpm>
              <Value>0</Value>
            </HeartRateBpm>
            <Cadence>93</Cadence>
            <DistanceMeters>4432.16952</DistanceMeters>
            <Extensions>
              <TPX xmlns="http://www.garmin.com/xmlschemas/ActivityExtension/v2">
                <Watts>124</Watts>
              </TPX>
            </Extensions>
          </Trackpoint>
          <Trackpoint>
            <Time>2010-10-19T21:18:13Z</Time>
            <HeartRateBpm>
              <Value>0</Value>
            </HeartRateBpm>
            <Cadence>93</Cadence>
            <DistanceMeters>4436.04341</DistanceMeters>
            <Extensions>
              <TPX xmlns="http://www.garmin.com/xmlschemas/ActivityExtension/v2">
                <Watts>123</Watts>
              </TPX>
            </Extensions>
          </Trackpoint>
          <Trackpoint>
            <Time>2010-10-19T21:18:14Z</Time>
            <HeartRateBpm>
              <Value>0</Value>
            </HeartRateBpm>
            <Cadence>93</Cadence>
            <DistanceMeters>4439.93830</DistanceMeters>
            <Extensions>
              <TPX xmlns="http://www.garmin.com/xmlschemas/ActivityExtension/v2">
                <Watts>125</Watts>
              </TPX>
            </Extensions>
          </Trackpoint>
          <Trackpoint>
            <Time>2010-10-19T21:18:15Z</Time>
            <HeartRateBpm>
              <Value>0</Value>
            </HeartRateBpm>
            <Cadence>92</Cadence>
            <DistanceMeters>4443.94099</DistanceMeters>
            <Extensions>
              <TPX xmlns="http://www.garmin.com/xmlschemas/ActivityExtension/v2">
                <Watts>131</Watts>
              </TPX>
            </Extensions>
          </Trackpoint>
          <Trackpoint>
            <Time>2010-10-19T21:18:16Z</Time>
            <HeartRateBpm>
              <Value>0</Value>
            </HeartRateBpm>
            <Cadence>91</Cadence>
            <DistanceMeters>4448.03977</DistanceMeters>
            <Extensions>
              <TPX xmlns="http://www.garmin.com/xmlschemas/ActivityExtension/v2">
                <Watts>139</Watts>
              </TPX>
            </Extensions>
          </Trackpoint>
          <Trackpoint>
            <Time>2010-10-19T21:18:17Z</Time>
            <HeartRateBpm>
              <Value>0</Value>
            </HeartRateBpm>
            <Cadence>91</Cadence>
            <DistanceMeters>4451.87835</DistanceMeters>
            <Extensions>
              <TPX xmlns="http://www.garmin.com/xmlschemas/ActivityExtension/v2">
                <Watts>135</Watts>
              </TPX>
            </Extensions>
          </Trackpoint>
          <Trackpoint>
            <Time>2010-10-19T21:18:18Z</Time>
            <HeartRateBpm>
              <Value>0</Value>
            </HeartRateBpm>
            <Cadence>91</Cadence>
            <DistanceMeters>4455.32973</DistanceMeters>
            <Extensions>
              <TPX xmlns="http://www.garmin.com/xmlschemas/ActivityExtension/v2">
                <Watts>110</Watts>
              </TPX>
            </Extensions>
          </Trackpoint>
          <Trackpoint>
            <Time>2010-10-19T21:18:19Z</Time>
            <HeartRateBpm>
              <Value>0</Value>
            </HeartRateBpm>
            <Cadence>91</Cadence>
            <DistanceMeters>4458.87942</DistanceMeters>
            <Extensions>
              <TPX xmlns="http://www.garmin.com/xmlschemas/ActivityExtension/v2">
                <Watts>96</Watts>
              </TPX>
            </Extensions>
          </Trackpoint>
          <Trackpoint>
            <Time>2010-10-19T21:18:20Z</Time>
            <HeartRateBpm>
              <Value>0</Value>
            </HeartRateBpm>
            <Cadence>90</Cadence>
            <DistanceMeters>4462.68813</DistanceMeters>
            <Extensions>
              <TPX xmlns="http://www.garmin.com/xmlschemas/ActivityExtension/v2">
                <Watts>109</Watts>
              </TPX>
            </Extensions>
          </Trackpoint>
          <Trackpoint>
            <Time>2010-10-19T21:18:21Z</Time>
            <HeartRateBpm>
              <Value>0</Value>
            </HeartRateBpm>
            <Cadence>89</Cadence>
            <DistanceMeters>4466.48406</DistanceMeters>
            <Extensions>
              <TPX xmlns="http://www.garmin.com/xmlschemas/ActivityExtension/v2">
                <Watts>119</Watts>
              </TPX>
            </Extensions>
          </Trackpoint>
          <Trackpoint>
            <Time>2010-10-19T21:18:22Z</Time>
            <HeartRateBpm>
              <Value>0</Value>
            </HeartRateBpm>
            <Cadence>89</Cadence>
            <DistanceMeters>4470.20659</DistanceMeters>
            <Extensions>
              <TPX xmlns="http://www.garmin.com/xmlschemas/ActivityExtension/v2">
                <Watts>116</Watts>
              </TPX>
            </Extensions>
          </Trackpoint>
          <Trackpoint>
            <Time>2010-10-19T21:18:23Z</Time>
            <HeartRateBpm>
              <Value>0</Value>
            </HeartRateBpm>
            <Cadence>88</Cadence>
            <DistanceMeters>4473.93179</DistanceMeters>
            <Extensions>
              <TPX xmlns="http://www.garmin.com/xmlschemas/ActivityExtension/v2">
                <Watts>113</Watts>
              </TPX>
            </Extensions>
          </Trackpoint>
          <Trackpoint>
            <Time>2010-10-19T21:18:24Z</Time>
            <HeartRateBpm>
              <Value>0</Value>
            </HeartRateBpm>
            <Cadence>87</Cadence>
            <DistanceMeters>4477.77834</DistanceMeters>
            <Extensions>
              <TPX xmlns="http://www.garmin.com/xmlschemas/ActivityExtension/v2">
                <Watts>117</Watts>
              </TPX>
            </Extensions>
          </Trackpoint>
          <Trackpoint>
            <Time>2010-10-19T21:18:25Z</Time>
            <HeartRateBpm>
              <Value>0</Value>
            </HeartRateBpm>
            <Cadence>86</Cadence>
            <DistanceMeters>4481.62488</DistanceMeters>
            <Extensions>
              <TPX xmlns="http://www.garmin.com/xmlschemas/ActivityExtension/v2">
                <Watts>122</Watts>
              </TPX>
            </Extensions>
          </Trackpoint>
          <Trackpoint>
            <Time>2010-10-19T21:18:26Z</Time>
            <HeartRateBpm>
              <Value>0</Value>
            </HeartRateBpm>
            <Cadence>84</Cadence>
            <DistanceMeters>4485.37175</DistanceMeters>
            <Extensions>
              <TPX xmlns="http://www.garmin.com/xmlschemas/ActivityExtension/v2">
                <Watts>119</Watts>
              </TPX>
            </Extensions>
          </Trackpoint>
          <Trackpoint>
            <Time>2010-10-19T21:18:27Z</Time>
            <HeartRateBpm>
              <Value>0</Value>
            </HeartRateBpm>
            <Cadence>83</Cadence>
            <DistanceMeters>4489.10689</DistanceMeters>
            <Extensions>
              <TPX xmlns="http://www.garmin.com/xmlschemas/ActivityExtension/v2">
                <Watts>114</Watts>
              </TPX>
            </Extensions>
          </Trackpoint>
          <Trackpoint>
            <Time>2010-10-19T21:18:28Z</Time>
            <HeartRateBpm>
              <Value>0</Value>
            </HeartRateBpm>
            <Cadence>82</Cadence>
            <DistanceMeters>4493.13743</DistanceMeters>
            <Extensions>
              <TPX xmlns="http://www.garmin.com/xmlschemas/ActivityExtension/v2">
                <Watts>125</Watts>
              </TPX>
            </Extensions>
          </Trackpoint>
          <Trackpoint>
            <Time>2010-10-19T21:18:29Z</Time>
            <HeartRateBpm>
              <Value>0</Value>
            </HeartRateBpm>
            <Cadence>82</Cadence>
            <DistanceMeters>4497.25723</DistanceMeters>
            <Extensions>
              <TPX xmlns="http://www.garmin.com/xmlschemas/ActivityExtension/v2">
                <Watts>141</Watts>
              </TPX>
            </Extensions>
          </Trackpoint>
          <Trackpoint>
            <Time>2010-10-19T21:18:30Z</Time>
            <HeartRateBpm>
              <Value>0</Value>
            </HeartRateBpm>
            <Cadence>83</Cadence>
            <DistanceMeters>4501.31234</DistanceMeters>
            <Extensions>
              <TPX xmlns="http://www.garmin.com/xmlschemas/ActivityExtension/v2">
                <Watts>144</Watts>
              </TPX>
            </Extensions>
          </Trackpoint>
          <Trackpoint>
            <Time>2010-10-19T21:18:31Z</Time>
            <HeartRateBpm>
              <Value>0</Value>
            </HeartRateBpm>
            <Cadence>85</Cadence>
            <DistanceMeters>4505.33124</DistanceMeters>
            <Extensions>
              <TPX xmlns="http://www.garmin.com/xmlschemas/ActivityExtension/v2">
                <Watts>140</Watts>
              </TPX>
            </Extensions>
          </Trackpoint>
          <Trackpoint>
            <Time>2010-10-19T21:18:32Z</Time>
            <HeartRateBpm>
              <Value>0</Value>
            </HeartRateBpm>
            <Cadence>85</Cadence>
            <DistanceMeters>4509.46583</DistanceMeters>
            <Extensions>
              <TPX xmlns="http://www.garmin.com/xmlschemas/ActivityExtension/v2">
                <Watts>143</Watts>
              </TPX>
            </Extensions>
          </Trackpoint>
          <Trackpoint>
            <Time>2010-10-19T21:18:33Z</Time>
            <HeartRateBpm>
              <Value>0</Value>
            </HeartRateBpm>
            <Cadence>83</Cadence>
            <DistanceMeters>4513.70964</DistanceMeters>
            <Extensions>
              <TPX xmlns="http://www.garmin.com/xmlschemas/ActivityExtension/v2">
                <Watts>152</Watts>
              </TPX>
            </Extensions>
          </Trackpoint>
          <Trackpoint>
            <Time>2010-10-19T21:18:34Z</Time>
            <HeartRateBpm>
              <Value>0</Value>
            </HeartRateBpm>
            <Cadence>81</Cadence>
            <DistanceMeters>4518.22635</DistanceMeters>
            <Extensions>
              <TPX xmlns="http://www.garmin.com/xmlschemas/ActivityExtension/v2">
                <Watts>173</Watts>
              </TPX>
            </Extensions>
          </Trackpoint>
          <Trackpoint>
            <Time>2010-10-19T21:18:35Z</Time>
            <HeartRateBpm>
              <Value>0</Value>
            </HeartRateBpm>
            <Cadence>80</Cadence>
            <DistanceMeters>4523.17432</DistanceMeters>
            <Extensions>
              <TPX xmlns="http://www.garmin.com/xmlschemas/ActivityExtension/v2">
                <Watts>210</Watts>
              </TPX>
            </Extensions>
          </Trackpoint>
          <Trackpoint>
            <Time>2010-10-19T21:18:36Z</Time>
            <HeartRateBpm>
              <Value>0</Value>
            </HeartRateBpm>
            <Cadence>78</Cadence>
            <DistanceMeters>4528.15790</DistanceMeters>
            <Extensions>
              <TPX xmlns="http://www.garmin.com/xmlschemas/ActivityExtension/v2">
                <Watts>240</Watts>
              </TPX>
            </Extensions>
          </Trackpoint>
          <Trackpoint>
            <Time>2010-10-19T21:18:37Z</Time>
            <HeartRateBpm>
              <Value>0</Value>
            </HeartRateBpm>
            <Cadence>77</Cadence>
            <DistanceMeters>4533.24249</DistanceMeters>
            <Extensions>
              <TPX xmlns="http://www.garmin.com/xmlschemas/ActivityExtension/v2">
                <Watts>248</Watts>
              </TPX>
            </Extensions>
          </Trackpoint>
          <Trackpoint>
            <Time>2010-10-19T21:18:38Z</Time>
            <HeartRateBpm>
              <Value>0</Value>
            </HeartRateBpm>
            <Cadence>75</Cadence>
            <DistanceMeters>4538.29610</DistanceMeters>
            <Extensions>
              <TPX xmlns="http://www.garmin.com/xmlschemas/ActivityExtension/v2">
                <Watts>254</Watts>
              </TPX>
            </Extensions>
          </Trackpoint>
          <Trackpoint>
            <Time>2010-10-19T21:18:39Z</Time>
            <HeartRateBpm>
              <Value>0</Value>
            </HeartRateBpm>
            <Cadence>75</Cadence>
            <DistanceMeters>4543.14948</DistanceMeters>
            <Extensions>
              <TPX xmlns="http://www.garmin.com/xmlschemas/ActivityExtension/v2">
                <Watts>240</Watts>
              </TPX>
            </Extensions>
          </Trackpoint>
          <Trackpoint>
            <Time>2010-10-19T21:18:40Z</Time>
            <HeartRateBpm>
              <Value>0</Value>
            </HeartRateBpm>
            <Cadence>74</Cadence>
            <DistanceMeters>4548.00324</DistanceMeters>
            <Extensions>
              <TPX xmlns="http://www.garmin.com/xmlschemas/ActivityExtension/v2">
                <Watts>226</Watts>
              </TPX>
            </Extensions>
          </Trackpoint>
          <Trackpoint>
            <Time>2010-10-19T21:18:41Z</Time>
            <HeartRateBpm>
              <Value>0</Value>
            </HeartRateBpm>
            <Cadence>74</Cadence>
            <DistanceMeters>4552.91127</DistanceMeters>
            <Extensions>
              <TPX xmlns="http://www.garmin.com/xmlschemas/ActivityExtension/v2">
                <Watts>229</Watts>
              </TPX>
            </Extensions>
          </Trackpoint>
          <Trackpoint>
            <Time>2010-10-19T21:18:42Z</Time>
            <HeartRateBpm>
              <Value>0</Value>
            </HeartRateBpm>
            <Cadence>73</Cadence>
            <DistanceMeters>4557.81929</DistanceMeters>
            <Extensions>
              <TPX xmlns="http://www.garmin.com/xmlschemas/ActivityExtension/v2">
                <Watts>232</Watts>
              </TPX>
            </Extensions>
          </Trackpoint>
          <Trackpoint>
            <Time>2010-10-19T21:18:43Z</Time>
            <HeartRateBpm>
              <Value>0</Value>
            </HeartRateBpm>
            <Cadence>73</Cadence>
            <DistanceMeters>4562.79764</DistanceMeters>
            <Extensions>
              <TPX xmlns="http://www.garmin.com/xmlschemas/ActivityExtension/v2">
                <Watts>237</Watts>
              </TPX>
            </Extensions>
          </Trackpoint>
          <Trackpoint>
            <Time>2010-10-19T21:18:44Z</Time>
            <HeartRateBpm>
              <Value>0</Value>
            </HeartRateBpm>
            <Cadence>73</Cadence>
            <DistanceMeters>4567.78553</DistanceMeters>
            <Extensions>
              <TPX xmlns="http://www.garmin.com/xmlschemas/ActivityExtension/v2">
                <Watts>241</Watts>
              </TPX>
            </Extensions>
          </Trackpoint>
          <Trackpoint>
            <Time>2010-10-19T21:18:45Z</Time>
            <HeartRateBpm>
              <Value>0</Value>
            </HeartRateBpm>
            <Cadence>74</Cadence>
            <DistanceMeters>4572.67839</DistanceMeters>
            <Extensions>
              <TPX xmlns="http://www.garmin.com/xmlschemas/ActivityExtension/v2">
                <Watts>237</Watts>
              </TPX>
            </Extensions>
          </Trackpoint>
          <Trackpoint>
            <Time>2010-10-19T21:18:46Z</Time>
            <HeartRateBpm>
              <Value>0</Value>
            </HeartRateBpm>
            <Cadence>74</Cadence>
            <DistanceMeters>4577.54017</DistanceMeters>
            <Extensions>
              <TPX xmlns="http://www.garmin.com/xmlschemas/ActivityExtension/v2">
                <Watts>229</Watts>
              </TPX>
            </Extensions>
          </Trackpoint>
          <Trackpoint>
            <Time>2010-10-19T21:18:47Z</Time>
            <HeartRateBpm>
              <Value>0</Value>
            </HeartRateBpm>
            <Cadence>72</Cadence>
            <DistanceMeters>4582.28075</DistanceMeters>
            <Extensions>
              <TPX xmlns="http://www.garmin.com/xmlschemas/ActivityExtension/v2">
                <Watts>220</Watts>
              </TPX>
            </Extensions>
          </Trackpoint>
          <Trackpoint>
            <Time>2010-10-19T21:18:48Z</Time>
            <HeartRateBpm>
              <Value>0</Value>
            </HeartRateBpm>
            <Cadence>70</Cadence>
            <DistanceMeters>4586.94915</DistanceMeters>
            <Extensions>
              <TPX xmlns="http://www.garmin.com/xmlschemas/ActivityExtension/v2">
                <Watts>209</Watts>
              </TPX>
            </Extensions>
          </Trackpoint>
          <Trackpoint>
            <Time>2010-10-19T21:18:49Z</Time>
            <HeartRateBpm>
              <Value>0</Value>
            </HeartRateBpm>
            <Cadence>70</Cadence>
            <DistanceMeters>4591.70583</DistanceMeters>
            <Extensions>
              <TPX xmlns="http://www.garmin.com/xmlschemas/ActivityExtension/v2">
                <Watts>208</Watts>
              </TPX>
            </Extensions>
          </Trackpoint>
          <Trackpoint>
            <Time>2010-10-19T21:18:50Z</Time>
            <HeartRateBpm>
              <Value>0</Value>
            </HeartRateBpm>
            <Cadence>70</Cadence>
            <DistanceMeters>4596.55080</DistanceMeters>
            <Extensions>
              <TPX xmlns="http://www.garmin.com/xmlschemas/ActivityExtension/v2">
                <Watts>218</Watts>
              </TPX>
            </Extensions>
          </Trackpoint>
          <Trackpoint>
            <Time>2010-10-19T21:18:51Z</Time>
            <HeartRateBpm>
              <Value>0</Value>
            </HeartRateBpm>
            <Cadence>70</Cadence>
            <DistanceMeters>4601.35262</DistanceMeters>
            <Extensions>
              <TPX xmlns="http://www.garmin.com/xmlschemas/ActivityExtension/v2">
                <Watts>222</Watts>
              </TPX>
            </Extensions>
          </Trackpoint>
          <Trackpoint>
            <Time>2010-10-19T21:18:52Z</Time>
            <HeartRateBpm>
              <Value>0</Value>
            </HeartRateBpm>
            <Cadence>70</Cadence>
            <DistanceMeters>4606.08198</DistanceMeters>
            <Extensions>
              <TPX xmlns="http://www.garmin.com/xmlschemas/ActivityExtension/v2">
                <Watts>215</Watts>
              </TPX>
            </Extensions>
          </Trackpoint>
          <Trackpoint>
            <Time>2010-10-19T21:18:53Z</Time>
            <HeartRateBpm>
              <Value>0</Value>
            </HeartRateBpm>
            <Cadence>70</Cadence>
            <DistanceMeters>4610.81341</DistanceMeters>
            <Extensions>
              <TPX xmlns="http://www.garmin.com/xmlschemas/ActivityExtension/v2">
                <Watts>211</Watts>
              </TPX>
            </Extensions>
          </Trackpoint>
          <Trackpoint>
            <Time>2010-10-19T21:18:54Z</Time>
            <HeartRateBpm>
              <Value>0</Value>
            </HeartRateBpm>
            <Cadence>70</Cadence>
            <DistanceMeters>4615.55118</DistanceMeters>
            <Extensions>
              <TPX xmlns="http://www.garmin.com/xmlschemas/ActivityExtension/v2">
                <Watts>211</Watts>
              </TPX>
            </Extensions>
          </Trackpoint>
          <Trackpoint>
            <Time>2010-10-19T21:18:55Z</Time>
            <HeartRateBpm>
              <Value>0</Value>
            </HeartRateBpm>
            <Cadence>71</Cadence>
            <DistanceMeters>4620.27311</DistanceMeters>
            <Extensions>
              <TPX xmlns="http://www.garmin.com/xmlschemas/ActivityExtension/v2">
                <Watts>211</Watts>
              </TPX>
            </Extensions>
          </Trackpoint>
          <Trackpoint>
            <Time>2010-10-19T21:18:56Z</Time>
            <HeartRateBpm>
              <Value>0</Value>
            </HeartRateBpm>
            <Cadence>71</Cadence>
            <DistanceMeters>4624.87845</DistanceMeters>
            <Extensions>
              <TPX xmlns="http://www.garmin.com/xmlschemas/ActivityExtension/v2">
                <Watts>204</Watts>
              </TPX>
            </Extensions>
          </Trackpoint>
          <Trackpoint>
            <Time>2010-10-19T21:18:57Z</Time>
            <HeartRateBpm>
              <Value>0</Value>
            </HeartRateBpm>
            <Cadence>71</Cadence>
            <DistanceMeters>4629.48380</DistanceMeters>
            <Extensions>
              <TPX xmlns="http://www.garmin.com/xmlschemas/ActivityExtension/v2">
                <Watts>197</Watts>
              </TPX>
            </Extensions>
          </Trackpoint>
          <Trackpoint>
            <Time>2010-10-19T21:18:58Z</Time>
            <HeartRateBpm>
              <Value>0</Value>
            </HeartRateBpm>
            <Cadence>70</Cadence>
            <DistanceMeters>4634.24566</DistanceMeters>
            <Extensions>
              <TPX xmlns="http://www.garmin.com/xmlschemas/ActivityExtension/v2">
                <Watts>205</Watts>
              </TPX>
            </Extensions>
          </Trackpoint>
          <Trackpoint>
            <Time>2010-10-19T21:18:59Z</Time>
            <HeartRateBpm>
              <Value>0</Value>
            </HeartRateBpm>
            <Cadence>69</Cadence>
            <DistanceMeters>4639.00865</DistanceMeters>
            <Extensions>
              <TPX xmlns="http://www.garmin.com/xmlschemas/ActivityExtension/v2">
                <Watts>213</Watts>
              </TPX>
            </Extensions>
          </Trackpoint>
          <Trackpoint>
            <Time>2010-10-19T21:19:00Z</Time>
            <HeartRateBpm>
              <Value>0</Value>
            </HeartRateBpm>
            <Cadence>67</Cadence>
            <DistanceMeters>4643.39301</DistanceMeters>
            <Extensions>
              <TPX xmlns="http://www.garmin.com/xmlschemas/ActivityExtension/v2">
                <Watts>195</Watts>
              </TPX>
            </Extensions>
          </Trackpoint>
          <Trackpoint>
            <Time>2010-10-19T21:19:01Z</Time>
            <HeartRateBpm>
              <Value>0</Value>
            </HeartRateBpm>
            <Cadence>65</Cadence>
            <DistanceMeters>4647.71880</DistanceMeters>
            <Extensions>
              <TPX xmlns="http://www.garmin.com/xmlschemas/ActivityExtension/v2">
                <Watts>172</Watts>
              </TPX>
            </Extensions>
          </Trackpoint>
          <Trackpoint>
            <Time>2010-10-19T21:19:02Z</Time>
            <HeartRateBpm>
              <Value>0</Value>
            </HeartRateBpm>
            <Cadence>64</Cadence>
            <DistanceMeters>4652.05235</DistanceMeters>
            <Extensions>
              <TPX xmlns="http://www.garmin.com/xmlschemas/ActivityExtension/v2">
                <Watts>167</Watts>
              </TPX>
            </Extensions>
          </Trackpoint>
          <Trackpoint>
            <Time>2010-10-19T21:19:03Z</Time>
            <HeartRateBpm>
              <Value>0</Value>
            </HeartRateBpm>
            <Cadence>63</Cadence>
            <DistanceMeters>4656.38865</DistanceMeters>
            <Extensions>
              <TPX xmlns="http://www.garmin.com/xmlschemas/ActivityExtension/v2">
                <Watts>167</Watts>
              </TPX>
            </Extensions>
          </Trackpoint>
          <Trackpoint>
            <Time>2010-10-19T21:19:04Z</Time>
            <HeartRateBpm>
              <Value>0</Value>
            </HeartRateBpm>
            <Cadence>62</Cadence>
            <DistanceMeters>4660.77129</DistanceMeters>
            <Extensions>
              <TPX xmlns="http://www.garmin.com/xmlschemas/ActivityExtension/v2">
                <Watts>170</Watts>
              </TPX>
            </Extensions>
          </Trackpoint>
          <Trackpoint>
            <Time>2010-10-19T21:19:05Z</Time>
            <HeartRateBpm>
              <Value>0</Value>
            </HeartRateBpm>
            <Cadence>62</Cadence>
            <DistanceMeters>4665.18326</DistanceMeters>
            <Extensions>
              <TPX xmlns="http://www.garmin.com/xmlschemas/ActivityExtension/v2">
                <Watts>174</Watts>
              </TPX>
            </Extensions>
          </Trackpoint>
          <Trackpoint>
            <Time>2010-10-19T21:19:06Z</Time>
            <HeartRateBpm>
              <Value>0</Value>
            </HeartRateBpm>
            <Cadence>62</Cadence>
            <DistanceMeters>4669.61462</DistanceMeters>
            <Extensions>
              <TPX xmlns="http://www.garmin.com/xmlschemas/ActivityExtension/v2">
                <Watts>176</Watts>
              </TPX>
            </Extensions>
          </Trackpoint>
          <Trackpoint>
            <Time>2010-10-19T21:19:07Z</Time>
            <HeartRateBpm>
              <Value>0</Value>
            </HeartRateBpm>
            <Cadence>62</Cadence>
            <DistanceMeters>4674.06652</DistanceMeters>
            <Extensions>
              <TPX xmlns="http://www.garmin.com/xmlschemas/ActivityExtension/v2">
                <Watts>178</Watts>
              </TPX>
            </Extensions>
          </Trackpoint>
          <Trackpoint>
            <Time>2010-10-19T21:19:08Z</Time>
            <HeartRateBpm>
              <Value>0</Value>
            </HeartRateBpm>
            <Cadence>63</Cadence>
            <DistanceMeters>4678.39925</DistanceMeters>
            <Extensions>
              <TPX xmlns="http://www.garmin.com/xmlschemas/ActivityExtension/v2">
                <Watts>174</Watts>
              </TPX>
            </Extensions>
          </Trackpoint>
          <Trackpoint>
            <Time>2010-10-19T21:19:09Z</Time>
            <HeartRateBpm>
              <Value>0</Value>
            </HeartRateBpm>
            <Cadence>64</Cadence>
            <DistanceMeters>4682.51905</DistanceMeters>
            <Extensions>
              <TPX xmlns="http://www.garmin.com/xmlschemas/ActivityExtension/v2">
                <Watts>158</Watts>
              </TPX>
            </Extensions>
          </Trackpoint>
          <Trackpoint>
            <Time>2010-10-19T21:19:10Z</Time>
            <HeartRateBpm>
              <Value>0</Value>
            </HeartRateBpm>
            <Cadence>66</Cadence>
            <DistanceMeters>4686.63885</DistanceMeters>
            <Extensions>
              <TPX xmlns="http://www.garmin.com/xmlschemas/ActivityExtension/v2">
                <Watts>147</Watts>
              </TPX>
            </Extensions>
          </Trackpoint>
          <Trackpoint>
            <Time>2010-10-19T21:19:11Z</Time>
            <HeartRateBpm>
              <Value>0</Value>
            </HeartRateBpm>
            <Cadence>66</Cadence>
            <DistanceMeters>4690.75865</DistanceMeters>
            <Extensions>
              <TPX xmlns="http://www.garmin.com/xmlschemas/ActivityExtension/v2">
                <Watts>147</Watts>
              </TPX>
            </Extensions>
          </Trackpoint>
          <Trackpoint>
            <Time>2010-10-19T21:19:12Z</Time>
            <HeartRateBpm>
              <Value>0</Value>
            </HeartRateBpm>
            <Cadence>65</Cadence>
            <DistanceMeters>4694.70166</DistanceMeters>
            <Extensions>
              <TPX xmlns="http://www.garmin.com/xmlschemas/ActivityExtension/v2">
                <Watts>141</Watts>
              </TPX>
            </Extensions>
          </Trackpoint>
          <Trackpoint>
            <Time>2010-10-19T21:19:13Z</Time>
            <HeartRateBpm>
              <Value>0</Value>
            </HeartRateBpm>
            <Cadence>57</Cadence>
            <DistanceMeters>4697.14201</DistanceMeters>
            <Extensions>
              <TPX xmlns="http://www.garmin.com/xmlschemas/ActivityExtension/v2">
                <Watts>91</Watts>
              </TPX>
            </Extensions>
          </Trackpoint>
          <Trackpoint>
            <Time>2010-10-19T21:19:14Z</Time>
            <HeartRateBpm>
              <Value>0</Value>
            </HeartRateBpm>
            <Cadence>50</Cadence>
            <DistanceMeters>4699.58236</DistanceMeters>
            <Extensions>
              <TPX xmlns="http://www.garmin.com/xmlschemas/ActivityExtension/v2">
                <Watts>41</Watts>
              </TPX>
            </Extensions>
          </Trackpoint>
          <Trackpoint>
            <Time>2010-10-19T21:19:15Z</Time>
            <HeartRateBpm>
              <Value>0</Value>
            </HeartRateBpm>
            <Cadence>50</Cadence>
            <DistanceMeters>4702.02271</DistanceMeters>
            <Extensions>
              <TPX xmlns="http://www.garmin.com/xmlschemas/ActivityExtension/v2">
                <Watts>40</Watts>
              </TPX>
            </Extensions>
          </Trackpoint>
          <Trackpoint>
            <Time>2010-10-19T21:19:16Z</Time>
            <HeartRateBpm>
              <Value>0</Value>
            </HeartRateBpm>
            <Cadence>50</Cadence>
            <DistanceMeters>4704.46306</DistanceMeters>
            <Extensions>
              <TPX xmlns="http://www.garmin.com/xmlschemas/ActivityExtension/v2">
                <Watts>40</Watts>
              </TPX>
            </Extensions>
          </Trackpoint>
          <Trackpoint>
            <Time>2010-10-19T21:19:17Z</Time>
            <HeartRateBpm>
              <Value>0</Value>
            </HeartRateBpm>
            <Cadence>38</Cadence>
            <DistanceMeters>4704.82502</DistanceMeters>
            <Extensions>
              <TPX xmlns="http://www.garmin.com/xmlschemas/ActivityExtension/v2">
                <Watts>23</Watts>
              </TPX>
            </Extensions>
          </Trackpoint>
          <Trackpoint>
            <Time>2010-10-19T21:19:18Z</Time>
            <HeartRateBpm>
              <Value>0</Value>
            </HeartRateBpm>
            <Cadence>25</Cadence>
            <DistanceMeters>4704.82502</DistanceMeters>
            <Extensions>
              <TPX xmlns="http://www.garmin.com/xmlschemas/ActivityExtension/v2">
                <Watts>5</Watts>
              </TPX>
            </Extensions>
          </Trackpoint>
          <Trackpoint>
            <Time>2010-10-19T21:19:19Z</Time>
            <HeartRateBpm>
              <Value>0</Value>
            </HeartRateBpm>
            <Cadence>22</Cadence>
            <DistanceMeters>4704.82502</DistanceMeters>
            <Extensions>
              <TPX xmlns="http://www.garmin.com/xmlschemas/ActivityExtension/v2">
                <Watts>0</Watts>
              </TPX>
            </Extensions>
          </Trackpoint>
          <Trackpoint>
            <Time>2010-10-19T21:19:20Z</Time>
            <HeartRateBpm>
              <Value>0</Value>
            </HeartRateBpm>
            <Cadence>22</Cadence>
            <DistanceMeters>4704.82502</DistanceMeters>
            <Extensions>
              <TPX xmlns="http://www.garmin.com/xmlschemas/ActivityExtension/v2">
                <Watts>0</Watts>
              </TPX>
            </Extensions>
          </Trackpoint>
          <Trackpoint>
            <Time>2010-10-19T21:19:21Z</Time>
            <HeartRateBpm>
              <Value>0</Value>
            </HeartRateBpm>
            <Cadence>22</Cadence>
            <DistanceMeters>4704.82502</DistanceMeters>
            <Extensions>
              <TPX xmlns="http://www.garmin.com/xmlschemas/ActivityExtension/v2">
                <Watts>0</Watts>
              </TPX>
            </Extensions>
          </Trackpoint>
          <Trackpoint>
            <Time>2010-10-19T21:19:22Z</Time>
            <HeartRateBpm>
              <Value>0</Value>
            </HeartRateBpm>
            <Cadence>22</Cadence>
            <DistanceMeters>4704.82502</DistanceMeters>
            <Extensions>
              <TPX xmlns="http://www.garmin.com/xmlschemas/ActivityExtension/v2">
                <Watts>0</Watts>
              </TPX>
            </Extensions>
          </Trackpoint>
          <Trackpoint>
            <Time>2010-10-19T21:19:23Z</Time>
            <HeartRateBpm>
              <Value>0</Value>
            </HeartRateBpm>
            <Cadence>22</Cadence>
            <DistanceMeters>4704.82502</DistanceMeters>
            <Extensions>
              <TPX xmlns="http://www.garmin.com/xmlschemas/ActivityExtension/v2">
                <Watts>0</Watts>
              </TPX>
            </Extensions>
          </Trackpoint>
          <Trackpoint>
            <Time>2010-10-19T21:19:24Z</Time>
            <HeartRateBpm>
              <Value>0</Value>
            </HeartRateBpm>
            <Cadence>22</Cadence>
            <DistanceMeters>4704.82502</DistanceMeters>
            <Extensions>
              <TPX xmlns="http://www.garmin.com/xmlschemas/ActivityExtension/v2">
                <Watts>0</Watts>
              </TPX>
            </Extensions>
          </Trackpoint>
          <Trackpoint>
            <Time>2010-10-19T21:19:25Z</Time>
            <HeartRateBpm>
              <Value>0</Value>
            </HeartRateBpm>
            <Cadence>22</Cadence>
            <DistanceMeters>4704.82502</DistanceMeters>
            <Extensions>
              <TPX xmlns="http://www.garmin.com/xmlschemas/ActivityExtension/v2">
                <Watts>0</Watts>
              </TPX>
            </Extensions>
          </Trackpoint>
          <Trackpoint>
            <Time>2010-10-19T21:19:26Z</Time>
            <HeartRateBpm>
              <Value>0</Value>
            </HeartRateBpm>
            <Cadence>22</Cadence>
            <DistanceMeters>4704.82502</DistanceMeters>
            <Extensions>
              <TPX xmlns="http://www.garmin.com/xmlschemas/ActivityExtension/v2">
                <Watts>0</Watts>
              </TPX>
            </Extensions>
          </Trackpoint>
          <Trackpoint>
            <Time>2010-10-19T21:19:27Z</Time>
            <HeartRateBpm>
              <Value>0</Value>
            </HeartRateBpm>
            <Cadence>22</Cadence>
            <DistanceMeters>4704.82502</DistanceMeters>
            <Extensions>
              <TPX xmlns="http://www.garmin.com/xmlschemas/ActivityExtension/v2">
                <Watts>0</Watts>
              </TPX>
            </Extensions>
          </Trackpoint>
          <Trackpoint>
            <Time>2010-10-19T21:19:28Z</Time>
            <HeartRateBpm>
              <Value>0</Value>
            </HeartRateBpm>
            <Cadence>22</Cadence>
            <DistanceMeters>4704.82502</DistanceMeters>
            <Extensions>
              <TPX xmlns="http://www.garmin.com/xmlschemas/ActivityExtension/v2">
                <Watts>0</Watts>
              </TPX>
            </Extensions>
          </Trackpoint>
          <Trackpoint>
            <Time>2010-10-19T21:19:29Z</Time>
            <HeartRateBpm>
              <Value>0</Value>
            </HeartRateBpm>
            <Cadence>21</Cadence>
            <DistanceMeters>4705.01917</DistanceMeters>
            <Extensions>
              <TPX xmlns="http://www.garmin.com/xmlschemas/ActivityExtension/v2">
                <Watts>1</Watts>
              </TPX>
            </Extensions>
          </Trackpoint>
          <Trackpoint>
            <Time>2010-10-19T21:19:30Z</Time>
            <HeartRateBpm>
              <Value>0</Value>
            </HeartRateBpm>
            <Cadence>16</Cadence>
            <DistanceMeters>4707.15473</DistanceMeters>
            <Extensions>
              <TPX xmlns="http://www.garmin.com/xmlschemas/ActivityExtension/v2">
                <Watts>15</Watts>
              </TPX>
            </Extensions>
          </Trackpoint>
          <Trackpoint>
            <Time>2010-10-19T21:19:31Z</Time>
            <HeartRateBpm>
              <Value>0</Value>
            </HeartRateBpm>
            <Cadence>11</Cadence>
            <DistanceMeters>4709.29030</DistanceMeters>
            <Extensions>
              <TPX xmlns="http://www.garmin.com/xmlschemas/ActivityExtension/v2">
                <Watts>29</Watts>
              </TPX>
            </Extensions>
          </Trackpoint>
          <Trackpoint>
            <Time>2010-10-19T21:19:32Z</Time>
            <HeartRateBpm>
              <Value>0</Value>
            </HeartRateBpm>
            <Cadence>22</Cadence>
            <DistanceMeters>4712.48776</DistanceMeters>
            <Extensions>
              <TPX xmlns="http://www.garmin.com/xmlschemas/ActivityExtension/v2">
                <Watts>52</Watts>
              </TPX>
            </Extensions>
          </Trackpoint>
          <Trackpoint>
            <Time>2010-10-19T21:19:33Z</Time>
            <HeartRateBpm>
              <Value>0</Value>
            </HeartRateBpm>
            <Cadence>34</Cadence>
            <DistanceMeters>4715.72475</DistanceMeters>
            <Extensions>
              <TPX xmlns="http://www.garmin.com/xmlschemas/ActivityExtension/v2">
                <Watts>75</Watts>
              </TPX>
            </Extensions>
          </Trackpoint>
          <Trackpoint>
            <Time>2010-10-19T21:19:34Z</Time>
            <HeartRateBpm>
              <Value>0</Value>
            </HeartRateBpm>
            <Cadence>43</Cadence>
            <DistanceMeters>4718.72765</DistanceMeters>
            <Extensions>
              <TPX xmlns="http://www.garmin.com/xmlschemas/ActivityExtension/v2">
                <Watts>72</Watts>
              </TPX>
            </Extensions>
          </Trackpoint>
          <Trackpoint>
            <Time>2010-10-19T21:19:35Z</Time>
            <HeartRateBpm>
              <Value>0</Value>
            </HeartRateBpm>
            <Cadence>53</Cadence>
            <DistanceMeters>4721.68508</DistanceMeters>
            <Extensions>
              <TPX xmlns="http://www.garmin.com/xmlschemas/ActivityExtension/v2">
                <Watts>65</Watts>
              </TPX>
            </Extensions>
          </Trackpoint>
          <Trackpoint>
            <Time>2010-10-19T21:19:36Z</Time>
            <HeartRateBpm>
              <Value>0</Value>
            </HeartRateBpm>
            <Cadence>56</Cadence>
            <DistanceMeters>4724.12875</DistanceMeters>
            <Extensions>
              <TPX xmlns="http://www.garmin.com/xmlschemas/ActivityExtension/v2">
                <Watts>52</Watts>
              </TPX>
            </Extensions>
          </Trackpoint>
          <Trackpoint>
            <Time>2010-10-19T21:19:37Z</Time>
            <HeartRateBpm>
              <Value>0</Value>
            </HeartRateBpm>
            <Cadence>56</Cadence>
            <DistanceMeters>4726.36311</DistanceMeters>
            <Extensions>
              <TPX xmlns="http://www.garmin.com/xmlschemas/ActivityExtension/v2">
                <Watts>38</Watts>
              </TPX>
            </Extensions>
          </Trackpoint>
          <Trackpoint>
            <Time>2010-10-19T21:19:38Z</Time>
            <HeartRateBpm>
              <Value>0</Value>
            </HeartRateBpm>
            <Cadence>57</Cadence>
            <DistanceMeters>4728.59746</DistanceMeters>
            <Extensions>
              <TPX xmlns="http://www.garmin.com/xmlschemas/ActivityExtension/v2">
                <Watts>33</Watts>
              </TPX>
            </Extensions>
          </Trackpoint>
          <Trackpoint>
            <Time>2010-10-19T21:19:39Z</Time>
            <HeartRateBpm>
              <Value>0</Value>
            </HeartRateBpm>
            <Cadence>57</Cadence>
            <DistanceMeters>4730.83182</DistanceMeters>
            <Extensions>
              <TPX xmlns="http://www.garmin.com/xmlschemas/ActivityExtension/v2">
                <Watts>33</Watts>
              </TPX>
            </Extensions>
          </Trackpoint>
          <Trackpoint>
            <Time>2010-10-19T21:19:40Z</Time>
            <HeartRateBpm>
              <Value>0</Value>
            </HeartRateBpm>
            <Cadence>57</Cadence>
            <DistanceMeters>4733.13534</DistanceMeters>
            <Extensions>
              <TPX xmlns="http://www.garmin.com/xmlschemas/ActivityExtension/v2">
                <Watts>34</Watts>
              </TPX>
            </Extensions>
          </Trackpoint>
          <Trackpoint>
            <Time>2010-10-19T21:19:41Z</Time>
            <HeartRateBpm>
              <Value>0</Value>
            </HeartRateBpm>
            <Cadence>57</Cadence>
            <DistanceMeters>4735.52104</DistanceMeters>
            <Extensions>
              <TPX xmlns="http://www.garmin.com/xmlschemas/ActivityExtension/v2">
                <Watts>36</Watts>
              </TPX>
            </Extensions>
          </Trackpoint>
          <Trackpoint>
            <Time>2010-10-19T21:19:42Z</Time>
            <HeartRateBpm>
              <Value>0</Value>
            </HeartRateBpm>
            <Cadence>57</Cadence>
            <DistanceMeters>4737.89702</DistanceMeters>
            <Extensions>
              <TPX xmlns="http://www.garmin.com/xmlschemas/ActivityExtension/v2">
                <Watts>37</Watts>
              </TPX>
            </Extensions>
          </Trackpoint>
          <Trackpoint>
            <Time>2010-10-19T21:19:43Z</Time>
            <HeartRateBpm>
              <Value>0</Value>
            </HeartRateBpm>
            <Cadence>57</Cadence>
            <DistanceMeters>4740.25329</DistanceMeters>
            <Extensions>
              <TPX xmlns="http://www.garmin.com/xmlschemas/ActivityExtension/v2">
                <Watts>37</Watts>
              </TPX>
            </Extensions>
          </Trackpoint>
          <Trackpoint>
            <Time>2010-10-19T21:19:44Z</Time>
            <HeartRateBpm>
              <Value>0</Value>
            </HeartRateBpm>
            <Cadence>57</Cadence>
            <DistanceMeters>4742.40312</DistanceMeters>
            <Extensions>
              <TPX xmlns="http://www.garmin.com/xmlschemas/ActivityExtension/v2">
                <Watts>34</Watts>
              </TPX>
            </Extensions>
          </Trackpoint>
          <Trackpoint>
            <Time>2010-10-19T21:19:45Z</Time>
            <HeartRateBpm>
              <Value>0</Value>
            </HeartRateBpm>
            <Cadence>57</Cadence>
            <DistanceMeters>4743.74415</DistanceMeters>
            <Extensions>
              <TPX xmlns="http://www.garmin.com/xmlschemas/ActivityExtension/v2">
                <Watts>23</Watts>
              </TPX>
            </Extensions>
          </Trackpoint>
          <Trackpoint>
            <Time>2010-10-19T21:19:46Z</Time>
            <HeartRateBpm>
              <Value>0</Value>
            </HeartRateBpm>
            <Cadence>58</Cadence>
            <DistanceMeters>4745.19332</DistanceMeters>
            <Extensions>
              <TPX xmlns="http://www.garmin.com/xmlschemas/ActivityExtension/v2">
                <Watts>14</Watts>
              </TPX>
            </Extensions>
          </Trackpoint>
          <Trackpoint>
            <Time>2010-10-19T21:19:47Z</Time>
            <HeartRateBpm>
              <Value>0</Value>
            </HeartRateBpm>
            <Cadence>58</Cadence>
            <DistanceMeters>4747.94686</DistanceMeters>
            <Extensions>
              <TPX xmlns="http://www.garmin.com/xmlschemas/ActivityExtension/v2">
                <Watts>33</Watts>
              </TPX>
            </Extensions>
          </Trackpoint>
          <Trackpoint>
            <Time>2010-10-19T21:19:48Z</Time>
            <HeartRateBpm>
              <Value>0</Value>
            </HeartRateBpm>
            <Cadence>58</Cadence>
            <DistanceMeters>4750.70040</DistanceMeters>
            <Extensions>
              <TPX xmlns="http://www.garmin.com/xmlschemas/ActivityExtension/v2">
                <Watts>52</Watts>
              </TPX>
            </Extensions>
          </Trackpoint>
          <Trackpoint>
            <Time>2010-10-19T21:19:49Z</Time>
            <HeartRateBpm>
              <Value>0</Value>
            </HeartRateBpm>
            <Cadence>59</Cadence>
            <DistanceMeters>4753.57372</DistanceMeters>
            <Extensions>
              <TPX xmlns="http://www.garmin.com/xmlschemas/ActivityExtension/v2">
                <Watts>55</Watts>
              </TPX>
            </Extensions>
          </Trackpoint>
          <Trackpoint>
            <Time>2010-10-19T21:19:50Z</Time>
            <HeartRateBpm>
              <Value>0</Value>
            </HeartRateBpm>
            <Cadence>59</Cadence>
            <DistanceMeters>4756.45337</DistanceMeters>
            <Extensions>
              <TPX xmlns="http://www.garmin.com/xmlschemas/ActivityExtension/v2">
                <Watts>58</Watts>
              </TPX>
            </Extensions>
          </Trackpoint>
          <Trackpoint>
            <Time>2010-10-19T21:19:51Z</Time>
            <HeartRateBpm>
              <Value>0</Value>
            </HeartRateBpm>
            <Cadence>59</Cadence>
            <DistanceMeters>4758.85387</DistanceMeters>
            <Extensions>
              <TPX xmlns="http://www.garmin.com/xmlschemas/ActivityExtension/v2">
                <Watts>49</Watts>
              </TPX>
            </Extensions>
          </Trackpoint>
          <Trackpoint>
            <Time>2010-10-19T21:19:52Z</Time>
            <HeartRateBpm>
              <Value>0</Value>
            </HeartRateBpm>
            <Cadence>59</Cadence>
            <DistanceMeters>4761.15128</DistanceMeters>
            <Extensions>
              <TPX xmlns="http://www.garmin.com/xmlschemas/ActivityExtension/v2">
                <Watts>38</Watts>
              </TPX>
            </Extensions>
          </Trackpoint>
          <Trackpoint>
            <Time>2010-10-19T21:19:53Z</Time>
            <HeartRateBpm>
              <Value>0</Value>
            </HeartRateBpm>
            <Cadence>59</Cadence>
            <DistanceMeters>4763.11946</DistanceMeters>
            <Extensions>
              <TPX xmlns="http://www.garmin.com/xmlschemas/ActivityExtension/v2">
                <Watts>30</Watts>
              </TPX>
            </Extensions>
          </Trackpoint>
          <Trackpoint>
            <Time>2010-10-19T21:19:54Z</Time>
            <HeartRateBpm>
              <Value>0</Value>
            </HeartRateBpm>
            <Cadence>57</Cadence>
            <DistanceMeters>4764.94394</DistanceMeters>
            <Extensions>
              <TPX xmlns="http://www.garmin.com/xmlschemas/ActivityExtension/v2">
                <Watts>24</Watts>
              </TPX>
            </Extensions>
          </Trackpoint>
          <Trackpoint>
            <Time>2010-10-19T21:19:55Z</Time>
            <HeartRateBpm>
              <Value>0</Value>
            </HeartRateBpm>
            <Cadence>56</Cadence>
            <DistanceMeters>4766.94555</DistanceMeters>
            <Extensions>
              <TPX xmlns="http://www.garmin.com/xmlschemas/ActivityExtension/v2">
                <Watts>24</Watts>
              </TPX>
            </Extensions>
          </Trackpoint>
          <Trackpoint>
            <Time>2010-10-19T21:19:56Z</Time>
            <HeartRateBpm>
              <Value>0</Value>
            </HeartRateBpm>
            <Cadence>54</Cadence>
            <DistanceMeters>4769.08112</DistanceMeters>
            <Extensions>
              <TPX xmlns="http://www.garmin.com/xmlschemas/ActivityExtension/v2">
                <Watts>27</Watts>
              </TPX>
            </Extensions>
          </Trackpoint>
          <Trackpoint>
            <Time>2010-10-19T21:19:57Z</Time>
            <HeartRateBpm>
              <Value>0</Value>
            </HeartRateBpm>
            <Cadence>53</Cadence>
            <DistanceMeters>4771.55531</DistanceMeters>
            <Extensions>
              <TPX xmlns="http://www.garmin.com/xmlschemas/ActivityExtension/v2">
                <Watts>36</Watts>
              </TPX>
            </Extensions>
          </Trackpoint>
          <Trackpoint>
            <Time>2010-10-19T21:19:58Z</Time>
            <HeartRateBpm>
              <Value>0</Value>
            </HeartRateBpm>
            <Cadence>53</Cadence>
            <DistanceMeters>4774.45598</DistanceMeters>
            <Extensions>
              <TPX xmlns="http://www.garmin.com/xmlschemas/ActivityExtension/v2">
                <Watts>50</Watts>
              </TPX>
            </Extensions>
          </Trackpoint>
          <Trackpoint>
            <Time>2010-10-19T21:19:59Z</Time>
            <HeartRateBpm>
              <Value>0</Value>
            </HeartRateBpm>
            <Cadence>54</Cadence>
            <DistanceMeters>4777.42104</DistanceMeters>
            <Extensions>
              <TPX xmlns="http://www.garmin.com/xmlschemas/ActivityExtension/v2">
                <Watts>61</Watts>
              </TPX>
            </Extensions>
          </Trackpoint>
          <Trackpoint>
            <Time>2010-10-19T21:20:00Z</Time>
            <HeartRateBpm>
              <Value>0</Value>
            </HeartRateBpm>
            <Cadence>57</Cadence>
            <DistanceMeters>4780.52560</DistanceMeters>
            <Extensions>
              <TPX xmlns="http://www.garmin.com/xmlschemas/ActivityExtension/v2">
                <Watts>66</Watts>
              </TPX>
            </Extensions>
          </Trackpoint>
          <Trackpoint>
            <Time>2010-10-19T21:20:01Z</Time>
            <HeartRateBpm>
              <Value>0</Value>
            </HeartRateBpm>
            <Cadence>60</Cadence>
            <DistanceMeters>4783.53403</DistanceMeters>
            <Extensions>
              <TPX xmlns="http://www.garmin.com/xmlschemas/ActivityExtension/v2">
                <Watts>68</Watts>
              </TPX>
            </Extensions>
          </Trackpoint>
          <Trackpoint>
            <Time>2010-10-19T21:20:02Z</Time>
            <HeartRateBpm>
              <Value>0</Value>
            </HeartRateBpm>
            <Cadence>61</Cadence>
            <DistanceMeters>4786.12992</DistanceMeters>
            <Extensions>
              <TPX xmlns="http://www.garmin.com/xmlschemas/ActivityExtension/v2">
                <Watts>57</Watts>
              </TPX>
            </Extensions>
          </Trackpoint>
          <Trackpoint>
            <Time>2010-10-19T21:20:03Z</Time>
            <HeartRateBpm>
              <Value>0</Value>
            </HeartRateBpm>
            <Cadence>63</Cadence>
            <DistanceMeters>4788.73157</DistanceMeters>
            <Extensions>
              <TPX xmlns="http://www.garmin.com/xmlschemas/ActivityExtension/v2">
                <Watts>46</Watts>
              </TPX>
            </Extensions>
          </Trackpoint>
          <Trackpoint>
            <Time>2010-10-19T21:20:04Z</Time>
            <HeartRateBpm>
              <Value>0</Value>
            </HeartRateBpm>
            <Cadence>63</Cadence>
            <DistanceMeters>4791.41995</DistanceMeters>
            <Extensions>
              <TPX xmlns="http://www.garmin.com/xmlschemas/ActivityExtension/v2">
                <Watts>47</Watts>
              </TPX>
            </Extensions>
          </Trackpoint>
          <Trackpoint>
            <Time>2010-10-19T21:20:05Z</Time>
            <HeartRateBpm>
              <Value>0</Value>
            </HeartRateBpm>
            <Cadence>63</Cadence>
            <DistanceMeters>4794.10832</DistanceMeters>
            <Extensions>
              <TPX xmlns="http://www.garmin.com/xmlschemas/ActivityExtension/v2">
                <Watts>49</Watts>
              </TPX>
            </Extensions>
          </Trackpoint>
          <Trackpoint>
            <Time>2010-10-19T21:20:06Z</Time>
            <HeartRateBpm>
              <Value>0</Value>
            </HeartRateBpm>
            <Cadence>66</Cadence>
            <DistanceMeters>4797.26465</DistanceMeters>
            <Extensions>
              <TPX xmlns="http://www.garmin.com/xmlschemas/ActivityExtension/v2">
                <Watts>61</Watts>
              </TPX>
            </Extensions>
          </Trackpoint>
          <Trackpoint>
            <Time>2010-10-19T21:20:07Z</Time>
            <HeartRateBpm>
              <Value>0</Value>
            </HeartRateBpm>
            <Cadence>68</Cadence>
            <DistanceMeters>4800.45329</DistanceMeters>
            <Extensions>
              <TPX xmlns="http://www.garmin.com/xmlschemas/ActivityExtension/v2">
                <Watts>73</Watts>
              </TPX>
            </Extensions>
          </Trackpoint>
          <Trackpoint>
            <Time>2010-10-19T21:20:08Z</Time>
            <HeartRateBpm>
              <Value>0</Value>
            </HeartRateBpm>
            <Cadence>71</Cadence>
            <DistanceMeters>4803.87818</DistanceMeters>
            <Extensions>
              <TPX xmlns="http://www.garmin.com/xmlschemas/ActivityExtension/v2">
                <Watts>83</Watts>
              </TPX>
            </Extensions>
          </Trackpoint>
          <Trackpoint>
            <Time>2010-10-19T21:20:09Z</Time>
            <HeartRateBpm>
              <Value>0</Value>
            </HeartRateBpm>
            <Cadence>74</Cadence>
            <DistanceMeters>4807.35899</DistanceMeters>
            <Extensions>
              <TPX xmlns="http://www.garmin.com/xmlschemas/ActivityExtension/v2">
                <Watts>92</Watts>
              </TPX>
            </Extensions>
          </Trackpoint>
          <Trackpoint>
            <Time>2010-10-19T21:20:10Z</Time>
            <HeartRateBpm>
              <Value>0</Value>
            </HeartRateBpm>
            <Cadence>75</Cadence>
            <DistanceMeters>4810.47005</DistanceMeters>
            <Extensions>
              <TPX xmlns="http://www.garmin.com/xmlschemas/ActivityExtension/v2">
                <Watts>84</Watts>
              </TPX>
            </Extensions>
          </Trackpoint>
          <Trackpoint>
            <Time>2010-10-19T21:20:11Z</Time>
            <HeartRateBpm>
              <Value>0</Value>
            </HeartRateBpm>
            <Cadence>75</Cadence>
            <DistanceMeters>4813.40856</DistanceMeters>
            <Extensions>
              <TPX xmlns="http://www.garmin.com/xmlschemas/ActivityExtension/v2">
                <Watts>68</Watts>
              </TPX>
            </Extensions>
          </Trackpoint>
          <Trackpoint>
            <Time>2010-10-19T21:20:12Z</Time>
            <HeartRateBpm>
              <Value>0</Value>
            </HeartRateBpm>
            <Cadence>74</Cadence>
            <DistanceMeters>4816.18257</DistanceMeters>
            <Extensions>
              <TPX xmlns="http://www.garmin.com/xmlschemas/ActivityExtension/v2">
                <Watts>58</Watts>
              </TPX>
            </Extensions>
          </Trackpoint>
          <Trackpoint>
            <Time>2010-10-19T21:20:13Z</Time>
            <HeartRateBpm>
              <Value>0</Value>
            </HeartRateBpm>
            <Cadence>73</Cadence>
            <DistanceMeters>4818.82471</DistanceMeters>
            <Extensions>
              <TPX xmlns="http://www.garmin.com/xmlschemas/ActivityExtension/v2">
                <Watts>51</Watts>
              </TPX>
            </Extensions>
          </Trackpoint>
          <Trackpoint>
            <Time>2010-10-19T21:20:14Z</Time>
            <HeartRateBpm>
              <Value>0</Value>
            </HeartRateBpm>
            <Cadence>72</Cadence>
            <DistanceMeters>4821.55055</DistanceMeters>
            <Extensions>
              <TPX xmlns="http://www.garmin.com/xmlschemas/ActivityExtension/v2">
                <Watts>49</Watts>
              </TPX>
            </Extensions>
          </Trackpoint>
          <Trackpoint>
            <Time>2010-10-19T21:20:15Z</Time>
            <HeartRateBpm>
              <Value>0</Value>
            </HeartRateBpm>
            <Cadence>71</Cadence>
            <DistanceMeters>4824.38817</DistanceMeters>
            <Extensions>
              <TPX xmlns="http://www.garmin.com/xmlschemas/ActivityExtension/v2">
                <Watts>54</Watts>
              </TPX>
            </Extensions>
          </Trackpoint>
          <Trackpoint>
            <Time>2010-10-19T21:20:16Z</Time>
            <HeartRateBpm>
              <Value>0</Value>
            </HeartRateBpm>
            <Cadence>70</Cadence>
            <DistanceMeters>4827.23275</DistanceMeters>
            <Extensions>
              <TPX xmlns="http://www.garmin.com/xmlschemas/ActivityExtension/v2">
                <Watts>57</Watts>
              </TPX>
            </Extensions>
          </Trackpoint>
          <Trackpoint>
            <Time>2010-10-19T21:20:17Z</Time>
            <HeartRateBpm>
              <Value>0</Value>
            </HeartRateBpm>
            <Cadence>70</Cadence>
            <DistanceMeters>4830.09349</DistanceMeters>
            <Extensions>
              <TPX xmlns="http://www.garmin.com/xmlschemas/ActivityExtension/v2">
                <Watts>57</Watts>
              </TPX>
            </Extensions>
          </Trackpoint>
          <Trackpoint>
            <Time>2010-10-19T21:20:18Z</Time>
            <HeartRateBpm>
              <Value>0</Value>
            </HeartRateBpm>
            <Cadence>70</Cadence>
            <DistanceMeters>4833.04967</DistanceMeters>
            <Extensions>
              <TPX xmlns="http://www.garmin.com/xmlschemas/ActivityExtension/v2">
                <Watts>60</Watts>
              </TPX>
            </Extensions>
          </Trackpoint>
          <Trackpoint>
            <Time>2010-10-19T21:20:19Z</Time>
            <HeartRateBpm>
              <Value>0</Value>
            </HeartRateBpm>
            <Cadence>71</Cadence>
            <DistanceMeters>4836.45691</DistanceMeters>
            <Extensions>
              <TPX xmlns="http://www.garmin.com/xmlschemas/ActivityExtension/v2">
                <Watts>75</Watts>
              </TPX>
            </Extensions>
          </Trackpoint>
          <Trackpoint>
            <Time>2010-10-19T21:20:20Z</Time>
            <HeartRateBpm>
              <Value>0</Value>
            </HeartRateBpm>
            <Cadence>72</Cadence>
            <DistanceMeters>4839.84876</DistanceMeters>
            <Extensions>
              <TPX xmlns="http://www.garmin.com/xmlschemas/ActivityExtension/v2">
                <Watts>89</Watts>
              </TPX>
            </Extensions>
          </Trackpoint>
          <Trackpoint>
            <Time>2010-10-19T21:20:21Z</Time>
            <HeartRateBpm>
              <Value>0</Value>
            </HeartRateBpm>
            <Cadence>72</Cadence>
            <DistanceMeters>4842.93441</DistanceMeters>
            <Extensions>
              <TPX xmlns="http://www.garmin.com/xmlschemas/ActivityExtension/v2">
                <Watts>80</Watts>
              </TPX>
            </Extensions>
          </Trackpoint>
          <Trackpoint>
            <Time>2010-10-19T21:20:22Z</Time>
            <HeartRateBpm>
              <Value>0</Value>
            </HeartRateBpm>
            <Cadence>73</Cadence>
            <DistanceMeters>4846.02005</DistanceMeters>
            <Extensions>
              <TPX xmlns="http://www.garmin.com/xmlschemas/ActivityExtension/v2">
                <Watts>70</Watts>
              </TPX>
            </Extensions>
          </Trackpoint>
          <Trackpoint>
            <Time>2010-10-19T21:20:23Z</Time>
            <HeartRateBpm>
              <Value>0</Value>
            </HeartRateBpm>
            <Cadence>75</Cadence>
            <DistanceMeters>4848.84047</DistanceMeters>
            <Extensions>
              <TPX xmlns="http://www.garmin.com/xmlschemas/ActivityExtension/v2">
                <Watts>63</Watts>
              </TPX>
            </Extensions>
          </Trackpoint>
          <Trackpoint>
            <Time>2010-10-19T21:20:24Z</Time>
            <HeartRateBpm>
              <Value>0</Value>
            </HeartRateBpm>
            <Cadence>77</Cadence>
            <DistanceMeters>4851.63815</DistanceMeters>
            <Extensions>
              <TPX xmlns="http://www.garmin.com/xmlschemas/ActivityExtension/v2">
                <Watts>56</Watts>
              </TPX>
            </Extensions>
          </Trackpoint>
          <Trackpoint>
            <Time>2010-10-19T21:20:25Z</Time>
            <HeartRateBpm>
              <Value>0</Value>
            </HeartRateBpm>
            <Cadence>77</Cadence>
            <DistanceMeters>4854.17372</DistanceMeters>
            <Extensions>
              <TPX xmlns="http://www.garmin.com/xmlschemas/ActivityExtension/v2">
                <Watts>49</Watts>
              </TPX>
            </Extensions>
          </Trackpoint>
          <Trackpoint>
            <Time>2010-10-19T21:20:26Z</Time>
            <HeartRateBpm>
              <Value>0</Value>
            </HeartRateBpm>
            <Cadence>77</Cadence>
            <DistanceMeters>4856.64139</DistanceMeters>
            <Extensions>
              <TPX xmlns="http://www.garmin.com/xmlschemas/ActivityExtension/v2">
                <Watts>43</Watts>
              </TPX>
            </Extensions>
          </Trackpoint>
          <Trackpoint>
            <Time>2010-10-19T21:20:27Z</Time>
            <HeartRateBpm>
              <Value>0</Value>
            </HeartRateBpm>
            <Cadence>77</Cadence>
            <DistanceMeters>4859.48646</DistanceMeters>
            <Extensions>
              <TPX xmlns="http://www.garmin.com/xmlschemas/ActivityExtension/v2">
                <Watts>49</Watts>
              </TPX>
            </Extensions>
          </Trackpoint>
          <Trackpoint>
            <Time>2010-10-19T21:20:28Z</Time>
            <HeartRateBpm>
              <Value>0</Value>
            </HeartRateBpm>
            <Cadence>77</Cadence>
            <DistanceMeters>4862.51956</DistanceMeters>
            <Extensions>
              <TPX xmlns="http://www.garmin.com/xmlschemas/ActivityExtension/v2">
                <Watts>61</Watts>
              </TPX>
            </Extensions>
          </Trackpoint>
          <Trackpoint>
            <Time>2010-10-19T21:20:29Z</Time>
            <HeartRateBpm>
              <Value>0</Value>
            </HeartRateBpm>
            <Cadence>78</Cadence>
            <DistanceMeters>4865.50152</DistanceMeters>
            <Extensions>
              <TPX xmlns="http://www.garmin.com/xmlschemas/ActivityExtension/v2">
                <Watts>65</Watts>
              </TPX>
            </Extensions>
          </Trackpoint>
          <Trackpoint>
            <Time>2010-10-19T21:20:30Z</Time>
            <HeartRateBpm>
              <Value>0</Value>
            </HeartRateBpm>
            <Cadence>79</Cadence>
            <DistanceMeters>4868.44002</DistanceMeters>
            <Extensions>
              <TPX xmlns="http://www.garmin.com/xmlschemas/ActivityExtension/v2">
                <Watts>63</Watts>
              </TPX>
            </Extensions>
          </Trackpoint>
          <Trackpoint>
            <Time>2010-10-19T21:20:31Z</Time>
            <HeartRateBpm>
              <Value>0</Value>
            </HeartRateBpm>
            <Cadence>79</Cadence>
            <DistanceMeters>4871.20541</DistanceMeters>
            <Extensions>
              <TPX xmlns="http://www.garmin.com/xmlschemas/ActivityExtension/v2">
                <Watts>58</Watts>
              </TPX>
            </Extensions>
          </Trackpoint>
          <Trackpoint>
            <Time>2010-10-19T21:20:32Z</Time>
            <HeartRateBpm>
              <Value>0</Value>
            </HeartRateBpm>
            <Cadence>78</Cadence>
            <DistanceMeters>4873.72564</DistanceMeters>
            <Extensions>
              <TPX xmlns="http://www.garmin.com/xmlschemas/ActivityExtension/v2">
                <Watts>49</Watts>
              </TPX>
            </Extensions>
          </Trackpoint>
          <Trackpoint>
            <Time>2010-10-19T21:20:33Z</Time>
            <HeartRateBpm>
              <Value>0</Value>
            </HeartRateBpm>
            <Cadence>76</Cadence>
            <DistanceMeters>4876.27362</DistanceMeters>
            <Extensions>
              <TPX xmlns="http://www.garmin.com/xmlschemas/ActivityExtension/v2">
                <Watts>43</Watts>
              </TPX>
            </Extensions>
          </Trackpoint>
          <Trackpoint>
            <Time>2010-10-19T21:20:34Z</Time>
            <HeartRateBpm>
              <Value>0</Value>
            </HeartRateBpm>
            <Cadence>76</Cadence>
            <DistanceMeters>4878.89053</DistanceMeters>
            <Extensions>
              <TPX xmlns="http://www.garmin.com/xmlschemas/ActivityExtension/v2">
                <Watts>45</Watts>
              </TPX>
            </Extensions>
          </Trackpoint>
          <Trackpoint>
            <Time>2010-10-19T21:20:35Z</Time>
            <HeartRateBpm>
              <Value>0</Value>
            </HeartRateBpm>
            <Cadence>76</Cadence>
            <DistanceMeters>4881.54653</DistanceMeters>
            <Extensions>
              <TPX xmlns="http://www.garmin.com/xmlschemas/ActivityExtension/v2">
                <Watts>47</Watts>
              </TPX>
            </Extensions>
          </Trackpoint>
          <Trackpoint>
            <Time>2010-10-19T21:20:36Z</Time>
            <HeartRateBpm>
              <Value>0</Value>
            </HeartRateBpm>
            <Cadence>77</Cadence>
            <DistanceMeters>4884.40726</DistanceMeters>
            <Extensions>
              <TPX xmlns="http://www.garmin.com/xmlschemas/ActivityExtension/v2">
                <Watts>53</Watts>
              </TPX>
            </Extensions>
          </Trackpoint>
          <Trackpoint>
            <Time>2010-10-19T21:20:37Z</Time>
            <HeartRateBpm>
              <Value>0</Value>
            </HeartRateBpm>
            <Cadence>78</Cadence>
            <DistanceMeters>4887.26068</DistanceMeters>
            <Extensions>
              <TPX xmlns="http://www.garmin.com/xmlschemas/ActivityExtension/v2">
                <Watts>57</Watts>
              </TPX>
            </Extensions>
          </Trackpoint>
          <Trackpoint>
            <Time>2010-10-19T21:20:38Z</Time>
            <HeartRateBpm>
              <Value>0</Value>
            </HeartRateBpm>
            <Cadence>78</Cadence>
            <DistanceMeters>4889.90281</DistanceMeters>
            <Extensions>
              <TPX xmlns="http://www.garmin.com/xmlschemas/ActivityExtension/v2">
                <Watts>53</Watts>
              </TPX>
            </Extensions>
          </Trackpoint>
          <Trackpoint>
            <Time>2010-10-19T21:20:39Z</Time>
            <HeartRateBpm>
              <Value>0</Value>
            </HeartRateBpm>
            <Cadence>78</Cadence>
            <DistanceMeters>4892.54495</DistanceMeters>
            <Extensions>
              <TPX xmlns="http://www.garmin.com/xmlschemas/ActivityExtension/v2">
                <Watts>48</Watts>
              </TPX>
            </Extensions>
          </Trackpoint>
          <Trackpoint>
            <Time>2010-10-19T21:20:40Z</Time>
            <HeartRateBpm>
              <Value>0</Value>
            </HeartRateBpm>
            <Cadence>78</Cadence>
            <DistanceMeters>4895.50726</DistanceMeters>
            <Extensions>
              <TPX xmlns="http://www.garmin.com/xmlschemas/ActivityExtension/v2">
                <Watts>55</Watts>
              </TPX>
            </Extensions>
          </Trackpoint>
          <Trackpoint>
            <Time>2010-10-19T21:20:41Z</Time>
            <HeartRateBpm>
              <Value>0</Value>
            </HeartRateBpm>
            <Cadence>78</Cadence>
            <DistanceMeters>4898.50252</DistanceMeters>
            <Extensions>
              <TPX xmlns="http://www.garmin.com/xmlschemas/ActivityExtension/v2">
                <Watts>63</Watts>
              </TPX>
            </Extensions>
          </Trackpoint>
          <Trackpoint>
            <Time>2010-10-19T21:20:42Z</Time>
            <HeartRateBpm>
              <Value>0</Value>
            </HeartRateBpm>
            <Cadence>78</Cadence>
            <DistanceMeters>4901.66172</DistanceMeters>
            <Extensions>
              <TPX xmlns="http://www.garmin.com/xmlschemas/ActivityExtension/v2">
                <Watts>69</Watts>
              </TPX>
            </Extensions>
          </Trackpoint>
          <Trackpoint>
            <Time>2010-10-19T21:20:43Z</Time>
            <HeartRateBpm>
              <Value>0</Value>
            </HeartRateBpm>
            <Cadence>78</Cadence>
            <DistanceMeters>4904.86717</DistanceMeters>
            <Extensions>
              <TPX xmlns="http://www.garmin.com/xmlschemas/ActivityExtension/v2">
                <Watts>75</Watts>
              </TPX>
            </Extensions>
          </Trackpoint>
          <Trackpoint>
            <Time>2010-10-19T21:20:44Z</Time>
            <HeartRateBpm>
              <Value>0</Value>
            </HeartRateBpm>
            <Cadence>79</Cadence>
            <DistanceMeters>4908.03968</DistanceMeters>
            <Extensions>
              <TPX xmlns="http://www.garmin.com/xmlschemas/ActivityExtension/v2">
                <Watts>76</Watts>
              </TPX>
            </Extensions>
          </Trackpoint>
          <Trackpoint>
            <Time>2010-10-19T21:20:45Z</Time>
            <HeartRateBpm>
              <Value>0</Value>
            </HeartRateBpm>
            <Cadence>79</Cadence>
            <DistanceMeters>4911.19469</DistanceMeters>
            <Extensions>
              <TPX xmlns="http://www.garmin.com/xmlschemas/ActivityExtension/v2">
                <Watts>74</Watts>
              </TPX>
            </Extensions>
          </Trackpoint>
          <Trackpoint>
            <Time>2010-10-19T21:20:46Z</Time>
            <HeartRateBpm>
              <Value>0</Value>
            </HeartRateBpm>
            <Cadence>80</Cadence>
            <DistanceMeters>4914.48245</DistanceMeters>
            <Extensions>
              <TPX xmlns="http://www.garmin.com/xmlschemas/ActivityExtension/v2">
                <Watts>77</Watts>
              </TPX>
            </Extensions>
          </Trackpoint>
          <Trackpoint>
            <Time>2010-10-19T21:20:47Z</Time>
            <HeartRateBpm>
              <Value>0</Value>
            </HeartRateBpm>
            <Cadence>82</Cadence>
            <DistanceMeters>4917.88969</DistanceMeters>
            <Extensions>
              <TPX xmlns="http://www.garmin.com/xmlschemas/ActivityExtension/v2">
                <Watts>85</Watts>
              </TPX>
            </Extensions>
          </Trackpoint>
          <Trackpoint>
            <Time>2010-10-19T21:20:48Z</Time>
            <HeartRateBpm>
              <Value>0</Value>
            </HeartRateBpm>
            <Cadence>84</Cadence>
            <DistanceMeters>4921.20960</DistanceMeters>
            <Extensions>
              <TPX xmlns="http://www.garmin.com/xmlschemas/ActivityExtension/v2">
                <Watts>87</Watts>
              </TPX>
            </Extensions>
          </Trackpoint>
          <Trackpoint>
            <Time>2010-10-19T21:20:49Z</Time>
            <HeartRateBpm>
              <Value>0</Value>
            </HeartRateBpm>
            <Cadence>84</Cadence>
            <DistanceMeters>4924.39824</DistanceMeters>
            <Extensions>
              <TPX xmlns="http://www.garmin.com/xmlschemas/ActivityExtension/v2">
                <Watts>80</Watts>
              </TPX>
            </Extensions>
          </Trackpoint>
          <Trackpoint>
            <Time>2010-10-19T21:20:50Z</Time>
            <HeartRateBpm>
              <Value>0</Value>
            </HeartRateBpm>
            <Cadence>85</Cadence>
            <DistanceMeters>4927.49114</DistanceMeters>
            <Extensions>
              <TPX xmlns="http://www.garmin.com/xmlschemas/ActivityExtension/v2">
                <Watts>73</Watts>
              </TPX>
            </Extensions>
          </Trackpoint>
          <Trackpoint>
            <Time>2010-10-19T21:20:51Z</Time>
            <HeartRateBpm>
              <Value>0</Value>
            </HeartRateBpm>
            <Cadence>86</Cadence>
            <DistanceMeters>4930.32876</DistanceMeters>
            <Extensions>
              <TPX xmlns="http://www.garmin.com/xmlschemas/ActivityExtension/v2">
                <Watts>64</Watts>
              </TPX>
            </Extensions>
          </Trackpoint>
          <Trackpoint>
            <Time>2010-10-19T21:20:52Z</Time>
            <HeartRateBpm>
              <Value>0</Value>
            </HeartRateBpm>
            <Cadence>87</Cadence>
            <DistanceMeters>4933.18110</DistanceMeters>
            <Extensions>
              <TPX xmlns="http://www.garmin.com/xmlschemas/ActivityExtension/v2">
                <Watts>57</Watts>
              </TPX>
            </Extensions>
          </Trackpoint>
          <Trackpoint>
            <Time>2010-10-19T21:20:53Z</Time>
            <HeartRateBpm>
              <Value>0</Value>
            </HeartRateBpm>
            <Cadence>86</Cadence>
            <DistanceMeters>4936.11961</DistanceMeters>
            <Extensions>
              <TPX xmlns="http://www.garmin.com/xmlschemas/ActivityExtension/v2">
                <Watts>59</Watts>
              </TPX>
            </Extensions>
          </Trackpoint>
          <Trackpoint>
            <Time>2010-10-19T21:20:54Z</Time>
            <HeartRateBpm>
              <Value>0</Value>
            </HeartRateBpm>
            <Cadence>85</Cadence>
            <DistanceMeters>4939.05699</DistanceMeters>
            <Extensions>
              <TPX xmlns="http://www.garmin.com/xmlschemas/ActivityExtension/v2">
                <Watts>61</Watts>
              </TPX>
            </Extensions>
          </Trackpoint>
          <Trackpoint>
            <Time>2010-10-19T21:20:55Z</Time>
            <HeartRateBpm>
              <Value>0</Value>
            </HeartRateBpm>
            <Cadence>85</Cadence>
            <DistanceMeters>4941.93664</DistanceMeters>
            <Extensions>
              <TPX xmlns="http://www.garmin.com/xmlschemas/ActivityExtension/v2">
                <Watts>60</Watts>
              </TPX>
            </Extensions>
          </Trackpoint>
          <Trackpoint>
            <Time>2010-10-19T21:20:56Z</Time>
            <HeartRateBpm>
              <Value>0</Value>
            </HeartRateBpm>
            <Cadence>84</Cadence>
            <DistanceMeters>4944.81630</DistanceMeters>
            <Extensions>
              <TPX xmlns="http://www.garmin.com/xmlschemas/ActivityExtension/v2">
                <Watts>59</Watts>
              </TPX>
            </Extensions>
          </Trackpoint>
          <Trackpoint>
            <Time>2010-10-19T21:20:57Z</Time>
            <HeartRateBpm>
              <Value>0</Value>
            </HeartRateBpm>
            <Cadence>84</Cadence>
            <DistanceMeters>4947.71471</DistanceMeters>
            <Extensions>
              <TPX xmlns="http://www.garmin.com/xmlschemas/ActivityExtension/v2">
                <Watts>59</Watts>
              </TPX>
            </Extensions>
          </Trackpoint>
          <Trackpoint>
            <Time>2010-10-19T21:20:58Z</Time>
            <HeartRateBpm>
              <Value>0</Value>
            </HeartRateBpm>
            <Cadence>84</Cadence>
            <DistanceMeters>4950.61538</DistanceMeters>
            <Extensions>
              <TPX xmlns="http://www.garmin.com/xmlschemas/ActivityExtension/v2">
                <Watts>59</Watts>
              </TPX>
            </Extensions>
          </Trackpoint>
          <Trackpoint>
            <Time>2010-10-19T21:20:59Z</Time>
            <HeartRateBpm>
              <Value>0</Value>
            </HeartRateBpm>
            <Cadence>84</Cadence>
            <DistanceMeters>4953.40342</DistanceMeters>
            <Extensions>
              <TPX xmlns="http://www.garmin.com/xmlschemas/ActivityExtension/v2">
                <Watts>57</Watts>
              </TPX>
            </Extensions>
          </Trackpoint>
          <Trackpoint>
            <Time>2010-10-19T21:21:00Z</Time>
            <HeartRateBpm>
              <Value>0</Value>
            </HeartRateBpm>
            <Cadence>84</Cadence>
            <DistanceMeters>4956.15695</DistanceMeters>
            <Extensions>
              <TPX xmlns="http://www.garmin.com/xmlschemas/ActivityExtension/v2">
                <Watts>54</Watts>
              </TPX>
            </Extensions>
          </Trackpoint>
          <Trackpoint>
            <Time>2010-10-19T21:21:01Z</Time>
            <HeartRateBpm>
              <Value>0</Value>
            </HeartRateBpm>
            <Cadence>84</Cadence>
            <DistanceMeters>4958.83933</DistanceMeters>
            <Extensions>
              <TPX xmlns="http://www.garmin.com/xmlschemas/ActivityExtension/v2">
                <Watts>51</Watts>
              </TPX>
            </Extensions>
          </Trackpoint>
          <Trackpoint>
            <Time>2010-10-19T21:21:02Z</Time>
            <HeartRateBpm>
              <Value>0</Value>
            </HeartRateBpm>
            <Cadence>82</Cadence>
            <DistanceMeters>4961.48147</DistanceMeters>
            <Extensions>
              <TPX xmlns="http://www.garmin.com/xmlschemas/ActivityExtension/v2">
                <Watts>49</Watts>
              </TPX>
            </Extensions>
          </Trackpoint>
          <Trackpoint>
            <Time>2010-10-19T21:21:03Z</Time>
            <HeartRateBpm>
              <Value>0</Value>
            </HeartRateBpm>
            <Cadence>82</Cadence>
            <DistanceMeters>4964.23552</DistanceMeters>
            <Extensions>
              <TPX xmlns="http://www.garmin.com/xmlschemas/ActivityExtension/v2">
                <Watts>50</Watts>
              </TPX>
            </Extensions>
          </Trackpoint>
          <Trackpoint>
            <Time>2010-10-19T21:21:04Z</Time>
            <HeartRateBpm>
              <Value>0</Value>
            </HeartRateBpm>
            <Cadence>82</Cadence>
            <DistanceMeters>4967.09626</DistanceMeters>
            <Extensions>
              <TPX xmlns="http://www.garmin.com/xmlschemas/ActivityExtension/v2">
                <Watts>55</Watts>
              </TPX>
            </Extensions>
          </Trackpoint>
          <Trackpoint>
            <Time>2010-10-19T21:21:05Z</Time>
            <HeartRateBpm>
              <Value>0</Value>
            </HeartRateBpm>
            <Cadence>82</Cadence>
            <DistanceMeters>4970.02986</DistanceMeters>
            <Extensions>
              <TPX xmlns="http://www.garmin.com/xmlschemas/ActivityExtension/v2">
                <Watts>59</Watts>
              </TPX>
            </Extensions>
          </Trackpoint>
          <Trackpoint>
            <Time>2010-10-19T21:21:06Z</Time>
            <HeartRateBpm>
              <Value>0</Value>
            </HeartRateBpm>
            <Cadence>83</Cadence>
            <DistanceMeters>4973.07977</DistanceMeters>
            <Extensions>
              <TPX xmlns="http://www.garmin.com/xmlschemas/ActivityExtension/v2">
                <Watts>64</Watts>
              </TPX>
            </Extensions>
          </Trackpoint>
          <Trackpoint>
            <Time>2010-10-19T21:21:07Z</Time>
            <HeartRateBpm>
              <Value>0</Value>
            </HeartRateBpm>
            <Cadence>84</Cadence>
            <DistanceMeters>4975.97925</DistanceMeters>
            <Extensions>
              <TPX xmlns="http://www.garmin.com/xmlschemas/ActivityExtension/v2">
                <Watts>64</Watts>
              </TPX>
            </Extensions>
          </Trackpoint>
          <Trackpoint>
            <Time>2010-10-19T21:21:08Z</Time>
            <HeartRateBpm>
              <Value>0</Value>
            </HeartRateBpm>
            <Cadence>83</Cadence>
            <DistanceMeters>4978.44692</DistanceMeters>
            <Extensions>
              <TPX xmlns="http://www.garmin.com/xmlschemas/ActivityExtension/v2">
                <Watts>52</Watts>
              </TPX>
            </Extensions>
          </Trackpoint>
          <Trackpoint>
            <Time>2010-10-19T21:21:09Z</Time>
            <HeartRateBpm>
              <Value>0</Value>
            </HeartRateBpm>
            <Cadence>82</Cadence>
            <DistanceMeters>4980.93147</DistanceMeters>
            <Extensions>
              <TPX xmlns="http://www.garmin.com/xmlschemas/ActivityExtension/v2">
                <Watts>41</Watts>
              </TPX>
            </Extensions>
          </Trackpoint>
          <Trackpoint>
            <Time>2010-10-19T21:21:10Z</Time>
            <HeartRateBpm>
              <Value>0</Value>
            </HeartRateBpm>
            <Cadence>82</Cadence>
            <DistanceMeters>4983.52736</DistanceMeters>
            <Extensions>
              <TPX xmlns="http://www.garmin.com/xmlschemas/ActivityExtension/v2">
                <Watts>43</Watts>
              </TPX>
            </Extensions>
          </Trackpoint>
          <Trackpoint>
            <Time>2010-10-19T21:21:11Z</Time>
            <HeartRateBpm>
              <Value>0</Value>
            </HeartRateBpm>
            <Cadence>81</Cadence>
            <DistanceMeters>4986.12401</DistanceMeters>
            <Extensions>
              <TPX xmlns="http://www.garmin.com/xmlschemas/ActivityExtension/v2">
                <Watts>46</Watts>
              </TPX>
            </Extensions>
          </Trackpoint>
          <Trackpoint>
            <Time>2010-10-19T21:21:12Z</Time>
            <HeartRateBpm>
              <Value>0</Value>
            </HeartRateBpm>
            <Cadence>81</Cadence>
            <DistanceMeters>4988.87755</DistanceMeters>
            <Extensions>
              <TPX xmlns="http://www.garmin.com/xmlschemas/ActivityExtension/v2">
                <Watts>49</Watts>
              </TPX>
            </Extensions>
          </Trackpoint>
          <Trackpoint>
            <Time>2010-10-19T21:21:13Z</Time>
            <HeartRateBpm>
              <Value>0</Value>
            </HeartRateBpm>
            <Cadence>81</Cadence>
            <DistanceMeters>4991.63108</DistanceMeters>
            <Extensions>
              <TPX xmlns="http://www.garmin.com/xmlschemas/ActivityExtension/v2">
                <Watts>52</Watts>
              </TPX>
            </Extensions>
          </Trackpoint>
          <Trackpoint>
            <Time>2010-10-19T21:21:14Z</Time>
            <HeartRateBpm>
              <Value>0</Value>
            </HeartRateBpm>
            <Cadence>80</Cadence>
            <DistanceMeters>4994.54702</DistanceMeters>
            <Extensions>
              <TPX xmlns="http://www.garmin.com/xmlschemas/ActivityExtension/v2">
                <Watts>56</Watts>
              </TPX>
            </Extensions>
          </Trackpoint>
          <Trackpoint>
            <Time>2010-10-19T21:21:15Z</Time>
            <HeartRateBpm>
              <Value>0</Value>
            </HeartRateBpm>
            <Cadence>80</Cadence>
            <DistanceMeters>4997.48553</DistanceMeters>
            <Extensions>
              <TPX xmlns="http://www.garmin.com/xmlschemas/ActivityExtension/v2">
                <Watts>60</Watts>
              </TPX>
            </Extensions>
          </Trackpoint>
          <Trackpoint>
            <Time>2010-10-19T21:21:16Z</Time>
            <HeartRateBpm>
              <Value>0</Value>
            </HeartRateBpm>
            <Cadence>79</Cadence>
            <DistanceMeters>5000.36562</DistanceMeters>
            <Extensions>
              <TPX xmlns="http://www.garmin.com/xmlschemas/ActivityExtension/v2">
                <Watts>60</Watts>
              </TPX>
            </Extensions>
          </Trackpoint>
          <Trackpoint>
            <Time>2010-10-19T21:21:17Z</Time>
            <HeartRateBpm>
              <Value>0</Value>
            </HeartRateBpm>
            <Cadence>79</Cadence>
            <DistanceMeters>5003.22636</DistanceMeters>
            <Extensions>
              <TPX xmlns="http://www.garmin.com/xmlschemas/ActivityExtension/v2">
                <Watts>58</Watts>
              </TPX>
            </Extensions>
          </Trackpoint>
          <Trackpoint>
            <Time>2010-10-19T21:21:18Z</Time>
            <HeartRateBpm>
              <Value>0</Value>
            </HeartRateBpm>
            <Cadence>79</Cadence>
            <DistanceMeters>5005.93485</DistanceMeters>
            <Extensions>
              <TPX xmlns="http://www.garmin.com/xmlschemas/ActivityExtension/v2">
                <Watts>54</Watts>
              </TPX>
            </Extensions>
          </Trackpoint>
          <Trackpoint>
            <Time>2010-10-19T21:21:19Z</Time>
            <HeartRateBpm>
              <Value>0</Value>
            </HeartRateBpm>
            <Cadence>79</Cadence>
            <DistanceMeters>5008.55176</DistanceMeters>
            <Extensions>
              <TPX xmlns="http://www.garmin.com/xmlschemas/ActivityExtension/v2">
                <Watts>49</Watts>
              </TPX>
            </Extensions>
          </Trackpoint>
          <Trackpoint>
            <Time>2010-10-19T21:21:20Z</Time>
            <HeartRateBpm>
              <Value>0</Value>
            </HeartRateBpm>
            <Cadence>80</Cadence>
            <DistanceMeters>5011.24817</DistanceMeters>
            <Extensions>
              <TPX xmlns="http://www.garmin.com/xmlschemas/ActivityExtension/v2">
                <Watts>48</Watts>
              </TPX>
            </Extensions>
          </Trackpoint>
          <Trackpoint>
            <Time>2010-10-19T21:21:21Z</Time>
            <HeartRateBpm>
              <Value>0</Value>
            </HeartRateBpm>
            <Cadence>80</Cadence>
            <DistanceMeters>5014.02483</DistanceMeters>
            <Extensions>
              <TPX xmlns="http://www.garmin.com/xmlschemas/ActivityExtension/v2">
                <Watts>51</Watts>
              </TPX>
            </Extensions>
          </Trackpoint>
          <Trackpoint>
            <Time>2010-10-19T21:21:22Z</Time>
            <HeartRateBpm>
              <Value>0</Value>
            </HeartRateBpm>
            <Cadence>80</Cadence>
            <DistanceMeters>5016.89658</DistanceMeters>
            <Extensions>
              <TPX xmlns="http://www.garmin.com/xmlschemas/ActivityExtension/v2">
                <Watts>56</Watts>
              </TPX>
            </Extensions>
          </Trackpoint>
          <Trackpoint>
            <Time>2010-10-19T21:21:23Z</Time>
            <HeartRateBpm>
              <Value>0</Value>
            </HeartRateBpm>
            <Cadence>80</Cadence>
            <DistanceMeters>5019.92967</DistanceMeters>
            <Extensions>
              <TPX xmlns="http://www.garmin.com/xmlschemas/ActivityExtension/v2">
                <Watts>62</Watts>
              </TPX>
            </Extensions>
          </Trackpoint>
          <Trackpoint>
            <Time>2010-10-19T21:21:24Z</Time>
            <HeartRateBpm>
              <Value>0</Value>
            </HeartRateBpm>
            <Cadence>81</Cadence>
            <DistanceMeters>5022.95354</DistanceMeters>
            <Extensions>
              <TPX xmlns="http://www.garmin.com/xmlschemas/ActivityExtension/v2">
                <Watts>66</Watts>
              </TPX>
            </Extensions>
          </Trackpoint>
          <Trackpoint>
            <Time>2010-10-19T21:21:25Z</Time>
            <HeartRateBpm>
              <Value>0</Value>
            </HeartRateBpm>
            <Cadence>81</Cadence>
            <DistanceMeters>5025.94880</DistanceMeters>
            <Extensions>
              <TPX xmlns="http://www.garmin.com/xmlschemas/ActivityExtension/v2">
                <Watts>65</Watts>
              </TPX>
            </Extensions>
          </Trackpoint>
          <Trackpoint>
            <Time>2010-10-19T21:21:26Z</Time>
            <HeartRateBpm>
              <Value>0</Value>
            </HeartRateBpm>
            <Cadence>81</Cadence>
            <DistanceMeters>5028.93740</DistanceMeters>
            <Extensions>
              <TPX xmlns="http://www.garmin.com/xmlschemas/ActivityExtension/v2">
                <Watts>64</Watts>
              </TPX>
            </Extensions>
          </Trackpoint>
          <Trackpoint>
            <Time>2010-10-19T21:21:27Z</Time>
            <HeartRateBpm>
              <Value>0</Value>
            </HeartRateBpm>
            <Cadence>82</Cadence>
            <DistanceMeters>5031.87591</DistanceMeters>
            <Extensions>
              <TPX xmlns="http://www.garmin.com/xmlschemas/ActivityExtension/v2">
                <Watts>63</Watts>
              </TPX>
            </Extensions>
          </Trackpoint>
          <Trackpoint>
            <Time>2010-10-19T21:21:28Z</Time>
            <HeartRateBpm>
              <Value>0</Value>
            </HeartRateBpm>
            <Cadence>83</Cadence>
            <DistanceMeters>5034.81442</DistanceMeters>
            <Extensions>
              <TPX xmlns="http://www.garmin.com/xmlschemas/ActivityExtension/v2">
                <Watts>62</Watts>
              </TPX>
            </Extensions>
          </Trackpoint>
          <Trackpoint>
            <Time>2010-10-19T21:21:29Z</Time>
            <HeartRateBpm>
              <Value>0</Value>
            </HeartRateBpm>
            <Cadence>85</Cadence>
            <DistanceMeters>5037.77167</DistanceMeters>
            <Extensions>
              <TPX xmlns="http://www.garmin.com/xmlschemas/ActivityExtension/v2">
                <Watts>62</Watts>
              </TPX>
            </Extensions>
          </Trackpoint>
          <Trackpoint>
            <Time>2010-10-19T21:21:30Z</Time>
            <HeartRateBpm>
              <Value>0</Value>
            </HeartRateBpm>
            <Cadence>87</Cadence>
            <DistanceMeters>5040.72909</DistanceMeters>
            <Extensions>
              <TPX xmlns="http://www.garmin.com/xmlschemas/ActivityExtension/v2">
                <Watts>62</Watts>
              </TPX>
            </Extensions>
          </Trackpoint>
          <Trackpoint>
            <Time>2010-10-19T21:21:31Z</Time>
            <HeartRateBpm>
              <Value>0</Value>
            </HeartRateBpm>
            <Cadence>87</Cadence>
            <DistanceMeters>5043.82811</DistanceMeters>
            <Extensions>
              <TPX xmlns="http://www.garmin.com/xmlschemas/ActivityExtension/v2">
                <Watts>66</Watts>
              </TPX>
            </Extensions>
          </Trackpoint>
          <Trackpoint>
            <Time>2010-10-19T21:21:32Z</Time>
            <HeartRateBpm>
              <Value>0</Value>
            </HeartRateBpm>
            <Cadence>87</Cadence>
            <DistanceMeters>5046.94949</DistanceMeters>
            <Extensions>
              <TPX xmlns="http://www.garmin.com/xmlschemas/ActivityExtension/v2">
                <Watts>70</Watts>
              </TPX>
            </Extensions>
          </Trackpoint>
          <Trackpoint>
            <Time>2010-10-19T21:21:33Z</Time>
            <HeartRateBpm>
              <Value>0</Value>
            </HeartRateBpm>
            <Cadence>87</Cadence>
            <DistanceMeters>5050.08326</DistanceMeters>
            <Extensions>
              <TPX xmlns="http://www.garmin.com/xmlschemas/ActivityExtension/v2">
                <Watts>72</Watts>
              </TPX>
            </Extensions>
          </Trackpoint>
          <Trackpoint>
            <Time>2010-10-19T21:21:34Z</Time>
            <HeartRateBpm>
              <Value>0</Value>
            </HeartRateBpm>
            <Cadence>87</Cadence>
            <DistanceMeters>5053.22145</DistanceMeters>
            <Extensions>
              <TPX xmlns="http://www.garmin.com/xmlschemas/ActivityExtension/v2">
                <Watts>72</Watts>
              </TPX>
            </Extensions>
          </Trackpoint>
          <Trackpoint>
            <Time>2010-10-19T21:21:35Z</Time>
            <HeartRateBpm>
              <Value>0</Value>
            </HeartRateBpm>
            <Cadence>87</Cadence>
            <DistanceMeters>5056.40965</DistanceMeters>
            <Extensions>
              <TPX xmlns="http://www.garmin.com/xmlschemas/ActivityExtension/v2">
                <Watts>74</Watts>
              </TPX>
            </Extensions>
          </Trackpoint>
          <Trackpoint>
            <Time>2010-10-19T21:21:36Z</Time>
            <HeartRateBpm>
              <Value>0</Value>
            </HeartRateBpm>
            <Cadence>87</Cadence>
            <DistanceMeters>5059.62982</DistanceMeters>
            <Extensions>
              <TPX xmlns="http://www.garmin.com/xmlschemas/ActivityExtension/v2">
                <Watts>76</Watts>
              </TPX>
            </Extensions>
          </Trackpoint>
          <Trackpoint>
            <Time>2010-10-19T21:21:37Z</Time>
            <HeartRateBpm>
              <Value>0</Value>
            </HeartRateBpm>
            <Cadence>88</Cadence>
            <DistanceMeters>5062.84288</DistanceMeters>
            <Extensions>
              <TPX xmlns="http://www.garmin.com/xmlschemas/ActivityExtension/v2">
                <Watts>77</Watts>
              </TPX>
            </Extensions>
          </Trackpoint>
          <Trackpoint>
            <Time>2010-10-19T21:21:38Z</Time>
            <HeartRateBpm>
              <Value>0</Value>
            </HeartRateBpm>
            <Cadence>88</Cadence>
            <DistanceMeters>5066.04834</DistanceMeters>
            <Extensions>
              <TPX xmlns="http://www.garmin.com/xmlschemas/ActivityExtension/v2">
                <Watts>77</Watts>
              </TPX>
            </Extensions>
          </Trackpoint>
          <Trackpoint>
            <Time>2010-10-19T21:21:39Z</Time>
            <HeartRateBpm>
              <Value>0</Value>
            </HeartRateBpm>
            <Cadence>88</Cadence>
            <DistanceMeters>5069.14515</DistanceMeters>
            <Extensions>
              <TPX xmlns="http://www.garmin.com/xmlschemas/ActivityExtension/v2">
                <Watts>74</Watts>
              </TPX>
            </Extensions>
          </Trackpoint>
          <Trackpoint>
            <Time>2010-10-19T21:21:40Z</Time>
            <HeartRateBpm>
              <Value>0</Value>
            </HeartRateBpm>
            <Cadence>88</Cadence>
            <DistanceMeters>5072.04582</DistanceMeters>
            <Extensions>
              <TPX xmlns="http://www.garmin.com/xmlschemas/ActivityExtension/v2">
                <Watts>66</Watts>
              </TPX>
            </Extensions>
          </Trackpoint>
          <Trackpoint>
            <Time>2010-10-19T21:21:41Z</Time>
            <HeartRateBpm>
              <Value>0</Value>
            </HeartRateBpm>
            <Cadence>88</Cadence>
            <DistanceMeters>5075.03484</DistanceMeters>
            <Extensions>
              <TPX xmlns="http://www.garmin.com/xmlschemas/ActivityExtension/v2">
                <Watts>62</Watts>
              </TPX>
            </Extensions>
          </Trackpoint>
          <Trackpoint>
            <Time>2010-10-19T21:21:42Z</Time>
            <HeartRateBpm>
              <Value>0</Value>
            </HeartRateBpm>
            <Cadence>88</Cadence>
            <DistanceMeters>5078.32017</DistanceMeters>
            <Extensions>
              <TPX xmlns="http://www.garmin.com/xmlschemas/ActivityExtension/v2">
                <Watts>72</Watts>
              </TPX>
            </Extensions>
          </Trackpoint>
          <Trackpoint>
            <Time>2010-10-19T21:21:43Z</Time>
            <HeartRateBpm>
              <Value>0</Value>
            </HeartRateBpm>
            <Cadence>88</Cadence>
            <DistanceMeters>5081.61501</DistanceMeters>
            <Extensions>
              <TPX xmlns="http://www.garmin.com/xmlschemas/ActivityExtension/v2">
                <Watts>82</Watts>
              </TPX>
            </Extensions>
          </Trackpoint>
          <Trackpoint>
            <Time>2010-10-19T21:21:44Z</Time>
            <HeartRateBpm>
              <Value>0</Value>
            </HeartRateBpm>
            <Cadence>90</Cadence>
            <DistanceMeters>5084.99282</DistanceMeters>
            <Extensions>
              <TPX xmlns="http://www.garmin.com/xmlschemas/ActivityExtension/v2">
                <Watts>85</Watts>
              </TPX>
            </Extensions>
          </Trackpoint>
          <Trackpoint>
            <Time>2010-10-19T21:21:45Z</Time>
            <HeartRateBpm>
              <Value>0</Value>
            </HeartRateBpm>
            <Cadence>92</Cadence>
            <DistanceMeters>5088.37064</DistanceMeters>
            <Extensions>
              <TPX xmlns="http://www.garmin.com/xmlschemas/ActivityExtension/v2">
                <Watts>87</Watts>
              </TPX>
            </Extensions>
          </Trackpoint>
          <Trackpoint>
            <Time>2010-10-19T21:21:46Z</Time>
            <HeartRateBpm>
              <Value>0</Value>
            </HeartRateBpm>
            <Cadence>93</Cadence>
            <DistanceMeters>5091.41198</DistanceMeters>
            <Extensions>
              <TPX xmlns="http://www.garmin.com/xmlschemas/ActivityExtension/v2">
                <Watts>78</Watts>
              </TPX>
            </Extensions>
          </Trackpoint>
          <Trackpoint>
            <Time>2010-10-19T21:21:47Z</Time>
            <HeartRateBpm>
              <Value>0</Value>
            </HeartRateBpm>
            <Cadence>93</Cadence>
            <DistanceMeters>5094.44508</DistanceMeters>
            <Extensions>
              <TPX xmlns="http://www.garmin.com/xmlschemas/ActivityExtension/v2">
                <Watts>68</Watts>
              </TPX>
            </Extensions>
          </Trackpoint>
          <Trackpoint>
            <Time>2010-10-19T21:21:48Z</Time>
            <HeartRateBpm>
              <Value>0</Value>
            </HeartRateBpm>
            <Cadence>94</Cadence>
            <DistanceMeters>5097.55315</DistanceMeters>
            <Extensions>
              <TPX xmlns="http://www.garmin.com/xmlschemas/ActivityExtension/v2">
                <Watts>68</Watts>
              </TPX>
            </Extensions>
          </Trackpoint>
          <Trackpoint>
            <Time>2010-10-19T21:21:49Z</Time>
            <HeartRateBpm>
              <Value>0</Value>
            </HeartRateBpm>
            <Cadence>94</Cadence>
            <DistanceMeters>5100.67452</DistanceMeters>
            <Extensions>
              <TPX xmlns="http://www.garmin.com/xmlschemas/ActivityExtension/v2">
                <Watts>71</Watts>
              </TPX>
            </Extensions>
          </Trackpoint>
          <Trackpoint>
            <Time>2010-10-19T21:21:50Z</Time>
            <HeartRateBpm>
              <Value>0</Value>
            </HeartRateBpm>
            <Cadence>93</Cadence>
            <DistanceMeters>5103.71845</DistanceMeters>
            <Extensions>
              <TPX xmlns="http://www.garmin.com/xmlschemas/ActivityExtension/v2">
                <Watts>69</Watts>
              </TPX>
            </Extensions>
          </Trackpoint>
          <Trackpoint>
            <Time>2010-10-19T21:21:51Z</Time>
            <HeartRateBpm>
              <Value>0</Value>
            </HeartRateBpm>
            <Cadence>93</Cadence>
            <DistanceMeters>5106.73263</DistanceMeters>
            <Extensions>
              <TPX xmlns="http://www.garmin.com/xmlschemas/ActivityExtension/v2">
                <Watts>67</Watts>
              </TPX>
            </Extensions>
          </Trackpoint>
          <Trackpoint>
            <Time>2010-10-19T21:21:52Z</Time>
            <HeartRateBpm>
              <Value>0</Value>
            </HeartRateBpm>
            <Cadence>92</Cadence>
            <DistanceMeters>5109.67920</DistanceMeters>
            <Extensions>
              <TPX xmlns="http://www.garmin.com/xmlschemas/ActivityExtension/v2">
                <Watts>64</Watts>
              </TPX>
            </Extensions>
          </Trackpoint>
          <Trackpoint>
            <Time>2010-10-19T21:21:53Z</Time>
            <HeartRateBpm>
              <Value>0</Value>
            </HeartRateBpm>
            <Cadence>92</Cadence>
            <DistanceMeters>5112.57987</DistanceMeters>
            <Extensions>
              <TPX xmlns="http://www.garmin.com/xmlschemas/ActivityExtension/v2">
                <Watts>61</Watts>
              </TPX>
            </Extensions>
          </Trackpoint>
          <Trackpoint>
            <Time>2010-10-19T21:21:54Z</Time>
            <HeartRateBpm>
              <Value>0</Value>
            </HeartRateBpm>
            <Cadence>91</Cadence>
            <DistanceMeters>5115.44210</DistanceMeters>
            <Extensions>
              <TPX xmlns="http://www.garmin.com/xmlschemas/ActivityExtension/v2">
                <Watts>59</Watts>
              </TPX>
            </Extensions>
          </Trackpoint>
          <Trackpoint>
            <Time>2010-10-19T21:21:55Z</Time>
            <HeartRateBpm>
              <Value>0</Value>
            </HeartRateBpm>
            <Cadence>90</Cadence>
            <DistanceMeters>5118.26080</DistanceMeters>
            <Extensions>
              <TPX xmlns="http://www.garmin.com/xmlschemas/ActivityExtension/v2">
                <Watts>57</Watts>
              </TPX>
            </Extensions>
          </Trackpoint>
          <Trackpoint>
            <Time>2010-10-19T21:21:56Z</Time>
            <HeartRateBpm>
              <Value>0</Value>
            </HeartRateBpm>
            <Cadence>90</Cadence>
            <DistanceMeters>5121.20031</DistanceMeters>
            <Extensions>
              <TPX xmlns="http://www.garmin.com/xmlschemas/ActivityExtension/v2">
                <Watts>59</Watts>
              </TPX>
            </Extensions>
          </Trackpoint>
          <Trackpoint>
            <Time>2010-10-19T21:21:57Z</Time>
            <HeartRateBpm>
              <Value>0</Value>
            </HeartRateBpm>
            <Cadence>90</Cadence>
            <DistanceMeters>5124.37213</DistanceMeters>
            <Extensions>
              <TPX xmlns="http://www.garmin.com/xmlschemas/ActivityExtension/v2">
                <Watts>67</Watts>
              </TPX>
            </Extensions>
          </Trackpoint>
          <Trackpoint>
            <Time>2010-10-19T21:21:58Z</Time>
            <HeartRateBpm>
              <Value>0</Value>
            </HeartRateBpm>
            <Cadence>91</Cadence>
            <DistanceMeters>5127.54396</DistanceMeters>
            <Extensions>
              <TPX xmlns="http://www.garmin.com/xmlschemas/ActivityExtension/v2">
                <Watts>75</Watts>
              </TPX>
            </Extensions>
          </Trackpoint>
          <Trackpoint>
            <Time>2010-10-19T21:21:59Z</Time>
            <HeartRateBpm>
              <Value>0</Value>
            </HeartRateBpm>
            <Cadence>91</Cadence>
            <DistanceMeters>5130.71578</DistanceMeters>
            <Extensions>
              <TPX xmlns="http://www.garmin.com/xmlschemas/ActivityExtension/v2">
                <Watts>75</Watts>
              </TPX>
            </Extensions>
          </Trackpoint>
          <Trackpoint>
            <Time>2010-10-19T21:22:00Z</Time>
            <HeartRateBpm>
              <Value>0</Value>
            </HeartRateBpm>
            <Cadence>90</Cadence>
            <DistanceMeters>5133.87365</DistanceMeters>
            <Extensions>
              <TPX xmlns="http://www.garmin.com/xmlschemas/ActivityExtension/v2">
                <Watts>74</Watts>
              </TPX>
            </Extensions>
          </Trackpoint>
          <Trackpoint>
            <Time>2010-10-19T21:22:01Z</Time>
            <HeartRateBpm>
              <Value>0</Value>
            </HeartRateBpm>
            <Cadence>89</Cadence>
            <DistanceMeters>5136.88783</DistanceMeters>
            <Extensions>
              <TPX xmlns="http://www.garmin.com/xmlschemas/ActivityExtension/v2">
                <Watts>70</Watts>
              </TPX>
            </Extensions>
          </Trackpoint>
          <Trackpoint>
            <Time>2010-10-19T21:22:02Z</Time>
            <HeartRateBpm>
              <Value>0</Value>
            </HeartRateBpm>
            <Cadence>89</Cadence>
            <DistanceMeters>5139.90201</DistanceMeters>
            <Extensions>
              <TPX xmlns="http://www.garmin.com/xmlschemas/ActivityExtension/v2">
                <Watts>66</Watts>
              </TPX>
            </Extensions>
          </Trackpoint>
          <Trackpoint>
            <Time>2010-10-19T21:22:03Z</Time>
            <HeartRateBpm>
              <Value>0</Value>
            </HeartRateBpm>
            <Cadence>88</Cadence>
            <DistanceMeters>5142.70797</DistanceMeters>
            <Extensions>
              <TPX xmlns="http://www.garmin.com/xmlschemas/ActivityExtension/v2">
                <Watts>61</Watts>
              </TPX>
            </Extensions>
          </Trackpoint>
          <Trackpoint>
            <Time>2010-10-19T21:22:04Z</Time>
            <HeartRateBpm>
              <Value>0</Value>
            </HeartRateBpm>
            <Cadence>88</Cadence>
            <DistanceMeters>5145.50565</DistanceMeters>
            <Extensions>
              <TPX xmlns="http://www.garmin.com/xmlschemas/ActivityExtension/v2">
                <Watts>55</Watts>
              </TPX>
            </Extensions>
          </Trackpoint>
          <Trackpoint>
            <Time>2010-10-19T21:22:05Z</Time>
            <HeartRateBpm>
              <Value>0</Value>
            </HeartRateBpm>
            <Cadence>86</Cadence>
            <DistanceMeters>5148.46830</DistanceMeters>
            <Extensions>
              <TPX xmlns="http://www.garmin.com/xmlschemas/ActivityExtension/v2">
                <Watts>58</Watts>
              </TPX>
            </Extensions>
          </Trackpoint>
          <Trackpoint>
            <Time>2010-10-19T21:22:06Z</Time>
            <HeartRateBpm>
              <Value>0</Value>
            </HeartRateBpm>
            <Cadence>85</Cadence>
            <DistanceMeters>5151.46356</DistanceMeters>
            <Extensions>
              <TPX xmlns="http://www.garmin.com/xmlschemas/ActivityExtension/v2">
                <Watts>63</Watts>
              </TPX>
            </Extensions>
          </Trackpoint>
          <Trackpoint>
            <Time>2010-10-19T21:22:07Z</Time>
            <HeartRateBpm>
              <Value>0</Value>
            </HeartRateBpm>
            <Cadence>84</Cadence>
            <DistanceMeters>5154.49752</DistanceMeters>
            <Extensions>
              <TPX xmlns="http://www.garmin.com/xmlschemas/ActivityExtension/v2">
                <Watts>65</Watts>
              </TPX>
            </Extensions>
          </Trackpoint>
          <Trackpoint>
            <Time>2010-10-19T21:22:08Z</Time>
            <HeartRateBpm>
              <Value>0</Value>
            </HeartRateBpm>
            <Cadence>83</Cadence>
            <DistanceMeters>5157.54743</DistanceMeters>
            <Extensions>
              <TPX xmlns="http://www.garmin.com/xmlschemas/ActivityExtension/v2">
                <Watts>67</Watts>
              </TPX>
            </Extensions>
          </Trackpoint>
          <Trackpoint>
            <Time>2010-10-19T21:22:09Z</Time>
            <HeartRateBpm>
              <Value>0</Value>
            </HeartRateBpm>
            <Cadence>83</Cadence>
            <DistanceMeters>5161.00303</DistanceMeters>
            <Extensions>
              <TPX xmlns="http://www.garmin.com/xmlschemas/ActivityExtension/v2">
                <Watts>80</Watts>
              </TPX>
            </Extensions>
          </Trackpoint>
          <Trackpoint>
            <Time>2010-10-19T21:22:10Z</Time>
            <HeartRateBpm>
              <Value>0</Value>
            </HeartRateBpm>
            <Cadence>83</Cadence>
            <DistanceMeters>5164.75078</DistanceMeters>
            <Extensions>
              <TPX xmlns="http://www.garmin.com/xmlschemas/ActivityExtension/v2">
                <Watts>102</Watts>
              </TPX>
            </Extensions>
          </Trackpoint>
          <Trackpoint>
            <Time>2010-10-19T21:22:11Z</Time>
            <HeartRateBpm>
              <Value>0</Value>
            </HeartRateBpm>
            <Cadence>84</Cadence>
            <DistanceMeters>5168.43357</DistanceMeters>
            <Extensions>
              <TPX xmlns="http://www.garmin.com/xmlschemas/ActivityExtension/v2">
                <Watts>112</Watts>
              </TPX>
            </Extensions>
          </Trackpoint>
          <Trackpoint>
            <Time>2010-10-19T21:22:12Z</Time>
            <HeartRateBpm>
              <Value>0</Value>
            </HeartRateBpm>
            <Cadence>84</Cadence>
            <DistanceMeters>5172.03839</DistanceMeters>
            <Extensions>
              <TPX xmlns="http://www.garmin.com/xmlschemas/ActivityExtension/v2">
                <Watts>107</Watts>
              </TPX>
            </Extensions>
          </Trackpoint>
          <Trackpoint>
            <Time>2010-10-19T21:22:13Z</Time>
            <HeartRateBpm>
              <Value>0</Value>
            </HeartRateBpm>
            <Cadence>84</Cadence>
            <DistanceMeters>5175.50130</DistanceMeters>
            <Extensions>
              <TPX xmlns="http://www.garmin.com/xmlschemas/ActivityExtension/v2">
                <Watts>99</Watts>
              </TPX>
            </Extensions>
          </Trackpoint>
          <Trackpoint>
            <Time>2010-10-19T21:22:14Z</Time>
            <HeartRateBpm>
              <Value>0</Value>
            </HeartRateBpm>
            <Cadence>84</Cadence>
            <DistanceMeters>5178.67312</DistanceMeters>
            <Extensions>
              <TPX xmlns="http://www.garmin.com/xmlschemas/ActivityExtension/v2">
                <Watts>85</Watts>
              </TPX>
            </Extensions>
          </Trackpoint>
          <Trackpoint>
            <Time>2010-10-19T21:22:15Z</Time>
            <HeartRateBpm>
              <Value>0</Value>
            </HeartRateBpm>
            <Cadence>84</Cadence>
            <DistanceMeters>5181.82045</DistanceMeters>
            <Extensions>
              <TPX xmlns="http://www.garmin.com/xmlschemas/ActivityExtension/v2">
                <Watts>74</Watts>
              </TPX>
            </Extensions>
          </Trackpoint>
          <Trackpoint>
            <Time>2010-10-19T21:22:16Z</Time>
            <HeartRateBpm>
              <Value>0</Value>
            </HeartRateBpm>
            <Cadence>84</Cadence>
            <DistanceMeters>5184.87036</DistanceMeters>
            <Extensions>
              <TPX xmlns="http://www.garmin.com/xmlschemas/ActivityExtension/v2">
                <Watts>71</Watts>
              </TPX>
            </Extensions>
          </Trackpoint>
          <Trackpoint>
            <Time>2010-10-19T21:22:17Z</Time>
            <HeartRateBpm>
              <Value>0</Value>
            </HeartRateBpm>
            <Cadence>84</Cadence>
            <DistanceMeters>5187.92557</DistanceMeters>
            <Extensions>
              <TPX xmlns="http://www.garmin.com/xmlschemas/ActivityExtension/v2">
                <Watts>68</Watts>
              </TPX>
            </Extensions>
          </Trackpoint>
          <Trackpoint>
            <Time>2010-10-19T21:22:18Z</Time>
            <HeartRateBpm>
              <Value>0</Value>
            </HeartRateBpm>
            <Cadence>84</Cadence>
            <DistanceMeters>5191.04695</DistanceMeters>
            <Extensions>
              <TPX xmlns="http://www.garmin.com/xmlschemas/ActivityExtension/v2">
                <Watts>70</Watts>
              </TPX>
            </Extensions>
          </Trackpoint>
          <Trackpoint>
            <Time>2010-10-19T21:22:19Z</Time>
            <HeartRateBpm>
              <Value>0</Value>
            </HeartRateBpm>
            <Cadence>84</Cadence>
            <DistanceMeters>5194.16832</DistanceMeters>
            <Extensions>
              <TPX xmlns="http://www.garmin.com/xmlschemas/ActivityExtension/v2">
                <Watts>71</Watts>
              </TPX>
            </Extensions>
          </Trackpoint>
          <Trackpoint>
            <Time>2010-10-19T21:22:20Z</Time>
            <HeartRateBpm>
              <Value>0</Value>
            </HeartRateBpm>
            <Cadence>83</Cadence>
            <DistanceMeters>5197.25585</DistanceMeters>
            <Extensions>
              <TPX xmlns="http://www.garmin.com/xmlschemas/ActivityExtension/v2">
                <Watts>71</Watts>
              </TPX>
            </Extensions>
          </Trackpoint>
          <Trackpoint>
            <Time>2010-10-19T21:22:21Z</Time>
            <HeartRateBpm>
              <Value>0</Value>
            </HeartRateBpm>
            <Cadence>82</Cadence>
            <DistanceMeters>5200.34149</DistanceMeters>
            <Extensions>
              <TPX xmlns="http://www.garmin.com/xmlschemas/ActivityExtension/v2">
                <Watts>70</Watts>
              </TPX>
            </Extensions>
          </Trackpoint>
          <Trackpoint>
            <Time>2010-10-19T21:22:22Z</Time>
            <HeartRateBpm>
              <Value>0</Value>
            </HeartRateBpm>
            <Cadence>81</Cadence>
            <DistanceMeters>5203.52545</DistanceMeters>
            <Extensions>
              <TPX xmlns="http://www.garmin.com/xmlschemas/ActivityExtension/v2">
                <Watts>72</Watts>
              </TPX>
            </Extensions>
          </Trackpoint>
          <Trackpoint>
            <Time>2010-10-19T21:22:23Z</Time>
            <HeartRateBpm>
              <Value>0</Value>
            </HeartRateBpm>
            <Cadence>81</Cadence>
            <DistanceMeters>5206.73091</DistanceMeters>
            <Extensions>
              <TPX xmlns="http://www.garmin.com/xmlschemas/ActivityExtension/v2">
                <Watts>75</Watts>
              </TPX>
            </Extensions>
          </Trackpoint>
          <Trackpoint>
            <Time>2010-10-19T21:22:24Z</Time>
            <HeartRateBpm>
              <Value>0</Value>
            </HeartRateBpm>
            <Cadence>81</Cadence>
            <DistanceMeters>5209.92469</DistanceMeters>
            <Extensions>
              <TPX xmlns="http://www.garmin.com/xmlschemas/ActivityExtension/v2">
                <Watts>76</Watts>
              </TPX>
            </Extensions>
          </Trackpoint>
          <Trackpoint>
            <Time>2010-10-19T21:22:25Z</Time>
            <HeartRateBpm>
              <Value>0</Value>
            </HeartRateBpm>
            <Cadence>81</Cadence>
            <DistanceMeters>5213.11333</DistanceMeters>
            <Extensions>
              <TPX xmlns="http://www.garmin.com/xmlschemas/ActivityExtension/v2">
                <Watts>76</Watts>
              </TPX>
            </Extensions>
          </Trackpoint>
          <Trackpoint>
            <Time>2010-10-19T21:22:26Z</Time>
            <HeartRateBpm>
              <Value>0</Value>
            </HeartRateBpm>
            <Cadence>81</Cadence>
            <DistanceMeters>5216.19233</DistanceMeters>
            <Extensions>
              <TPX xmlns="http://www.garmin.com/xmlschemas/ActivityExtension/v2">
                <Watts>73</Watts>
              </TPX>
            </Extensions>
          </Trackpoint>
          <Trackpoint>
            <Time>2010-10-19T21:22:27Z</Time>
            <HeartRateBpm>
              <Value>0</Value>
            </HeartRateBpm>
            <Cadence>81</Cadence>
            <DistanceMeters>5219.18759</DistanceMeters>
            <Extensions>
              <TPX xmlns="http://www.garmin.com/xmlschemas/ActivityExtension/v2">
                <Watts>67</Watts>
              </TPX>
            </Extensions>
          </Trackpoint>
          <Trackpoint>
            <Time>2010-10-19T21:22:28Z</Time>
            <HeartRateBpm>
              <Value>0</Value>
            </HeartRateBpm>
            <Cadence>80</Cadence>
            <DistanceMeters>5222.25317</DistanceMeters>
            <Extensions>
              <TPX xmlns="http://www.garmin.com/xmlschemas/ActivityExtension/v2">
                <Watts>66</Watts>
              </TPX>
            </Extensions>
          </Trackpoint>
          <Trackpoint>
            <Time>2010-10-19T21:22:29Z</Time>
            <HeartRateBpm>
              <Value>0</Value>
            </HeartRateBpm>
            <Cadence>80</Cadence>
            <DistanceMeters>5225.40818</DistanceMeters>
            <Extensions>
              <TPX xmlns="http://www.garmin.com/xmlschemas/ActivityExtension/v2">
                <Watts>71</Watts>
              </TPX>
            </Extensions>
          </Trackpoint>
          <Trackpoint>
            <Time>2010-10-19T21:22:30Z</Time>
            <HeartRateBpm>
              <Value>0</Value>
            </HeartRateBpm>
            <Cadence>80</Cadence>
            <DistanceMeters>5228.58361</DistanceMeters>
            <Extensions>
              <TPX xmlns="http://www.garmin.com/xmlschemas/ActivityExtension/v2">
                <Watts>74</Watts>
              </TPX>
            </Extensions>
          </Trackpoint>
          <Trackpoint>
            <Time>2010-10-19T21:22:31Z</Time>
            <HeartRateBpm>
              <Value>0</Value>
            </HeartRateBpm>
            <Cadence>80</Cadence>
            <DistanceMeters>5231.80378</DistanceMeters>
            <Extensions>
              <TPX xmlns="http://www.garmin.com/xmlschemas/ActivityExtension/v2">
                <Watts>76</Watts>
              </TPX>
            </Extensions>
          </Trackpoint>
          <Trackpoint>
            <Time>2010-10-19T21:22:32Z</Time>
            <HeartRateBpm>
              <Value>0</Value>
            </HeartRateBpm>
            <Cadence>80</Cadence>
            <DistanceMeters>5235.04748</DistanceMeters>
            <Extensions>
              <TPX xmlns="http://www.garmin.com/xmlschemas/ActivityExtension/v2">
                <Watts>78</Watts>
              </TPX>
            </Extensions>
          </Trackpoint>
          <Trackpoint>
            <Time>2010-10-19T21:22:33Z</Time>
            <HeartRateBpm>
              <Value>0</Value>
            </HeartRateBpm>
            <Cadence>80</Cadence>
            <DistanceMeters>5238.39376</DistanceMeters>
            <Extensions>
              <TPX xmlns="http://www.garmin.com/xmlschemas/ActivityExtension/v2">
                <Watts>82</Watts>
              </TPX>
            </Extensions>
          </Trackpoint>
          <Trackpoint>
            <Time>2010-10-19T21:22:34Z</Time>
            <HeartRateBpm>
              <Value>0</Value>
            </HeartRateBpm>
            <Cadence>80</Cadence>
            <DistanceMeters>5241.73640</DistanceMeters>
            <Extensions>
              <TPX xmlns="http://www.garmin.com/xmlschemas/ActivityExtension/v2">
                <Watts>85</Watts>
              </TPX>
            </Extensions>
          </Trackpoint>
          <Trackpoint>
            <Time>2010-10-19T21:22:35Z</Time>
            <HeartRateBpm>
              <Value>0</Value>
            </HeartRateBpm>
            <Cadence>80</Cadence>
            <DistanceMeters>5245.02173</DistanceMeters>
            <Extensions>
              <TPX xmlns="http://www.garmin.com/xmlschemas/ActivityExtension/v2">
                <Watts>84</Watts>
              </TPX>
            </Extensions>
          </Trackpoint>
          <Trackpoint>
            <Time>2010-10-19T21:22:36Z</Time>
            <HeartRateBpm>
              <Value>0</Value>
            </HeartRateBpm>
            <Cadence>80</Cadence>
            <DistanceMeters>5248.30706</DistanceMeters>
            <Extensions>
              <TPX xmlns="http://www.garmin.com/xmlschemas/ActivityExtension/v2">
                <Watts>82</Watts>
              </TPX>
            </Extensions>
          </Trackpoint>
          <Trackpoint>
            <Time>2010-10-19T21:22:37Z</Time>
            <HeartRateBpm>
              <Value>0</Value>
            </HeartRateBpm>
            <Cadence>81</Cadence>
            <DistanceMeters>5251.59239</DistanceMeters>
            <Extensions>
              <TPX xmlns="http://www.garmin.com/xmlschemas/ActivityExtension/v2">
                <Watts>82</Watts>
              </TPX>
            </Extensions>
          </Trackpoint>
          <Trackpoint>
            <Time>2010-10-19T21:22:38Z</Time>
            <HeartRateBpm>
              <Value>0</Value>
            </HeartRateBpm>
            <Cadence>81</Cadence>
            <DistanceMeters>5254.87772</DistanceMeters>
            <Extensions>
              <TPX xmlns="http://www.garmin.com/xmlschemas/ActivityExtension/v2">
                <Watts>82</Watts>
              </TPX>
            </Extensions>
          </Trackpoint>
          <Trackpoint>
            <Time>2010-10-19T21:22:39Z</Time>
            <HeartRateBpm>
              <Value>0</Value>
            </HeartRateBpm>
            <Cadence>81</Cadence>
            <DistanceMeters>5258.07154</DistanceMeters>
            <Extensions>
              <TPX xmlns="http://www.garmin.com/xmlschemas/ActivityExtension/v2">
                <Watts>79</Watts>
              </TPX>
            </Extensions>
          </Trackpoint>
          <Trackpoint>
            <Time>2010-10-19T21:22:40Z</Time>
            <HeartRateBpm>
              <Value>0</Value>
            </HeartRateBpm>
            <Cadence>81</Cadence>
            <DistanceMeters>5261.24336</DistanceMeters>
            <Extensions>
              <TPX xmlns="http://www.garmin.com/xmlschemas/ActivityExtension/v2">
                <Watts>76</Watts>
              </TPX>
            </Extensions>
          </Trackpoint>
          <Trackpoint>
            <Time>2010-10-19T21:22:41Z</Time>
            <HeartRateBpm>
              <Value>0</Value>
            </HeartRateBpm>
            <Cadence>81</Cadence>
            <DistanceMeters>5264.62512</DistanceMeters>
            <Extensions>
              <TPX xmlns="http://www.garmin.com/xmlschemas/ActivityExtension/v2">
                <Watts>81</Watts>
              </TPX>
            </Extensions>
          </Trackpoint>
          <Trackpoint>
            <Time>2010-10-19T21:22:42Z</Time>
            <HeartRateBpm>
              <Value>0</Value>
            </HeartRateBpm>
            <Cadence>81</Cadence>
            <DistanceMeters>5268.10593</DistanceMeters>
            <Extensions>
              <TPX xmlns="http://www.garmin.com/xmlschemas/ActivityExtension/v2">
                <Watts>90</Watts>
              </TPX>
            </Extensions>
          </Trackpoint>
          <Trackpoint>
            <Time>2010-10-19T21:22:43Z</Time>
            <HeartRateBpm>
              <Value>0</Value>
            </HeartRateBpm>
            <Cadence>82</Cadence>
            <DistanceMeters>5271.58673</DistanceMeters>
            <Extensions>
              <TPX xmlns="http://www.garmin.com/xmlschemas/ActivityExtension/v2">
                <Watts>95</Watts>
              </TPX>
            </Extensions>
          </Trackpoint>
          <Trackpoint>
            <Time>2010-10-19T21:22:44Z</Time>
            <HeartRateBpm>
              <Value>0</Value>
            </HeartRateBpm>
            <Cadence>82</Cadence>
            <DistanceMeters>5275.06754</DistanceMeters>
            <Extensions>
              <TPX xmlns="http://www.garmin.com/xmlschemas/ActivityExtension/v2">
                <Watts>95</Watts>
              </TPX>
            </Extensions>
          </Trackpoint>
          <Trackpoint>
            <Time>2010-10-19T21:22:45Z</Time>
            <HeartRateBpm>
              <Value>0</Value>
            </HeartRateBpm>
            <Cadence>82</Cadence>
            <DistanceMeters>5278.49823</DistanceMeters>
            <Extensions>
              <TPX xmlns="http://www.garmin.com/xmlschemas/ActivityExtension/v2">
                <Watts>93</Watts>
              </TPX>
            </Extensions>
          </Trackpoint>
          <Trackpoint>
            <Time>2010-10-19T21:22:46Z</Time>
            <HeartRateBpm>
              <Value>0</Value>
            </HeartRateBpm>
            <Cadence>82</Cadence>
            <DistanceMeters>5281.86133</DistanceMeters>
            <Extensions>
              <TPX xmlns="http://www.garmin.com/xmlschemas/ActivityExtension/v2">
                <Watts>89</Watts>
              </TPX>
            </Extensions>
          </Trackpoint>
          <Trackpoint>
            <Time>2010-10-19T21:22:47Z</Time>
            <HeartRateBpm>
              <Value>0</Value>
            </HeartRateBpm>
            <Cadence>82</Cadence>
            <DistanceMeters>5285.21500</DistanceMeters>
            <Extensions>
              <TPX xmlns="http://www.garmin.com/xmlschemas/ActivityExtension/v2">
                <Watts>86</Watts>
              </TPX>
            </Extensions>
          </Trackpoint>
          <Trackpoint>
            <Time>2010-10-19T21:22:48Z</Time>
            <HeartRateBpm>
              <Value>0</Value>
            </HeartRateBpm>
            <Cadence>82</Cadence>
            <DistanceMeters>5288.54657</DistanceMeters>
            <Extensions>
              <TPX xmlns="http://www.garmin.com/xmlschemas/ActivityExtension/v2">
                <Watts>85</Watts>
              </TPX>
            </Extensions>
          </Trackpoint>
          <Trackpoint>
            <Time>2010-10-19T21:22:49Z</Time>
            <HeartRateBpm>
              <Value>0</Value>
            </HeartRateBpm>
            <Cadence>82</Cadence>
            <DistanceMeters>5291.87814</DistanceMeters>
            <Extensions>
              <TPX xmlns="http://www.garmin.com/xmlschemas/ActivityExtension/v2">
                <Watts>85</Watts>
              </TPX>
            </Extensions>
          </Trackpoint>
          <Trackpoint>
            <Time>2010-10-19T21:22:50Z</Time>
            <HeartRateBpm>
              <Value>0</Value>
            </HeartRateBpm>
            <Cadence>82</Cadence>
            <DistanceMeters>5295.20971</DistanceMeters>
            <Extensions>
              <TPX xmlns="http://www.garmin.com/xmlschemas/ActivityExtension/v2">
                <Watts>85</Watts>
              </TPX>
            </Extensions>
          </Trackpoint>
          <Trackpoint>
            <Time>2010-10-19T21:22:51Z</Time>
            <HeartRateBpm>
              <Value>0</Value>
            </HeartRateBpm>
            <Cadence>82</Cadence>
            <DistanceMeters>5298.53402</DistanceMeters>
            <Extensions>
              <TPX xmlns="http://www.garmin.com/xmlschemas/ActivityExtension/v2">
                <Watts>84</Watts>
              </TPX>
            </Extensions>
          </Trackpoint>
          <Trackpoint>
            <Time>2010-10-19T21:22:52Z</Time>
            <HeartRateBpm>
              <Value>0</Value>
            </HeartRateBpm>
            <Cadence>82</Cadence>
            <DistanceMeters>5301.70585</DistanceMeters>
            <Extensions>
              <TPX xmlns="http://www.garmin.com/xmlschemas/ActivityExtension/v2">
                <Watts>80</Watts>
              </TPX>
            </Extensions>
          </Trackpoint>
          <Trackpoint>
            <Time>2010-10-19T21:22:53Z</Time>
            <HeartRateBpm>
              <Value>0</Value>
            </HeartRateBpm>
            <Cadence>82</Cadence>
            <DistanceMeters>5304.87767</DistanceMeters>
            <Extensions>
              <TPX xmlns="http://www.garmin.com/xmlschemas/ActivityExtension/v2">
                <Watts>75</Watts>
              </TPX>
            </Extensions>
          </Trackpoint>
          <Trackpoint>
            <Time>2010-10-19T21:22:54Z</Time>
            <HeartRateBpm>
              <Value>0</Value>
            </HeartRateBpm>
            <Cadence>81</Cadence>
            <DistanceMeters>5308.18273</DistanceMeters>
            <Extensions>
              <TPX xmlns="http://www.garmin.com/xmlschemas/ActivityExtension/v2">
                <Watts>78</Watts>
              </TPX>
            </Extensions>
          </Trackpoint>
          <Trackpoint>
            <Time>2010-10-19T21:22:55Z</Time>
            <HeartRateBpm>
              <Value>0</Value>
            </HeartRateBpm>
            <Cadence>81</Cadence>
            <DistanceMeters>5311.49959</DistanceMeters>
            <Extensions>
              <TPX xmlns="http://www.garmin.com/xmlschemas/ActivityExtension/v2">
                <Watts>83</Watts>
              </TPX>
            </Extensions>
          </Trackpoint>
          <Trackpoint>
            <Time>2010-10-19T21:22:56Z</Time>
            <HeartRateBpm>
              <Value>0</Value>
            </HeartRateBpm>
            <Cadence>82</Cadence>
            <DistanceMeters>5315.02284</DistanceMeters>
            <Extensions>
              <TPX xmlns="http://www.garmin.com/xmlschemas/ActivityExtension/v2">
                <Watts>90</Watts>
              </TPX>
            </Extensions>
          </Trackpoint>
          <Trackpoint>
            <Time>2010-10-19T21:22:57Z</Time>
            <HeartRateBpm>
              <Value>0</Value>
            </HeartRateBpm>
            <Cadence>83</Cadence>
            <DistanceMeters>5318.60034</DistanceMeters>
            <Extensions>
              <TPX xmlns="http://www.garmin.com/xmlschemas/ActivityExtension/v2">
                <Watts>99</Watts>
              </TPX>
            </Extensions>
          </Trackpoint>
          <Trackpoint>
            <Time>2010-10-19T21:22:58Z</Time>
            <HeartRateBpm>
              <Value>0</Value>
            </HeartRateBpm>
            <Cadence>84</Cadence>
            <DistanceMeters>5322.04503</DistanceMeters>
            <Extensions>
              <TPX xmlns="http://www.garmin.com/xmlschemas/ActivityExtension/v2">
                <Watts>97</Watts>
              </TPX>
            </Extensions>
          </Trackpoint>
          <Trackpoint>
            <Time>2010-10-19T21:22:59Z</Time>
            <HeartRateBpm>
              <Value>0</Value>
            </HeartRateBpm>
            <Cadence>84</Cadence>
            <DistanceMeters>5325.42284</DistanceMeters>
            <Extensions>
              <TPX xmlns="http://www.garmin.com/xmlschemas/ActivityExtension/v2">
                <Watts>91</Watts>
              </TPX>
            </Extensions>
          </Trackpoint>
          <Trackpoint>
            <Time>2010-10-19T21:23:00Z</Time>
            <HeartRateBpm>
              <Value>0</Value>
            </HeartRateBpm>
            <Cadence>85</Cadence>
            <DistanceMeters>5328.86402</DistanceMeters>
            <Extensions>
              <TPX xmlns="http://www.garmin.com/xmlschemas/ActivityExtension/v2">
                <Watts>90</Watts>
              </TPX>
            </Extensions>
          </Trackpoint>
          <Trackpoint>
            <Time>2010-10-19T21:23:01Z</Time>
            <HeartRateBpm>
              <Value>0</Value>
            </HeartRateBpm>
            <Cadence>85</Cadence>
            <DistanceMeters>5332.35954</DistanceMeters>
            <Extensions>
              <TPX xmlns="http://www.garmin.com/xmlschemas/ActivityExtension/v2">
                <Watts>93</Watts>
              </TPX>
            </Extensions>
          </Trackpoint>
          <Trackpoint>
            <Time>2010-10-19T21:23:02Z</Time>
            <HeartRateBpm>
              <Value>0</Value>
            </HeartRateBpm>
            <Cadence>85</Cadence>
            <DistanceMeters>5335.85506</DistanceMeters>
            <Extensions>
              <TPX xmlns="http://www.garmin.com/xmlschemas/ActivityExtension/v2">
                <Watts>96</Watts>
              </TPX>
            </Extensions>
          </Trackpoint>
          <Trackpoint>
            <Time>2010-10-19T21:23:03Z</Time>
            <HeartRateBpm>
              <Value>0</Value>
            </HeartRateBpm>
            <Cadence>85</Cadence>
            <DistanceMeters>5339.35058</DistanceMeters>
            <Extensions>
              <TPX xmlns="http://www.garmin.com/xmlschemas/ActivityExtension/v2">
                <Watts>96</Watts>
              </TPX>
            </Extensions>
          </Trackpoint>
          <Trackpoint>
            <Time>2010-10-19T21:23:04Z</Time>
            <HeartRateBpm>
              <Value>0</Value>
            </HeartRateBpm>
            <Cadence>85</Cadence>
            <DistanceMeters>5342.88081</DistanceMeters>
            <Extensions>
              <TPX xmlns="http://www.garmin.com/xmlschemas/ActivityExtension/v2">
                <Watts>97</Watts>
              </TPX>
            </Extensions>
          </Trackpoint>
          <Trackpoint>
            <Time>2010-10-19T21:23:05Z</Time>
            <HeartRateBpm>
              <Value>0</Value>
            </HeartRateBpm>
            <Cadence>86</Cadence>
            <DistanceMeters>5346.49825</DistanceMeters>
            <Extensions>
              <TPX xmlns="http://www.garmin.com/xmlschemas/ActivityExtension/v2">
                <Watts>101</Watts>
              </TPX>
            </Extensions>
          </Trackpoint>
          <Trackpoint>
            <Time>2010-10-19T21:23:06Z</Time>
            <HeartRateBpm>
              <Value>0</Value>
            </HeartRateBpm>
            <Cadence>88</Cadence>
            <DistanceMeters>5350.13029</DistanceMeters>
            <Extensions>
              <TPX xmlns="http://www.garmin.com/xmlschemas/ActivityExtension/v2">
                <Watts>105</Watts>
              </TPX>
            </Extensions>
          </Trackpoint>
          <Trackpoint>
            <Time>2010-10-19T21:23:07Z</Time>
            <HeartRateBpm>
              <Value>0</Value>
            </HeartRateBpm>
            <Cadence>89</Cadence>
            <DistanceMeters>5353.84021</DistanceMeters>
            <Extensions>
              <TPX xmlns="http://www.garmin.com/xmlschemas/ActivityExtension/v2">
                <Watts>108</Watts>
              </TPX>
            </Extensions>
          </Trackpoint>
          <Trackpoint>
            <Time>2010-10-19T21:23:08Z</Time>
            <HeartRateBpm>
              <Value>0</Value>
            </HeartRateBpm>
            <Cadence>90</Cadence>
            <DistanceMeters>5357.54856</DistanceMeters>
            <Extensions>
              <TPX xmlns="http://www.garmin.com/xmlschemas/ActivityExtension/v2">
                <Watts>111</Watts>
              </TPX>
            </Extensions>
          </Trackpoint>
          <Trackpoint>
            <Time>2010-10-19T21:23:09Z</Time>
            <HeartRateBpm>
              <Value>0</Value>
            </HeartRateBpm>
            <Cadence>90</Cadence>
            <DistanceMeters>5361.20803</DistanceMeters>
            <Extensions>
              <TPX xmlns="http://www.garmin.com/xmlschemas/ActivityExtension/v2">
                <Watts>110</Watts>
              </TPX>
            </Extensions>
          </Trackpoint>
          <Trackpoint>
            <Time>2010-10-19T21:23:10Z</Time>
            <HeartRateBpm>
              <Value>0</Value>
            </HeartRateBpm>
            <Cadence>90</Cadence>
            <DistanceMeters>5364.86750</DistanceMeters>
            <Extensions>
              <TPX xmlns="http://www.garmin.com/xmlschemas/ActivityExtension/v2">
                <Watts>108</Watts>
              </TPX>
            </Extensions>
          </Trackpoint>
          <Trackpoint>
            <Time>2010-10-19T21:23:11Z</Time>
            <HeartRateBpm>
              <Value>0</Value>
            </HeartRateBpm>
            <Cadence>90</Cadence>
            <DistanceMeters>5368.23045</DistanceMeters>
            <Extensions>
              <TPX xmlns="http://www.garmin.com/xmlschemas/ActivityExtension/v2">
                <Watts>98</Watts>
              </TPX>
            </Extensions>
          </Trackpoint>
          <Trackpoint>
            <Time>2010-10-19T21:23:12Z</Time>
            <HeartRateBpm>
              <Value>0</Value>
            </HeartRateBpm>
            <Cadence>90</Cadence>
            <DistanceMeters>5371.56202</DistanceMeters>
            <Extensions>
              <TPX xmlns="http://www.garmin.com/xmlschemas/ActivityExtension/v2">
                <Watts>87</Watts>
              </TPX>
            </Extensions>
          </Trackpoint>
          <Trackpoint>
            <Time>2010-10-19T21:23:13Z</Time>
            <HeartRateBpm>
              <Value>0</Value>
            </HeartRateBpm>
            <Cadence>88</Cadence>
            <DistanceMeters>5374.79554</DistanceMeters>
            <Extensions>
              <TPX xmlns="http://www.garmin.com/xmlschemas/ActivityExtension/v2">
                <Watts>82</Watts>
              </TPX>
            </Extensions>
          </Trackpoint>
          <Trackpoint>
            <Time>2010-10-19T21:23:14Z</Time>
            <HeartRateBpm>
              <Value>0</Value>
            </HeartRateBpm>
            <Cadence>86</Cadence>
            <DistanceMeters>5378.00099</DistanceMeters>
            <Extensions>
              <TPX xmlns="http://www.garmin.com/xmlschemas/ActivityExtension/v2">
                <Watts>78</Watts>
              </TPX>
            </Extensions>
          </Trackpoint>
          <Trackpoint>
            <Time>2010-10-19T21:23:15Z</Time>
            <HeartRateBpm>
              <Value>0</Value>
            </HeartRateBpm>
            <Cadence>86</Cadence>
            <DistanceMeters>5381.88213</DistanceMeters>
            <Extensions>
              <TPX xmlns="http://www.garmin.com/xmlschemas/ActivityExtension/v2">
                <Watts>102</Watts>
              </TPX>
            </Extensions>
          </Trackpoint>
          <Trackpoint>
            <Time>2010-10-19T21:23:16Z</Time>
            <HeartRateBpm>
              <Value>0</Value>
            </HeartRateBpm>
            <Cadence>88</Cadence>
            <DistanceMeters>5386.12594</DistanceMeters>
            <Extensions>
              <TPX xmlns="http://www.garmin.com/xmlschemas/ActivityExtension/v2">
                <Watts>140</Watts>
              </TPX>
            </Extensions>
          </Trackpoint>
          <Trackpoint>
            <Time>2010-10-19T21:23:17Z</Time>
            <HeartRateBpm>
              <Value>0</Value>
            </HeartRateBpm>
            <Cadence>90</Cadence>
            <DistanceMeters>5390.43362</DistanceMeters>
            <Extensions>
              <TPX xmlns="http://www.garmin.com/xmlschemas/ActivityExtension/v2">
                <Watts>161</Watts>
              </TPX>
            </Extensions>
          </Trackpoint>
          <Trackpoint>
            <Time>2010-10-19T21:23:18Z</Time>
            <HeartRateBpm>
              <Value>0</Value>
            </HeartRateBpm>
            <Cadence>94</Cadence>
            <DistanceMeters>5394.79935</DistanceMeters>
            <Extensions>
              <TPX xmlns="http://www.garmin.com/xmlschemas/ActivityExtension/v2">
                <Watts>167</Watts>
              </TPX>
            </Extensions>
          </Trackpoint>
          <Trackpoint>
            <Time>2010-10-19T21:23:19Z</Time>
            <HeartRateBpm>
              <Value>0</Value>
            </HeartRateBpm>
            <Cadence>98</Cadence>
            <DistanceMeters>5399.08827</DistanceMeters>
            <Extensions>
              <TPX xmlns="http://www.garmin.com/xmlschemas/ActivityExtension/v2">
                <Watts>167</Watts>
              </TPX>
            </Extensions>
          </Trackpoint>
          <Trackpoint>
            <Time>2010-10-19T21:23:20Z</Time>
            <HeartRateBpm>
              <Value>0</Value>
            </HeartRateBpm>
            <Cadence>101</Cadence>
            <DistanceMeters>5403.26062</DistanceMeters>
            <Extensions>
              <TPX xmlns="http://www.garmin.com/xmlschemas/ActivityExtension/v2">
                <Watts>158</Watts>
              </TPX>
            </Extensions>
          </Trackpoint>
          <Trackpoint>
            <Time>2010-10-19T21:23:21Z</Time>
            <HeartRateBpm>
              <Value>0</Value>
            </HeartRateBpm>
            <Cadence>104</Cadence>
            <DistanceMeters>5407.50059</DistanceMeters>
            <Extensions>
              <TPX xmlns="http://www.garmin.com/xmlschemas/ActivityExtension/v2">
                <Watts>155</Watts>
              </TPX>
            </Extensions>
          </Trackpoint>
          <Trackpoint>
            <Time>2010-10-19T21:23:22Z</Time>
            <HeartRateBpm>
              <Value>0</Value>
            </HeartRateBpm>
            <Cadence>105</Cadence>
            <DistanceMeters>5411.92306</DistanceMeters>
            <Extensions>
              <TPX xmlns="http://www.garmin.com/xmlschemas/ActivityExtension/v2">
                <Watts>166</Watts>
              </TPX>
            </Extensions>
          </Trackpoint>
          <Trackpoint>
            <Time>2010-10-19T21:23:23Z</Time>
            <HeartRateBpm>
              <Value>0</Value>
            </HeartRateBpm>
            <Cadence>105</Cadence>
            <DistanceMeters>5416.36425</DistanceMeters>
            <Extensions>
              <TPX xmlns="http://www.garmin.com/xmlschemas/ActivityExtension/v2">
                <Watts>177</Watts>
              </TPX>
            </Extensions>
          </Trackpoint>
          <Trackpoint>
            <Time>2010-10-19T21:23:24Z</Time>
            <HeartRateBpm>
              <Value>0</Value>
            </HeartRateBpm>
            <Cadence>104</Cadence>
            <DistanceMeters>5420.91704</DistanceMeters>
            <Extensions>
              <TPX xmlns="http://www.garmin.com/xmlschemas/ActivityExtension/v2">
                <Watts>184</Watts>
              </TPX>
            </Extensions>
          </Trackpoint>
          <Trackpoint>
            <Time>2010-10-19T21:23:25Z</Time>
            <HeartRateBpm>
              <Value>0</Value>
            </HeartRateBpm>
            <Cadence>103</Cadence>
            <DistanceMeters>5425.48001</DistanceMeters>
            <Extensions>
              <TPX xmlns="http://www.garmin.com/xmlschemas/ActivityExtension/v2">
                <Watts>191</Watts>
              </TPX>
            </Extensions>
          </Trackpoint>
          <Trackpoint>
            <Time>2010-10-19T21:23:26Z</Time>
            <HeartRateBpm>
              <Value>0</Value>
            </HeartRateBpm>
            <Cadence>104</Cadence>
            <DistanceMeters>5430.64027</DistanceMeters>
            <Extensions>
              <TPX xmlns="http://www.garmin.com/xmlschemas/ActivityExtension/v2">
                <Watts>226</Watts>
              </TPX>
            </Extensions>
          </Trackpoint>
          <Trackpoint>
            <Time>2010-10-19T21:23:27Z</Time>
            <HeartRateBpm>
              <Value>0</Value>
            </HeartRateBpm>
            <Cadence>105</Cadence>
            <DistanceMeters>5435.80053</DistanceMeters>
            <Extensions>
              <TPX xmlns="http://www.garmin.com/xmlschemas/ActivityExtension/v2">
                <Watts>262</Watts>
              </TPX>
            </Extensions>
          </Trackpoint>
          <Trackpoint>
            <Time>2010-10-19T21:23:28Z</Time>
            <HeartRateBpm>
              <Value>0</Value>
            </HeartRateBpm>
            <Cadence>105</Cadence>
            <DistanceMeters>5440.75127</DistanceMeters>
            <Extensions>
              <TPX xmlns="http://www.garmin.com/xmlschemas/ActivityExtension/v2">
                <Watts>253</Watts>
              </TPX>
            </Extensions>
          </Trackpoint>
          <Trackpoint>
            <Time>2010-10-19T21:23:29Z</Time>
            <HeartRateBpm>
              <Value>0</Value>
            </HeartRateBpm>
            <Cadence>105</Cadence>
            <DistanceMeters>5445.67611</DistanceMeters>
            <Extensions>
              <TPX xmlns="http://www.garmin.com/xmlschemas/ActivityExtension/v2">
                <Watts>238</Watts>
              </TPX>
            </Extensions>
          </Trackpoint>
          <Trackpoint>
            <Time>2010-10-19T21:23:30Z</Time>
            <HeartRateBpm>
              <Value>0</Value>
            </HeartRateBpm>
            <Cadence>105</Cadence>
            <DistanceMeters>5450.48225</DistanceMeters>
            <Extensions>
              <TPX xmlns="http://www.garmin.com/xmlschemas/ActivityExtension/v2">
                <Watts>228</Watts>
              </TPX>
            </Extensions>
          </Trackpoint>
          <Trackpoint>
            <Time>2010-10-19T21:23:31Z</Time>
            <HeartRateBpm>
              <Value>0</Value>
            </HeartRateBpm>
            <Cadence>105</Cadence>
            <DistanceMeters>5455.25155</DistanceMeters>
            <Extensions>
              <TPX xmlns="http://www.garmin.com/xmlschemas/ActivityExtension/v2">
                <Watts>219</Watts>
              </TPX>
            </Extensions>
          </Trackpoint>
          <Trackpoint>
            <Time>2010-10-19T21:23:32Z</Time>
            <HeartRateBpm>
              <Value>0</Value>
            </HeartRateBpm>
            <Cadence>102</Cadence>
            <DistanceMeters>5459.92855</DistanceMeters>
            <Extensions>
              <TPX xmlns="http://www.garmin.com/xmlschemas/ActivityExtension/v2">
                <Watts>210</Watts>
              </TPX>
            </Extensions>
          </Trackpoint>
          <Trackpoint>
            <Time>2010-10-19T21:23:33Z</Time>
            <HeartRateBpm>
              <Value>0</Value>
            </HeartRateBpm>
            <Cadence>99</Cadence>
            <DistanceMeters>5464.55281</DistanceMeters>
            <Extensions>
              <TPX xmlns="http://www.garmin.com/xmlschemas/ActivityExtension/v2">
                <Watts>202</Watts>
              </TPX>
            </Extensions>
          </Trackpoint>
          <Trackpoint>
            <Time>2010-10-19T21:23:34Z</Time>
            <HeartRateBpm>
              <Value>0</Value>
            </HeartRateBpm>
            <Cadence>98</Cadence>
            <DistanceMeters>5469.30989</DistanceMeters>
            <Extensions>
              <TPX xmlns="http://www.garmin.com/xmlschemas/ActivityExtension/v2">
                <Watts>206</Watts>
              </TPX>
            </Extensions>
          </Trackpoint>
          <Trackpoint>
            <Time>2010-10-19T21:23:35Z</Time>
            <HeartRateBpm>
              <Value>0</Value>
            </HeartRateBpm>
            <Cadence>98</Cadence>
            <DistanceMeters>5474.19479</DistanceMeters>
            <Extensions>
              <TPX xmlns="http://www.garmin.com/xmlschemas/ActivityExtension/v2">
                <Watts>221</Watts>
              </TPX>
            </Extensions>
          </Trackpoint>
          <Trackpoint>
            <Time>2010-10-19T21:23:36Z</Time>
            <HeartRateBpm>
              <Value>0</Value>
            </HeartRateBpm>
            <Cadence>99</Cadence>
            <DistanceMeters>5479.09820</DistanceMeters>
            <Extensions>
              <TPX xmlns="http://www.garmin.com/xmlschemas/ActivityExtension/v2">
                <Watts>231</Watts>
              </TPX>
            </Extensions>
          </Trackpoint>
          <Trackpoint>
            <Time>2010-10-19T21:23:37Z</Time>
            <HeartRateBpm>
              <Value>0</Value>
            </HeartRateBpm>
            <Cadence>99</Cadence>
            <DistanceMeters>5484.03145</DistanceMeters>
            <Extensions>
              <TPX xmlns="http://www.garmin.com/xmlschemas/ActivityExtension/v2">
                <Watts>233</Watts>
              </TPX>
            </Extensions>
          </Trackpoint>
          <Trackpoint>
            <Time>2010-10-19T21:23:38Z</Time>
            <HeartRateBpm>
              <Value>0</Value>
            </HeartRateBpm>
            <Cadence>99</Cadence>
            <DistanceMeters>5488.99429</DistanceMeters>
            <Extensions>
              <TPX xmlns="http://www.garmin.com/xmlschemas/ActivityExtension/v2">
                <Watts>237</Watts>
              </TPX>
            </Extensions>
          </Trackpoint>
          <Trackpoint>
            <Time>2010-10-19T21:23:39Z</Time>
            <HeartRateBpm>
              <Value>0</Value>
            </HeartRateBpm>
            <Cadence>100</Cadence>
            <DistanceMeters>5494.04314</DistanceMeters>
            <Extensions>
              <TPX xmlns="http://www.garmin.com/xmlschemas/ActivityExtension/v2">
                <Watts>244</Watts>
              </TPX>
            </Extensions>
          </Trackpoint>
          <Trackpoint>
            <Time>2010-10-19T21:23:40Z</Time>
            <HeartRateBpm>
              <Value>0</Value>
            </HeartRateBpm>
            <Cadence>101</Cadence>
            <DistanceMeters>5499.07380</DistanceMeters>
            <Extensions>
              <TPX xmlns="http://www.garmin.com/xmlschemas/ActivityExtension/v2">
                <Watts>249</Watts>
              </TPX>
            </Extensions>
          </Trackpoint>
          <Trackpoint>
            <Time>2010-10-19T21:23:41Z</Time>
            <HeartRateBpm>
              <Value>0</Value>
            </HeartRateBpm>
            <Cadence>102</Cadence>
            <DistanceMeters>5503.98183</DistanceMeters>
            <Extensions>
              <TPX xmlns="http://www.garmin.com/xmlschemas/ActivityExtension/v2">
                <Watts>241</Watts>
              </TPX>
            </Extensions>
          </Trackpoint>
          <Trackpoint>
            <Time>2010-10-19T21:23:42Z</Time>
            <HeartRateBpm>
              <Value>0</Value>
            </HeartRateBpm>
            <Cadence>102</Cadence>
            <DistanceMeters>5508.88952</DistanceMeters>
            <Extensions>
              <TPX xmlns="http://www.garmin.com/xmlschemas/ActivityExtension/v2">
                <Watts>232</Watts>
              </TPX>
            </Extensions>
          </Trackpoint>
          <Trackpoint>
            <Time>2010-10-19T21:23:43Z</Time>
            <HeartRateBpm>
              <Value>0</Value>
            </HeartRateBpm>
            <Cadence>101</Cadence>
            <DistanceMeters>5513.65882</DistanceMeters>
            <Extensions>
              <TPX xmlns="http://www.garmin.com/xmlschemas/ActivityExtension/v2">
                <Watts>224</Watts>
              </TPX>
            </Extensions>
          </Trackpoint>
          <Trackpoint>
            <Time>2010-10-19T21:23:44Z</Time>
            <HeartRateBpm>
              <Value>0</Value>
            </HeartRateBpm>
            <Cadence>99</Cadence>
            <DistanceMeters>5518.42811</DistanceMeters>
            <Extensions>
              <TPX xmlns="http://www.garmin.com/xmlschemas/ActivityExtension/v2">
                <Watts>216</Watts>
              </TPX>
            </Extensions>
          </Trackpoint>
          <Trackpoint>
            <Time>2010-10-19T21:23:45Z</Time>
            <HeartRateBpm>
              <Value>0</Value>
            </HeartRateBpm>
            <Cadence>98</Cadence>
            <DistanceMeters>5523.29863</DistanceMeters>
            <Extensions>
              <TPX xmlns="http://www.garmin.com/xmlschemas/ActivityExtension/v2">
                <Watts>221</Watts>
              </TPX>
            </Extensions>
          </Trackpoint>
          <Trackpoint>
            <Time>2010-10-19T21:23:46Z</Time>
            <HeartRateBpm>
              <Value>0</Value>
            </HeartRateBpm>
            <Cadence>98</Cadence>
            <DistanceMeters>5528.18354</DistanceMeters>
            <Extensions>
              <TPX xmlns="http://www.garmin.com/xmlschemas/ActivityExtension/v2">
                <Watts>228</Watts>
              </TPX>
            </Extensions>
          </Trackpoint>
          <Trackpoint>
            <Time>2010-10-19T21:23:47Z</Time>
            <HeartRateBpm>
              <Value>0</Value>
            </HeartRateBpm>
            <Cadence>98</Cadence>
            <DistanceMeters>5533.09834</DistanceMeters>
            <Extensions>
              <TPX xmlns="http://www.garmin.com/xmlschemas/ActivityExtension/v2">
                <Watts>231</Watts>
              </TPX>
            </Extensions>
          </Trackpoint>
          <Trackpoint>
            <Time>2010-10-19T21:23:48Z</Time>
            <HeartRateBpm>
              <Value>0</Value>
            </HeartRateBpm>
            <Cadence>99</Cadence>
            <DistanceMeters>5538.02318</DistanceMeters>
            <Extensions>
              <TPX xmlns="http://www.garmin.com/xmlschemas/ActivityExtension/v2">
                <Watts>234</Watts>
              </TPX>
            </Extensions>
          </Trackpoint>
          <Trackpoint>
            <Time>2010-10-19T21:23:49Z</Time>
            <HeartRateBpm>
              <Value>0</Value>
            </HeartRateBpm>
            <Cadence>99</Cadence>
            <DistanceMeters>5542.82643</DistanceMeters>
            <Extensions>
              <TPX xmlns="http://www.garmin.com/xmlschemas/ActivityExtension/v2">
                <Watts>227</Watts>
              </TPX>
            </Extensions>
          </Trackpoint>
          <Trackpoint>
            <Time>2010-10-19T21:23:50Z</Time>
            <HeartRateBpm>
              <Value>0</Value>
            </HeartRateBpm>
            <Cadence>97</Cadence>
            <DistanceMeters>5547.55579</DistanceMeters>
            <Extensions>
              <TPX xmlns="http://www.garmin.com/xmlschemas/ActivityExtension/v2">
                <Watts>216</Watts>
              </TPX>
            </Extensions>
          </Trackpoint>
          <Trackpoint>
            <Time>2010-10-19T21:23:51Z</Time>
            <HeartRateBpm>
              <Value>0</Value>
            </HeartRateBpm>
            <Cadence>96</Cadence>
            <DistanceMeters>5552.24664</DistanceMeters>
            <Extensions>
              <TPX xmlns="http://www.garmin.com/xmlschemas/ActivityExtension/v2">
                <Watts>208</Watts>
              </TPX>
            </Extensions>
          </Trackpoint>
          <Trackpoint>
            <Time>2010-10-19T21:23:52Z</Time>
            <HeartRateBpm>
              <Value>0</Value>
            </HeartRateBpm>
            <Cadence>95</Cadence>
            <DistanceMeters>5556.89823</DistanceMeters>
            <Extensions>
              <TPX xmlns="http://www.garmin.com/xmlschemas/ActivityExtension/v2">
                <Watts>204</Watts>
              </TPX>
            </Extensions>
          </Trackpoint>
          <Trackpoint>
            <Time>2010-10-19T21:23:53Z</Time>
            <HeartRateBpm>
              <Value>0</Value>
            </HeartRateBpm>
            <Cadence>94</Cadence>
            <DistanceMeters>5561.53665</DistanceMeters>
            <Extensions>
              <TPX xmlns="http://www.garmin.com/xmlschemas/ActivityExtension/v2">
                <Watts>201</Watts>
              </TPX>
            </Extensions>
          </Trackpoint>
          <Trackpoint>
            <Time>2010-10-19T21:23:54Z</Time>
            <HeartRateBpm>
              <Value>0</Value>
            </HeartRateBpm>
            <Cadence>94</Cadence>
            <DistanceMeters>5566.15251</DistanceMeters>
            <Extensions>
              <TPX xmlns="http://www.garmin.com/xmlschemas/ActivityExtension/v2">
                <Watts>199</Watts>
              </TPX>
            </Extensions>
          </Trackpoint>
          <Trackpoint>
            <Time>2010-10-19T21:23:55Z</Time>
            <HeartRateBpm>
              <Value>0</Value>
            </HeartRateBpm>
            <Cadence>94</Cadence>
            <DistanceMeters>5570.80188</DistanceMeters>
            <Extensions>
              <TPX xmlns="http://www.garmin.com/xmlschemas/ActivityExtension/v2">
                <Watts>199</Watts>
              </TPX>
            </Extensions>
          </Trackpoint>
          <Trackpoint>
            <Time>2010-10-19T21:23:56Z</Time>
            <HeartRateBpm>
              <Value>0</Value>
            </HeartRateBpm>
            <Cadence>94</Cadence>
            <DistanceMeters>5575.55646</DistanceMeters>
            <Extensions>
              <TPX xmlns="http://www.garmin.com/xmlschemas/ActivityExtension/v2">
                <Watts>207</Watts>
              </TPX>
            </Extensions>
          </Trackpoint>
          <Trackpoint>
            <Time>2010-10-19T21:23:57Z</Time>
            <HeartRateBpm>
              <Value>0</Value>
            </HeartRateBpm>
            <Cadence>95</Cadence>
            <DistanceMeters>5580.30332</DistanceMeters>
            <Extensions>
              <TPX xmlns="http://www.garmin.com/xmlschemas/ActivityExtension/v2">
                <Watts>213</Watts>
              </TPX>
            </Extensions>
          </Trackpoint>
          <Trackpoint>
            <Time>2010-10-19T21:23:58Z</Time>
            <HeartRateBpm>
              <Value>0</Value>
            </HeartRateBpm>
            <Cadence>95</Cadence>
            <DistanceMeters>5584.99064</DistanceMeters>
            <Extensions>
              <TPX xmlns="http://www.garmin.com/xmlschemas/ActivityExtension/v2">
                <Watts>209</Watts>
              </TPX>
            </Extensions>
          </Trackpoint>
          <Trackpoint>
            <Time>2010-10-19T21:23:59Z</Time>
            <HeartRateBpm>
              <Value>0</Value>
            </HeartRateBpm>
            <Cadence>95</Cadence>
            <DistanceMeters>5589.67796</DistanceMeters>
            <Extensions>
              <TPX xmlns="http://www.garmin.com/xmlschemas/ActivityExtension/v2">
                <Watts>206</Watts>
              </TPX>
            </Extensions>
          </Trackpoint>
          <Trackpoint>
            <Time>2010-10-19T21:24:00Z</Time>
            <HeartRateBpm>
              <Value>0</Value>
            </HeartRateBpm>
            <Cadence>94</Cadence>
            <DistanceMeters>5593.99977</DistanceMeters>
            <Extensions>
              <TPX xmlns="http://www.garmin.com/xmlschemas/ActivityExtension/v2">
                <Watts>187</Watts>
              </TPX>
            </Extensions>
          </Trackpoint>
          <Trackpoint>
            <Time>2010-10-19T21:24:01Z</Time>
            <HeartRateBpm>
              <Value>0</Value>
            </HeartRateBpm>
            <Cadence>93</Cadence>
            <DistanceMeters>5598.31715</DistanceMeters>
            <Extensions>
              <TPX xmlns="http://www.garmin.com/xmlschemas/ActivityExtension/v2">
                <Watts>168</Watts>
              </TPX>
            </Extensions>
          </Trackpoint>
          <Trackpoint>
            <Time>2010-10-19T21:24:02Z</Time>
            <HeartRateBpm>
              <Value>0</Value>
            </HeartRateBpm>
            <Cadence>91</Cadence>
            <DistanceMeters>5602.56393</DistanceMeters>
            <Extensions>
              <TPX xmlns="http://www.garmin.com/xmlschemas/ActivityExtension/v2">
                <Watts>162</Watts>
              </TPX>
            </Extensions>
          </Trackpoint>
          <Trackpoint>
            <Time>2010-10-19T21:24:03Z</Time>
            <HeartRateBpm>
              <Value>0</Value>
            </HeartRateBpm>
            <Cadence>90</Cadence>
            <DistanceMeters>5606.79933</DistanceMeters>
            <Extensions>
              <TPX xmlns="http://www.garmin.com/xmlschemas/ActivityExtension/v2">
                <Watts>158</Watts>
              </TPX>
            </Extensions>
          </Trackpoint>
          <Trackpoint>
            <Time>2010-10-19T21:24:04Z</Time>
            <HeartRateBpm>
              <Value>0</Value>
            </HeartRateBpm>
            <Cadence>89</Cadence>
            <DistanceMeters>5611.23388</DistanceMeters>
            <Extensions>
              <TPX xmlns="http://www.garmin.com/xmlschemas/ActivityExtension/v2">
                <Watts>167</Watts>
              </TPX>
            </Extensions>
          </Trackpoint>
          <Trackpoint>
            <Time>2010-10-19T21:24:05Z</Time>
            <HeartRateBpm>
              <Value>0</Value>
            </HeartRateBpm>
            <Cadence>88</Cadence>
            <DistanceMeters>5615.74044</DistanceMeters>
            <Extensions>
              <TPX xmlns="http://www.garmin.com/xmlschemas/ActivityExtension/v2">
                <Watts>180</Watts>
              </TPX>
            </Extensions>
          </Trackpoint>
          <Trackpoint>
            <Time>2010-10-19T21:24:06Z</Time>
            <HeartRateBpm>
              <Value>0</Value>
            </HeartRateBpm>
            <Cadence>89</Cadence>
            <DistanceMeters>5620.49095</DistanceMeters>
            <Extensions>
              <TPX xmlns="http://www.garmin.com/xmlschemas/ActivityExtension/v2">
                <Watts>199</Watts>
              </TPX>
            </Extensions>
          </Trackpoint>
          <Trackpoint>
            <Time>2010-10-19T21:24:07Z</Time>
            <HeartRateBpm>
              <Value>0</Value>
            </HeartRateBpm>
            <Cadence>91</Cadence>
            <DistanceMeters>5625.39897</DistanceMeters>
            <Extensions>
              <TPX xmlns="http://www.garmin.com/xmlschemas/ActivityExtension/v2">
                <Watts>221</Watts>
              </TPX>
            </Extensions>
          </Trackpoint>
          <Trackpoint>
            <Time>2010-10-19T21:24:08Z</Time>
            <HeartRateBpm>
              <Value>0</Value>
            </HeartRateBpm>
            <Cadence>92</Cadence>
            <DistanceMeters>5630.10990</DistanceMeters>
            <Extensions>
              <TPX xmlns="http://www.garmin.com/xmlschemas/ActivityExtension/v2">
                <Watts>222</Watts>
              </TPX>
            </Extensions>
          </Trackpoint>
          <Trackpoint>
            <Time>2010-10-19T21:24:09Z</Time>
            <HeartRateBpm>
              <Value>0</Value>
            </HeartRateBpm>
            <Cadence>93</Cadence>
            <DistanceMeters>5634.60805</DistanceMeters>
            <Extensions>
              <TPX xmlns="http://www.garmin.com/xmlschemas/ActivityExtension/v2">
                <Watts>199</Watts>
              </TPX>
            </Extensions>
          </Trackpoint>
          <Trackpoint>
            <Time>2010-10-19T21:24:10Z</Time>
            <HeartRateBpm>
              <Value>0</Value>
            </HeartRateBpm>
            <Cadence>93</Cadence>
            <DistanceMeters>5639.12927</DistanceMeters>
            <Extensions>
              <TPX xmlns="http://www.garmin.com/xmlschemas/ActivityExtension/v2">
                <Watts>186</Watts>
              </TPX>
            </Extensions>
          </Trackpoint>
          <Trackpoint>
            <Time>2010-10-19T21:24:11Z</Time>
            <HeartRateBpm>
              <Value>0</Value>
            </HeartRateBpm>
            <Cadence>92</Cadence>
            <DistanceMeters>5643.69257</DistanceMeters>
            <Extensions>
              <TPX xmlns="http://www.garmin.com/xmlschemas/ActivityExtension/v2">
                <Watts>189</Watts>
              </TPX>
            </Extensions>
          </Trackpoint>
          <Trackpoint>
            <Time>2010-10-19T21:24:12Z</Time>
            <HeartRateBpm>
              <Value>0</Value>
            </HeartRateBpm>
            <Cadence>92</Cadence>
            <DistanceMeters>5648.22817</DistanceMeters>
            <Extensions>
              <TPX xmlns="http://www.garmin.com/xmlschemas/ActivityExtension/v2">
                <Watts>190</Watts>
              </TPX>
            </Extensions>
          </Trackpoint>
          <Trackpoint>
            <Time>2010-10-19T21:24:13Z</Time>
            <HeartRateBpm>
              <Value>0</Value>
            </HeartRateBpm>
            <Cadence>92</Cadence>
            <DistanceMeters>5652.66957</DistanceMeters>
            <Extensions>
              <TPX xmlns="http://www.garmin.com/xmlschemas/ActivityExtension/v2">
                <Watts>184</Watts>
              </TPX>
            </Extensions>
          </Trackpoint>
          <Trackpoint>
            <Time>2010-10-19T21:24:14Z</Time>
            <HeartRateBpm>
              <Value>0</Value>
            </HeartRateBpm>
            <Cadence>91</Cadence>
            <DistanceMeters>5657.09618</DistanceMeters>
            <Extensions>
              <TPX xmlns="http://www.garmin.com/xmlschemas/ActivityExtension/v2">
                <Watts>178</Watts>
              </TPX>
            </Extensions>
          </Trackpoint>
          <Trackpoint>
            <Time>2010-10-19T21:24:15Z</Time>
            <HeartRateBpm>
              <Value>0</Value>
            </HeartRateBpm>
            <Cadence>90</Cadence>
            <DistanceMeters>5661.39043</DistanceMeters>
            <Extensions>
              <TPX xmlns="http://www.garmin.com/xmlschemas/ActivityExtension/v2">
                <Watts>171</Watts>
              </TPX>
            </Extensions>
          </Trackpoint>
          <Trackpoint>
            <Time>2010-10-19T21:24:16Z</Time>
            <HeartRateBpm>
              <Value>0</Value>
            </HeartRateBpm>
            <Cadence>90</Cadence>
            <DistanceMeters>5665.68469</DistanceMeters>
            <Extensions>
              <TPX xmlns="http://www.garmin.com/xmlschemas/ActivityExtension/v2">
                <Watts>164</Watts>
              </TPX>
            </Extensions>
          </Trackpoint>
          <Trackpoint>
            <Time>2010-10-19T21:24:17Z</Time>
            <HeartRateBpm>
              <Value>0</Value>
            </HeartRateBpm>
            <Cadence>89</Cadence>
            <DistanceMeters>5670.22250</DistanceMeters>
            <Extensions>
              <TPX xmlns="http://www.garmin.com/xmlschemas/ActivityExtension/v2">
                <Watts>175</Watts>
              </TPX>
            </Extensions>
          </Trackpoint>
          <Trackpoint>
            <Time>2010-10-19T21:24:18Z</Time>
            <HeartRateBpm>
              <Value>0</Value>
            </HeartRateBpm>
            <Cadence>88</Cadence>
            <DistanceMeters>5674.76689</DistanceMeters>
            <Extensions>
              <TPX xmlns="http://www.garmin.com/xmlschemas/ActivityExtension/v2">
                <Watts>188</Watts>
              </TPX>
            </Extensions>
          </Trackpoint>
          <Trackpoint>
            <Time>2010-10-19T21:24:19Z</Time>
            <HeartRateBpm>
              <Value>0</Value>
            </HeartRateBpm>
            <Cadence>89</Cadence>
            <DistanceMeters>5679.46793</DistanceMeters>
            <Extensions>
              <TPX xmlns="http://www.garmin.com/xmlschemas/ActivityExtension/v2">
                <Watts>198</Watts>
              </TPX>
            </Extensions>
          </Trackpoint>
          <Trackpoint>
            <Time>2010-10-19T21:24:20Z</Time>
            <HeartRateBpm>
              <Value>0</Value>
            </HeartRateBpm>
            <Cadence>91</Cadence>
            <DistanceMeters>5684.19729</DistanceMeters>
            <Extensions>
              <TPX xmlns="http://www.garmin.com/xmlschemas/ActivityExtension/v2">
                <Watts>208</Watts>
              </TPX>
            </Extensions>
          </Trackpoint>
          <Trackpoint>
            <Time>2010-10-19T21:24:21Z</Time>
            <HeartRateBpm>
              <Value>0</Value>
            </HeartRateBpm>
            <Cadence>92</Cadence>
            <DistanceMeters>5688.83735</DistanceMeters>
            <Extensions>
              <TPX xmlns="http://www.garmin.com/xmlschemas/ActivityExtension/v2">
                <Watts>206</Watts>
              </TPX>
            </Extensions>
          </Trackpoint>
          <Trackpoint>
            <Time>2010-10-19T21:24:22Z</Time>
            <HeartRateBpm>
              <Value>0</Value>
            </HeartRateBpm>
            <Cadence>92</Cadence>
            <DistanceMeters>5693.44269</DistanceMeters>
            <Extensions>
              <TPX xmlns="http://www.garmin.com/xmlschemas/ActivityExtension/v2">
                <Watts>199</Watts>
              </TPX>
            </Extensions>
          </Trackpoint>
          <Trackpoint>
            <Time>2010-10-19T21:24:23Z</Time>
            <HeartRateBpm>
              <Value>0</Value>
            </HeartRateBpm>
            <Cadence>92</Cadence>
            <DistanceMeters>5697.91585</DistanceMeters>
            <Extensions>
              <TPX xmlns="http://www.garmin.com/xmlschemas/ActivityExtension/v2">
                <Watts>190</Watts>
              </TPX>
            </Extensions>
          </Trackpoint>
          <Trackpoint>
            <Time>2010-10-19T21:24:24Z</Time>
            <HeartRateBpm>
              <Value>0</Value>
            </HeartRateBpm>
            <Cadence>91</Cadence>
            <DistanceMeters>5702.29839</DistanceMeters>
            <Extensions>
              <TPX xmlns="http://www.garmin.com/xmlschemas/ActivityExtension/v2">
                <Watts>179</Watts>
              </TPX>
            </Extensions>
          </Trackpoint>
          <Trackpoint>
            <Time>2010-10-19T21:24:25Z</Time>
            <HeartRateBpm>
              <Value>0</Value>
            </HeartRateBpm>
            <Cadence>91</Cadence>
            <DistanceMeters>5706.73486</DistanceMeters>
            <Extensions>
              <TPX xmlns="http://www.garmin.com/xmlschemas/ActivityExtension/v2">
                <Watts>175</Watts>
              </TPX>
            </Extensions>
          </Trackpoint>
          <Trackpoint>
            <Time>2010-10-19T21:24:26Z</Time>
            <HeartRateBpm>
              <Value>0</Value>
            </HeartRateBpm>
            <Cadence>91</Cadence>
            <DistanceMeters>5711.23300</DistanceMeters>
            <Extensions>
              <TPX xmlns="http://www.garmin.com/xmlschemas/ActivityExtension/v2">
                <Watts>181</Watts>
              </TPX>
            </Extensions>
          </Trackpoint>
          <Trackpoint>
            <Time>2010-10-19T21:24:27Z</Time>
            <HeartRateBpm>
              <Value>0</Value>
            </HeartRateBpm>
            <Cadence>90</Cadence>
            <DistanceMeters>5715.68616</DistanceMeters>
            <Extensions>
              <TPX xmlns="http://www.garmin.com/xmlschemas/ActivityExtension/v2">
                <Watts>182</Watts>
              </TPX>
            </Extensions>
          </Trackpoint>
          <Trackpoint>
            <Time>2010-10-19T21:24:28Z</Time>
            <HeartRateBpm>
              <Value>0</Value>
            </HeartRateBpm>
            <Cadence>90</Cadence>
            <DistanceMeters>5720.05189</DistanceMeters>
            <Extensions>
              <TPX xmlns="http://www.garmin.com/xmlschemas/ActivityExtension/v2">
                <Watts>176</Watts>
              </TPX>
            </Extensions>
          </Trackpoint>
          <Trackpoint>
            <Time>2010-10-19T21:24:29Z</Time>
            <HeartRateBpm>
              <Value>0</Value>
            </HeartRateBpm>
            <Cadence>90</Cadence>
            <DistanceMeters>5724.50354</DistanceMeters>
            <Extensions>
              <TPX xmlns="http://www.garmin.com/xmlschemas/ActivityExtension/v2">
                <Watts>175</Watts>
              </TPX>
            </Extensions>
          </Trackpoint>
          <Trackpoint>
            <Time>2010-10-19T21:24:30Z</Time>
            <HeartRateBpm>
              <Value>0</Value>
            </HeartRateBpm>
            <Cadence>90</Cadence>
            <DistanceMeters>5729.27284</DistanceMeters>
            <Extensions>
              <TPX xmlns="http://www.garmin.com/xmlschemas/ActivityExtension/v2">
                <Watts>196</Watts>
              </TPX>
            </Extensions>
          </Trackpoint>
          <Trackpoint>
            <Time>2010-10-19T21:24:31Z</Time>
            <HeartRateBpm>
              <Value>0</Value>
            </HeartRateBpm>
            <Cadence>91</Cadence>
            <DistanceMeters>5734.01317</DistanceMeters>
            <Extensions>
              <TPX xmlns="http://www.garmin.com/xmlschemas/ActivityExtension/v2">
                <Watts>214</Watts>
              </TPX>
            </Extensions>
          </Trackpoint>
          <Trackpoint>
            <Time>2010-10-19T21:24:32Z</Time>
            <HeartRateBpm>
              <Value>0</Value>
            </HeartRateBpm>
            <Cadence>91</Cadence>
            <DistanceMeters>5738.44616</DistanceMeters>
            <Extensions>
              <TPX xmlns="http://www.garmin.com/xmlschemas/ActivityExtension/v2">
                <Watts>196</Watts>
              </TPX>
            </Extensions>
          </Trackpoint>
          <Trackpoint>
            <Time>2010-10-19T21:24:33Z</Time>
            <HeartRateBpm>
              <Value>0</Value>
            </HeartRateBpm>
            <Cadence>91</Cadence>
            <DistanceMeters>5742.87914</DistanceMeters>
            <Extensions>
              <TPX xmlns="http://www.garmin.com/xmlschemas/ActivityExtension/v2">
                <Watts>178</Watts>
              </TPX>
            </Extensions>
          </Trackpoint>
          <Trackpoint>
            <Time>2010-10-19T21:24:34Z</Time>
            <HeartRateBpm>
              <Value>0</Value>
            </HeartRateBpm>
            <Cadence>91</Cadence>
            <DistanceMeters>5747.07217</DistanceMeters>
            <Extensions>
              <TPX xmlns="http://www.garmin.com/xmlschemas/ActivityExtension/v2">
                <Watts>166</Watts>
              </TPX>
            </Extensions>
          </Trackpoint>
          <Trackpoint>
            <Time>2010-10-19T21:24:35Z</Time>
            <HeartRateBpm>
              <Value>0</Value>
            </HeartRateBpm>
            <Cadence>90</Cadence>
            <DistanceMeters>5751.25503</DistanceMeters>
            <Extensions>
              <TPX xmlns="http://www.garmin.com/xmlschemas/ActivityExtension/v2">
                <Watts>154</Watts>
              </TPX>
            </Extensions>
          </Trackpoint>
          <Trackpoint>
            <Time>2010-10-19T21:24:36Z</Time>
            <HeartRateBpm>
              <Value>0</Value>
            </HeartRateBpm>
            <Cadence>87</Cadence>
            <DistanceMeters>5755.41163</DistanceMeters>
            <Extensions>
              <TPX xmlns="http://www.garmin.com/xmlschemas/ActivityExtension/v2">
                <Watts>151</Watts>
              </TPX>
            </Extensions>
          </Trackpoint>
          <Trackpoint>
            <Time>2010-10-19T21:24:37Z</Time>
            <HeartRateBpm>
              <Value>0</Value>
            </HeartRateBpm>
            <Cadence>84</Cadence>
            <DistanceMeters>5759.56296</DistanceMeters>
            <Extensions>
              <TPX xmlns="http://www.garmin.com/xmlschemas/ActivityExtension/v2">
                <Watts>150</Watts>
              </TPX>
            </Extensions>
          </Trackpoint>
          <Trackpoint>
            <Time>2010-10-19T21:24:38Z</Time>
            <HeartRateBpm>
              <Value>0</Value>
            </HeartRateBpm>
            <Cadence>83</Cadence>
            <DistanceMeters>5763.77362</DistanceMeters>
            <Extensions>
              <TPX xmlns="http://www.garmin.com/xmlschemas/ActivityExtension/v2">
                <Watts>152</Watts>
              </TPX>
            </Extensions>
          </Trackpoint>
          <Trackpoint>
            <Time>2010-10-19T21:24:39Z</Time>
            <HeartRateBpm>
              <Value>0</Value>
            </HeartRateBpm>
            <Cadence>83</Cadence>
            <DistanceMeters>5768.00903</DistanceMeters>
            <Extensions>
              <TPX xmlns="http://www.garmin.com/xmlschemas/ActivityExtension/v2">
                <Watts>156</Watts>
              </TPX>
            </Extensions>
          </Trackpoint>
          <Trackpoint>
            <Time>2010-10-19T21:24:40Z</Time>
            <HeartRateBpm>
              <Value>0</Value>
            </HeartRateBpm>
            <Cadence>83</Cadence>
            <DistanceMeters>5772.23226</DistanceMeters>
            <Extensions>
              <TPX xmlns="http://www.garmin.com/xmlschemas/ActivityExtension/v2">
                <Watts>157</Watts>
              </TPX>
            </Extensions>
          </Trackpoint>
          <Trackpoint>
            <Time>2010-10-19T21:24:41Z</Time>
            <HeartRateBpm>
              <Value>0</Value>
            </HeartRateBpm>
            <Cadence>83</Cadence>
            <DistanceMeters>5776.44665</DistanceMeters>
            <Extensions>
              <TPX xmlns="http://www.garmin.com/xmlschemas/ActivityExtension/v2">
                <Watts>156</Watts>
              </TPX>
            </Extensions>
          </Trackpoint>
          <Trackpoint>
            <Time>2010-10-19T21:24:42Z</Time>
            <HeartRateBpm>
              <Value>0</Value>
            </HeartRateBpm>
            <Cadence>83</Cadence>
            <DistanceMeters>5780.90909</DistanceMeters>
            <Extensions>
              <TPX xmlns="http://www.garmin.com/xmlschemas/ActivityExtension/v2">
                <Watts>168</Watts>
              </TPX>
            </Extensions>
          </Trackpoint>
          <Trackpoint>
            <Time>2010-10-19T21:24:43Z</Time>
            <HeartRateBpm>
              <Value>0</Value>
            </HeartRateBpm>
            <Cadence>84</Cadence>
            <DistanceMeters>5785.67208</DistanceMeters>
            <Extensions>
              <TPX xmlns="http://www.garmin.com/xmlschemas/ActivityExtension/v2">
                <Watts>196</Watts>
              </TPX>
            </Extensions>
          </Trackpoint>
          <Trackpoint>
            <Time>2010-10-19T21:24:44Z</Time>
            <HeartRateBpm>
              <Value>0</Value>
            </HeartRateBpm>
            <Cadence>85</Cadence>
            <DistanceMeters>5790.50619</DistanceMeters>
            <Extensions>
              <TPX xmlns="http://www.garmin.com/xmlschemas/ActivityExtension/v2">
                <Watts>219</Watts>
              </TPX>
            </Extensions>
          </Trackpoint>
          <Trackpoint>
            <Time>2010-10-19T21:24:45Z</Time>
            <HeartRateBpm>
              <Value>0</Value>
            </HeartRateBpm>
            <Cadence>86</Cadence>
            <DistanceMeters>5795.48779</DistanceMeters>
            <Extensions>
              <TPX xmlns="http://www.garmin.com/xmlschemas/ActivityExtension/v2">
                <Watts>231</Watts>
              </TPX>
            </Extensions>
          </Trackpoint>
          <Trackpoint>
            <Time>2010-10-19T21:24:46Z</Time>
            <HeartRateBpm>
              <Value>0</Value>
            </HeartRateBpm>
            <Cadence>90</Cadence>
            <DistanceMeters>5800.42722</DistanceMeters>
            <Extensions>
              <TPX xmlns="http://www.garmin.com/xmlschemas/ActivityExtension/v2">
                <Watts>239</Watts>
              </TPX>
            </Extensions>
          </Trackpoint>
          <Trackpoint>
            <Time>2010-10-19T21:24:47Z</Time>
            <HeartRateBpm>
              <Value>0</Value>
            </HeartRateBpm>
            <Cadence>103</Cadence>
            <DistanceMeters>5805.19652</DistanceMeters>
            <Extensions>
              <TPX xmlns="http://www.garmin.com/xmlschemas/ActivityExtension/v2">
                <Watts>227</Watts>
              </TPX>
            </Extensions>
          </Trackpoint>
          <Trackpoint>
            <Time>2010-10-19T21:24:48Z</Time>
            <HeartRateBpm>
              <Value>0</Value>
            </HeartRateBpm>
            <Cadence>115</Cadence>
            <DistanceMeters>5809.98030</DistanceMeters>
            <Extensions>
              <TPX xmlns="http://www.garmin.com/xmlschemas/ActivityExtension/v2">
                <Watts>216</Watts>
              </TPX>
            </Extensions>
          </Trackpoint>
          <Trackpoint>
            <Time>2010-10-19T21:24:49Z</Time>
            <HeartRateBpm>
              <Value>0</Value>
            </HeartRateBpm>
            <Cadence>115</Cadence>
            <DistanceMeters>5814.95138</DistanceMeters>
            <Extensions>
              <TPX xmlns="http://www.garmin.com/xmlschemas/ActivityExtension/v2">
                <Watts>228</Watts>
              </TPX>
            </Extensions>
          </Trackpoint>
          <Trackpoint>
            <Time>2010-10-19T21:24:50Z</Time>
            <HeartRateBpm>
              <Value>0</Value>
            </HeartRateBpm>
            <Cadence>115</Cadence>
            <DistanceMeters>5819.92246</DistanceMeters>
            <Extensions>
              <TPX xmlns="http://www.garmin.com/xmlschemas/ActivityExtension/v2">
                <Watts>240</Watts>
              </TPX>
            </Extensions>
          </Trackpoint>
          <Trackpoint>
            <Time>2010-10-19T21:24:51Z</Time>
            <HeartRateBpm>
              <Value>0</Value>
            </HeartRateBpm>
            <Cadence>114</Cadence>
            <DistanceMeters>5824.66512</DistanceMeters>
            <Extensions>
              <TPX xmlns="http://www.garmin.com/xmlschemas/ActivityExtension/v2">
                <Watts>227</Watts>
              </TPX>
            </Extensions>
          </Trackpoint>
          <Trackpoint>
            <Time>2010-10-19T21:24:52Z</Time>
            <HeartRateBpm>
              <Value>0</Value>
            </HeartRateBpm>
            <Cadence>114</Cadence>
            <DistanceMeters>5829.39448</DistanceMeters>
            <Extensions>
              <TPX xmlns="http://www.garmin.com/xmlschemas/ActivityExtension/v2">
                <Watts>213</Watts>
              </TPX>
            </Extensions>
          </Trackpoint>
          <Trackpoint>
            <Time>2010-10-19T21:24:53Z</Time>
            <HeartRateBpm>
              <Value>0</Value>
            </HeartRateBpm>
            <Cadence>110</Cadence>
            <DistanceMeters>5834.07397</DistanceMeters>
            <Extensions>
              <TPX xmlns="http://www.garmin.com/xmlschemas/ActivityExtension/v2">
                <Watts>208</Watts>
              </TPX>
            </Extensions>
          </Trackpoint>
          <Trackpoint>
            <Time>2010-10-19T21:24:54Z</Time>
            <HeartRateBpm>
              <Value>0</Value>
            </HeartRateBpm>
            <Cadence>105</Cadence>
            <DistanceMeters>5838.74237</DistanceMeters>
            <Extensions>
              <TPX xmlns="http://www.garmin.com/xmlschemas/ActivityExtension/v2">
                <Watts>205</Watts>
              </TPX>
            </Extensions>
          </Trackpoint>
          <Trackpoint>
            <Time>2010-10-19T21:24:55Z</Time>
            <HeartRateBpm>
              <Value>0</Value>
            </HeartRateBpm>
            <Cadence>105</Cadence>
            <DistanceMeters>5843.62731</DistanceMeters>
            <Extensions>
              <TPX xmlns="http://www.garmin.com/xmlschemas/ActivityExtension/v2">
                <Watts>216</Watts>
              </TPX>
            </Extensions>
          </Trackpoint>
          <Trackpoint>
            <Time>2010-10-19T21:24:56Z</Time>
            <HeartRateBpm>
              <Value>0</Value>
            </HeartRateBpm>
            <Cadence>107</Cadence>
            <DistanceMeters>5848.60890</DistanceMeters>
            <Extensions>
              <TPX xmlns="http://www.garmin.com/xmlschemas/ActivityExtension/v2">
                <Watts>234</Watts>
              </TPX>
            </Extensions>
          </Trackpoint>
          <Trackpoint>
            <Time>2010-10-19T21:24:57Z</Time>
            <HeartRateBpm>
              <Value>0</Value>
            </HeartRateBpm>
            <Cadence>108</Cadence>
            <DistanceMeters>5853.49912</DistanceMeters>
            <Extensions>
              <TPX xmlns="http://www.garmin.com/xmlschemas/ActivityExtension/v2">
                <Watts>236</Watts>
              </TPX>
            </Extensions>
          </Trackpoint>
          <Trackpoint>
            <Time>2010-10-19T21:24:58Z</Time>
            <HeartRateBpm>
              <Value>0</Value>
            </HeartRateBpm>
            <Cadence>108</Cadence>
            <DistanceMeters>5858.31886</DistanceMeters>
            <Extensions>
              <TPX xmlns="http://www.garmin.com/xmlschemas/ActivityExtension/v2">
                <Watts>227</Watts>
              </TPX>
            </Extensions>
          </Trackpoint>
          <Trackpoint>
            <Time>2010-10-19T21:24:59Z</Time>
            <HeartRateBpm>
              <Value>0</Value>
            </HeartRateBpm>
            <Cadence>106</Cadence>
            <DistanceMeters>5862.91867</DistanceMeters>
            <Extensions>
              <TPX xmlns="http://www.garmin.com/xmlschemas/ActivityExtension/v2">
                <Watts>210</Watts>
              </TPX>
            </Extensions>
          </Trackpoint>
          <Trackpoint>
            <Time>2010-10-19T21:25:00Z</Time>
            <HeartRateBpm>
              <Value>0</Value>
            </HeartRateBpm>
            <Cadence>104</Cadence>
            <DistanceMeters>5867.23605</DistanceMeters>
            <Extensions>
              <TPX xmlns="http://www.garmin.com/xmlschemas/ActivityExtension/v2">
                <Watts>184</Watts>
              </TPX>
            </Extensions>
          </Trackpoint>
          <Trackpoint>
            <Time>2010-10-19T21:25:01Z</Time>
            <HeartRateBpm>
              <Value>0</Value>
            </HeartRateBpm>
            <Cadence>103</Cadence>
            <DistanceMeters>5871.65998</DistanceMeters>
            <Extensions>
              <TPX xmlns="http://www.garmin.com/xmlschemas/ActivityExtension/v2">
                <Watts>171</Watts>
              </TPX>
            </Extensions>
          </Trackpoint>
          <Trackpoint>
            <Time>2010-10-19T21:25:02Z</Time>
            <HeartRateBpm>
              <Value>0</Value>
            </HeartRateBpm>
            <Cadence>104</Cadence>
            <DistanceMeters>5876.31998</DistanceMeters>
            <Extensions>
              <TPX xmlns="http://www.garmin.com/xmlschemas/ActivityExtension/v2">
                <Watts>188</Watts>
              </TPX>
            </Extensions>
          </Trackpoint>
          <Trackpoint>
            <Time>2010-10-19T21:25:03Z</Time>
            <HeartRateBpm>
              <Value>0</Value>
            </HeartRateBpm>
            <Cadence>104</Cadence>
            <DistanceMeters>5880.93429</DistanceMeters>
            <Extensions>
              <TPX xmlns="http://www.garmin.com/xmlschemas/ActivityExtension/v2">
                <Watts>200</Watts>
              </TPX>
            </Extensions>
          </Trackpoint>
          <Trackpoint>
            <Time>2010-10-19T21:25:04Z</Time>
            <HeartRateBpm>
              <Value>0</Value>
            </HeartRateBpm>
            <Cadence>102</Cadence>
            <DistanceMeters>5885.34625</DistanceMeters>
            <Extensions>
              <TPX xmlns="http://www.garmin.com/xmlschemas/ActivityExtension/v2">
                <Watts>187</Watts>
              </TPX>
            </Extensions>
          </Trackpoint>
          <Trackpoint>
            <Time>2010-10-19T21:25:05Z</Time>
            <HeartRateBpm>
              <Value>0</Value>
            </HeartRateBpm>
            <Cadence>100</Cadence>
            <DistanceMeters>5889.77246</DistanceMeters>
            <Extensions>
              <TPX xmlns="http://www.garmin.com/xmlschemas/ActivityExtension/v2">
                <Watts>176</Watts>
              </TPX>
            </Extensions>
          </Trackpoint>
          <Trackpoint>
            <Time>2010-10-19T21:25:06Z</Time>
            <HeartRateBpm>
              <Value>0</Value>
            </HeartRateBpm>
            <Cadence>101</Cadence>
            <DistanceMeters>5894.43246</DistanceMeters>
            <Extensions>
              <TPX xmlns="http://www.garmin.com/xmlschemas/ActivityExtension/v2">
                <Watts>189</Watts>
              </TPX>
            </Extensions>
          </Trackpoint>
          <Trackpoint>
            <Time>2010-10-19T21:25:07Z</Time>
            <HeartRateBpm>
              <Value>0</Value>
            </HeartRateBpm>
            <Cadence>102</Cadence>
            <DistanceMeters>5899.09245</DistanceMeters>
            <Extensions>
              <TPX xmlns="http://www.garmin.com/xmlschemas/ActivityExtension/v2">
                <Watts>202</Watts>
              </TPX>
            </Extensions>
          </Trackpoint>
          <Trackpoint>
            <Time>2010-10-19T21:25:08Z</Time>
            <HeartRateBpm>
              <Value>0</Value>
            </HeartRateBpm>
            <Cadence>104</Cadence>
            <DistanceMeters>5903.81700</DistanceMeters>
            <Extensions>
              <TPX xmlns="http://www.garmin.com/xmlschemas/ActivityExtension/v2">
                <Watts>206</Watts>
              </TPX>
            </Extensions>
          </Trackpoint>
          <Trackpoint>
            <Time>2010-10-19T21:25:09Z</Time>
            <HeartRateBpm>
              <Value>0</Value>
            </HeartRateBpm>
            <Cadence>106</Cadence>
            <DistanceMeters>5908.54636</DistanceMeters>
            <Extensions>
              <TPX xmlns="http://www.garmin.com/xmlschemas/ActivityExtension/v2">
                <Watts>210</Watts>
              </TPX>
            </Extensions>
          </Trackpoint>
          <Trackpoint>
            <Time>2010-10-19T21:25:10Z</Time>
            <HeartRateBpm>
              <Value>0</Value>
            </HeartRateBpm>
            <Cadence>107</Cadence>
            <DistanceMeters>5913.29599</DistanceMeters>
            <Extensions>
              <TPX xmlns="http://www.garmin.com/xmlschemas/ActivityExtension/v2">
                <Watts>212</Watts>
              </TPX>
            </Extensions>
          </Trackpoint>
          <Trackpoint>
            <Time>2010-10-19T21:25:11Z</Time>
            <HeartRateBpm>
              <Value>0</Value>
            </HeartRateBpm>
            <Cadence>107</Cadence>
            <DistanceMeters>5918.05058</DistanceMeters>
            <Extensions>
              <TPX xmlns="http://www.garmin.com/xmlschemas/ActivityExtension/v2">
                <Watts>213</Watts>
              </TPX>
            </Extensions>
          </Trackpoint>
          <Trackpoint>
            <Time>2010-10-19T21:25:12Z</Time>
            <HeartRateBpm>
              <Value>0</Value>
            </HeartRateBpm>
            <Cadence>106</Cadence>
            <DistanceMeters>5922.68704</DistanceMeters>
            <Extensions>
              <TPX xmlns="http://www.garmin.com/xmlschemas/ActivityExtension/v2">
                <Watts>207</Watts>
              </TPX>
            </Extensions>
          </Trackpoint>
          <Trackpoint>
            <Time>2010-10-19T21:25:13Z</Time>
            <HeartRateBpm>
              <Value>0</Value>
            </HeartRateBpm>
            <Cadence>105</Cadence>
            <DistanceMeters>5927.26717</DistanceMeters>
            <Extensions>
              <TPX xmlns="http://www.garmin.com/xmlschemas/ActivityExtension/v2">
                <Watts>198</Watts>
              </TPX>
            </Extensions>
          </Trackpoint>
          <Trackpoint>
            <Time>2010-10-19T21:25:14Z</Time>
            <HeartRateBpm>
              <Value>0</Value>
            </HeartRateBpm>
            <Cadence>104</Cadence>
            <DistanceMeters>5931.86695</DistanceMeters>
            <Extensions>
              <TPX xmlns="http://www.garmin.com/xmlschemas/ActivityExtension/v2">
                <Watts>195</Watts>
              </TPX>
            </Extensions>
          </Trackpoint>
          <Trackpoint>
            <Time>2010-10-19T21:25:15Z</Time>
            <HeartRateBpm>
              <Value>0</Value>
            </HeartRateBpm>
            <Cadence>104</Cadence>
            <DistanceMeters>5936.48280</DistanceMeters>
            <Extensions>
              <TPX xmlns="http://www.garmin.com/xmlschemas/ActivityExtension/v2">
                <Watts>196</Watts>
              </TPX>
            </Extensions>
          </Trackpoint>
          <Trackpoint>
            <Time>2010-10-19T21:25:16Z</Time>
            <HeartRateBpm>
              <Value>0</Value>
            </HeartRateBpm>
            <Cadence>103</Cadence>
            <DistanceMeters>5941.05683</DistanceMeters>
            <Extensions>
              <TPX xmlns="http://www.garmin.com/xmlschemas/ActivityExtension/v2">
                <Watts>195</Watts>
              </TPX>
            </Extensions>
          </Trackpoint>
          <Trackpoint>
            <Time>2010-10-19T21:25:17Z</Time>
            <HeartRateBpm>
              <Value>0</Value>
            </HeartRateBpm>
            <Cadence>101</Cadence>
            <DistanceMeters>5945.57389</DistanceMeters>
            <Extensions>
              <TPX xmlns="http://www.garmin.com/xmlschemas/ActivityExtension/v2">
                <Watts>190</Watts>
              </TPX>
            </Extensions>
          </Trackpoint>
          <Trackpoint>
            <Time>2010-10-19T21:25:18Z</Time>
            <HeartRateBpm>
              <Value>0</Value>
            </HeartRateBpm>
            <Cadence>101</Cadence>
            <DistanceMeters>5950.28176</DistanceMeters>
            <Extensions>
              <TPX xmlns="http://www.garmin.com/xmlschemas/ActivityExtension/v2">
                <Watts>198</Watts>
              </TPX>
            </Extensions>
          </Trackpoint>
          <Trackpoint>
            <Time>2010-10-19T21:25:19Z</Time>
            <HeartRateBpm>
              <Value>0</Value>
            </HeartRateBpm>
            <Cadence>104</Cadence>
            <DistanceMeters>5955.44202</DistanceMeters>
            <Extensions>
              <TPX xmlns="http://www.garmin.com/xmlschemas/ActivityExtension/v2">
                <Watts>235</Watts>
              </TPX>
            </Extensions>
          </Trackpoint>
          <Trackpoint>
            <Time>2010-10-19T21:25:20Z</Time>
            <HeartRateBpm>
              <Value>0</Value>
            </HeartRateBpm>
            <Cadence>106</Cadence>
            <DistanceMeters>5960.54729</DistanceMeters>
            <Extensions>
              <TPX xmlns="http://www.garmin.com/xmlschemas/ActivityExtension/v2">
                <Watts>262</Watts>
              </TPX>
            </Extensions>
          </Trackpoint>
          <Trackpoint>
            <Time>2010-10-19T21:25:21Z</Time>
            <HeartRateBpm>
              <Value>0</Value>
            </HeartRateBpm>
            <Cadence>106</Cadence>
            <DistanceMeters>5965.38385</DistanceMeters>
            <Extensions>
              <TPX xmlns="http://www.garmin.com/xmlschemas/ActivityExtension/v2">
                <Watts>242</Watts>
              </TPX>
            </Extensions>
          </Trackpoint>
          <Trackpoint>
            <Time>2010-10-19T21:25:22Z</Time>
            <HeartRateBpm>
              <Value>0</Value>
            </HeartRateBpm>
            <Cadence>105</Cadence>
            <DistanceMeters>5970.20303</DistanceMeters>
            <Extensions>
              <TPX xmlns="http://www.garmin.com/xmlschemas/ActivityExtension/v2">
                <Watts>223</Watts>
              </TPX>
            </Extensions>
          </Trackpoint>
          <Trackpoint>
            <Time>2010-10-19T21:25:23Z</Time>
            <HeartRateBpm>
              <Value>0</Value>
            </HeartRateBpm>
            <Cadence>105</Cadence>
            <DistanceMeters>5974.63602</DistanceMeters>
            <Extensions>
              <TPX xmlns="http://www.garmin.com/xmlschemas/ActivityExtension/v2">
                <Watts>201</Watts>
              </TPX>
            </Extensions>
          </Trackpoint>
          <Trackpoint>
            <Time>2010-10-19T21:25:24Z</Time>
            <HeartRateBpm>
              <Value>0</Value>
            </HeartRateBpm>
            <Cadence>105</Cadence>
            <DistanceMeters>5979.06900</DistanceMeters>
            <Extensions>
              <TPX xmlns="http://www.garmin.com/xmlschemas/ActivityExtension/v2">
                <Watts>179</Watts>
              </TPX>
            </Extensions>
          </Trackpoint>
          <Trackpoint>
            <Time>2010-10-19T21:25:25Z</Time>
            <HeartRateBpm>
              <Value>0</Value>
            </HeartRateBpm>
            <Cadence>103</Cadence>
            <DistanceMeters>5983.62140</DistanceMeters>
            <Extensions>
              <TPX xmlns="http://www.garmin.com/xmlschemas/ActivityExtension/v2">
                <Watts>184</Watts>
              </TPX>
            </Extensions>
          </Trackpoint>
          <Trackpoint>
            <Time>2010-10-19T21:25:26Z</Time>
            <HeartRateBpm>
              <Value>0</Value>
            </HeartRateBpm>
            <Cadence>101</Cadence>
            <DistanceMeters>5988.18470</DistanceMeters>
            <Extensions>
              <TPX xmlns="http://www.garmin.com/xmlschemas/ActivityExtension/v2">
                <Watts>190</Watts>
              </TPX>
            </Extensions>
          </Trackpoint>
          <Trackpoint>
            <Time>2010-10-19T21:25:27Z</Time>
            <HeartRateBpm>
              <Value>0</Value>
            </HeartRateBpm>
            <Cadence>101</Cadence>
            <DistanceMeters>5992.86417</DistanceMeters>
            <Extensions>
              <TPX xmlns="http://www.garmin.com/xmlschemas/ActivityExtension/v2">
                <Watts>198</Watts>
              </TPX>
            </Extensions>
          </Trackpoint>
          <Trackpoint>
            <Time>2010-10-19T21:25:28Z</Time>
            <HeartRateBpm>
              <Value>0</Value>
            </HeartRateBpm>
            <Cadence>102</Cadence>
            <DistanceMeters>5997.57461</DistanceMeters>
            <Extensions>
              <TPX xmlns="http://www.garmin.com/xmlschemas/ActivityExtension/v2">
                <Watts>206</Watts>
              </TPX>
            </Extensions>
          </Trackpoint>
          <Trackpoint>
            <Time>2010-10-19T21:25:29Z</Time>
            <HeartRateBpm>
              <Value>0</Value>
            </HeartRateBpm>
            <Cadence>102</Cadence>
            <DistanceMeters>6002.14437</DistanceMeters>
            <Extensions>
              <TPX xmlns="http://www.garmin.com/xmlschemas/ActivityExtension/v2">
                <Watts>201</Watts>
              </TPX>
            </Extensions>
          </Trackpoint>
          <Trackpoint>
            <Time>2010-10-19T21:25:30Z</Time>
            <HeartRateBpm>
              <Value>0</Value>
            </HeartRateBpm>
            <Cadence>101</Cadence>
            <DistanceMeters>6006.64252</DistanceMeters>
            <Extensions>
              <TPX xmlns="http://www.garmin.com/xmlschemas/ActivityExtension/v2">
                <Watts>190</Watts>
              </TPX>
            </Extensions>
          </Trackpoint>
          <Trackpoint>
            <Time>2010-10-19T21:25:31Z</Time>
            <HeartRateBpm>
              <Value>0</Value>
            </HeartRateBpm>
            <Cadence>100</Cadence>
            <DistanceMeters>6011.06407</DistanceMeters>
            <Extensions>
              <TPX xmlns="http://www.garmin.com/xmlschemas/ActivityExtension/v2">
                <Watts>181</Watts>
              </TPX>
            </Extensions>
          </Trackpoint>
          <Trackpoint>
            <Time>2010-10-19T21:25:32Z</Time>
            <HeartRateBpm>
              <Value>0</Value>
            </HeartRateBpm>
            <Cadence>100</Cadence>
            <DistanceMeters>6015.41928</DistanceMeters>
            <Extensions>
              <TPX xmlns="http://www.garmin.com/xmlschemas/ActivityExtension/v2">
                <Watts>174</Watts>
              </TPX>
            </Extensions>
          </Trackpoint>
          <Trackpoint>
            <Time>2010-10-19T21:25:33Z</Time>
            <HeartRateBpm>
              <Value>0</Value>
            </HeartRateBpm>
            <Cadence>100</Cadence>
            <DistanceMeters>6019.82179</DistanceMeters>
            <Extensions>
              <TPX xmlns="http://www.garmin.com/xmlschemas/ActivityExtension/v2">
                <Watts>172</Watts>
              </TPX>
            </Extensions>
          </Trackpoint>
          <Trackpoint>
            <Time>2010-10-19T21:25:34Z</Time>
            <HeartRateBpm>
              <Value>0</Value>
            </HeartRateBpm>
            <Cadence>100</Cadence>
            <DistanceMeters>6024.29261</DistanceMeters>
            <Extensions>
              <TPX xmlns="http://www.garmin.com/xmlschemas/ActivityExtension/v2">
                <Watts>177</Watts>
              </TPX>
            </Extensions>
          </Trackpoint>
          <Trackpoint>
            <Time>2010-10-19T21:25:35Z</Time>
            <HeartRateBpm>
              <Value>0</Value>
            </HeartRateBpm>
            <Cadence>99</Cadence>
            <DistanceMeters>6028.74148</DistanceMeters>
            <Extensions>
              <TPX xmlns="http://www.garmin.com/xmlschemas/ActivityExtension/v2">
                <Watts>180</Watts>
              </TPX>
            </Extensions>
          </Trackpoint>
          <Trackpoint>
            <Time>2010-10-19T21:25:36Z</Time>
            <HeartRateBpm>
              <Value>0</Value>
            </HeartRateBpm>
            <Cadence>99</Cadence>
            <DistanceMeters>6033.13453</DistanceMeters>
            <Extensions>
              <TPX xmlns="http://www.garmin.com/xmlschemas/ActivityExtension/v2">
                <Watts>177</Watts>
              </TPX>
            </Extensions>
          </Trackpoint>
          <Trackpoint>
            <Time>2010-10-19T21:25:37Z</Time>
            <HeartRateBpm>
              <Value>0</Value>
            </HeartRateBpm>
            <Cadence>98</Cadence>
            <DistanceMeters>6037.51058</DistanceMeters>
            <Extensions>
              <TPX xmlns="http://www.garmin.com/xmlschemas/ActivityExtension/v2">
                <Watts>173</Watts>
              </TPX>
            </Extensions>
          </Trackpoint>
          <Trackpoint>
            <Time>2010-10-19T21:25:38Z</Time>
            <HeartRateBpm>
              <Value>0</Value>
            </HeartRateBpm>
            <Cadence>97</Cadence>
            <DistanceMeters>6041.79433</DistanceMeters>
            <Extensions>
              <TPX xmlns="http://www.garmin.com/xmlschemas/ActivityExtension/v2">
                <Watts>168</Watts>
              </TPX>
            </Extensions>
          </Trackpoint>
          <Trackpoint>
            <Time>2010-10-19T21:25:39Z</Time>
            <HeartRateBpm>
              <Value>0</Value>
            </HeartRateBpm>
            <Cadence>96</Cadence>
            <DistanceMeters>6046.08291</DistanceMeters>
            <Extensions>
              <TPX xmlns="http://www.garmin.com/xmlschemas/ActivityExtension/v2">
                <Watts>163</Watts>
              </TPX>
            </Extensions>
          </Trackpoint>
          <Trackpoint>
            <Time>2010-10-19T21:25:40Z</Time>
            <HeartRateBpm>
              <Value>0</Value>
            </HeartRateBpm>
            <Cadence>96</Cadence>
            <DistanceMeters>6050.53481</DistanceMeters>
            <Extensions>
              <TPX xmlns="http://www.garmin.com/xmlschemas/ActivityExtension/v2">
                <Watts>171</Watts>
              </TPX>
            </Extensions>
          </Trackpoint>
          <Trackpoint>
            <Time>2010-10-19T21:25:41Z</Time>
            <HeartRateBpm>
              <Value>0</Value>
            </HeartRateBpm>
            <Cadence>96</Cadence>
            <DistanceMeters>6054.98671</DistanceMeters>
            <Extensions>
              <TPX xmlns="http://www.garmin.com/xmlschemas/ActivityExtension/v2">
                <Watts>179</Watts>
              </TPX>
            </Extensions>
          </Trackpoint>
          <Trackpoint>
            <Time>2010-10-19T21:25:42Z</Time>
            <HeartRateBpm>
              <Value>0</Value>
            </HeartRateBpm>
            <Cadence>97</Cadence>
            <DistanceMeters>6059.59407</DistanceMeters>
            <Extensions>
              <TPX xmlns="http://www.garmin.com/xmlschemas/ActivityExtension/v2">
                <Watts>188</Watts>
              </TPX>
            </Extensions>
          </Trackpoint>
          <Trackpoint>
            <Time>2010-10-19T21:25:43Z</Time>
            <HeartRateBpm>
              <Value>0</Value>
            </HeartRateBpm>
            <Cadence>97</Cadence>
            <DistanceMeters>6064.21833</DistanceMeters>
            <Extensions>
              <TPX xmlns="http://www.garmin.com/xmlschemas/ActivityExtension/v2">
                <Watts>196</Watts>
              </TPX>
            </Extensions>
          </Trackpoint>
          <Trackpoint>
            <Time>2010-10-19T21:25:44Z</Time>
            <HeartRateBpm>
              <Value>0</Value>
            </HeartRateBpm>
            <Cadence>97</Cadence>
            <DistanceMeters>6068.96805</DistanceMeters>
            <Extensions>
              <TPX xmlns="http://www.garmin.com/xmlschemas/ActivityExtension/v2">
                <Watts>205</Watts>
              </TPX>
            </Extensions>
          </Trackpoint>
          <Trackpoint>
            <Time>2010-10-19T21:25:45Z</Time>
            <HeartRateBpm>
              <Value>0</Value>
            </HeartRateBpm>
            <Cadence>98</Cadence>
            <DistanceMeters>6073.75416</DistanceMeters>
            <Extensions>
              <TPX xmlns="http://www.garmin.com/xmlschemas/ActivityExtension/v2">
                <Watts>214</Watts>
              </TPX>
            </Extensions>
          </Trackpoint>
          <Trackpoint>
            <Time>2010-10-19T21:25:46Z</Time>
            <HeartRateBpm>
              <Value>0</Value>
            </HeartRateBpm>
            <Cadence>99</Cadence>
            <DistanceMeters>6078.38356</DistanceMeters>
            <Extensions>
              <TPX xmlns="http://www.garmin.com/xmlschemas/ActivityExtension/v2">
                <Watts>209</Watts>
              </TPX>
            </Extensions>
          </Trackpoint>
          <Trackpoint>
            <Time>2010-10-19T21:25:47Z</Time>
            <HeartRateBpm>
              <Value>0</Value>
            </HeartRateBpm>
            <Cadence>101</Cadence>
            <DistanceMeters>6082.92795</DistanceMeters>
            <Extensions>
              <TPX xmlns="http://www.garmin.com/xmlschemas/ActivityExtension/v2">
                <Watts>196</Watts>
              </TPX>
            </Extensions>
          </Trackpoint>
          <Trackpoint>
            <Time>2010-10-19T21:25:48Z</Time>
            <HeartRateBpm>
              <Value>0</Value>
            </HeartRateBpm>
            <Cadence>101</Cadence>
            <DistanceMeters>6087.45260</DistanceMeters>
            <Extensions>
              <TPX xmlns="http://www.garmin.com/xmlschemas/ActivityExtension/v2">
                <Watts>189</Watts>
              </TPX>
            </Extensions>
          </Trackpoint>
          <Trackpoint>
            <Time>2010-10-19T21:25:49Z</Time>
            <HeartRateBpm>
              <Value>0</Value>
            </HeartRateBpm>
            <Cadence>99</Cadence>
            <DistanceMeters>6091.95916</DistanceMeters>
            <Extensions>
              <TPX xmlns="http://www.garmin.com/xmlschemas/ActivityExtension/v2">
                <Watts>187</Watts>
              </TPX>
            </Extensions>
          </Trackpoint>
          <Trackpoint>
            <Time>2010-10-19T21:25:50Z</Time>
            <HeartRateBpm>
              <Value>0</Value>
            </HeartRateBpm>
            <Cadence>98</Cadence>
            <DistanceMeters>6096.38689</DistanceMeters>
            <Extensions>
              <TPX xmlns="http://www.garmin.com/xmlschemas/ActivityExtension/v2">
                <Watts>182</Watts>
              </TPX>
            </Extensions>
          </Trackpoint>
          <Trackpoint>
            <Time>2010-10-19T21:25:51Z</Time>
            <HeartRateBpm>
              <Value>0</Value>
            </HeartRateBpm>
            <Cadence>97</Cadence>
            <DistanceMeters>6100.69376</DistanceMeters>
            <Extensions>
              <TPX xmlns="http://www.garmin.com/xmlschemas/ActivityExtension/v2">
                <Watts>172</Watts>
              </TPX>
            </Extensions>
          </Trackpoint>
          <Trackpoint>
            <Time>2010-10-19T21:25:52Z</Time>
            <HeartRateBpm>
              <Value>0</Value>
            </HeartRateBpm>
            <Cadence>97</Cadence>
            <DistanceMeters>6105.06653</DistanceMeters>
            <Extensions>
              <TPX xmlns="http://www.garmin.com/xmlschemas/ActivityExtension/v2">
                <Watts>168</Watts>
              </TPX>
            </Extensions>
          </Trackpoint>
          <Trackpoint>
            <Time>2010-10-19T21:25:53Z</Time>
            <HeartRateBpm>
              <Value>0</Value>
            </HeartRateBpm>
            <Cadence>97</Cadence>
            <DistanceMeters>6109.61932</DistanceMeters>
            <Extensions>
              <TPX xmlns="http://www.garmin.com/xmlschemas/ActivityExtension/v2">
                <Watts>180</Watts>
              </TPX>
            </Extensions>
          </Trackpoint>
          <Trackpoint>
            <Time>2010-10-19T21:25:54Z</Time>
            <HeartRateBpm>
              <Value>0</Value>
            </HeartRateBpm>
            <Cadence>96</Cadence>
            <DistanceMeters>6114.15105</DistanceMeters>
            <Extensions>
              <TPX xmlns="http://www.garmin.com/xmlschemas/ActivityExtension/v2">
                <Watts>189</Watts>
              </TPX>
            </Extensions>
          </Trackpoint>
          <Trackpoint>
            <Time>2010-10-19T21:25:55Z</Time>
            <HeartRateBpm>
              <Value>0</Value>
            </HeartRateBpm>
            <Cadence>96</Cadence>
            <DistanceMeters>6118.55461</DistanceMeters>
            <Extensions>
              <TPX xmlns="http://www.garmin.com/xmlschemas/ActivityExtension/v2">
                <Watts>182</Watts>
              </TPX>
            </Extensions>
          </Trackpoint>
          <Trackpoint>
            <Time>2010-10-19T21:25:56Z</Time>
            <HeartRateBpm>
              <Value>0</Value>
            </HeartRateBpm>
            <Cadence>95</Cadence>
            <DistanceMeters>6122.95817</DistanceMeters>
            <Extensions>
              <TPX xmlns="http://www.garmin.com/xmlschemas/ActivityExtension/v2">
                <Watts>175</Watts>
              </TPX>
            </Extensions>
          </Trackpoint>
          <Trackpoint>
            <Time>2010-10-19T21:25:57Z</Time>
            <HeartRateBpm>
              <Value>0</Value>
            </HeartRateBpm>
            <Cadence>95</Cadence>
            <DistanceMeters>6127.36173</DistanceMeters>
            <Extensions>
              <TPX xmlns="http://www.garmin.com/xmlschemas/ActivityExtension/v2">
                <Watts>175</Watts>
              </TPX>
            </Extensions>
          </Trackpoint>
          <Trackpoint>
            <Time>2010-10-19T21:25:58Z</Time>
            <HeartRateBpm>
              <Value>0</Value>
            </HeartRateBpm>
            <Cadence>95</Cadence>
            <DistanceMeters>6131.76529</DistanceMeters>
            <Extensions>
              <TPX xmlns="http://www.garmin.com/xmlschemas/ActivityExtension/v2">
                <Watts>175</Watts>
              </TPX>
            </Extensions>
          </Trackpoint>
          <Trackpoint>
            <Time>2010-10-19T21:25:59Z</Time>
            <HeartRateBpm>
              <Value>0</Value>
            </HeartRateBpm>
            <Cadence>95</Cadence>
            <DistanceMeters>6136.26959</DistanceMeters>
            <Extensions>
              <TPX xmlns="http://www.garmin.com/xmlschemas/ActivityExtension/v2">
                <Watts>180</Watts>
              </TPX>
            </Extensions>
          </Trackpoint>
          <Trackpoint>
            <Time>2010-10-19T21:26:00Z</Time>
            <HeartRateBpm>
              <Value>0</Value>
            </HeartRateBpm>
            <Cadence>95</Cadence>
            <DistanceMeters>6140.78666</DistanceMeters>
            <Extensions>
              <TPX xmlns="http://www.garmin.com/xmlschemas/ActivityExtension/v2">
                <Watts>185</Watts>
              </TPX>
            </Extensions>
          </Trackpoint>
          <Trackpoint>
            <Time>2010-10-19T21:26:01Z</Time>
            <HeartRateBpm>
              <Value>0</Value>
            </HeartRateBpm>
            <Cadence>95</Cadence>
            <DistanceMeters>6145.37088</DistanceMeters>
            <Extensions>
              <TPX xmlns="http://www.garmin.com/xmlschemas/ActivityExtension/v2">
                <Watts>190</Watts>
              </TPX>
            </Extensions>
          </Trackpoint>
          <Trackpoint>
            <Time>2010-10-19T21:26:02Z</Time>
            <HeartRateBpm>
              <Value>0</Value>
            </HeartRateBpm>
            <Cadence>96</Cadence>
            <DistanceMeters>6149.97623</DistanceMeters>
            <Extensions>
              <TPX xmlns="http://www.garmin.com/xmlschemas/ActivityExtension/v2">
                <Watts>195</Watts>
              </TPX>
            </Extensions>
          </Trackpoint>
          <Trackpoint>
            <Time>2010-10-19T21:26:03Z</Time>
            <HeartRateBpm>
              <Value>0</Value>
            </HeartRateBpm>
            <Cadence>96</Cadence>
            <DistanceMeters>6154.44698</DistanceMeters>
            <Extensions>
              <TPX xmlns="http://www.garmin.com/xmlschemas/ActivityExtension/v2">
                <Watts>190</Watts>
              </TPX>
            </Extensions>
          </Trackpoint>
          <Trackpoint>
            <Time>2010-10-19T21:26:04Z</Time>
            <HeartRateBpm>
              <Value>0</Value>
            </HeartRateBpm>
            <Cadence>96</Cadence>
            <DistanceMeters>6158.84003</DistanceMeters>
            <Extensions>
              <TPX xmlns="http://www.garmin.com/xmlschemas/ActivityExtension/v2">
                <Watts>179</Watts>
              </TPX>
            </Extensions>
          </Trackpoint>
          <Trackpoint>
            <Time>2010-10-19T21:26:05Z</Time>
            <HeartRateBpm>
              <Value>0</Value>
            </HeartRateBpm>
            <Cadence>96</Cadence>
            <DistanceMeters>6163.18937</DistanceMeters>
            <Extensions>
              <TPX xmlns="http://www.garmin.com/xmlschemas/ActivityExtension/v2">
                <Watts>171</Watts>
              </TPX>
            </Extensions>
          </Trackpoint>
          <Trackpoint>
            <Time>2010-10-19T21:26:06Z</Time>
            <HeartRateBpm>
              <Value>0</Value>
            </HeartRateBpm>
            <Cadence>96</Cadence>
            <DistanceMeters>6167.49625</DistanceMeters>
            <Extensions>
              <TPX xmlns="http://www.garmin.com/xmlschemas/ActivityExtension/v2">
                <Watts>167</Watts>
              </TPX>
            </Extensions>
          </Trackpoint>
          <Trackpoint>
            <Time>2010-10-19T21:26:07Z</Time>
            <HeartRateBpm>
              <Value>0</Value>
            </HeartRateBpm>
            <Cadence>96</Cadence>
            <DistanceMeters>6171.83989</DistanceMeters>
            <Extensions>
              <TPX xmlns="http://www.garmin.com/xmlschemas/ActivityExtension/v2">
                <Watts>166</Watts>
              </TPX>
            </Extensions>
          </Trackpoint>
          <Trackpoint>
            <Time>2010-10-19T21:26:08Z</Time>
            <HeartRateBpm>
              <Value>0</Value>
            </HeartRateBpm>
            <Cadence>94</Cadence>
            <DistanceMeters>6176.24345</DistanceMeters>
            <Extensions>
              <TPX xmlns="http://www.garmin.com/xmlschemas/ActivityExtension/v2">
                <Watts>171</Watts>
              </TPX>
            </Extensions>
          </Trackpoint>
          <Trackpoint>
            <Time>2010-10-19T21:26:09Z</Time>
            <HeartRateBpm>
              <Value>0</Value>
            </HeartRateBpm>
            <Cadence>93</Cadence>
            <DistanceMeters>6180.68752</DistanceMeters>
            <Extensions>
              <TPX xmlns="http://www.garmin.com/xmlschemas/ActivityExtension/v2">
                <Watts>177</Watts>
              </TPX>
            </Extensions>
          </Trackpoint>
          <Trackpoint>
            <Time>2010-10-19T21:26:10Z</Time>
            <HeartRateBpm>
              <Value>0</Value>
            </HeartRateBpm>
            <Cadence>94</Cadence>
            <DistanceMeters>6185.25083</DistanceMeters>
            <Extensions>
              <TPX xmlns="http://www.garmin.com/xmlschemas/ActivityExtension/v2">
                <Watts>185</Watts>
              </TPX>
            </Extensions>
          </Trackpoint>
        </Track>
      </Lap>
    </Activity>
  </Activities>
</TrainingCenterDatabase>
